# vtk DataFile Version 3.0
2D simulation data
ASCII
DATASET STRUCTURED_POINTS
DIMENSIONS 252 252 1
ORIGIN 0 0 0
SPACING 1 1 1
POINT_DATA 63504
SCALARS simulation_data float 1
LOOKUP_TABLE default
0.9 0.889773 0.766677 0.491787 0.229811 0.119393 0.1 0.1 0.150239 0.33339 0.647315 0.842786 0.9 0.9 0.9 0.9 0.9 0.9 0.9 0.9 0.9 0.9 0.9 0.860463 0.724773 0.469587 0.233999 0.124801 0.1 0.1 0.1 0.1 0.1 0.149683 0.329941 0.63807 0.837599 0.9 0.9 0.9 0.9 0.9 0.9 0.9 0.9 0.9 0.9 0.897818 0.823482 0.605811 0.303846 0.141265 0.1 0.1 0.130617 0.272727 0.567456 0.80683 0.893918 0.9 0.9 0.9 0.9 0.9 0.9 0.9 0.9 0.9 0.9 0.9 0.9 0.9 0.872635 0.74938 0.486648 0.23249 0.121513 0.1 0.1 0.1 0.1 0.1 0.158043 0.355395 0.669125 0.850445 0.9 0.9 0.881075 0.761369 0.480129 0.216335 0.112779 0.1 0.1 0.1 0.1 0.1 0.1 0.1 0.122117 0.233528 0.489346 0.752973 0.874571 0.9 0.9 0.9 0.9 0.886962 0.814058 0.638177 0.383425 0.195555 0.115696 0.1 0.1 0.1 0.1 0.1 0.1 0.1 0.1 0.1 0.1 0.114484 0.182605 0.341907 0.575496 0.767597 0.866654 0.9 0.9 0.9 0.9 0.9 0.9 0.9 0.9 0.9 0.9 0.9 0.9 0.9 0.9 0.9 0.9 0.898932 0.825071 0.602622 0.294344 0.136628 0.1 0.1 0.1 0.1 0.1 0.1 0.1 0.1 0.1 0.1 0.1 0.1 0.1 0.1 0.1 0.1 0.1 0.1 0.1 0.1 0.1 0.1 0.1 0.1 0.1 0.1 0.1 0.1 0.1 0.1 0.1 0.1 0.1 0.1 0.1 0.1 0.1 0.1 0.1 0.1 0.1 0.1 0.1 0.1 0.1 0.1 0.1 0.1 0.1 0.1 0.1 0.1 0.1 0.1 0.1 0.148379 0.312796 0.601095 0.814767 0.893648 0.9 0.9 0.9 0.9 0.9 0.9 0.9 0.9 0.890598 0.808029 0.599359 0.325764 0.158673 0.101921 0.1 0.1 0.1 0.1 0.1 0.1 0.1 0.1 0.1 0.1 0.1 0.1 0.123198 0.222523 0.436527 0.687077 0.839123 0.895408 0.9 0.9 0.9 0.9 0.9 0.9 0.9 0.889773 
0.894495 0.842439 0.672654 0.390371 0.183365 0.106922 0.1 0.1 0.161392 0.364801 0.676273 0.852137 0.9 0.9 0.9 0.9 0.9 0.9 0.9 0.9 0.9 0.9 0.9 0.887503 0.804631 0.598329 0.325817 0.157449 0.100151 0.1 0.1 0.1 0.1 0.137745 0.290434 0.588602 0.817172 0.89778 0.9 0.9 0.9 0.9 0.9 0.9 0.9 0.9 0.9 0.888374 0.7869 0.534873 0.255623 0.126653 0.1 0.1 0.147068 0.322208 0.629098 0.83415 0.9 0.9 0.9 0.9 0.9 0.9 0.9 0.9 0.9 0.9 0.9 0.9 0.9 0.9 0.891126 0.802907 0.568267 0.278148 0.133819 0.1 0.1 0.1 0.1 0.1 0.147258 0.324206 0.637442 0.839389 0.9 0.9 0.8872 0.784933 0.524396 0.241615 0.119223 0.1 0.1 0.1 0.1 0.1 0.1 0.1 0.133008 0.272232 0.561641 0.803977 0.893759 0.9 0.9 0.9 0.9 0.9 0.866842 0.753917 0.531511 0.29462 0.158239 0.107355 0.1 0.1 0.1 0.1 0.1 0.1 0.1 0.1 0.111096 0.1656 0.299244 0.52162 0.736804 0.857212 0.89945 0.9 0.9 0.9 0.9 0.9 0.9 0.9 0.9 0.9 0.9 0.9 0.9 0.9 0.9 0.9 0.9 0.893615 0.805525 0.561614 0.264395 0.127029 0.1 0.1 0.1 0.1 0.1 0.1 0.1 0.1 0.1 0.1 0.1 0.1 0.1 0.101738 0.10679 0.112499 0.115137 0.111815 0.104316 0.1 0.1 0.1 0.1 0.1 0.1 0.1 0.1 0.1 0.1 0.1 0.1 0.1 0.1 0.1 0.1 0.1 0.1 0.1 0.1 0.1 0.1 0.1 0.1 0.1 0.1 0.1 0.1 0.1 0.1 0.1 0.1 0.1 0.1 0.1 0.10549 0.182163 0.39788 0.692167 0.855277 0.9 0.9 0.9 0.9 0.9 0.9 0.9 0.9 0.9 0.9 0.856428 0.713869 0.456953 0.231778 0.126079 0.1 0.1 0.1 0.1 0.1 0.1 0.1 0.1 0.1 0.1 0.1 0.103773 0.164004 0.329268 0.588143 0.791432 0.880646 0.9 0.9 0.9 0.9 0.9 0.9 0.9 0.894495 0.842439 
0.819254 0.715536 0.510305 0.279137 0.146599 0.102431 0.1 0.109189 0.18999 0.415999 0.708858 0.858736 0.899404 0.9 0.9 0.9 0.899237 0.897411 0.896028 0.896352 0.898202 0.9 0.9 0.897145 0.853716 0.717402 0.469 0.243377 0.134167 0.103915 0.1 0.1 0.1 0.129411 0.2491 0.511437 0.765235 0.877044 0.9 0.9 0.9 0.9 0.9 0.9 0.9 0.9 0.896654 0.856287 0.713243 0.440761 0.210487 0.116848 0.1 0.107576 0.179755 0.390208 0.686863 0.852089 0.899911 0.9 0.9 0.9 0.899127 0.898198 0.898243 0.899205 0.9 0.9 0.9 0.9 0.9 0.9 0.896919 0.833615 0.636325 0.334842 0.158242 0.105262 0.1 0.1 0.1 0.1 0.140462 0.29457 0.594717 0.816477 0.89259 0.9 0.889397 0.806137 0.579101 0.286799 0.13765 0.100045 0.1 0.1 0.1 0.1 0.1 0.104881 0.149541 0.303519 0.599127 0.82204 0.897453 0.9 0.9 0.9 0.9 0.9 0.888658 0.83134 0.692604 0.484389 0.305781 0.208178 0.169223 0.154574 0.148356 0.145353 0.144274 0.145806 0.152507 0.17081 0.218624 0.327257 0.509712 0.708108 0.838688 0.893248 0.9 0.889185 0.871964 0.853604 0.838274 0.828699 0.826735 0.834073 0.850625 0.871222 0.887853 0.896887 0.9 0.9 0.9 0.9 0.9 0.881269 0.778124 0.519645 0.241738 0.122906 0.1 0.1 0.1 0.1 0.101989 0.109086 0.124614 0.148539 0.173623 0.192341 0.203851 0.211995 0.220994 0.234042 0.251138 0.266338 0.268952 0.247688 0.203526 0.156044 0.124239 0.108469 0.102203 0.10026 0.1 0.1 0.1 0.1 0.1 0.100081 0.100784 0.101175 0.100714 0.1 0.1 0.1 0.1 0.1 0.1 0.1 0.1 0.1 0.1 0.102175 0.106741 0.110887 0.111784 0.108865 0.104317 0.10097 0.1 0.1 0.1 0.101275 0.125107 0.232658 0.48761 0.75774 0.876959 0.9 0.9 0.9 0.9 0.9 0.9 0.9 0.9 0.9 0.9 0.88125 0.800902 0.617476 0.378678 0.211553 0.135655 0.108545 0.1 0.1 0.1 0.1 0.1 0.1 0.1 0.1 0.107012 0.143054 0.262177 0.492384 0.727139 0.853893 0.895933 0.9 0.9 0.9 0.9 0.899437 0.890158 0.867387 0.819254 0.715536 
0.637008 0.486886 0.314114 0.181927 0.118045 0.1 0.1 0.126356 0.238935 0.491644 0.750524 0.868833 0.899656 0.9 0.9 0.897057 0.889534 0.879329 0.872246 0.873306 0.882002 0.892806 0.899982 0.9 0.883391 0.808555 0.63054 0.383729 0.20433 0.125423 0.102103 0.1 0.1 0.118993 0.201742 0.405145 0.667775 0.82728 0.885982 0.9 0.9 0.9 0.9 0.9 0.9 0.895844 0.869867 0.784492 0.589774 0.331044 0.166385 0.106753 0.1 0.121742 0.226082 0.473611 0.742249 0.868119 0.9 0.9 0.89869 0.893378 0.885659 0.879903 0.879958 0.885713 0.893272 0.898498 0.9 0.9 0.9 0.9 0.899459 0.851673 0.684514 0.385471 0.18137 0.111381 0.1 0.1 0.1 0.1 0.132521 0.263273 0.544029 0.788014 0.883126 0.9 0.89396 0.830979 0.646201 0.357198 0.170621 0.107523 0.1 0.1 0.1 0.1 0.1 0.107369 0.153119 0.299165 0.579246 0.804039 0.888841 0.9 0.9 0.9 0.9 0.9 0.898206 0.876823 0.815283 0.701931 0.562998 0.447443 0.376702 0.339336 0.319903 0.309613 0.305978 0.311082 0.330875 0.3758 0.459974 0.587006 0.726546 0.832929 0.887935 0.9 0.880728 0.83492 0.770841 0.705235 0.653451 0.623227 0.618708 0.645428 0.706047 0.78432 0.848374 0.883187 0.896795 0.9 0.9 0.9 0.899443 0.871776 0.756364 0.488892 0.226364 0.119602 0.1 0.1 0.1 0.101689 0.110736 0.137234 0.194944 0.284227 0.373771 0.435911 0.471237 0.493779 0.515172 0.540562 0.568081 0.588972 0.586852 0.535054 0.41946 0.276984 0.175696 0.126797 0.107759 0.101514 0.100042 0.1 0.1 0.1 0.10177 0.106236 0.112068 0.115412 0.113571 0.107899 0.102391 0.1 0.1 0.1 0.1 0.1 0.1 0.1 0.105898 0.120792 0.141406 0.157901 0.160055 0.146185 0.125503 0.109336 0.101626 0.1 0.1 0.104997 0.142422 0.273252 0.548496 0.793926 0.888347 0.9 0.9 0.9 0.9 0.9 0.9 0.9 0.9 0.9 0.9 0.894929 0.859174 0.760085 0.582256 0.382743 0.238255 0.157481 0.11833 0.103301 0.1 0.1 0.1 0.1 0.1 0.103208 0.1265 0.207592 0.401612 0.658075 0.824156 0.887125 0.9 0.9 0.9 0.9 0.895451 0.877121 0.834001 0.755864 0.637008 0.486886 
0.372733 0.257176 0.173925 0.123093 0.102227 0.1 0.108301 0.163284 0.322192 0.590305 0.797246 0.880659 0.9 0.9 0.896397 0.882135 0.853289 0.816594 0.791361 0.79389 0.822659 0.860029 0.887922 0.9 0.898636 0.865243 0.761932 0.557479 0.322279 0.174253 0.114719 0.1 0.1 0.108785 0.156368 0.287112 0.509436 0.711495 0.822385 0.868873 0.885436 0.891271 0.892077 0.888687 0.87836 0.851105 0.782988 0.639315 0.420658 0.228034 0.130849 0.1 0.100085 0.142922 0.288101 0.56528 0.79234 0.882355 0.9 0.899207 0.887206 0.863009 0.832756 0.811226 0.811017 0.831945 0.861478 0.885247 0.897217 0.9 0.9 0.9 0.9 0.861341 0.714351 0.422851 0.198905 0.116073 0.1 0.1 0.1 0.1 0.124122 0.232169 0.489011 0.755148 0.872447 0.9 0.898591 0.856277 0.720253 0.460675 0.231852 0.128413 0.100627 0.1 0.1 0.1 0.1 0.105844 0.14152 0.255277 0.490876 0.729379 0.850143 0.889659 0.899786 0.9 0.9 0.9 0.9 0.896374 0.878472 0.838736 0.781584 0.723055 0.677224 0.646587 0.626817 0.614119 0.608323 0.612544 0.631503 0.669178 0.725391 0.791263 0.849899 0.88775 0.9 0.881597 0.817507 0.697144 0.549934 0.427903 0.352163 0.315885 0.311733 0.347876 0.449476 0.614658 0.7699 0.855473 0.889103 0.898805 0.9 0.9 0.898512 0.867216 0.748051 0.480582 0.223466 0.119069 0.1 0.1 0.100257 0.10547 0.12656 0.187147 0.320809 0.510919 0.659275 0.732783 0.762075 0.776392 0.78887 0.803013 0.817206 0.827707 0.826616 0.780856 0.64557 0.421544 0.236704 0.147425 0.113857 0.102984 0.100208 0.1 0.1 0.102618 0.112359 0.131725 0.155748 0.170726 0.166469 0.146256 0.122561 0.106117 0.1 0.1 0.1 0.1 0.1 0.10814 0.135665 0.186556 0.249654 0.296394 0.299242 0.253896 0.187256 0.135264 0.109017 0.100222 0.1 0.107064 0.148805 0.282728 0.553677 0.79181 0.886036 0.9 0.9 0.9 0.9 0.898647 0.897436 0.897479 0.898716 0.9 0.9 0.9 0.889615 0.849612 0.759516 0.612467 0.436904 0.284079 0.181733 0.127215 0.105191 0.1 0.1 0.1 0.100094 0.109463 0.152307 0.281134 0.536017 0.771564 0.876878 0.9 0.9 0.9 0.9 0.890583 0.861585 0.798256 0.686697 0.531876 0.372733 0.257176 
0.183766 0.135758 0.112621 0.100584 0.1 0.104971 0.138505 0.241093 0.451825 0.697572 0.840745 0.891232 0.9 0.898805 0.884179 0.84155 0.758937 0.657878 0.591909 0.596627 0.668926 0.769861 0.849554 0.889619 0.9 0.891967 0.842865 0.710145 0.478876 0.258449 0.143686 0.105509 0.1 0.101832 0.122973 0.18889 0.324195 0.50396 0.655889 0.748031 0.794483 0.814438 0.817625 0.805824 0.773799 0.708133 0.590451 0.422854 0.258726 0.154103 0.109383 0.1 0.108677 0.175786 0.36667 0.65342 0.833442 0.893845 0.9 0.888165 0.848565 0.775354 0.688307 0.629515 0.628328 0.68434 0.768961 0.842014 0.883185 0.898162 0.9 0.9 0.9 0.865988 0.730921 0.446711 0.210185 0.118886 0.1 0.1 0.1 0.1 0.116381 0.203966 0.434669 0.718991 0.860506 0.9 0.9 0.87715 0.790475 0.591843 0.342139 0.18267 0.117701 0.100374 0.1 0.1 0.1 0.102375 0.122763 0.191956 0.350717 0.569995 0.737396 0.825091 0.865638 0.884254 0.894159 0.899129 0.9 0.9 0.9 0.891878 0.877157 0.860909 0.847419 0.837753 0.830081 0.823409 0.818772 0.818381 0.824408 0.837698 0.85674 0.87719 0.893139 0.9 0.890171 0.836981 0.701632 0.487305 0.303577 0.20437 0.161008 0.144624 0.14235 0.160455 0.242419 0.43276 0.674236 0.821421 0.879475 0.896895 0.9 0.9 0.898414 0.868818 0.757752 0.503684 0.240626 0.124885 0.1 0.1 0.10071 0.109241 0.142399 0.238556 0.445324 0.690128 0.828049 0.874283 0.884306 0.887981 0.892034 0.896797 0.9 0.9 0.9 0.861818 0.731769 0.48541 0.263565 0.155611 0.115872 0.103321 0.10016 0.1 0.101442 0.111908 0.142329 0.202 0.276716 0.324653 0.317789 0.263849 0.194362 0.139405 0.109491 0.1 0.1 0.1 0.108224 0.143093 0.221674 0.34628 0.479684 0.563984 0.564258 0.4705 0.317175 0.189842 0.1261 0.103613 0.1 0.105746 0.14133 0.25301 0.48731 0.728906 0.848184 0.882676 0.886854 0.88196 0.874287 0.866764 0.863074 0.865788 0.874483 0.885664 0.89495 0.9 0.9 0.889586 0.857334 0.788652 0.66883 0.498762 0.320564 0.191912 0.126978 0.104056 0.1 0.1 0.100912 0.115078 0.171571 0.330395 0.610453 0.821018 0.896462 0.9 0.9 0.897529 0.881953 0.84144 0.759531 0.623389 0.449491 0.290769 0.183766 0.135758 
0.108783 0.1 0.1 0.1 0.107116 0.137142 0.218045 0.383946 0.61308 0.791142 0.873547 0.898217 0.9 0.89337 0.859076 0.764085 0.588705 0.408753 0.314297 0.318773 0.419811 0.598566 0.769339 0.863891 0.897412 0.9 0.88293 0.810015 0.632027 0.37437 0.19174 0.118199 0.1 0.1 0.105539 0.130156 0.187827 0.281994 0.393044 0.491181 0.558716 0.593857 0.600082 0.578493 0.526638 0.443209 0.337423 0.233248 0.156307 0.114875 0.1 0.1 0.121789 0.219307 0.455394 0.727383 0.863107 0.9 0.897492 0.860502 0.763809 0.599972 0.436505 0.346488 0.344177 0.427536 0.582858 0.745504 0.847705 0.889758 0.9 0.9 0.9 0.868106 0.739888 0.461306 0.217004 0.120352 0.1 0.1 0.1 0.1 0.109979 0.180622 0.386092 0.68147 0.84615 0.896448 0.9 0.891721 0.845902 0.72235 0.509128 0.301237 0.178111 0.123891 0.104884 0.1 0.1 0.1 0.107199 0.138206 0.217005 0.355098 0.517089 0.651638 0.743325 0.802618 0.841813 0.86772 0.884081 0.894423 0.9 0.9 0.9 0.9 0.9 0.9 0.898257 0.894922 0.891493 0.889425 0.889602 0.892006 0.895751 0.899173 0.9 0.897797 0.87123 0.780134 0.571877 0.314885 0.166294 0.114745 0.101485 0.1 0.1 0.101487 0.162305 0.342392 0.618282 0.801241 0.873967 0.895816 0.9 0.9 0.899215 0.8759 0.784739 0.562582 0.289695 0.144815 0.102173 0.1 0.100558 0.109644 0.146653 0.255823 0.488065 0.742986 0.869348 0.9 0.9 0.9 0.9 0.9 0.9 0.894527 0.876865 0.816756 0.66691 0.426788 0.234186 0.14436 0.111974 0.102186 0.1 0.1 0.10538 0.130533 0.201387 0.341732 0.504595 0.597838 0.593131 0.504608 0.36793 0.240387 0.157901 0.118555 0.107079 0.114715 0.150679 0.238453 0.394593 0.583119 0.7266 0.795556 0.792417 0.695128 0.485523 0.265898 0.150238 0.109169 0.1 0.102396 0.12533 0.197816 0.358969 0.57186 0.719932 0.782813 0.79581 0.784742 0.764216 0.745414 0.738818 0.751421 0.782775 0.823939 0.862055 0.888082 0.9 0.9 0.893799 0.872593 0.819781 0.709108 0.521398 0.310756 0.173833 0.116951 0.101178 0.1 0.101099 0.115893 0.17204 0.326124 0.595984 0.804656 0.885396 0.896721 0.886812 0.860648 0.806038 0.706811 0.556765 0.385035 0.243959 0.155032 0.108783 0.1 
0.1 0.1 0.1 0.11285 0.149595 0.230812 0.379203 0.580898 0.756786 0.855063 0.892452 0.9 0.9 0.885643 0.82577 0.666676 0.412665 0.224449 0.150142 0.152047 0.227204 0.406768 0.652712 0.820655 0.886774 0.9 0.89836 0.863647 0.743913 0.499294 0.255308 0.138549 0.103796 0.1 0.1 0.105562 0.122848 0.154989 0.198101 0.242609 0.278605 0.299941 0.304087 0.290627 0.261002 0.219692 0.175006 0.136901 0.112173 0.10142 0.1 0.102095 0.13849 0.27012 0.542052 0.783005 0.882184 0.9 0.88532 0.81215 0.636525 0.396401 0.229829 0.161947 0.160033 0.220169 0.370161 0.598979 0.785878 0.872122 0.897709 0.9 0.9 0.869473 0.746388 0.472953 0.222576 0.121474 0.1 0.1 0.1 0.1 0.10521 0.163188 0.347613 0.647121 0.831757 0.892079 0.9 0.899243 0.880646 0.819997 0.689058 0.498841 0.322299 0.207953 0.146998 0.117395 0.104316 0.1 0.1 0.108375 0.136046 0.193233 0.279313 0.383481 0.492219 0.593702 0.680358 0.749409 0.801205 0.83796 0.862325 0.877288 0.887542 0.894518 0.898623 0.9 0.9 0.9 0.9 0.9 0.9 0.9 0.9 0.9 0.9 0.893132 0.85623 0.74085 0.494852 0.23958 0.122537 0.1 0.1 0.1 0.1 0.107563 0.177253 0.366002 0.636938 0.809488 0.876829 0.896566 0.9 0.9 0.9 0.885582 0.821877 0.651321 0.386683 0.196763 0.118879 0.1 0.1 0.105628 0.134867 0.225135 0.425465 0.673784 0.819696 0.869009 0.875719 0.869514 0.857496 0.841327 0.820252 0.788256 0.733651 0.632451 0.468813 0.289634 0.173757 0.122947 0.105284 0.100642 0.1 0.100137 0.110575 0.154296 0.277386 0.507716 0.717628 0.809991 0.810875 0.745724 0.615506 0.444861 0.297729 0.21148 0.181762 0.201018 0.278051 0.425961 0.61531 0.769104 0.854689 0.888542 0.885956 0.808651 0.60033 0.32608 0.169561 0.113607 0.1 0.1 0.110465 0.145594 0.225683 0.349861 0.469068 0.539025 0.556404 0.538164 0.504822 0.47612 0.469041 0.496153 0.562766 0.659953 0.761558 0.839521 0.883583 0.9 0.9 0.898617 0.88379 0.832609 0.697661 0.460375 0.243119 0.139005 0.105692 0.1 0.100378 0.111397 0.153134 0.267362 0.482633 0.690869 0.794596 0.817076 0.792587 0.727992 0.617883 0.469484 0.3196 0.206632 0.139877 0.10902 0.1 0.1 
0.1 0.1 0.122009 0.173259 0.269394 0.420593 0.60249 0.755781 0.84774 0.888519 0.9 0.9 0.899442 0.878886 0.797277 0.589284 0.307557 0.148229 0.1 0.1 0.142111 0.276044 0.531554 0.766188 0.872379 0.9 0.9 0.888124 0.810662 0.602108 0.321248 0.162259 0.1094 0.1 0.1 0.1 0.102262 0.10903 0.119196 0.130351 0.139882 0.145857 0.147198 0.143577 0.135549 0.124716 0.113557 0.104753 0.100157 0.1 0.1 0.106108 0.157678 0.322868 0.614937 0.821441 0.894327 0.9 0.86883 0.753049 0.50742 0.25954 0.137323 0.101021 0.100002 0.129645 0.231682 0.451475 0.706512 0.846284 0.892649 0.9 0.9 0.871397 0.754569 0.487997 0.230518 0.123395 0.1 0.1 0.1 0.1 0.102148 0.152053 0.322118 0.621634 0.820534 0.888698 0.9 0.9 0.896216 0.87434 0.816349 0.707018 0.554349 0.397587 0.274617 0.192743 0.142963 0.115107 0.101674 0.1 0.103743 0.119928 0.149044 0.191332 0.247294 0.317908 0.402498 0.495595 0.586231 0.66362 0.722884 0.765012 0.794108 0.813845 0.827803 0.839878 0.853923 0.870748 0.88649 0.896591 0.9 0.9 0.9 0.9 0.899901 0.891828 0.855085 0.743928 0.50855 0.258437 0.136756 0.105471 0.106135 0.115969 0.134627 0.177452 0.287989 0.495732 0.717554 0.840256 0.886038 0.898532 0.9 0.9 0.9 0.894243 0.858238 0.749061 0.534844 0.307128 0.171965 0.116237 0.1 0.1 0.11491 0.168491 0.294615 0.486137 0.645646 0.723797 0.742863 0.729492 0.697016 0.651716 0.595947 0.528282 0.446124 0.349667 0.249425 0.168731 0.123461 0.105795 0.100503 0.1 0.1 0.100336 0.113876 0.170714 0.331042 0.610078 0.816553 0.89097 0.892963 0.863718 0.795728 0.682262 0.545718 0.436742 0.391703 0.420295 0.518857 0.658239 0.783245 0.86022 0.893503 0.9 0.9 0.829334 0.62321 0.337257 0.17218 0.113905 0.100066 0.1 0.102393 0.114414 0.14326 0.189735 0.239036 0.270875 0.276838 0.262655 0.240719 0.223036 0.219007 0.238118 0.293925 0.402551 0.560763 0.720333 0.829835 0.883358 0.9 0.9 0.9 0.884674 0.798623 0.583083 0.312697 0.163192 0.11152 0.1 0.1 0.105256 0.127619 0.189112 0.311173 0.461133 0.563692 0.590503 0.551926 0.464376 0.352165 0.246668 0.169459 0.12405 0.103752 0.1 0.1 0.1 
0.114909 0.14218 0.212254 0.330541 0.492441 0.658355 0.783298 0.856352 0.889259 0.899993 0.9 0.9 0.89936 0.876452 0.784992 0.555885 0.271424 0.131601 0.1 0.1 0.11653 0.206747 0.429293 0.704009 0.852964 0.898218 0.9 0.89846 0.844263 0.664594 0.370767 0.181831 0.114497 0.1 0.1 0.1 0.1 0.1 0.1 0.1 0.1 0.1 0.1 0.1 0.1 0.1 0.1 0.1 0.1 0.1 0.1 0.110726 0.177093 0.371609 0.668723 0.845205 0.9 0.9 0.852291 0.697036 0.411088 0.19261 0.110773 0.1 0.1 0.10545 0.166357 0.34445 0.626398 0.81646 0.885947 0.9 0.9 0.874665 0.767029 0.511214 0.2441 0.127234 0.1 0.1 0.1 0.1 0.1008 0.147347 0.311275 0.609952 0.815118 0.887023 0.9 0.9 0.9 0.89592 0.878101 0.835902 0.760618 0.649916 0.514242 0.377514 0.263882 0.183055 0.133264 0.108388 0.1 0.1 0.105614 0.116188 0.132993 0.158767 0.195802 0.245544 0.307032 0.375552 0.443621 0.503813 0.552152 0.589363 0.621053 0.656668 0.705757 0.768967 0.831155 0.873723 0.893626 0.899642 0.9 0.9 0.9 0.894188 0.867471 0.787311 0.611338 0.386864 0.244022 0.192436 0.191633 0.219233 0.272932 0.36468 0.509623 0.681427 0.811066 0.873747 0.895344 0.9 0.9 0.9 0.9 0.899441 0.884795 0.829438 0.696528 0.48932 0.295662 0.177058 0.120811 0.1 0.1 0.121009 0.17647 0.269868 0.370267 0.436932 0.456936 0.439422 0.399176 0.349455 0.298885 0.250832 0.205446 0.164774 0.131491 0.10925 0.1 0.1 0.1 0.1 0.1 0.100112 0.112621 0.16955 0.334265 0.622303 0.829579 0.9 0.9 0.896113 0.873973 0.828077 0.763527 0.702504 0.673648 0.691733 0.747991 0.815061 0.866322 0.892851 0.9 0.9 0.882053 0.787358 0.561537 0.296744 0.15689 0.109873 0.1 0.1 0.1 0.102112 0.109031 0.121136 0.134289 0.142228 0.141918 0.135245 0.126736 0.120337 0.118431 0.124762 0.14855 0.209536 0.333808 0.523468 0.711709 0.831358 0.884987 0.9 0.9 0.9 0.835702 0.639194 0.351061 0.177799 0.115536 0.100423 0.1 0.101074 0.108921 0.13241 0.179164 0.240635 0.288369 0.300376 0.2757 0.228004 0.176031 0.134818 0.110432 0.1 0.1 0.103223 0.114909 0.14218 
0.207618 0.290145 0.423005 0.583168 0.72558 0.821833 0.873805 0.896113 0.9 0.9 0.9 0.9 0.899817 0.87918 0.791475 0.566141 0.278718 0.135014 0.1 0.1 0.107153 0.167907 0.345402 0.62752 0.821012 0.891547 0.9 0.9 0.85237 0.68086 0.386492 0.189204 0.116799 0.100013 0.1 0.1 0.1 0.1 0.101562 0.103335 0.103895 0.102831 0.100962 0.1 0.1 0.1 0.1 0.1 0.1 0.1 0.1 0.115103 0.19463 0.412259 0.705057 0.858256 0.9 0.898429 0.837148 0.651164 0.350285 0.161929 0.102808 0.1 0.1 0.1 0.137982 0.27908 0.557781 0.787128 0.87881 0.9 0.9 0.879422 0.7843 0.544496 0.265734 0.134115 0.100108 0.1 0.1 0.1 0.101247 0.149406 0.316357 0.614997 0.816967 0.88735 0.9 0.9 0.9 0.9 0.898147 0.887992 0.864247 0.819342 0.745898 0.636865 0.496529 0.350669 0.232115 0.155309 0.115287 0.1 0.1 0.1 0.101499 0.106744 0.116314 0.131445 0.153333 0.180953 0.211638 0.241885 0.268909 0.292557 0.317625 0.356482 0.430006 0.554591 0.705253 0.819733 0.875955 0.895809 0.9 0.9 0.9 0.897666 0.883863 0.841813 0.748359 0.60877 0.486804 0.427983 0.429557 0.475139 0.550861 0.644292 0.741328 0.823286 0.873944 0.894824 0.9 0.9 0.9 0.9 0.9 0.9 0.898184 0.878759 0.81706 0.689535 0.503707 0.321598 0.196765 0.12986 0.102125 0.1 0.115345 0.146273 0.18339 0.209973 0.217426 0.207691 0.187922 0.1652 0.144039 0.126585 0.111351 0.102528 0.1 0.101058 0.103924 0.1058 0.104043 0.101155 0.1 0.1 0.107364 0.151946 0.29003 0.557281 0.787593 0.88295 0.9 0.9 0.896943 0.884524 0.86373 0.842546 0.832067 0.83861 0.858397 0.880607 0.895261 0.9 0.9 0.882963 0.825143 0.678068 0.434463 0.227545 0.132997 0.104169 0.1 0.1 0.1 0.1 0.1 0.101219 0.103087 0.103983 0.103167 0.101309 0.1 0.1 0.1 0.1 0.103892 0.12554 0.188318 0.32148 0.522746 0.713146 0.829408 0.882273 0.899832 0.89225 0.817731 0.615406 0.337474 0.173979 0.115004 0.100516 0.1 0.1 0.100613 0.105926 0.117688 0.133426 0.145707 0.148073 0.139802 0.12506 0.109873 0.1 0.1 0.102682 0.12054 0.153817 0.207618 0.290145 
0.43078 0.559891 0.687552 0.790107 0.857049 0.890554 0.9 0.9 0.896786 0.896153 0.898333 0.9 0.9 0.885578 0.812105 0.609869 0.31837 0.15173 0.102491 0.1 0.102436 0.141612 0.270815 0.52318 0.757064 0.868474 0.9 0.895586 0.830285 0.641964 0.358198 0.179826 0.114997 0.1 0.1 0.100763 0.106896 0.120062 0.138844 0.156617 0.166399 0.164975 0.153527 0.136533 0.119432 0.106786 0.100659 0.1 0.1 0.1 0.1 0.118718 0.208877 0.443311 0.728828 0.866122 0.9 0.895335 0.8235 0.615735 0.313665 0.147297 0.100377 0.1 0.1 0.1 0.125526 0.241241 0.505449 0.761583 0.872166 0.9 0.9 0.8852 0.804793 0.585897 0.296257 0.145432 0.102374 0.1 0.1 0.1 0.103775 0.159164 0.338898 0.637011 0.825932 0.889557 0.9 0.9 0.9 0.9 0.9 0.9 0.897544 0.886546 0.862815 0.814939 0.730281 0.597822 0.430652 0.276695 0.173278 0.120612 0.102171 0.1 0.1 0.1 0.1 0.101153 0.105427 0.112031 0.119867 0.127768 0.134806 0.140909 0.148043 0.163271 0.207245 0.32166 0.52915 0.73749 0.848271 0.888767 0.899231 0.9 0.9 0.899846 0.895302 0.879522 0.844691 0.791502 0.740086 0.713532 0.718544 0.747566 0.788321 0.829713 0.863679 0.888096 0.9 0.9 0.9 0.897646 0.895858 0.895757 0.897341 0.899497 0.9 0.9 0.880237 0.825875 0.717033 0.550067 0.3666 0.22575 0.14427 0.108241 0.1 0.103043 0.113481 0.120789 0.122386 0.119103 0.113109 0.106457 0.100787 0.1 0.10029 0.112314 0.132517 0.151439 0.16047 0.155518 0.139102 0.119864 0.105926 0.1 0.101105 0.127989 0.22272 0.436555 0.690374 0.837554 0.889359 0.9 0.9 0.899053 0.894825 0.88977 0.887117 0.888868 0.893946 0.899243 0.9 0.89723 0.877119 0.820283 0.698409 0.49795 0.288438 0.161623 0.11215 0.100121 0.1 0.1 0.1 0.1 0.1 0.1 0.1 0.1 0.1 0.1 0.1 0.1 0.1 0.1 0.1 0.101909 0.123626 0.188427 0.321399 0.511054 0.683821 0.788736 0.83044 0.814986 0.714841 0.503119 0.275013 0.153248 0.110125 0.100108 0.1 0.1 0.1 0.1 0.1 0.1 0.1 0.1 0.1 0.1 0.1 0.100182 0.11539 0.148409 0.210929 0.307387 0.43078 0.559891 
0.702316 0.787866 0.845576 0.882022 0.9 0.898378 0.882085 0.864359 0.857247 0.865405 0.881762 0.89509 0.9 0.893604 0.839268 0.673345 0.388354 0.184886 0.111188 0.1 0.1 0.12176 0.202806 0.38774 0.625265 0.782298 0.842346 0.832626 0.73851 0.529524 0.289185 0.156427 0.109749 0.1 0.100088 0.109337 0.136301 0.187849 0.255816 0.316524 0.34967 0.347731 0.312682 0.254171 0.189767 0.139009 0.11076 0.10079 0.1 0.1 0.1 0.121249 0.218984 0.464554 0.743557 0.870891 0.9 0.891981 0.811748 0.589 0.291021 0.139672 0.1 0.1 0.1 0.1 0.119218 0.219623 0.469906 0.742072 0.866639 0.899872 0.9 0.891123 0.825432 0.629566 0.333059 0.160415 0.106259 0.1 0.1 0.1 0.109004 0.178453 0.380673 0.67334 0.840251 0.893075 0.9 0.9 0.9 0.9 0.9 0.9 0.9 0.9 0.89914 0.88601 0.854396 0.786968 0.663175 0.484012 0.304275 0.182654 0.123088 0.102468 0.1 0.1 0.1 0.1 0.1 0.1 0.1 0.1 0.1 0.1 0.1 0.101042 0.116182 0.195342 0.396328 0.663879 0.822759 0.882071 0.898149 0.9 0.9 0.9 0.899767 0.896258 0.887724 0.874766 0.862468 0.857034 0.860764 0.871491 0.885084 0.896855 0.9 0.9 0.896657 0.885434 0.87274 0.860767 0.853499 0.853823 0.861926 0.875027 0.888838 0.9 0.9 0.887594 0.846138 0.755429 0.604547 0.418792 0.260482 0.162552 0.115852 0.1 0.1 0.1 0.100004 0.1 0.1 0.1 0.1 0.108684 0.136437 0.19093 0.25903 0.313113 0.331729 0.308592 0.253197 0.188245 0.13685 0.108338 0.1 0.109018 0.160712 0.301058 0.53561 0.744134 0.852752 0.891967 0.9 0.9 0.9 0.9 0.899828 0.899952 0.9 0.9 0.894661 0.86976 0.80525 0.679439 0.493654 0.30497 0.177961 0.118681 0.100938 0.1 0.1 0.1 0.100578 0.102136 0.103817 0.104915 0.105138 0.104556 0.103397 0.101946 0.100605 0.1 0.1 0.1 0.1 0.1 0.102591 0.124301 0.184017 0.2943 0.437939 0.563108 0.625711 0.607509 0.499816 0.333127 0.195607 0.127513 0.104102 0.1 0.1 0.10181 0.105247 0.10801 0.107968 0.105203 0.101859 0.10043 0.102624 0.109556 0.122989 0.147936 0.19886 0.287344 0.418362 0.570449 0.702316 0.787866 
0.854877 0.88414 0.897838 0.9 0.889375 0.851597 0.792139 0.740685 0.729464 0.766343 0.826304 0.874145 0.897876 0.9 0.865266 0.741584 0.485416 0.240717 0.128888 0.1 0.1 0.108196 0.148762 0.251754 0.420338 0.580724 0.661787 0.648763 0.538396 0.358953 0.20584 0.129516 0.103631 0.1 0.105555 0.133355 0.206152 0.338237 0.489795 0.599933 0.650417 0.648814 0.597478 0.493449 0.351888 0.221254 0.141263 0.107951 0.1 0.1 0.1 0.122521 0.22463 0.476562 0.751398 0.873411 0.9 0.889098 0.802637 0.570321 0.276994 0.135183 0.1 0.1 0.1 0.1 0.116124 0.209169 0.451388 0.73073 0.862751 0.898942 0.9 0.896204 0.842809 0.667634 0.369502 0.176281 0.110728 0.1 0.1 0.1 0.118126 0.210125 0.442366 0.718764 0.857081 0.896978 0.9 0.9 0.89804 0.893153 0.88774 0.885257 0.887819 0.894287 0.9 0.9 0.895652 0.873706 0.815065 0.694551 0.507194 0.313834 0.184965 0.123363 0.102409 0.1 0.1 0.1 0.1 0.1 0.1 0.1 0.1 0.1 0.1 0.1 0.100242 0.165714 0.359102 0.641369 0.815364 0.880429 0.897953 0.9 0.9 0.9 0.9 0.9 0.9 0.9 0.9 0.9 0.9 0.9 0.9 0.899744 0.888655 0.868712 0.840408 0.803055 0.762711 0.727709 0.707668 0.709521 0.734159 0.775343 0.82194 0.862816 0.889389 0.9 0.89713 0.864477 0.788752 0.65333 0.468768 0.294518 0.179489 0.122425 0.102427 0.1 0.1 0.1 0.1 0.100059 0.108747 0.142289 0.226017 0.367318 0.513288 0.605337 0.629868 0.590368 0.490182 0.351101 0.222549 0.141062 0.105296 0.1 0.119513 0.194207 0.35967 0.589181 0.770823 0.862207 0.894309 0.9 0.9 0.9 0.9 0.9 0.9 0.894805 0.867911 0.795632 0.656245 0.465008 0.289134 0.175575 0.11965 0.1 0.1 0.102536 0.108962 0.117999 0.128593 0.139524 0.148975 0.155321 0.157617 0.155737 0.150239 0.142134 0.1327 0.123254 0.114608 0.107289 0.10213 0.1 0.1 0.101639 0.119724 0.161859 0.226677 0.295875 0.338078 0.32978 0.271825 0.194962 0.137166 0.108824 0.1 0.1 0.105699 0.119396 0.140656 0.161941 0.174635 0.177142 0.174537 0.173695 0.180427 0.199673 0.237311 0.302021 0.403871 0.538007 0.675587 0.78483 0.854877 0.88414 
0.9 0.9 0.9 0.886896 0.838322 0.730024 0.583777 0.477124 0.463345 0.551416 0.700618 0.823173 0.883373 0.9 0.884596 0.802117 0.597433 0.328287 0.165196 0.108116 0.1 0.100834 0.115878 0.158357 0.235155 0.323442 0.378315 0.370019 0.301781 0.211064 0.143162 0.11025 0.1 0.100109 0.116021 0.173497 0.316161 0.539318 0.720761 0.810749 0.841859 0.841162 0.810515 0.731107 0.57444 0.363237 0.20025 0.124669 0.101927 0.1 0.1 0.122545 0.226202 0.480879 0.753993 0.874126 0.9 0.887267 0.797702 0.561683 0.270879 0.132935 0.1 0.1 0.1 0.1 0.115843 0.209419 0.452083 0.730328 0.861911 0.89824 0.9 0.89945 0.853971 0.692477 0.395891 0.188559 0.114408 0.1 0.1 0.100723 0.133564 0.25796 0.520873 0.76661 0.873318 0.9 0.9 0.895586 0.881557 0.858466 0.834913 0.82354 0.831567 0.854613 0.879528 0.895216 0.9 0.89954 0.88096 0.824543 0.703238 0.512358 0.317492 0.189238 0.127388 0.104802 0.1 0.1 0.1 0.1 0.1 0.1 0.1 0.1 0.1 0.10146 0.120999 0.209013 0.419178 0.681655 0.831131 0.885279 0.898917 0.9 0.9 0.9 0.9 0.9 0.9 0.9 0.9 0.898387 0.891988 0.880571 0.863571 0.838632 0.798349 0.740895 0.668095 0.586161 0.508139 0.448249 0.416927 0.42016 0.460972 0.537518 0.637788 0.73987 0.821922 0.874525 0.9 0.9 0.875813 0.812832 0.690164 0.506688 0.317945 0.188588 0.125097 0.103209 0.1 0.1 0.1 0.103118 0.1246 0.195429 0.360139 0.588391 0.750337 0.820618 0.834546 0.808225 0.731313 0.583207 0.383732 0.217889 0.130247 0.1 0.1 0.131496 0.222577 0.402356 0.628745 0.794243 0.872243 0.897088 0.9 0.9 0.9 0.9 0.897493 0.875074 0.804603 0.655786 0.448561 0.270057 0.164918 0.116568 0.1 0.1 0.110917 0.131699 0.162024 0.198843 0.23768 0.273785 0.302896 0.321901 0.329184 0.324621 0.309337 0.285389 0.255477 0.2226 0.189631 0.159284 0.1341 0.115824 0.104562 0.1 0.1 0.110109 0.129602 0.15428 0.171249 0.170298 0.151859 0.127372 0.10906 0.100678 0.1 0.10612 0.127378 0.174459 0.247354 0.320508 0.367525 0.385541 0.387725 0.389577 0.403367 0.437525 0.496526 0.578623 0.673238 0.762719 0.83225 0.877125 0.9 0.9 
0.9 0.9 0.893424 0.858472 0.754072 0.546447 0.330582 0.218359 0.210392 0.310427 0.527394 0.74753 0.860415 0.898367 0.896759 0.84816 0.704773 0.45202 0.233739 0.131365 0.101495 0.1 0.102365 0.114461 0.139978 0.171214 0.191892 0.189335 0.165176 0.134372 0.111905 0.101722 0.1 0.102732 0.12852 0.217002 0.424791 0.687148 0.837652 0.889027 0.9 0.9 0.889271 0.850962 0.741184 0.522865 0.282332 0.150716 0.106596 0.1 0.1 0.121611 0.225161 0.480649 0.753365 0.873516 0.9 0.887096 0.799281 0.567926 0.276303 0.13421 0.1 0.1 0.1 0.1 0.119805 0.224017 0.476477 0.743307 0.86522 0.898397 0.9 0.9 0.856359 0.697405 0.402224 0.192374 0.115871 0.1 0.1 0.106077 0.159864 0.325883 0.607578 0.810606 0.886478 0.9 0.896823 0.875236 0.826651 0.754256 0.684618 0.651909 0.673218 0.738897 0.815257 0.869016 0.893565 0.9 0.899805 0.881457 0.825173 0.705735 0.522394 0.33701 0.211635 0.146451 0.117613 0.10585 0.101296 0.100286 0.101376 0.104044 0.108311 0.11489 0.126175 0.149831 0.208511 0.342991 0.562644 0.761203 0.859947 0.89342 0.9 0.9 0.9 0.9 0.897495 0.891425 0.882245 0.870347 0.85559 0.836173 0.808776 0.770992 0.720502 0.654522 0.570724 0.47509 0.381321 0.302137 0.243625 0.205608 0.186805 0.187784 0.211935 0.26618 0.360385 0.497646 0.651542 0.779111 0.859322 0.89579 0.9 0.882503 0.827581 0.710719 0.522589 0.320879 0.184683 0.121453 0.101571 0.1 0.1 0.106265 0.139843 0.246036 0.476911 0.729993 0.858282 0.89567 0.9 0.889484 0.853958 0.761373 0.578687 0.347645 0.185577 0.115895 0.1 0.105461 0.144578 0.250062 0.447613 0.674718 0.822323 0.883734 0.899792 0.9 0.9 0.9 0.887356 0.833156 0.695061 0.471931 0.270612 0.158762 0.113059 0.1 0.100375 0.120891 0.164346 0.231867 0.31707 0.40674 0.487673 0.551753 0.596575 0.622992 0.632758 0.627272 0.607235 0.572846 0.524443 0.463416 0.392999 0.318794 0.248357 0.188953 0.144929 0.116741 0.101882 0.1 0.100172 0.107161 0.112787 0.113618 0.109731 0.104292 0.100512 0.1 0.103069 0.120374 0.17236 0.287394 0.454573 0.594072 0.665859 0.689683 0.693132 0.693868 0.702099 0.722552 0.754974 0.794689 0.834464 0.867206 0.888835 0.899274 0.9 0.9 
0.9 0.9 0.886111 0.830355 0.675266 0.402932 0.190528 0.10721 0.104523 0.1879 0.408105 0.686196 0.839652 0.892918 0.9 0.877544 0.791209 0.598067 0.352468 0.189035 0.119577 0.100161 0.1 0.100001 0.106156 0.114353 0.119836 0.119452 0.113681 0.106379 0.101406 0.1 0.1 0.104429 0.135999 0.243017 0.485049 0.750015 0.873262 0.9 0.9 0.9 0.9 0.890116 0.824821 0.645755 0.370185 0.182397 0.112917 0.1 0.1 0.120474 0.224588 0.481482 0.752692 0.872415 0.9 0.889024 0.809645 0.595696 0.302515 0.143857 0.1 0.1 0.1 0.1 0.133104 0.26238 0.529773 0.769941 0.872556 0.899281 0.9 0.898219 0.846857 0.675453 0.381684 0.1847 0.114233 0.1 0.1 0.117051 0.201068 0.4147 0.691031 0.846749 0.896422 0.9 0.881768 0.821616 0.700463 0.542 0.41557 0.364644 0.397618 0.514602 0.679472 0.810973 0.875387 0.896811 0.9 0.89865 0.880368 0.827543 0.72132 0.563903 0.400256 0.27911 0.207359 0.16982 0.152513 0.147376 0.150435 0.160111 0.176483 0.201481 0.240259 0.303988 0.410616 0.566261 0.728666 0.837508 0.886056 0.899915 0.9 0.899877 0.89459 0.883148 0.863699 0.835249 0.798358 0.754506 0.705033 0.649651 0.58671 0.515892 0.439735 0.363294 0.291862 0.230465 0.182377 0.147903 0.125759 0.111971 0.104304 0.103394 0.111237 0.131494 0.173839 0.258832 0.401209 0.584435 0.747673 0.848848 0.892696 0.9 0.885298 0.832289 0.71094 0.509179 0.299191 0.168423 0.113833 0.1 0.1 0.106881 0.145204 0.266323 0.522089 0.77394 0.882311 0.9 0.9 0.9 0.89292 0.850807 0.731745 0.509206 0.277383 0.148958 0.104987 0.1 0.110366 0.159687 0.288818 0.514987 0.73621 0.853938 0.893811 0.9 0.9 0.897164 0.867168 0.76645 0.553157 0.3112 0.167858 0.112803 0.1 0.101528 0.127338 0.192205 0.303618 0.446005 0.582075 0.683866 0.749929 0.790698 0.815351 0.828902 0.833784 0.831071 0.820995 0.803026 0.77566 0.735841 0.678198 0.596903 0.492524 0.377622 0.272424 0.191621 0.139164 0.111606 0.1 0.1 0.1 0.100188 0.100017 0.1 0.1 0.100243 0.107734 0.139113 0.231065 0.427578 0.661091 0.79789 0.845923 0.855723 0.855676 0.854641 0.856077 0.86131 0.87 0.880383 0.890228 0.897292 0.9 0.9 0.9 0.9 
0.9 0.9 0.883098 0.819953 0.649472 0.365817 0.166168 0.1 0.1 0.17829 0.396167 0.678797 0.835782 0.890076 0.9 0.893646 0.850316 0.732065 0.522876 0.30987 0.18011 0.12288 0.103796 0.1 0.1 0.1 0.1 0.100024 0.1 0.1 0.1 0.1 0.1 0.103908 0.134028 0.239078 0.480546 0.748525 0.873149 0.9 0.9 0.9 0.9 0.899671 0.860405 0.7227 0.452243 0.218244 0.120804 0.1 0.1 0.120895 0.230308 0.49221 0.756651 0.872161 0.9 0.892838 0.829157 0.649942 0.366904 0.177594 0.109651 0.1 0.1 0.110674 0.172432 0.342412 0.61276 0.806549 0.882278 0.9 0.9 0.889764 0.817797 0.617948 0.333985 0.166396 0.109718 0.1 0.101044 0.136344 0.261579 0.518344 0.762212 0.872702 0.9 0.894983 0.848359 0.723443 0.512171 0.313001 0.20199 0.166184 0.189835 0.293792 0.501186 0.724785 0.846972 0.89042 0.9 0.9 0.898037 0.882123 0.840074 0.762244 0.652119 0.532413 0.43141 0.363174 0.326074 0.31341 0.319637 0.341519 0.377786 0.428739 0.495541 0.578419 0.673222 0.767143 0.840825 0.883465 0.9 0.9 0.894849 0.880678 0.852795 0.808342 0.746335 0.669405 0.583986 0.498704 0.42112 0.354532 0.298326 0.250494 0.20924 0.174312 0.146136 0.12521 0.111272 0.102541 0.1 0.1 0.1 0.1 0.1 0.1 0.105149 0.136367 0.210645 0.351708 0.553739 0.74133 0.851831 0.894842 0.9 0.884384 0.825457 0.68701 0.464987 0.258822 0.146619 0.106234 0.1 0.104042 0.137321 0.24643 0.486366 0.745174 0.869513 0.9 0.9 0.9 0.9 0.886736 0.822466 0.65789 0.403351 0.206479 0.121363 0.1 0.1 0.116912 0.187087 0.361246 0.619871 0.806378 0.881701 0.9 0.9 0.890971 0.837529 0.681898 0.416849 0.209259 0.121174 0.1 0.1 0.12475 0.198363 0.341759 0.529276 0.689986 0.790498 0.843992 0.870719 0.884474 0.8926 0.897265 0.89902 0.898057 0.894538 0.888511 0.879622 0.866418 0.844363 0.805821 0.742689 0.645858 0.51579 0.374216 0.254151 0.172488 0.126306 0.105986 0.1 0.1 0.1 0.1 0.1 0.100724 0.110971 0.151778 0.270705 0.514264 0.759777 0.874015 0.9 0.9 0.9 0.9 0.899898 0.899864 0.9 0.9 0.9 0.9 0.9 0.9 0.9 0.9 
0.9 0.9 0.885966 0.83327 0.690817 0.43991 0.235019 0.15459 0.162503 0.265685 0.491206 0.72977 0.851956 0.89281 0.9 0.9 0.883576 0.826243 0.698114 0.505052 0.322154 0.205085 0.145232 0.117731 0.105163 0.1 0.1 0.1 0.1 0.1 0.1 0.1 0.1 0.10179 0.123857 0.208549 0.418352 0.692849 0.847921 0.895678 0.9 0.9 0.9 0.9 0.875599 0.772017 0.531441 0.265744 0.134621 0.1 0.1 0.127769 0.253608 0.524685 0.770523 0.874339 0.9 0.897223 0.854187 0.726235 0.487892 0.269149 0.160487 0.126687 0.128287 0.165276 0.272633 0.4813 0.713258 0.845199 0.891984 0.9 0.89875 0.868137 0.757125 0.519991 0.268265 0.142672 0.103946 0.1 0.108529 0.169786 0.345249 0.623248 0.817474 0.890081 0.9 0.880034 0.792733 0.592607 0.34094 0.180766 0.115996 0.100015 0.11102 0.180032 0.367276 0.643009 0.818366 0.883602 0.89957 0.9 0.9 0.898745 0.888094 0.862357 0.819634 0.764221 0.706197 0.657157 0.625089 0.612882 0.619342 0.640811 0.672727 0.7109 0.752091 0.793741 0.833113 0.866323 0.888958 0.9 0.9 0.887739 0.858636 0.805871 0.724961 0.619162 0.502039 0.393429 0.306765 0.243623 0.199079 0.167577 0.145451 0.130184 0.118634 0.109678 0.103298 0.1 0.1 0.1 0.103558 0.116872 0.134707 0.145401 0.139648 0.119869 0.100625 0.1 0.12375 0.194308 0.346093 0.573902 0.77069 0.868928 0.9 0.9 0.878583 0.804016 0.636608 0.398002 0.212877 0.126259 0.1 0.1 0.121518 0.199406 0.387041 0.64399 0.81253 0.879936 0.898252 0.9 0.9 0.898693 0.869164 0.765429 0.544594 0.293824 0.153043 0.105811 0.1 0.101472 0.133858 0.251836 0.499152 0.747246 0.864849 0.899341 0.9 0.882715 0.802244 0.594011 0.315628 0.15509 0.103606 0.1 0.114484 0.177218 0.325622 0.544797 0.730723 0.833819 0.878853 0.895425 0.9 0.9 0.9 0.9 0.9 0.9 0.9 0.9 0.9 0.9 0.897065 0.88643 0.865247 0.823001 0.748182 0.630109 0.476987 0.32601 0.213081 0.145734 0.112895 0.100994 0.1 0.1 0.1 0.100577 0.110158 0.149176 0.264046 0.50248 0.749956 0.869556 0.9 0.9 0.9 0.9 0.9 0.9 0.9 0.9 0.9 0.9 0.9 0.9 0.9 0.9 
0.9 0.9 0.892163 0.860059 0.772555 0.605522 0.428214 0.338435 0.354059 0.472916 0.65829 0.806761 0.876548 0.89821 0.9 0.9 0.89734 0.876997 0.819698 0.70815 0.551006 0.393941 0.277456 0.204688 0.16201 0.137582 0.123886 0.114835 0.108271 0.103516 0.100634 0.1 0.1 0.1 0.110858 0.166362 0.32164 0.581245 0.785991 0.875283 0.899167 0.9 0.9 0.9 0.884791 0.811083 0.618425 0.346233 0.172807 0.110016 0.106618 0.157815 0.316534 0.590104 0.797247 0.879862 0.9 0.9 0.877407 0.804956 0.651679 0.455971 0.314171 0.253138 0.256612 0.324014 0.467599 0.657169 0.804945 0.876397 0.899293 0.9 0.885306 0.819467 0.650945 0.393681 0.201212 0.120925 0.1 0.1 0.123957 0.222676 0.45065 0.715202 0.856369 0.9 0.9 0.855712 0.716548 0.458992 0.231858 0.127624 0.1 0.1 0.1 0.145424 0.309842 0.599452 0.802598 0.879966 0.899279 0.9 0.9 0.9 0.9 0.895344 0.884943 0.86952 0.851077 0.833704 0.821379 0.816502 0.819333 0.828274 0.840846 0.854708 0.868122 0.879977 0.889813 0.897194 0.9 0.899072 0.880266 0.834023 0.750241 0.627638 0.484635 0.354076 0.256628 0.192207 0.152162 0.128438 0.114416 0.10549 0.100639 0.1 0.1 0.1 0.1 0.1 0.1 0.105756 0.128193 0.178216 0.245174 0.288075 0.274946 0.213282 0.145024 0.106155 0.1 0.122834 0.207644 0.399767 0.656706 0.8241 0.887516 0.9 0.897398 0.864889 0.765018 0.563446 0.325361 0.173645 0.112524 0.1 0.107122 0.149725 0.265891 0.473136 0.68183 0.809935 0.86968 0.893004 0.9 0.9 0.890827 0.833013 0.672177 0.410938 0.207042 0.120436 0.1 0.1 0.109946 0.188796 0.405486 0.691217 0.847117 0.897247 0.9 0.873875 0.766318 0.516332 0.251103 0.128854 0.1 0.102348 0.141216 0.259898 0.486911 0.714806 0.840787 0.888199 0.9 0.9 0.9 0.893662 0.883669 0.874716 0.87063 0.872363 0.87853 0.886799 0.894774 0.9 0.9 0.9 0.9 0.889517 0.864134 0.809458 0.712006 0.566331 0.398135 0.25696 0.166982 0.121113 0.103434 0.1 0.1 0.100009 0.10587 0.132957 0.21552 0.398164 0.631422 0.782275 0.844659 0.865003 0.87367 0.879246 0.884287 0.889407 0.894344 0.89825 0.9 0.9 0.9 0.9 0.9 0.9 
0.9 0.9 0.897568 0.883722 0.844935 0.770108 0.68026 0.62693 0.640645 0.712989 0.802495 0.865101 0.892951 0.9 0.9 0.9 0.9 0.896796 0.878937 0.83501 0.757361 0.64959 0.529517 0.420048 0.334544 0.272814 0.228385 0.194449 0.167094 0.144556 0.126426 0.112971 0.104035 0.1 0.100715 0.128832 0.224384 0.428227 0.670349 0.822986 0.884684 0.9 0.9 0.9 0.892136 0.846377 0.715745 0.486303 0.283081 0.187518 0.181156 0.26086 0.449986 0.687324 0.833206 0.887781 0.9 0.9 0.892525 0.862137 0.792745 0.686691 0.582865 0.523916 0.527509 0.591901 0.696188 0.798556 0.864858 0.893833 0.9 0.893706 0.852765 0.731263 0.502307 0.271684 0.148317 0.106462 0.1 0.104784 0.152693 0.301016 0.566943 0.787111 0.880399 0.9 0.889792 0.815594 0.620924 0.34577 0.170676 0.108493 0.1 0.1 0.1 0.147363 0.314376 0.605335 0.806119 0.881411 0.899579 0.9 0.9 0.9 0.9 0.9 0.9 0.899263 0.8963 0.892459 0.889225 0.887693 0.888256 0.890494 0.893545 0.896595 0.898952 0.9 0.9 0.9 0.896781 0.874531 0.814407 0.701126 0.541535 0.378742 0.255801 0.179353 0.136688 0.114793 0.103923 0.1 0.1 0.1 0.1 0.1 0.1 0.1 0.1 0.1 0.101457 0.119917 0.179309 0.30746 0.470994 0.567422 0.547138 0.416785 0.250007 0.14286 0.101295 0.1 0.140058 0.277898 0.542124 0.772065 0.871535 0.898567 0.9 0.891049 0.841616 0.709302 0.480817 0.263462 0.146074 0.104551 0.1 0.115386 0.17028 0.290814 0.471833 0.652346 0.779649 0.852012 0.887073 0.9 0.9 0.872471 0.769238 0.545964 0.292941 0.151528 0.104382 0.1 0.1 0.160428 0.356869 0.656796 0.835324 0.895656 0.9 0.86547 0.733666 0.455316 0.21162 0.115296 0.1 0.111741 0.179954 0.361029 0.630355 0.813951 0.885309 0.9 0.9 0.896192 0.882812 0.853567 0.813113 0.777185 0.759373 0.762378 0.781182 0.808209 0.836514 0.861014 0.879189 0.892558 0.9 0.9 0.899755 0.883684 0.84503 0.767462 0.636356 0.463483 0.30083 0.190157 0.131381 0.106716 0.1 0.1 0.101413 0.113853 0.156691 0.257317 0.416746 0.570446 0.670094 0.724252 0.756261 0.780005 0.801932 0.824372 0.847063 0.867943 0.884427 0.89513 0.9 0.9 0.9 0.9 
0.9 0.9 0.9 0.896446 0.884101 0.859605 0.830283 0.813323 0.819921 0.844373 0.869858 0.883437 0.885854 0.885202 0.887773 0.893634 0.898764 0.9 0.898482 0.887203 0.8618 0.819699 0.76185 0.692846 0.618952 0.545327 0.474749 0.407611 0.343539 0.282403 0.225375 0.175418 0.136293 0.110979 0.1 0.105984 0.153036 0.280931 0.502823 0.720094 0.843262 0.890114 0.9 0.9 0.897555 0.874981 0.805339 0.666003 0.499036 0.392773 0.385194 0.477486 0.640197 0.788425 0.867414 0.895206 0.9 0.9 0.899265 0.890964 0.868952 0.832057 0.79182 0.766254 0.767294 0.79429 0.834516 0.870637 0.892309 0.9 0.899493 0.87738 0.796398 0.604602 0.349689 0.18184 0.115721 0.1 0.1 0.118558 0.202621 0.407896 0.676496 0.839003 0.895278 0.9 0.870224 0.754752 0.510158 0.259006 0.136182 0.10131 0.1 0.1 0.109161 0.178002 0.372015 0.653932 0.825974 0.88686 0.9 0.9 0.9 0.9 0.9 0.9 0.9 0.9 0.9 0.9 0.9 0.9 0.9 0.9 0.9 0.9 0.9 0.9 0.9 0.897058 0.874668 0.808545 0.674853 0.487138 0.31335 0.200018 0.140343 0.112968 0.102101 0.1 0.1 0.1 0.105289 0.113736 0.121184 0.124015 0.12084 0.113135 0.104708 0.1 0.103965 0.138288 0.245486 0.468464 0.701386 0.808418 0.792904 0.64661 0.391626 0.197623 0.117084 0.1 0.11439 0.215949 0.463273 0.730735 0.85779 0.895388 0.9 0.9 0.880538 0.809049 0.643935 0.406012 0.21899 0.128815 0.1 0.1 0.118127 0.169053 0.268743 0.420074 0.594088 0.741191 0.83626 0.884208 0.9 0.893277 0.835083 0.675449 0.419457 0.216212 0.124565 0.1 0.1 0.164294 0.362949 0.659097 0.835492 0.896107 0.9 0.857882 0.705859 0.410595 0.187106 0.1072 0.1 0.123764 0.2232 0.457642 0.725958 0.861325 0.899111 0.9 0.896965 0.88108 0.836925 0.749537 0.636571 0.54563 0.503143 0.505343 0.540212 0.595969 0.661832 0.728108 0.787494 0.835771 0.870092 0.890358 0.9 0.9 0.892877 0.866478 0.804147 0.688574 0.520655 0.34588 0.217713 0.14535 0.112005 0.10037 0.1 0.101463 0.116231 0.154699 0.222118 0.30377 0.37903 0.439361 0.48852 0.533693 0.581238 0.635107 0.695451 0.7575 0.813488 0.856749 0.884648 0.898095 0.9 0.9 
0.9 0.9 0.9 0.9 0.898425 0.892763 0.886281 0.883262 0.8846 0.883842 0.872728 0.849759 0.826866 0.820401 0.836035 0.86333 0.886011 0.897278 0.9 0.9 0.895656 0.885444 0.868504 0.844826 0.81547 0.781188 0.741301 0.692803 0.631227 0.551733 0.452916 0.342235 0.237265 0.158157 0.113851 0.1 0.113881 0.178446 0.330758 0.561065 0.757682 0.859153 0.894483 0.9 0.9 0.89237 0.864243 0.805054 0.725642 0.666223 0.66239 0.716228 0.795403 0.858174 0.889924 0.8995 0.9 0.9 0.9 0.9 0.897144 0.889094 0.879033 0.871937 0.871421 0.877656 0.887322 0.895755 0.9 0.9 0.893304 0.851863 0.723184 0.470222 0.236739 0.129434 0.101433 0.1 0.104202 0.147544 0.283037 0.535503 0.76553 0.872405 0.9 0.894444 0.835035 0.666525 0.395273 0.195392 0.116547 0.1 0.1 0.103031 0.135679 0.247225 0.479424 0.726786 0.852985 0.893444 0.9 0.9 0.9 0.9 0.9 0.897242 0.892512 0.888086 0.886305 0.888287 0.893071 0.897878 0.9 0.9 0.9 0.9 0.9 0.9 0.899351 0.882271 0.821688 0.683411 0.475128 0.28588 0.173298 0.121994 0.103833 0.1 0.1 0.1 0.10635 0.122152 0.148797 0.180695 0.206582 0.215046 0.201013 0.169552 0.13461 0.110897 0.109059 0.150661 0.287592 0.561452 0.804657 0.9 0.890787 0.759873 0.481325 0.234582 0.127615 0.1 0.107693 0.198712 0.438008 0.716276 0.852751 0.894048 0.9 0.9 0.896203 0.865207 0.770773 0.580603 0.349276 0.190783 0.119961 0.1 0.1 0.11446 0.152295 0.228857 0.360632 0.542074 0.718885 0.835446 0.888622 0.9 0.875247 0.779521 0.579005 0.343291 0.194116 0.135705 0.138174 0.223646 0.43844 0.702949 0.848674 0.8984 0.9 0.850754 0.681786 0.377916 0.171498 0.102307 0.1 0.134651 0.260534 0.529525 0.77854 0.880807 0.9 0.9 0.890422 0.853922 0.75663 0.574525 0.384147 0.273458 0.235315 0.236353 0.261182 0.30627 0.373335 0.462655 0.567904 0.674686 0.766731 0.834115 0.875768 0.895792 0.9 0.898629 0.878969 0.828348 0.729112 0.57467 0.398054 0.255667 0.168167 0.123598 0.10516 0.1 0.1 0.108453 0.127031 0.151414 0.178758 0.205121 0.230513 0.257998 0.292906 0.342978 0.416592 0.51563 0.629075 0.735617 0.817966 0.871401 0.9 0.9 
0.842815 0.873774 0.88913 0.89784 0.9 0.9 0.9 0.9 0.894855 0.870521 0.813276 0.728606 0.658145 0.644018 0.695021 0.780434 0.850377 0.886046 0.898253 0.9 0.9 0.9 0.89823 0.893672 0.886885 0.878107 0.866648 0.849732 0.824 0.783018 0.714513 0.600623 0.437563 0.270054 0.158004 0.108582 0.1 0.123606 0.206636 0.382441 0.616171 0.79032 0.872218 0.897973 0.9 0.899353 0.891521 0.872426 0.846081 0.826045 0.825639 0.845297 0.871934 0.890972 0.899619 0.9 0.9 0.9 0.9 0.9 0.9 0.9 0.9 0.9 0.9 0.9 0.9 0.9 0.9 0.899767 0.886283 0.826555 0.657589 0.373348 0.174257 0.105453 0.1 0.1 0.120393 0.204363 0.40136 0.662283 0.829997 0.892279 0.9 0.874898 0.772672 0.547911 0.29093 0.150453 0.105251 0.1 0.100985 0.12293 0.198177 0.370672 0.61764 0.800005 0.877376 0.898439 0.9 0.9 0.9 0.895475 0.884556 0.866692 0.845208 0.82706 0.820132 0.828816 0.850204 0.874241 0.891003 0.898452 0.9 0.9 0.9 0.9 0.892085 0.848405 0.727536 0.511963 0.295517 0.168189 0.115368 0.10031 0.1 0.1 0.10094 0.112801 0.14417 0.201035 0.280093 0.362917 0.423276 0.440192 0.404274 0.321761 0.223011 0.149173 0.121057 0.150121 0.276891 0.540908 0.786822 0.888082 0.87681 0.741092 0.463338 0.225448 0.123841 0.1 0.11516 0.219429 0.469024 0.734022 0.8586 0.895258 0.9 0.9 0.9 0.891309 0.847853 0.732936 0.528327 0.31052 0.173973 0.115844 0.1 0.1 0.108192 0.13385 0.196859 0.327411 0.534467 0.738505 0.8552 0.897624 0.896219 0.849801 0.731807 0.542839 0.366377 0.274521 0.276101 0.382188 0.585078 0.77389 0.868692 0.9 0.899764 0.84243 0.657442 0.351333 0.160988 0.1 0.1 0.141413 0.282894 0.567731 0.801836 0.888212 0.9 0.899667 0.883145 0.824591 0.671611 0.415312 0.216934 0.135571 0.119699 0.121424 0.13062 0.147488 0.177227 0.225545 0.300731 0.410309 0.548185 0.685972 0.793148 0.858993 0.89018 0.9 0.9 0.885723 0.846155 0.765328 0.632658 0.46589 0.314026 0.209127 0.148542 0.117223 0.102518 0.1 0.1 0.100389 0.106577 0.114069 0.121774 0.13037 0.141976 0.161669 0.198296 0.261334 0.361647 0.498511 0.64516 0.76512 0.842815 0.873774 
0.672446 0.762279 0.827423 0.871255 0.893352 0.9 0.9 0.9 0.881893 0.81894 0.679898 0.497176 0.374455 0.357319 0.448622 0.624412 0.783798 0.865001 0.893769 0.9 0.9 0.9 0.9 0.9 0.9 0.9 0.899928 0.897096 0.891115 0.879633 0.85462 0.793976 0.659777 0.440988 0.238085 0.134332 0.1 0.101449 0.13822 0.241719 0.438446 0.665145 0.814674 0.880564 0.899802 0.9 0.9 0.895784 0.889479 0.88497 0.885803 0.891829 0.898711 0.9 0.9 0.899729 0.896853 0.892489 0.88763 0.883173 0.880163 0.879611 0.882041 0.887186 0.893556 0.898506 0.9 0.9 0.9 0.899231 0.882243 0.814189 0.629987 0.340766 0.156738 0.1 0.1 0.110125 0.164038 0.307195 0.550038 0.766522 0.871098 0.9 0.893597 0.8346 0.673066 0.412424 0.208031 0.121003 0.1 0.1 0.117754 0.178902 0.319695 0.542166 0.746357 0.855201 0.893193 0.9 0.9 0.897438 0.885855 0.860065 0.817079 0.759161 0.697357 0.649603 0.633818 0.660646 0.725896 0.803442 0.860931 0.889414 0.898882 0.9 0.9 0.898966 0.875725 0.790572 0.597159 0.349156 0.185482 0.117645 0.1 0.1 0.1 0.101855 0.117692 0.162288 0.250319 0.382217 0.527753 0.64319 0.708554 0.723595 0.683995 0.57229 0.395015 0.2301 0.145776 0.140678 0.221483 0.415533 0.641439 0.756333 0.74008 0.589474 0.349015 0.177634 0.108928 0.1 0.140846 0.283011 0.550115 0.776073 0.872065 0.897941 0.9 0.9 0.9 0.9 0.885523 0.830503 0.699593 0.488191 0.28379 0.162839 0.112825 0.1 0.1 0.102763 0.12227 0.188637 0.351614 0.603937 0.798211 0.881077 0.9 0.886579 0.834902 0.738168 0.621564 0.541662 0.540106 0.621787 0.744384 0.840034 0.886478 0.9 0.89574 0.828494 0.625787 0.324382 0.152584 0.1 0.1 0.142308 0.284972 0.57029 0.803094 0.888621 0.9 0.899437 0.880016 0.811162 0.632465 0.351354 0.163089 0.1 0.1 0.1 0.1 0.101129 0.108475 0.123401 0.152133 0.206705 0.302191 0.446776 0.616517 0.758887 0.846343 0.887199 0.9 0.9 0.890567 0.862078 0.801584 0.69771 0.555023 0.404347 0.282295 0.200082 0.150319 0.122857 0.1073 0.1 0.1 0.1 0.1 0.1 0.1 0.102442 0.113148 0.135349 0.180741 0.261788 0.385738 0.536159 0.672446 0.762279 
0.398352 0.526881 0.671239 0.793332 0.865602 0.894758 0.9 0.896707 0.860975 0.748219 0.517325 0.283622 0.171752 0.162829 0.248291 0.460303 0.707247 0.841448 0.888931 0.899864 0.9 0.9 0.9 0.9 0.9 0.9 0.9 0.9 0.9 0.9 0.898027 0.878206 0.797349 0.598312 0.331686 0.170015 0.110665 0.1 0.109214 0.157783 0.279825 0.486448 0.695724 0.82455 0.881173 0.898654 0.9 0.9 0.9 0.9 0.9 0.9 0.9 0.895023 0.885245 0.872103 0.855162 0.835813 0.816169 0.798623 0.786001 0.781711 0.789159 0.80991 0.840269 0.869877 0.889154 0.897834 0.9 0.899484 0.883869 0.822755 0.658237 0.387609 0.19349 0.122568 0.120163 0.159296 0.266837 0.468484 0.697021 0.839165 0.893822 0.9 0.868997 0.759675 0.535196 0.288075 0.150501 0.104388 0.1 0.114092 0.168334 0.294912 0.501452 0.709074 0.835386 0.887159 0.9 0.9 0.893014 0.871422 0.825862 0.748839 0.642124 0.523458 0.42105 0.356087 0.338412 0.378739 0.492233 0.658183 0.797653 0.86887 0.894497 0.9 0.9 0.893503 0.847389 0.708528 0.457064 0.235785 0.131813 0.101744 0.1 0.1 0.102266 0.120363 0.172889 0.281463 0.44802 0.624691 0.75396 0.826757 0.859783 0.866307 0.84617 0.768342 0.588657 0.343689 0.183673 0.132953 0.159211 0.255992 0.393049 0.482091 0.465445 0.351291 0.21275 0.126996 0.1 0.117297 0.202744 0.400482 0.661123 0.825851 0.886774 0.9 0.9 0.9 0.9 0.9 0.898743 0.879077 0.81427 0.67101 0.456557 0.263919 0.154676 0.110603 0.1 0.1 0.1 0.125008 0.235386 0.479928 0.734908 0.859181 0.897633 0.9 0.883314 0.847553 0.800685 0.765038 0.762791 0.796171 0.843543 0.879595 0.896949 0.9 0.88809 0.804104 0.578665 0.291695 0.143321 0.1 0.1 0.137216 0.265859 0.535816 0.781337 0.881537 0.9 0.9 0.883864 0.82352 0.66292 0.394817 0.194023 0.114676 0.1 0.1 0.1 0.1 0.1 0.1 0.104426 0.120762 0.160484 0.242625 0.385636 0.57367 0.739989 0.841207 0.886674 0.9 0.9 0.895125 0.8774 0.836824 0.765375 0.65992 0.531422 0.404716 0.302252 0.229832 0.181775 0.151736 0.133948 0.121648 0.112385 0.105244 0.100477 0.1 0.1 0.1 0.111598 0.139779 0.194863 0.282213 0.398352 0.526881 
0.194278 0.277188 0.438669 0.646674 0.804842 0.878845 0.9 0.895661 0.846773 0.698489 0.417339 0.186786 0.1 0.1 0.171106 0.38107 0.667243 0.830857 0.888043 0.9 0.9 0.9 0.897867 0.894897 0.892944 0.893161 0.89548 0.898552 0.9 0.9 0.9 0.9 0.849832 0.678663 0.392945 0.196204 0.119651 0.1 0.1 0.11705 0.175808 0.306675 0.505732 0.694017 0.811201 0.867344 0.889832 0.898297 0.9 0.899613 0.894456 0.883946 0.867231 0.841353 0.805507 0.761212 0.711152 0.659919 0.612515 0.57323 0.546243 0.537367 0.555009 0.608141 0.695492 0.789926 0.855912 0.887761 0.898959 0.9 0.889938 0.847836 0.733284 0.523894 0.327184 0.234235 0.232035 0.305589 0.459873 0.657092 0.807918 0.880969 0.9 0.887832 0.817095 0.640973 0.383829 0.195452 0.116555 0.1 0.10881 0.156854 0.275051 0.475405 0.686424 0.822234 0.882517 0.9 0.9 0.887911 0.854378 0.786473 0.674583 0.527854 0.38185 0.270642 0.200804 0.164106 0.1548 0.180042 0.277071 0.480314 0.710623 0.840045 0.887924 0.9 0.9 0.883403 0.806187 0.609058 0.338572 0.169583 0.109338 0.1 0.1 0.102372 0.121331 0.177544 0.296187 0.479303 0.667411 0.796307 0.863029 0.890994 0.9 0.9 0.896642 0.855419 0.713973 0.445744 0.222898 0.132174 0.120469 0.152386 0.204518 0.240618 0.231349 0.18247 0.128664 0.1 0.108708 0.170887 0.322948 0.562714 0.76859 0.867402 0.897181 0.9 0.9 0.9 0.9 0.9 0.9 0.896979 0.872598 0.799271 0.646591 0.43284 0.25181 0.151403 0.110412 0.1 0.1 0.105816 0.190145 0.416335 0.694965 0.842496 0.891552 0.9 0.898215 0.888702 0.87448 0.862943 0.861573 0.871298 0.885345 0.895815 0.9 0.9 0.873092 0.760174 0.508642 0.251335 0.132434 0.1 0.1 0.12757 0.229469 0.463547 0.726627 0.860127 0.898617 0.9 0.892179 0.853696 0.744665 0.536509 0.324226 0.203622 0.154968 0.136199 0.125554 0.116339 0.107351 0.100583 0.1 0.1 0.109352 0.140456 0.215443 0.358437 0.556921 0.734476 0.840246 0.886535 0.9 0.9 0.899503 0.889686 0.867256 0.825438 0.761132 0.67506 0.575001 0.474842 0.387783 0.319923 0.269513 0.231013 0.2002 0.174208 0.15144 0.131582 0.113796 0.101155 0.1 0.101885 0.116569 0.145183 0.194278 0.277188 
0.11271 0.142948 0.253879 0.4697 0.711008 0.849173 0.897285 0.897851 0.84916 0.700616 0.419322 0.188059 0.1 0.100114 0.185835 0.408821 0.689297 0.842267 0.893255 0.9 0.896252 0.885693 0.870536 0.855376 0.845774 0.845374 0.853979 0.867849 0.88197 0.893313 0.9 0.896345 0.840142 0.66696 0.387369 0.196202 0.121173 0.101044 0.1 0.10223 0.122812 0.183046 0.304273 0.476554 0.641793 0.7539 0.814917 0.84306 0.851059 0.845494 0.826176 0.791753 0.740946 0.673501 0.593192 0.508457 0.429541 0.364656 0.316485 0.283181 0.262329 0.255099 0.269515 0.326379 0.456108 0.643047 0.793582 0.867342 0.894041 0.9 0.896435 0.874896 0.815778 0.701798 0.56703 0.483486 0.484411 0.563159 0.686642 0.800976 0.871392 0.9 0.8991 0.855957 0.726602 0.488016 0.257026 0.137655 0.1 0.101142 0.140673 0.248304 0.445006 0.665742 0.812715 0.879522 0.9 0.9 0.882693 0.836813 0.746618 0.605039 0.436835 0.291959 0.195786 0.141913 0.115106 0.102949 0.1 0.108098 0.174909 0.363486 0.641302 0.816504 0.882752 0.9 0.9 0.868108 0.752257 0.504133 0.253271 0.133676 0.100924 0.1 0.101803 0.120352 0.177633 0.300859 0.491535 0.68399 0.811306 0.873462 0.896121 0.9 0.9 0.9 0.9 0.878675 0.761753 0.497182 0.245581 0.134077 0.10499 0.110003 0.12486 0.134902 0.130409 0.114386 0.1 0.10569 0.156853 0.285893 0.503088 0.720295 0.846027 0.892605 0.9 0.897462 0.893364 0.891933 0.893876 0.897464 0.9 0.9 0.895118 0.866416 0.786837 0.631273 0.426317 0.25774 0.161997 0.119204 0.10584 0.120495 0.212887 0.438237 0.702422 0.84192 0.889658 0.9 0.9 0.899196 0.896388 0.893679 0.893167 0.895219 0.898216 0.9 0.9 0.891784 0.837767 0.681039 0.414306 0.20598 0.120755 0.1 0.1 0.116188 0.18488 0.361528 0.621574 0.804023 0.880123 0.9 0.9 0.883737 0.830027 0.715675 0.557427 0.417753 0.327819 0.273392 0.23315 0.195412 0.158462 0.127518 0.108455 0.1 0.1 0.105817 0.133458 0.206736 0.351177 0.552383 0.730255 0.83572 0.883082 0.898704 0.9 0.9 0.898432 0.888394 0.869314 0.837768 0.793274 0.738332 0.676479 0.612028 0.54869 0.488173 0.430157 0.372224 0.31126 0.246604 0.183714 0.135074 0.109147 0.1 0.1 0.1025 0.11271 0.142948 
0.1 0.1 0.161713 0.329204 0.600674 0.805297 0.887232 0.9 0.865954 0.752932 0.52388 0.293625 0.187467 0.192254 0.307024 0.537864 0.760204 0.868088 0.898966 0.892098 0.865347 0.822658 0.771048 0.723674 0.694414 0.691063 0.712446 0.749645 0.790171 0.822949 0.838995 0.824344 0.742496 0.552525 0.313678 0.169244 0.114185 0.100434 0.1 0.1 0.102771 0.121526 0.172024 0.263624 0.387994 0.513719 0.608725 0.662537 0.679517 0.665759 0.624035 0.557545 0.474139 0.386798 0.308853 0.247095 0.201163 0.169435 0.149548 0.137781 0.13035 0.126708 0.130604 0.160507 0.268445 0.490961 0.722655 0.843779 0.887938 0.899896 0.9 0.892316 0.869629 0.825958 0.771168 0.733959 0.736144 0.775003 0.82839 0.872285 0.896115 0.9 0.879944 0.793717 0.594786 0.338301 0.17252 0.108925 0.1 0.124127 0.212904 0.398583 0.633243 0.799835 0.876559 0.9 0.9 0.877786 0.82014 0.709583 0.545338 0.369702 0.236545 0.157921 0.118973 0.103516 0.1 0.1 0.1 0.1 0.156286 0.338208 0.625763 0.812289 0.882696 0.9 0.896288 0.845152 0.686099 0.406687 0.196027 0.115025 0.1 0.1 0.115852 0.170515 0.294967 0.491838 0.689132 0.8166 0.876777 0.897394 0.9 0.9 0.9 0.9 0.9 0.873072 0.750142 0.484718 0.240282 0.132214 0.101529 0.1 0.102355 0.103893 0.101862 0.1 0.106371 0.150147 0.265441 0.468254 0.687574 0.82814 0.8876 0.9 0.891264 0.873035 0.856251 0.850797 0.859228 0.875707 0.891242 0.9 0.9 0.893361 0.862128 0.783274 0.640413 0.460574 0.310715 0.223048 0.191594 0.217738 0.333483 0.551289 0.755903 0.857427 0.89232 0.9 0.9 0.9 0.9 0.9 0.899999 0.9 0.9 0.9 0.893294 0.859383 0.758682 0.552116 0.307634 0.162542 0.110214 0.1 0.1 0.106411 0.143986 0.253864 0.462789 0.683778 0.819348 0.879383 0.9 0.9 0.882821 0.839589 0.769951 0.690071 0.616356 0.550058 0.480955 0.398537 0.303062 0.211247 0.145294 0.111308 0.1 0.1 0.105103 0.132344 0.205015 0.345819 0.538288 0.709615 0.815887 0.868558 0.890831 0.899608 0.9 0.9 0.9 0.893773 0.881648 0.865018 0.843043 0.816403 0.786614 0.754008 0.716315 0.667037 0.594908 0.488272 0.352 0.224427 0.144401 0.109739 0.1 0.1 0.1 0.1 
0.1 0.1 0.127314 0.242637 0.494344 0.750848 0.870599 0.9 0.886074 0.822596 0.687222 0.517035 0.41433 0.424406 0.542246 0.711787 0.836568 0.888157 0.887354 0.84541 0.764971 0.655609 0.542728 0.455061 0.407407 0.400653 0.429953 0.486617 0.555273 0.614648 0.643193 0.619589 0.522044 0.361023 0.212695 0.132797 0.104244 0.1 0.1 0.1 0.1 0.1 0.114137 0.146371 0.198746 0.263366 0.324412 0.366271 0.380266 0.365835 0.328655 0.278933 0.227815 0.183007 0.149351 0.127631 0.112824 0.103632 0.1 0.1 0.1 0.1 0.1 0.111886 0.201011 0.422511 0.687414 0.832097 0.884687 0.898886 0.9 0.899093 0.893377 0.881217 0.865045 0.853803 0.854971 0.867671 0.884061 0.896059 0.9 0.893187 0.843599 0.697776 0.444017 0.226286 0.125438 0.1 0.109922 0.173709 0.333907 0.577241 0.774469 0.870286 0.9 0.9 0.87404 0.806024 0.67773 0.497065 0.321304 0.201094 0.137018 0.109055 0.1 0.1 0.1 0.1 0.1 0.115659 0.195086 0.397629 0.668905 0.82961 0.888141 0.9 0.888261 0.813322 0.60986 0.324958 0.158043 0.104638 0.1 0.108491 0.152707 0.269334 0.472711 0.683661 0.817358 0.878045 0.897825 0.9 0.9 0.9 0.9 0.9 0.888704 0.833717 0.676805 0.41202 0.208664 0.124061 0.100931 0.1 0.1 0.1 0.1 0.106805 0.144853 0.248885 0.441297 0.662827 0.813895 0.882376 0.9 0.887682 0.848001 0.789673 0.738716 0.722333 0.747425 0.79856 0.85026 0.885024 0.899824 0.9 0.892532 0.863635 0.798962 0.693475 0.569076 0.468071 0.423708 0.453047 0.561338 0.710522 0.823934 0.878216 0.896633 0.9 0.9 0.9 0.9 0.9 0.9 0.9 0.898844 0.887074 0.852788 0.770311 0.608262 0.386701 0.211693 0.128682 0.102894 0.1 0.1 0.100776 0.115761 0.16922 0.29392 0.487973 0.677666 0.802954 0.868356 0.895791 0.9 0.891773 0.87127 0.844381 0.816275 0.785958 0.744193 0.672579 0.549622 0.381444 0.228885 0.14152 0.107564 0.1 0.1 0.105381 0.131854 0.198897 0.323137 0.491592 0.651057 0.762196 0.827512 0.863661 0.882864 0.894301 0.9 0.9 0.9 0.9 0.896076 0.889116 0.880927 0.871978 0.860875 0.842993 0.80818 0.734092 0.585774 0.376187 0.2096 0.131031 0.104912 0.1 0.1 0.1 
0.1 0.1 0.111931 0.190838 0.404464 0.690607 0.849377 0.898465 0.898959 0.872604 0.815906 0.740657 0.690087 0.698756 0.760884 0.835482 0.881621 0.884929 0.837264 0.725617 0.561258 0.397668 0.281675 0.21679 0.188154 0.184467 0.200347 0.232922 0.277237 0.321053 0.345387 0.332095 0.276555 0.199917 0.137964 0.106965 0.1 0.104706 0.110325 0.111431 0.107069 0.100215 0.1 0.105132 0.119858 0.14087 0.16238 0.177805 0.182445 0.175321 0.159247 0.139816 0.122748 0.108654 0.1 0.1 0.1 0.1 0.1 0.1 0.1 0.1 0.103858 0.132208 0.238102 0.466442 0.712937 0.841756 0.887518 0.899135 0.9 0.9 0.9 0.898946 0.895573 0.89274 0.892796 0.89558 0.898775 0.9 0.9 0.877412 0.787415 0.575796 0.313074 0.157391 0.103291 0.1 0.13748 0.258081 0.490168 0.725627 0.853911 0.898264 0.9 0.873762 0.798766 0.655235 0.461293 0.287251 0.177764 0.124114 0.104126 0.1 0.1 0.1 0.101647 0.109109 0.128367 0.180755 0.308612 0.532371 0.747873 0.857864 0.895609 0.9 0.876586 0.773173 0.52884 0.261017 0.133378 0.1 0.1 0.127445 0.217764 0.413421 0.652967 0.81006 0.877838 0.898195 0.9 0.9 0.9 0.9 0.895079 0.878794 0.834741 0.729066 0.530595 0.302637 0.165272 0.112812 0.1 0.1 0.1 0.1 0.105108 0.13725 0.229464 0.410744 0.635772 0.798993 0.87694 0.9 0.892285 0.844453 0.740336 0.599991 0.491186 0.458714 0.505809 0.613592 0.738146 0.832778 0.882997 0.9 0.9 0.893864 0.873872 0.834941 0.782022 0.73189 0.706244 0.719533 0.768582 0.82876 0.872363 0.893306 0.899561 0.9 0.9 0.9 0.9 0.9 0.899898 0.891736 0.870433 0.824056 0.735707 0.58911 0.401062 0.2387 0.145461 0.108427 0.1 0.1 0.1 0.1 0.102386 0.120019 0.174096 0.284773 0.451489 0.630119 0.767196 0.84901 0.887808 0.9 0.9 0.894385 0.888085 0.8809 0.868401 0.836775 0.755704 0.585983 0.355241 0.191053 0.121631 0.101956 0.1 0.1 0.105112 0.127445 0.180043 0.272634 0.399368 0.53439 0.649361 0.734315 0.793673 0.835165 0.863485 0.881838 0.894022 0.9 0.9 0.9 0.9 0.9 0.9 0.897738 0.889052 0.858157 0.752332 0.528783 0.285397 0.157036 0.11179 0.100706 0.1 0.1 
0.1 0.1 0.104032 0.159074 0.335575 0.629666 0.823816 0.890981 0.9 0.894204 0.87656 0.852901 0.837504 0.842472 0.864916 0.887953 0.890578 0.849605 0.73123 0.529082 0.329485 0.204831 0.144066 0.118831 0.109758 0.109033 0.114284 0.124989 0.141217 0.15875 0.169738 0.16658 0.148039 0.122811 0.104694 0.102461 0.116935 0.141459 0.162219 0.166323 0.151248 0.126887 0.108078 0.1 0.1 0.104084 0.108986 0.112514 0.113215 0.11063 0.105362 0.1 0.1 0.1 0.100012 0.108536 0.120154 0.131738 0.141338 0.148455 0.154569 0.163896 0.187317 0.250299 0.391723 0.606177 0.782498 0.866342 0.89448 0.9 0.9 0.9 0.899926 0.9 0.9 0.9 0.9 0.9 0.9 0.9 0.895258 0.85203 0.713068 0.450414 0.222075 0.121751 0.1 0.111907 0.186218 0.37484 0.640011 0.819004 0.888966 0.9 0.880125 0.807307 0.65359 0.443483 0.26594 0.162892 0.116317 0.100705 0.1 0.1 0.104521 0.115406 0.135334 0.17045 0.232131 0.340758 0.509703 0.696728 0.824998 0.882494 0.9 0.89964 0.861893 0.727125 0.451419 0.213258 0.117682 0.1 0.107054 0.157706 0.303451 0.562162 0.776882 0.872353 0.898252 0.9 0.9 0.9 0.895652 0.88171 0.851574 0.7944 0.69265 0.532461 0.343441 0.199379 0.12824 0.103983 0.1 0.1 0.1 0.102825 0.128688 0.207808 0.373806 0.600074 0.778402 0.868318 0.899628 0.9 0.867763 0.76743 0.569648 0.359644 0.242411 0.214206 0.252378 0.360963 0.535189 0.713782 0.831051 0.884658 0.9 0.9 0.897705 0.888448 0.87438 0.86032 0.852509 0.855443 0.867975 0.883463 0.894805 0.899848 0.9 0.9 0.9 0.9 0.9 0.894095 0.876879 0.83915 0.770713 0.661415 0.51297 0.354062 0.226041 0.147811 0.111364 0.100343 0.1 0.1 0.1 0.1 0.1 0.100158 0.115387 0.157519 0.244847 0.387402 0.565508 0.724992 0.829441 0.881588 0.9 0.9 0.9 0.9 0.9 0.892909 0.853379 0.726801 0.47875 0.245954 0.137963 0.105005 0.1 0.1 0.1 0.103282 0.117631 0.150238 0.204653 0.279755 0.370921 0.470691 0.569068 0.65752 0.731605 0.790144 0.833954 0.863947 0.882626 0.894358 0.9 0.9 0.9 0.9 0.9 0.894406 0.816898 0.607213 0.33151 0.173767 0.116534 0.101518 0.1 0.1 
0.1 0.1 0.100316 0.139945 0.287519 0.575819 0.798642 0.883012 0.9 0.9 0.896518 0.891248 0.888127 0.890501 0.896973 0.898844 0.874591 0.78526 0.583726 0.336266 0.182504 0.121224 0.102467 0.1 0.1 0.1 0.1 0.1 0.103026 0.107589 0.110932 0.110598 0.105964 0.1 0.102764 0.127239 0.182085 0.256631 0.31541 0.325956 0.282334 0.209074 0.14576 0.111553 0.1 0.1 0.1 0.1 0.1 0.1 0.1 0.1 0.108658 0.125681 0.149934 0.183453 0.221948 0.259661 0.291663 0.316468 0.337871 0.365562 0.414984 0.503786 0.633324 0.765372 0.852163 0.889942 0.9 0.899836 0.893389 0.886182 0.882335 0.884222 0.890357 0.89662 0.899922 0.9 0.9 0.9 0.887365 0.818614 0.628343 0.346023 0.166422 0.104373 0.1 0.13337 0.254484 0.504266 0.750007 0.868569 0.9 0.892588 0.836935 0.692542 0.461966 0.262095 0.155174 0.112218 0.1 0.1 0.102783 0.115351 0.142022 0.186342 0.251316 0.34034 0.455599 0.590237 0.720992 0.819634 0.874458 0.896041 0.9 0.895135 0.844013 0.679467 0.386036 0.179218 0.107194 0.1 0.116352 0.189739 0.382898 0.666931 0.840918 0.895986 0.9 0.9 0.899481 0.888373 0.860182 0.806859 0.72088 0.599154 0.451437 0.306917 0.196978 0.133518 0.106936 0.1 0.1 0.1 0.102232 0.123823 0.191332 0.338887 0.558695 0.751303 0.855473 0.894027 0.9 0.891059 0.836755 0.682016 0.415269 0.21 0.127475 0.113865 0.131154 0.191999 0.323407 0.525044 0.717808 0.834209 0.884777 0.9 0.9 0.9 0.9 0.9 0.899884 0.9 0.9 0.9 0.9 0.9 0.9 0.9 0.899928 0.894179 0.879488 0.84776 0.788431 0.691172 0.55647 0.406984 0.2776 0.186768 0.133322 0.108743 0.10008 0.1 0.1 0.1 0.1 0.100851 0.10147 0.1 0.1 0.10567 0.134819 0.203359 0.329893 0.513054 0.697989 0.822585 0.881185 0.898731 0.9 0.9 0.9 0.9 0.884201 0.789887 0.554467 0.284148 0.149326 0.107099 0.1 0.1 0.1 0.1 0.100124 0.106544 0.120606 0.143282 0.177955 0.226815 0.290447 0.369893 0.463962 0.564033 0.65783 0.735925 0.79543 0.837896 0.865742 0.882409 0.893071 0.899456 0.9 0.884615 0.799088 0.586427 0.320178 0.170313 0.115846 0.101456 0.1 0.1 
0.1 0.1 0.1 0.12987 0.258883 0.537853 0.779316 0.876911 0.9 0.9 0.9 0.89989 0.899695 0.9 0.9 0.892943 0.849124 0.71549 0.454891 0.22085 0.119692 0.1 0.1 0.1 0.1 0.1 0.1 0.1 0.1 0.1 0.1 0.1 0.1 0.101287 0.123512 0.192184 0.327895 0.489265 0.595262 0.611057 0.533118 0.379998 0.227562 0.140663 0.107442 0.1 0.1 0.1 0.1 0.1 0.108303 0.129381 0.169512 0.229405 0.304465 0.387554 0.468129 0.536515 0.587409 0.621881 0.646657 0.672062 0.707497 0.757338 0.815137 0.864108 0.892366 0.9 0.895663 0.878372 0.851533 0.825412 0.813574 0.823889 0.850325 0.876925 0.893059 0.899117 0.9 0.9 0.877477 0.780136 0.544083 0.271533 0.135819 0.1 0.10419 0.162269 0.333864 0.617492 0.817799 0.891706 0.9 0.873373 0.772878 0.551194 0.299128 0.158495 0.110424 0.1 0.1 0.106598 0.129417 0.177872 0.257743 0.366226 0.489647 0.60864 0.709614 0.788562 0.844972 0.879577 0.895619 0.9 0.9 0.890131 0.826654 0.637544 0.338503 0.157397 0.101308 0.1 0.122635 0.208562 0.423218 0.708661 0.861629 0.9 0.9 0.897252 0.87889 0.833767 0.751029 0.627559 0.480088 0.341833 0.23559 0.164472 0.123454 0.104912 0.1 0.1 0.1 0.105549 0.128068 0.18994 0.32167 0.52612 0.723486 0.840954 0.888894 0.9 0.9 0.884539 0.816012 0.628674 0.337918 0.156008 0.1 0.1 0.100439 0.122097 0.189015 0.329072 0.53154 0.713406 0.821828 0.871897 0.891004 0.898369 0.9 0.9 0.9 0.9 0.9 0.89838 0.895587 0.892232 0.887794 0.880515 0.867088 0.840048 0.790453 0.707322 0.585376 0.43942 0.304809 0.206418 0.145742 0.114181 0.100497 0.1 0.1 0.1 0.1 0.100162 0.105506 0.115941 0.125781 0.126569 0.116403 0.102474 0.1 0.119456 0.177599 0.301231 0.501044 0.708368 0.836258 0.887496 0.9 0.9 0.9 0.9 0.888903 0.802764 0.571649 0.291743 0.150525 0.106865 0.1 0.1 0.1 0.1 0.1 0.1 0.1 0.1 0.105972 0.11996 0.141527 0.17405 0.22294 0.289801 0.375673 0.475503 0.577349 0.667535 0.738254 0.788833 0.822134 0.839456 0.837052 0.798735 0.682679 0.467778 0.257443 0.149102 0.110374 0.100614 0.1 0.1 
0.1 0.1 0.1 0.126465 0.249512 0.523868 0.770996 0.873772 0.899589 0.9 0.9 0.9 0.9 0.9 0.899437 0.886784 0.832498 0.678423 0.401687 0.186283 0.106627 0.1 0.101489 0.106503 0.110229 0.110251 0.106865 0.102567 0.1 0.1 0.1 0.1 0.1 0.110897 0.159556 0.292394 0.522602 0.721518 0.814305 0.82484 0.757899 0.582498 0.341056 0.182215 0.118775 0.101418 0.1 0.1 0.101303 0.114707 0.152138 0.223489 0.330441 0.457854 0.579088 0.67475 0.741514 0.785956 0.814087 0.830402 0.839539 0.847922 0.859057 0.873991 0.890126 0.9 0.9 0.887494 0.854258 0.795969 0.720542 0.654152 0.629399 0.664402 0.745181 0.826174 0.874706 0.894869 0.9 0.9 0.866431 0.739819 0.469205 0.221508 0.118744 0.1 0.113539 0.19548 0.411164 0.698047 0.854666 0.9 0.898708 0.85225 0.709063 0.435121 0.204763 0.112944 0.1 0.1 0.108785 0.141155 0.212083 0.330541 0.481766 0.626159 0.734172 0.804822 0.84904 0.876058 0.891223 0.898521 0.9 0.9 0.9 0.886407 0.814062 0.609334 0.31109 0.14633 0.1 0.1 0.122404 0.203004 0.402825 0.678819 0.840574 0.889955 0.888528 0.861888 0.800633 0.691017 0.536593 0.375778 0.251731 0.173746 0.130244 0.108335 0.1 0.1 0.1 0.105758 0.119389 0.150071 0.215606 0.339519 0.523837 0.70857 0.828674 0.88339 0.899691 0.9 0.899851 0.884053 0.815985 0.62885 0.337046 0.155315 0.1 0.1 0.1 0.102297 0.126586 0.194691 0.325941 0.502931 0.661718 0.76344 0.816726 0.84153 0.850827 0.852747 0.851667 0.849379 0.846284 0.841356 0.834056 0.823577 0.807718 0.782329 0.740936 0.674614 0.576875 0.453247 0.327417 0.224912 0.156054 0.118041 0.10154 0.1 0.10002 0.102183 0.101491 0.1 0.1 0.107213 0.130632 0.17138 0.21192 0.224046 0.197395 0.150013 0.112331 0.1 0.114146 0.173485 0.3169 0.551066 0.760812 0.86357 0.895883 0.9 0.9 0.9 0.881824 0.782838 0.538365 0.269582 0.14174 0.104457 0.1 0.1 0.1 0.101024 0.103473 0.105151 0.104396 0.101425 0.1 0.1 0.1 0.104565 0.120125 0.14418 0.18158 0.234153 0.303094 0.385553 0.473033 0.55283 0.612994 0.644677 0.638622 0.58017 0.456874 0.299833 0.181119 0.123914 0.104102 0.1 0.1 0.1 
0.1 0.1 0.1 0.13147 0.264101 0.541114 0.777637 0.87482 0.899471 0.9 0.9 0.9 0.9 0.9 0.898957 0.88604 0.836116 0.698732 0.448653 0.236242 0.147651 0.133731 0.143166 0.158039 0.166284 0.160634 0.142503 0.121282 0.106342 0.100314 0.1 0.1 0.101839 0.121622 0.195657 0.385137 0.66191 0.836546 0.895934 0.9 0.856438 0.704689 0.429861 0.216595 0.127829 0.102444 0.1 0.100572 0.115975 0.164026 0.26413 0.416547 0.582135 0.712488 0.795772 0.844241 0.870281 0.885797 0.895357 0.9 0.9 0.9 0.9 0.9 0.9 0.893648 0.869807 0.819061 0.728772 0.599867 0.463914 0.367987 0.341352 0.402645 0.556816 0.734258 0.842688 0.887242 0.9 0.899439 0.854321 0.699706 0.407781 0.18814 0.108404 0.1 0.122937 0.225301 0.471996 0.7465 0.872219 0.9 0.894297 0.838404 0.675059 0.385479 0.172941 0.1 0.1 0.110271 0.149103 0.236542 0.384441 0.564009 0.713987 0.80829 0.858774 0.883185 0.894696 0.899568 0.9 0.9 0.9 0.9 0.9 0.884879 0.80977 0.601343 0.304559 0.143882 0.1 0.1 0.116123 0.17489 0.323172 0.557388 0.734922 0.803721 0.79717 0.734297 0.614424 0.453236 0.300652 0.194847 0.135868 0.109006 0.1 0.1 0.102144 0.112978 0.130284 0.159169 0.207014 0.286255 0.409635 0.56967 0.722512 0.827065 0.879702 0.898062 0.9 0.9 0.9 0.888832 0.834874 0.677675 0.401604 0.192922 0.113397 0.1 0.1 0.1 0.104429 0.128133 0.185231 0.283165 0.407603 0.524907 0.609196 0.657547 0.679111 0.684511 0.68166 0.675146 0.666627 0.655412 0.639956 0.6179 0.585656 0.538929 0.474855 0.395379 0.309532 0.230218 0.167934 0.126197 0.103644 0.1 0.108309 0.126105 0.138985 0.139309 0.127234 0.113414 0.110435 0.132031 0.196833 0.309663 0.419132 0.456196 0.398787 0.279049 0.169801 0.113215 0.1 0.118106 0.201812 0.400295 0.66475 0.828672 0.887944 0.9 0.9 0.898802 0.864619 0.73532 0.468152 0.229256 0.127618 0.101427 0.1 0.100744 0.107591 0.121103 0.138676 0.154151 0.161737 0.15918 0.148284 0.131478 0.112958 0.100553 0.1 0.101067 0.111121 0.127333 0.152425 0.187247 0.230396 0.277113 0.318439 0.342909 0.339734 0.303366 0.240383 0.174052 0.128238 0.106801 0.100446 0.1 0.1 0.1 
0.1 0.1 0.103283 0.154496 0.315512 0.594163 0.799636 0.880072 0.899792 0.9 0.9 0.9 0.9 0.9 0.899396 0.890401 0.856458 0.765129 0.589754 0.402329 0.299865 0.277816 0.296625 0.324851 0.335257 0.309629 0.249725 0.180562 0.130305 0.106277 0.1 0.1 0.10297 0.126941 0.212163 0.423296 0.706572 0.861892 0.9 0.9 0.86957 0.727822 0.448988 0.223141 0.128307 0.101323 0.1 0.111492 0.159294 0.272284 0.456079 0.648062 0.780462 0.851047 0.883703 0.898291 0.9 0.9 0.9 0.9 0.89864 0.893927 0.886145 0.874356 0.855387 0.820084 0.753633 0.643561 0.493776 0.342182 0.230555 0.169704 0.157316 0.211819 0.379244 0.63336 0.807719 0.879359 0.9 0.897618 0.840391 0.659655 0.358873 0.165782 0.102438 0.1 0.129151 0.243846 0.506059 0.769265 0.879493 0.9 0.893318 0.841266 0.691817 0.422268 0.20811 0.126944 0.125635 0.166143 0.260915 0.421594 0.611805 0.760326 0.844362 0.88277 0.89719 0.9 0.9 0.9 0.9 0.9 0.9 0.9 0.9 0.886001 0.815739 0.617853 0.322269 0.151222 0.100653 0.1 0.107853 0.14007 0.221909 0.364836 0.508193 0.579382 0.564642 0.479802 0.356822 0.240639 0.160412 0.117431 0.1 0.1 0.105497 0.122611 0.149586 0.190355 0.246674 0.322355 0.420638 0.538924 0.66221 0.768096 0.841464 0.881737 0.897527 0.9 0.9 0.9 0.9 0.8953 0.861659 0.751306 0.51864 0.273372 0.145955 0.106082 0.1 0.1 0.1 0.104284 0.121291 0.156454 0.208668 0.268196 0.320936 0.357125 0.374945 0.378583 0.374135 0.366418 0.357525 0.347123 0.334069 0.316935 0.29425 0.265154 0.230415 0.193087 0.157939 0.129509 0.110299 0.1 0.1 0.121308 0.168125 0.228702 0.268497 0.263085 0.218048 0.167003 0.146611 0.184445 0.313649 0.524637 0.690262 0.739798 0.672154 0.487041 0.271603 0.14713 0.10186 0.1 0.145237 0.295665 0.571057 0.789931 0.878338 0.9 0.9 0.892023 0.834302 0.661572 0.380069 0.185398 0.11381 0.1 0.100379 0.112997 0.144126 0.195182 0.255999 0.30834 0.337312 0.336813 0.307788 0.255949 0.19415 0.141784 0.11175 0.1 0.1 0.100426 0.105282 0.114065 0.126367 0.141425 0.155771 0.164625 0.163822 0.152296 0.133974 0.116391 0.104622 0.1 0.1 0.1 0.1 0.1 
0.1 0.1 0.130515 0.222658 0.423721 0.678386 0.831805 0.887711 0.9 0.9 0.9 0.9 0.9 0.9 0.9 0.895853 0.879015 0.834971 0.750919 0.648332 0.579354 0.566069 0.591075 0.622392 0.627979 0.580737 0.465852 0.311327 0.186589 0.123063 0.102001 0.1 0.102291 0.123769 0.199712 0.389713 0.661966 0.831221 0.88646 0.884996 0.829683 0.663382 0.392585 0.19815 0.119821 0.1 0.103973 0.141945 0.247545 0.442417 0.65966 0.80422 0.872274 0.89639 0.9 0.9 0.89251 0.877832 0.860128 0.842265 0.824393 0.80414 0.779058 0.745076 0.695222 0.619288 0.51089 0.382312 0.263153 0.176465 0.125621 0.102477 0.1 0.144012 0.301541 0.582191 0.790895 0.876536 0.9 0.893829 0.823107 0.617473 0.318636 0.15051 0.1 0.1 0.130382 0.24593 0.508334 0.769971 0.879264 0.9 0.896368 0.859313 0.753612 0.549882 0.345719 0.2486 0.250417 0.328727 0.475496 0.649728 0.785901 0.861553 0.8922 0.9 0.9 0.9 0.9 0.9 0.9 0.9 0.9 0.9 0.9 0.889497 0.831343 0.659464 0.371867 0.175618 0.10742 0.1 0.101827 0.11488 0.14843 0.207128 0.271427 0.305911 0.293184 0.24371 0.183359 0.135037 0.10801 0.1 0.102416 0.123637 0.161877 0.220625 0.298858 0.393785 0.497977 0.600786 0.692362 0.767899 0.826388 0.866528 0.889088 0.898739 0.9 0.9 0.9 0.9 0.9 0.899749 0.88449 0.820547 0.654012 0.398167 0.205563 0.124226 0.102043 0.1 0.1 0.1 0.101858 0.109751 0.123845 0.141666 0.158276 0.16948 0.173891 0.172933 0.169347 0.165518 0.162284 0.15895 0.155003 0.149973 0.143467 0.135337 0.125939 0.11625 0.107715 0.101884 0.1 0.100311 0.120553 0.18433 0.310152 0.456299 0.540098 0.525895 0.422881 0.291108 0.218704 0.255549 0.432559 0.685997 0.841347 0.881637 0.83043 0.650759 0.371316 0.185029 0.113105 0.1 0.122238 0.238049 0.501182 0.757231 0.869924 0.9 0.9 0.880078 0.790114 0.567971 0.295279 0.148663 0.10363 0.1 0.111543 0.153504 0.241836 0.370526 0.500178 0.592639 0.637994 0.640562 0.60116 0.514308 0.384057 0.248558 0.156101 0.1136 0.100895 0.1 0.1 0.1 0.100346 0.102547 0.104997 0.106157 0.105183 0.102456 0.1 0.1 0.1 0.1 0.1 0.1 0.1 0.1 
0.147221 0.170029 0.238759 0.379581 0.589513 0.772395 0.864226 0.894962 0.9 0.9 0.9 0.9 0.9 0.9 0.9 0.899142 0.893379 0.87764 0.848724 0.814027 0.791572 0.791695 0.808054 0.825704 0.828296 0.795162 0.692114 0.496047 0.280745 0.15439 0.108181 0.1 0.100592 0.114741 0.166276 0.298896 0.519545 0.703718 0.783825 0.779713 0.692292 0.504316 0.286178 0.156265 0.107392 0.1 0.122416 0.205708 0.387164 0.625364 0.796776 0.875906 0.9 0.9 0.892459 0.870445 0.831307 0.777448 0.717688 0.661009 0.610823 0.564433 0.517445 0.465296 0.404447 0.334477 0.260726 0.193945 0.143883 0.113506 0.100214 0.1 0.1 0.152211 0.322171 0.604969 0.803111 0.881352 0.9 0.887389 0.8006 0.570362 0.282901 0.139192 0.1 0.1 0.126527 0.230971 0.478202 0.748513 0.871546 0.9 0.9 0.880459 0.824903 0.715821 0.58448 0.505817 0.514018 0.595632 0.710546 0.810722 0.872053 0.897757 0.9 0.898652 0.893008 0.889237 0.889277 0.892561 0.896961 0.899958 0.9 0.9 0.9 0.894202 0.852835 0.720129 0.460624 0.229169 0.125998 0.1 0.1 0.10317 0.113368 0.131452 0.151064 0.160777 0.154391 0.136068 0.115677 0.101767 0.1 0.110689 0.14549 0.214875 0.317989 0.442929 0.567626 0.672734 0.751999 0.809133 0.848368 0.873044 0.889175 0.898034 0.9 0.9 0.9 0.9 0.9 0.9 0.9 0.9 0.897036 0.867901 0.76464 0.541179 0.289976 0.154885 0.1092 0.1 0.1 0.1 0.1 0.1 0.101091 0.103737 0.106134 0.106953 0.1059 0.103621 0.101266 0.1 0.1 0.1 0.1 0.1 0.1 0.1 0.1 0.1 0.1 0.1 0.1 0.109604 0.154298 0.279235 0.506123 0.708878 0.795807 0.781239 0.663538 0.461474 0.307999 0.308264 0.478941 0.724198 0.866584 0.9 0.859525 0.69176 0.403949 0.199977 0.11888 0.1 0.113621 0.21322 0.465007 0.738896 0.865289 0.9 0.9 0.86346 0.734242 0.469214 0.227591 0.123543 0.1 0.103644 0.139309 0.237426 0.415362 0.610157 0.742621 0.809386 0.836296 0.838915 0.818334 0.759102 0.627234 0.419689 0.233836 0.139849 0.107102 0.1 0.1 0.1 0.1 0.1 0.1 0.1 0.1 0.1 0.1 0.102595 0.107449 0.114114 0.122766 0.133635 0.147221 0.170029 
0.319212 0.377425 0.476506 0.615162 0.753828 0.846069 0.887401 0.899361 0.9 0.9 0.9 0.9 0.9 0.9 0.9 0.9 0.899147 0.895481 0.888343 0.880218 0.876243 0.879054 0.886227 0.89335 0.895291 0.881586 0.8184 0.65401 0.395109 0.199248 0.118585 0.1 0.1 0.105929 0.131476 0.199011 0.322441 0.458075 0.536733 0.530393 0.441641 0.303297 0.183236 0.119659 0.1 0.108008 0.165324 0.314171 0.554652 0.762092 0.865864 0.899685 0.9 0.886073 0.8472 0.773344 0.66645 0.545948 0.438838 0.360092 0.307633 0.271063 0.242446 0.216643 0.190656 0.163909 0.138502 0.118104 0.105349 0.1 0.1 0.102468 0.126314 0.217736 0.425834 0.684316 0.835685 0.890942 0.9 0.878136 0.771662 0.517309 0.24917 0.12927 0.1 0.1 0.119124 0.203268 0.419758 0.701342 0.853048 0.897482 0.9 0.894018 0.872241 0.830108 0.778375 0.746352 0.753984 0.794389 0.843887 0.881643 0.9 0.9 0.886844 0.866733 0.845585 0.832984 0.834591 0.849049 0.869259 0.886883 0.896971 0.9 0.9 0.898302 0.874438 0.786573 0.583669 0.33052 0.17378 0.113479 0.1 0.1 0.101698 0.105509 0.1097 0.111388 0.109112 0.104298 0.1 0.1 0.112713 0.157792 0.256016 0.407272 0.571239 0.701766 0.787927 0.840676 0.871271 0.889743 0.899655 0.9 0.9 0.9 0.9 0.9 0.9 0.9 0.9 0.9 0.9 0.9 0.9 0.89212 0.832445 0.655235 0.376848 0.190295 0.119342 0.101297 0.1 0.1 0.1 0.1 0.1 0.1 0.1 0.1 0.1 0.1 0.1 0.1 0.1 0.1 0.1 0.1 0.1 0.1 0.1 0.1 0.1 0.1 0.101312 0.117601 0.181487 0.35359 0.63477 0.832074 0.9 0.889569 0.786562 0.567261 0.353073 0.299833 0.417905 0.633261 0.785335 0.830348 0.780109 0.604928 0.348916 0.181492 0.115225 0.1 0.113615 0.212474 0.464106 0.739123 0.86596 0.9 0.897388 0.841874 0.671617 0.382096 0.180079 0.108174 0.1 0.115838 0.186939 0.360041 0.603947 0.780269 0.861122 0.889491 0.898597 0.9 0.894526 0.871009 0.782081 0.57601 0.318253 0.169408 0.114854 0.10094 0.1 0.1 0.1 0.101272 0.106655 0.115858 0.126656 0.136945 0.146669 0.158635 0.17538 0.198953 0.230827 0.271172 0.319212 0.377425 
0.623849 0.67721 0.735672 0.799503 0.853429 0.885853 0.898175 0.9 0.9 0.9 0.9 0.9 0.9 0.9 0.9 0.9 0.9 0.9 0.899341 0.898392 0.898357 0.899383 0.9 0.9 0.9 0.9 0.867988 0.751491 0.507484 0.257644 0.135432 0.100611 0.1 0.10094 0.109385 0.134387 0.180891 0.236226 0.272037 0.267957 0.225916 0.168219 0.122198 0.1 0.1 0.136487 0.248367 0.465805 0.703285 0.842284 0.893364 0.9 0.885979 0.836648 0.732954 0.575743 0.409078 0.282824 0.205883 0.163583 0.142326 0.129969 0.122265 0.116935 0.112243 0.107342 0.102745 0.1 0.1 0.1 0.10294 0.12367 0.192155 0.350055 0.585613 0.778512 0.869733 0.899106 0.9 0.866377 0.736684 0.460994 0.217717 0.120262 0.1 0.1 0.110604 0.170424 0.343814 0.624656 0.817858 0.887918 0.9 0.9 0.893662 0.88091 0.865782 0.857273 0.861566 0.875895 0.89139 0.9 0.897166 0.872035 0.823088 0.758813 0.698996 0.665939 0.671639 0.713163 0.774188 0.832643 0.873353 0.893925 0.9 0.9 0.890902 0.84326 0.712814 0.48782 0.276011 0.158277 0.112029 0.1 0.1 0.1 0.100111 0.100152 0.1 0.1 0.1 0.107894 0.147545 0.253758 0.440775 0.640203 0.77553 0.84668 0.880542 0.896468 0.9 0.9 0.899171 0.893015 0.887468 0.884826 0.885429 0.888469 0.892768 0.897041 0.899878 0.9 0.9 0.9 0.9 0.9 0.861597 0.712291 0.431164 0.215008 0.127315 0.102959 0.1 0.1 0.1 0.1 0.1 0.100513 0.10492 0.112663 0.122527 0.132945 0.142222 0.148863 0.151886 0.150918 0.146054 0.137911 0.127682 0.117046 0.107872 0.10184 0.1 0.1 0.101292 0.117675 0.182447 0.357058 0.640525 0.835914 0.9 0.890595 0.78405 0.552477 0.32055 0.235103 0.284785 0.42572 0.562706 0.614672 0.560395 0.4096 0.242844 0.144803 0.1064 0.1 0.121273 0.234287 0.497202 0.757311 0.871772 0.9 0.891283 0.816479 0.609159 0.315898 0.150246 0.100227 0.1 0.132573 0.246469 0.487741 0.734785 0.858578 0.896103 0.9 0.9 0.9 0.9 0.899179 0.837425 0.650021 0.365755 0.186342 0.119185 0.101512 0.1 0.1 0.103597 0.116503 0.14444 0.185939 0.231018 0.270738 0.304326 0.337339 0.376516 0.426593 0.488305 0.557069 0.623849 0.67721 
0.832033 0.849952 0.864022 0.879569 0.892579 0.899803 0.9 0.9 0.899923 0.897649 0.894559 0.892153 0.891457 0.89274 0.895445 0.898356 0.9 0.9 0.9 0.9 0.9 0.9 0.9 0.9 0.9 0.9 0.885579 0.808527 0.610563 0.338409 0.168741 0.108393 0.1 0.1 0.100553 0.106575 0.118518 0.132826 0.14241 0.140858 0.128739 0.112459 0.1 0.1 0.12226 0.203878 0.384672 0.629789 0.806455 0.882712 0.9 0.8916 0.843655 0.728697 0.540533 0.344804 0.212046 0.142746 0.112241 0.100047 0.1 0.1 0.1 0.1 0.1 0.1 0.1 0.1 0.1 0.101157 0.115949 0.170978 0.308955 0.532929 0.737816 0.849771 0.891334 0.9 0.897239 0.85194 0.698102 0.407286 0.190368 0.112445 0.1 0.1 0.103538 0.14036 0.266586 0.522951 0.762366 0.869873 0.898338 0.9 0.899674 0.897222 0.89413 0.892724 0.894421 0.898179 0.9 0.894795 0.863568 0.787403 0.664389 0.527517 0.423288 0.374604 0.383504 0.448477 0.561283 0.691562 0.798613 0.863427 0.892389 0.9 0.9 0.880918 0.81393 0.664685 0.449159 0.263192 0.157799 0.113055 0.1 0.1 0.1 0.1 0.1 0.1 0.101478 0.123739 0.204373 0.389641 0.631078 0.796005 0.869823 0.894624 0.9 0.9 0.890416 0.870813 0.847349 0.824792 0.809374 0.803967 0.808553 0.821173 0.838733 0.857616 0.87445 0.88707 0.895724 0.9 0.9 0.899679 0.8552 0.702467 0.425757 0.21459 0.127947 0.103299 0.1 0.1 0.1 0.101203 0.108844 0.12451 0.149845 0.183392 0.221414 0.258847 0.290608 0.312653 0.322468 0.318941 0.302109 0.273355 0.235938 0.195137 0.157259 0.12765 0.108881 0.1 0.1 0.109611 0.15638 0.287957 0.524574 0.728606 0.811529 0.793477 0.663523 0.43288 0.241015 0.164812 0.171653 0.228227 0.294265 0.323262 0.294147 0.223244 0.153938 0.114296 0.1 0.1 0.14068 0.284766 0.561474 0.788695 0.880925 0.9 0.883622 0.790763 0.554282 0.270894 0.134091 0.1 0.101573 0.150326 0.304241 0.586857 0.804395 0.887021 0.9 0.9 0.9 0.9 0.9 0.896068 0.82961 0.636008 0.353735 0.180759 0.117151 0.100907 0.1 0.102759 0.117958 0.160562 0.245679 0.361245 0.46886 0.546165 0.597837 0.63695 0.673785 0.713079 0.754824 0.796108 0.832033 0.849952 
0.9 0.9 0.899648 0.9 0.9 0.9 0.898001 0.890911 0.879553 0.864826 0.850154 0.839752 0.836856 0.842372 0.854516 0.869587 0.883518 0.893643 0.89925 0.9 0.9 0.9 0.9 0.9 0.9 0.9 0.893922 0.846538 0.705634 0.455618 0.239474 0.136725 0.104854 0.1 0.1 0.1 0.1 0.1 0.100734 0.10055 0.1 0.1 0.1 0.119529 0.183753 0.331427 0.560633 0.762377 0.866391 0.9 0.899389 0.861123 0.754815 0.558766 0.338957 0.192674 0.124219 0.1 0.1 0.106529 0.121775 0.132536 0.131981 0.121684 0.109464 0.101945 0.1 0.1 0.1 0.105887 0.138851 0.241476 0.456826 0.696624 0.835686 0.887708 0.9 0.9 0.892816 0.836884 0.661706 0.363362 0.169207 0.106247 0.1 0.1 0.1 0.118306 0.20253 0.415157 0.688593 0.842051 0.89214 0.9 0.9 0.9 0.9 0.9 0.9 0.9 0.896666 0.869712 0.787952 0.626752 0.429057 0.279939 0.200835 0.171367 0.176962 0.218582 0.310141 0.460993 0.639102 0.7802 0.859339 0.8921 0.9 0.898584 0.873446 0.799353 0.650646 0.446024 0.26682 0.160681 0.11387 0.10007 0.1 0.1 0.1 0.1 0.104974 0.144892 0.273214 0.524647 0.756717 0.866439 0.897944 0.9 0.897679 0.88002 0.836938 0.7674 0.691108 0.630181 0.594438 0.58386 0.595463 0.625572 0.669317 0.719868 0.769487 0.811787 0.843392 0.862875 0.86902 0.85528 0.784938 0.608103 0.355592 0.187448 0.120396 0.101897 0.1 0.1 0.105002 0.121865 0.157051 0.213648 0.289468 0.375428 0.459129 0.52985 0.581937 0.614232 0.6276 0.622574 0.598199 0.552394 0.484213 0.397714 0.304437 0.220175 0.157101 0.118315 0.100488 0.1 0.121959 0.192847 0.33282 0.49167 0.578134 0.557602 0.43596 0.275321 0.165116 0.120492 0.116185 0.131656 0.15138 0.15965 0.149996 0.129004 0.1095 0.1 0.1 0.115473 0.189472 0.378021 0.64916 0.825615 0.890643 0.9 0.876474 0.76904 0.512883 0.242657 0.124966 0.1 0.10467 0.165603 0.348663 0.647763 0.837124 0.896898 0.9 0.9 0.9 0.9 0.896841 0.868897 0.766257 0.543431 0.291751 0.157057 0.110479 0.1 0.1 0.109779 0.146143 0.242291 0.420795 0.610721 0.730459 0.786839 0.813646 0.8298 0.843558 0.857718 0.87237 0.88671 0.9 0.9 
0.9 0.9 0.9 0.9 0.898337 0.888515 0.868777 0.836878 0.794364 0.746817 0.703708 0.674898 0.667133 0.682212 0.716654 0.762526 0.809747 0.849657 0.877741 0.893475 0.9 0.9 0.9 0.9 0.9 0.9 0.898506 0.873647 0.788975 0.606509 0.379001 0.222273 0.148338 0.119473 0.108025 0.102526 0.1 0.1 0.1 0.1 0.1 0.107677 0.130518 0.190298 0.317492 0.520351 0.723193 0.845585 0.894119 0.9 0.876733 0.791504 0.61014 0.37406 0.203192 0.123794 0.1 0.1 0.124519 0.171231 0.227368 0.261135 0.251892 0.205893 0.152692 0.117913 0.103292 0.1 0.1 0.111739 0.163699 0.31267 0.580332 0.794344 0.881793 0.9 0.9 0.9 0.889252 0.825502 0.636287 0.336039 0.156131 0.102076 0.1 0.1 0.1 0.105453 0.15835 0.325726 0.60927 0.808366 0.883046 0.899981 0.9 0.9 0.9 0.9 0.9 0.899914 0.885112 0.82433 0.670347 0.434398 0.244439 0.149549 0.113979 0.103726 0.105877 0.121261 0.164096 0.258148 0.421055 0.618797 0.773171 0.857189 0.891484 0.9 0.898337 0.872325 0.799116 0.655174 0.453154 0.270164 0.160312 0.112825 0.1 0.1 0.1 0.1 0.108716 0.166321 0.338187 0.623134 0.820108 0.890952 0.9 0.898523 0.882216 0.830672 0.717784 0.556215 0.415643 0.333352 0.297051 0.2885 0.299313 0.328168 0.376523 0.443804 0.523832 0.604469 0.672163 0.717016 0.731432 0.702497 0.603912 0.428735 0.250474 0.14851 0.109209 0.1 0.1 0.108407 0.135896 0.19425 0.290768 0.417447 0.548201 0.655508 0.730437 0.778637 0.808504 0.825388 0.832103 0.829588 0.817021 0.791472 0.74708 0.674327 0.564767 0.426418 0.290852 0.188638 0.127906 0.100941 0.1 0.125772 0.182606 0.254309 0.300315 0.291058 0.233126 0.165058 0.120554 0.102567 0.1 0.101618 0.104071 0.10373 0.101455 0.1 0.1 0.101654 0.118599 0.169218 0.295793 0.520705 0.743228 0.859301 0.89782 0.9 0.871659 0.755416 0.489096 0.22819 0.120527 0.1 0.106805 0.174658 0.373561 0.676711 0.85018 0.89997 0.9 0.9 0.9 0.89649 0.873171 0.799686 0.635262 0.397239 0.212227 0.12909 0.103626 0.1 0.101881 0.119419 0.180357 0.336708 0.589784 0.781698 0.862714 0.883885 0.89013 0.89294 0.895374 0.897956 0.899989 0.9 0.9 0.9 
0.9 0.9 0.898637 0.888736 0.86726 0.827337 0.764481 0.679408 0.582363 0.490842 0.420989 0.38038 0.370223 0.390396 0.441187 0.520346 0.617783 0.71533 0.795887 0.851237 0.882891 0.896675 0.9 0.9 0.9 0.9 0.9 0.890769 0.85049 0.750716 0.585102 0.41036 0.286854 0.217123 0.179885 0.159187 0.147272 0.140904 0.138189 0.140089 0.150253 0.178893 0.241034 0.357529 0.531169 0.709772 0.830407 0.886416 0.9 0.886878 0.823503 0.670012 0.434375 0.235124 0.134419 0.100526 0.1 0.124793 0.196926 0.326921 0.464343 0.534813 0.508995 0.394741 0.251501 0.155248 0.113048 0.1 0.1 0.115072 0.17806 0.352698 0.639804 0.832581 0.896444 0.9 0.9 0.9 0.887735 0.822023 0.631048 0.332007 0.15366 0.100615 0.1 0.1 0.1 0.1 0.133491 0.268676 0.545662 0.77804 0.87355 0.898471 0.9 0.9 0.9 0.9 0.9 0.896974 0.86725 0.764767 0.539533 0.288939 0.152679 0.107114 0.1 0.1 0.1 0.1 0.111106 0.150623 0.24357 0.408053 0.608276 0.76488 0.851625 0.888931 0.9 0.89996 0.874367 0.803064 0.659238 0.45147 0.262871 0.153488 0.109497 0.1 0.1 0.1 0.111573 0.185023 0.390934 0.682726 0.848475 0.898691 0.9 0.892454 0.857938 0.758379 0.556107 0.332671 0.203299 0.154261 0.140176 0.138073 0.142538 0.154257 0.176325 0.210875 0.258808 0.318244 0.380255 0.429564 0.448605 0.422692 0.347876 0.246836 0.162786 0.117246 0.100616 0.1 0.109969 0.145305 0.224238 0.357269 0.523075 0.671223 0.772578 0.832021 0.864144 0.880839 0.890528 0.89601 0.898228 0.897414 0.893335 0.885045 0.869834 0.839839 0.780838 0.67694 0.523015 0.351815 0.216772 0.13753 0.10342 0.1 0.11513 0.138449 0.15579 0.154665 0.137152 0.116477 0.103636 0.1 0.1 0.1 0.1 0.100112 0.104638 0.113871 0.128456 0.153163 0.204779 0.307815 0.481818 0.683002 0.821913 0.883034 0.9 0.9 0.870303 0.752527 0.484924 0.226055 0.120014 0.1 0.106825 0.175809 0.378062 0.681976 0.851968 0.899967 0.9 0.9 0.898111 0.878962 0.814835 0.669492 0.450311 0.254652 0.148251 0.10886 0.1 0.1 0.103492 0.125689 0.201424 0.391652 0.670558 0.84455 0.9 0.9 0.9 0.9 0.9 0.9 0.9 0.9 0.9 0.9 
0.897245 0.888089 0.863612 0.822675 0.757009 0.660165 0.537772 0.41254 0.310041 0.239586 0.197135 0.175585 0.170488 0.180738 0.208754 0.260794 0.34579 0.46602 0.60427 0.727734 0.815332 0.866467 0.891115 0.9 0.9 0.9 0.9 0.898735 0.885269 0.8454 0.768305 0.660367 0.547698 0.454463 0.387925 0.343147 0.313362 0.294751 0.286744 0.292536 0.319094 0.377416 0.47603 0.607007 0.737042 0.831897 0.882787 0.9 0.894451 0.84755 0.72252 0.502798 0.28154 0.154922 0.107439 0.1 0.111989 0.167205 0.310506 0.542474 0.725327 0.794977 0.766911 0.626586 0.393245 0.210483 0.128954 0.10281 0.1 0.113534 0.173767 0.343282 0.628571 0.826605 0.89438 0.9 0.9 0.9 0.888851 0.828944 0.652488 0.35994 0.167342 0.103933 0.1 0.1 0.1 0.1 0.125478 0.248579 0.51905 0.763329 0.868088 0.89711 0.9 0.9 0.9 0.9 0.9 0.892964 0.848071 0.706287 0.43442 0.208538 0.117168 0.1 0.1 0.1 0.1 0.1 0.1 0.109858 0.147733 0.237156 0.394348 0.587927 0.746014 0.839619 0.884013 0.9 0.9 0.875386 0.802521 0.650425 0.431521 0.242919 0.14143 0.104709 0.1 0.1 0.114735 0.204625 0.437252 0.719647 0.860955 0.9 0.9 0.886996 0.837164 0.698425 0.439695 0.215235 0.119441 0.1 0.1 0.1 0.1 0.101558 0.107566 0.118116 0.133793 0.156693 0.183354 0.206726 0.217704 0.20898 0.181069 0.145394 0.116845 0.102185 0.1 0.109254 0.147325 0.238366 0.396568 0.586437 0.738419 0.828655 0.87362 0.893112 0.9 0.9 0.9 0.9 0.9 0.9 0.9 0.9 0.9 0.895288 0.876437 0.831517 0.740107 0.587122 0.398726 0.241908 0.14915 0.108885 0.1 0.101918 0.10803 0.109239 0.105918 0.101794 0.1 0.1 0.100612 0.106002 0.119167 0.141163 0.17112 0.207402 0.252992 0.317006 0.41365 0.54738 0.693536 0.808427 0.871759 0.895819 0.9 0.9 0.872388 0.760627 0.500311 0.235753 0.123209 0.1 0.104835 0.169799 0.364915 0.669082 0.846023 0.898104 0.9 0.9 0.889544 0.841762 0.713656 0.492705 0.28092 0.160269 0.112464 0.100139 0.1 0.1 0.103247 0.123846 0.194796 0.374787 0.647738 0.828952 0.893186 0.9 0.9 0.9 0.9 0.9 0.899909 0.898807 0.897245 0.888089 
0.819961 0.785878 0.725576 0.637122 0.521482 0.39556 0.28536 0.20541 0.155154 0.127189 0.113281 0.106765 0.105272 0.108301 0.11691 0.134988 0.172411 0.240575 0.350876 0.499164 0.651496 0.769317 0.842324 0.88024 0.895838 0.9 0.9 0.9 0.898663 0.888253 0.864395 0.82512 0.7764 0.727066 0.683139 0.646026 0.615461 0.592749 0.581416 0.586643 0.613253 0.662556 0.728297 0.796379 0.851328 0.885484 0.9 0.899198 0.865101 0.764051 0.566799 0.334333 0.181249 0.116495 0.1 0.100697 0.12396 0.205401 0.405542 0.683746 0.850641 0.9 0.879615 0.75597 0.49729 0.255092 0.142565 0.106149 0.1 0.108118 0.153463 0.289979 0.550757 0.778059 0.876462 0.899727 0.9 0.9 0.892246 0.845292 0.70067 0.431111 0.210389 0.119062 0.1 0.1 0.1 0.1 0.135882 0.27236 0.543443 0.772739 0.869886 0.897094 0.9 0.9 0.9 0.9 0.9 0.889848 0.833995 0.665742 0.373762 0.172653 0.105248 0.1 0.1 0.1 0.1 0.1 0.1 0.1 0.109525 0.144382 0.224817 0.366474 0.549933 0.714246 0.821623 0.877664 0.9 0.9 0.873922 0.7932 0.62514 0.39715 0.218716 0.129804 0.1 0.1 0.125373 0.239536 0.494274 0.751665 0.868902 0.9 0.9 0.885838 0.833397 0.688786 0.42378 0.202693 0.113386 0.1 0.1 0.1 0.1 0.1 0.1 0.1 0.10013 0.105645 0.113261 0.120465 0.124732 0.123509 0.116817 0.108006 0.101267 0.1 0.10687 0.14237 0.235186 0.405661 0.61185 0.768541 0.852919 0.888587 0.9 0.9 0.9 0.894368 0.886742 0.88038 0.877417 0.878776 0.884056 0.891598 0.898478 0.9 0.9 0.890398 0.856389 0.775721 0.62953 0.436183 0.265889 0.161991 0.114751 0.1 0.1 0.1 0.1 0.1 0.1 0.100819 0.108513 0.133027 0.185696 0.266001 0.355721 0.440253 0.520213 0.601123 0.684765 0.76517 0.831254 0.874232 0.894404 0.9 0.9 0.9 0.877109 0.777781 0.533398 0.257539 0.130261 0.1 0.101929 0.159093 0.338774 0.640988 0.833444 0.89469 0.9 0.899138 0.874691 0.787023 0.585151 0.332722 0.175913 0.114764 0.1 0.1 0.1 0.1 0.101533 0.115129 0.164559 0.29462 0.521207 0.721702 0.822775 0.85847 0.870386 0.87355 0.871852 0.866066 0.85599 0.840908 0.819961 0.785878 
0.595492 0.529911 0.448083 0.356822 0.269498 0.198466 0.149158 0.119853 0.105191 0.1 0.1 0.1 0.1 0.1 0.1 0.100661 0.110059 0.133379 0.182881 0.27229 0.407561 0.567598 0.70799 0.803592 0.858117 0.885298 0.896917 0.9 0.9 0.9 0.897558 0.888652 0.875853 0.861985 0.848739 0.835753 0.822691 0.811174 0.804016 0.80434 0.814081 0.832435 0.855387 0.877028 0.892377 0.9 0.9 0.877262 0.797422 0.623809 0.388697 0.211392 0.128035 0.102069 0.1 0.102887 0.128253 0.214201 0.422172 0.701302 0.859705 0.9 0.883621 0.763252 0.504532 0.258648 0.144106 0.10712 0.1 0.102411 0.128201 0.218004 0.424412 0.679955 0.833452 0.888531 0.9 0.9 0.896545 0.866171 0.765597 0.550146 0.309144 0.17078 0.118165 0.103347 0.103652 0.121085 0.188495 0.359909 0.620702 0.804485 0.87836 0.898393 0.9 0.9 0.9 0.9 0.9 0.889016 0.829849 0.65351 0.3569 0.163954 0.102938 0.1 0.1 0.1 0.1 0.1 0.1 0.1 0.1 0.108053 0.136734 0.203356 0.325637 0.49878 0.674338 0.801199 0.87138 0.9 0.9 0.869233 0.775991 0.593501 0.370914 0.212842 0.139844 0.127009 0.171743 0.320007 0.580086 0.789512 0.87743 0.9 0.9 0.889495 0.848916 0.735436 0.513361 0.289656 0.174227 0.13729 0.127838 0.124832 0.121831 0.116698 0.10966 0.10301 0.1 0.1 0.1 0.100255 0.101058 0.101262 0.100627 0.1 0.1 0.103846 0.13266 0.217804 0.388283 0.607258 0.77504 0.861582 0.894073 0.9 0.89987 0.887191 0.86699 0.840084 0.812082 0.790216 0.780248 0.784772 0.80253 0.82878 0.856614 0.879469 0.895436 0.9 0.897541 0.869464 0.797071 0.659483 0.466469 0.285963 0.171656 0.11826 0.101088 0.1 0.1 0.1 0.1 0.105072 0.127701 0.191787 0.323699 0.496235 0.635156 0.718989 0.77121 0.810592 0.843564 0.869557 0.887624 0.897564 0.9 0.9 0.9 0.9 0.883355 0.800709 0.580596 0.292577 0.14204 0.1 0.1 0.146654 0.304676 0.599199 0.813971 0.889523 0.9 0.89705 0.85725 0.727802 0.46823 0.231684 0.126449 0.100103 0.1 0.1 0.1 0.1 0.1 0.105448 0.129738 0.197331 0.331316 0.498176 0.628312 0.702008 0.73759 0.750195 0.746453 0.7285 0.696834 0.651927 0.595492 0.529911 
0.293799 0.250653 0.211713 0.173923 0.141589 0.118489 0.105183 0.1 0.1 0.1 0.100706 0.102193 0.102411 0.101136 0.1 0.1 0.1 0.102076 0.115656 0.149664 0.216394 0.32619 0.472472 0.621631 0.738273 0.814068 0.858023 0.881521 0.893711 0.899745 0.9 0.9 0.9 0.9 0.9 0.898315 0.894293 0.889577 0.885819 0.884403 0.885952 0.889874 0.894758 0.898692 0.9 0.9 0.886531 0.827652 0.680097 0.447568 0.24579 0.141754 0.105789 0.1 0.1 0.102522 0.121917 0.188101 0.351403 0.596962 0.768125 0.823801 0.793814 0.654064 0.412892 0.218921 0.132457 0.105017 0.1 0.1 0.108928 0.155778 0.293936 0.541501 0.761528 0.863861 0.895092 0.9 0.899799 0.884708 0.828367 0.692624 0.486466 0.309345 0.212189 0.174779 0.176642 0.220042 0.330888 0.525278 0.728663 0.845158 0.889065 0.899824 0.9 0.9 0.9 0.9 0.9 0.890782 0.836737 0.671247 0.379667 0.175896 0.106759 0.1 0.1 0.1 0.1 0.1 0.1 0.1 0.1 0.1 0.104868 0.125178 0.177889 0.28211 0.446966 0.635891 0.783427 0.866659 0.9 0.9 0.863034 0.762155 0.587901 0.399836 0.279996 0.249119 0.310819 0.478488 0.693154 0.832024 0.886881 0.9 0.9 0.895125 0.872664 0.807594 0.670527 0.489823 0.35223 0.282015 0.251411 0.23522 0.219073 0.196338 0.167188 0.137627 0.115337 0.103344 0.1 0.1 0.1 0.1 0.1 0.1 0.100969 0.120769 0.190653 0.348911 0.576712 0.763392 0.860288 0.895607 0.9 0.89287 0.868287 0.820618 0.753564 0.677701 0.608593 0.559894 0.539014 0.548366 0.586618 0.648214 0.72193 0.793105 0.849433 0.884219 0.9 0.9 0.875875 0.810394 0.679584 0.485419 0.295343 0.173732 0.118163 0.101061 0.1 0.1 0.100666 0.111765 0.154525 0.272044 0.493975 0.709312 0.821731 0.862007 0.87848 0.889117 0.896984 0.9 0.9 0.9 0.9 0.9 0.9 0.9 0.889974 0.825741 0.636768 0.343057 0.161423 0.102328 0.1 0.134209 0.266784 0.545065 0.786565 0.882 0.9 0.895741 0.843707 0.682467 0.392709 0.182432 0.108383 0.1 0.1 0.1 0.1 0.1 0.1 0.1 0.106732 0.129774 0.181556 0.259293 0.341274 0.408207 0.452332 0.47188 0.46763 0.442093 0.39982 0.347517 0.293799 0.250653 
0.137881 0.125006 0.117636 0.109872 0.103315 0.1 0.1 0.1 0.10639 0.116914 0.128035 0.135679 0.13595 0.128653 0.117516 0.107121 0.100399 0.1 0.1 0.107036 0.12823 0.173621 0.252536 0.367107 0.502655 0.629789 0.727184 0.792949 0.834606 0.860015 0.874743 0.884821 0.892319 0.897543 0.9 0.9 0.9 0.9 0.9 0.9 0.9 0.9 0.9 0.9 0.9 0.894577 0.857255 0.743476 0.523668 0.292555 0.159829 0.110133 0.1 0.1 0.1 0.100809 0.110654 0.14678 0.23799 0.393342 0.539394 0.601443 0.564881 0.435447 0.272571 0.163262 0.116123 0.101817 0.1 0.1 0.1 0.116836 0.200133 0.407504 0.675367 0.83063 0.886097 0.899479 0.9 0.895853 0.872185 0.808593 0.692831 0.552677 0.441015 0.385982 0.390128 0.453749 0.57324 0.71512 0.823726 0.878151 0.896892 0.9 0.9 0.9 0.9 0.9 0.9 0.89431 0.851805 0.712902 0.440159 0.210237 0.117859 0.1 0.1 0.1 0.1 0.1 0.1 0.1 0.1 0.1 0.1 0.1 0.114215 0.154764 0.246217 0.406854 0.608172 0.772406 0.864444 0.9 0.9 0.86104 0.774337 0.65208 0.545122 0.507446 0.559462 0.678994 0.798652 0.868263 0.894859 0.9 0.9 0.899186 0.89135 0.864907 0.806924 0.718938 0.62977 0.564752 0.52435 0.494637 0.459141 0.405176 0.329552 0.243874 0.170377 0.124435 0.104562 0.1 0.1 0.1 0.1 0.1 0.109853 0.159073 0.291713 0.51905 0.733043 0.850088 0.893442 0.9 0.889463 0.851156 0.772519 0.652769 0.51621 0.398411 0.318322 0.27438 0.258084 0.26534 0.297586 0.36142 0.462145 0.591597 0.720988 0.819509 0.876741 0.9 0.9 0.879086 0.817425 0.686982 0.485956 0.2886 0.166801 0.114423 0.1 0.1 0.101036 0.11656 0.174616 0.331406 0.602091 0.809887 0.889929 0.9 0.9 0.9 0.9 0.897419 0.893041 0.891678 0.894056 0.897692 0.9 0.9 0.895903 0.849526 0.695652 0.410223 0.192338 0.110653 0.1 0.121781 0.228362 0.4815 0.750007 0.871343 0.9 0.896532 0.839027 0.663196 0.362605 0.165491 0.103189 0.1 0.1 0.1 0.1 0.1 0.1 0.1 0.1 0.101104 0.112377 0.134624 0.1617 0.188964 0.210767 0.222115 0.221019 0.208428 0.187495 0.162347 0.137881 0.125006 
0.1 0.1 0.1 0.1 0.1 0.1 0.104901 0.120762 0.1505 0.190032 0.228649 0.252907 0.253188 0.229212 0.190391 0.150614 0.120742 0.105016 0.1 0.1 0.10204 0.113631 0.140648 0.189434 0.264016 0.361667 0.470527 0.573123 0.656326 0.71743 0.760407 0.79126 0.813989 0.831064 0.844427 0.856419 0.8693 0.882415 0.893358 0.899546 0.9 0.9 0.9 0.9 0.9 0.882425 0.809959 0.628859 0.371227 0.191996 0.118232 0.1 0.1 0.1 0.1 0.1 0.102168 0.114717 0.149863 0.212469 0.279107 0.311834 0.292502 0.231721 0.164952 0.122209 0.104424 0.1 0.1 0.1 0.1 0.1 0.153759 0.327365 0.611021 0.803118 0.877348 0.897616 0.9 0.9 0.893732 0.871991 0.828371 0.768024 0.710753 0.678419 0.682397 0.720975 0.780565 0.839398 0.878794 0.895772 0.9 0.9 0.9 0.9 0.9 0.9 0.9 0.897977 0.869782 0.766722 0.5335 0.274866 0.14233 0.103161 0.1 0.1 0.1 0.1 0.1 0.100204 0.101431 0.10293 0.102744 0.1 0.1 0.105006 0.138089 0.223524 0.384274 0.595455 0.769616 0.864904 0.9 0.899473 0.869468 0.818744 0.768386 0.74683 0.767763 0.81671 0.863295 0.89003 0.899312 0.9 0.9 0.9 0.9 0.893446 0.876847 0.848628 0.817065 0.791654 0.774233 0.759086 0.735469 0.687903 0.597079 0.455089 0.296209 0.178984 0.121183 0.102174 0.1 0.1 0.1 0.102368 0.129886 0.224684 0.430171 0.675793 0.828296 0.887934 0.9 0.891885 0.849017 0.748291 0.584392 0.404617 0.269854 0.191145 0.150934 0.134007 0.12845 0.131087 0.143067 0.172221 0.230716 0.336397 0.496925 0.675505 0.80907 0.877453 0.9 0.9 0.880017 0.816282 0.677279 0.464284 0.266421 0.153552 0.109419 0.1 0.100067 0.115215 0.17355 0.331461 0.603684 0.811452 0.890653 0.9 0.895947 0.883692 0.867216 0.850469 0.840598 0.845008 0.862186 0.88173 0.894773 0.9 0.899997 0.869401 0.750759 0.490284 0.23607 0.124243 0.1 0.110453 0.192824 0.413823 0.703113 0.856439 0.9 0.898908 0.843855 0.671743 0.370937 0.169319 0.104512 0.1 0.1 0.1 0.100137 0.102033 0.105866 0.109944 0.110456 0.105724 0.100864 0.1 0.100824 0.107307 0.11568 0.120974 0.121881 0.118719 0.112785 0.105722 0.1 0.1 
0.1 0.1 0.1 0.1 0.100398 0.112118 0.142221 0.198908 0.283223 0.380588 0.464494 0.511832 0.511898 0.46412 0.378543 0.279135 0.193951 0.138168 0.109866 0.1 0.1 0.1 0.104528 0.117344 0.142245 0.181546 0.235037 0.299653 0.369352 0.437461 0.498824 0.551274 0.595114 0.632778 0.668535 0.707551 0.753083 0.80254 0.847574 0.879367 0.895144 0.9 0.9 0.9 0.896948 0.86308 0.74746 0.505359 0.260214 0.138678 0.10282 0.1 0.1 0.1 0.1 0.1 0.1 0.1 0.107785 0.124961 0.143778 0.153416 0.148354 0.132056 0.114289 0.103144 0.1 0.1 0.1 0.1 0.1 0.100663 0.15421 0.323807 0.603774 0.797982 0.87486 0.896764 0.9 0.9 0.9 0.895647 0.884485 0.867363 0.850385 0.841231 0.844122 0.857305 0.874805 0.89097 0.9 0.9 0.9 0.9 0.9 0.9 0.9 0.9 0.9 0.9 0.885387 0.819128 0.643486 0.378629 0.191589 0.116875 0.1 0.1 0.1 0.1 0.10044 0.103623 0.111072 0.121399 0.128235 0.124916 0.112917 0.1 0.1 0.129946 0.214138 0.378667 0.597565 0.774832 0.867873 0.9 0.9 0.88424 0.866163 0.857104 0.862339 0.877117 0.891477 0.89898 0.9 0.9 0.899434 0.899276 0.9 0.9 0.9 0.894173 0.8864 0.880556 0.877029 0.873919 0.867196 0.84806 0.796873 0.68096 0.483233 0.276503 0.155231 0.109631 0.1 0.1 0.1 0.109607 0.163145 0.316025 0.574612 0.783334 0.875884 0.9 0.898387 0.863111 0.762573 0.575481 0.363 0.21574 0.141666 0.111409 0.1 0.1 0.1 0.1 0.1 0.10693 0.126546 0.175952 0.283453 0.470278 0.68398 0.825991 0.885373 0.9 0.899769 0.876631 0.804487 0.648721 0.423661 0.235563 0.138504 0.104486 0.1 0.108326 0.151417 0.271536 0.496744 0.709958 0.81344 0.837035 0.823917 0.788441 0.741124 0.697925 0.680584 0.706011 0.768234 0.834574 0.877337 0.896509 0.9 0.883775 0.797302 0.574284 0.292745 0.143245 0.1 0.102083 0.163011 0.347658 0.643982 0.834422 0.898021 0.9 0.855097 0.702336 0.411426 0.189951 0.110692 0.1 0.1 0.100054 0.103124 0.112713 0.131184 0.15449 0.169092 0.164957 0.146359 0.124247 0.106733 0.1 0.1 0.1 0.1 0.1 0.1 0.1 0.1 0.1 
0.1 0.1 0.100756 0.108532 0.128594 0.174099 0.258092 0.384442 0.530602 0.654699 0.733702 0.769681 0.769513 0.732294 0.649158 0.517737 0.364892 0.237301 0.157028 0.117017 0.102238 0.1 0.1 0.1 0.104104 0.113761 0.129339 0.151543 0.17885 0.209054 0.240013 0.270436 0.300271 0.331505 0.369368 0.422766 0.50147 0.60719 0.722638 0.817238 0.872777 0.895482 0.9 0.9 0.891987 0.839338 0.679325 0.400421 0.19318 0.114137 0.1 0.1 0.100334 0.10291 0.106355 0.10817 0.10655 0.102115 0.1 0.1 0.1 0.1 0.1 0.1 0.1 0.1 0.1 0.100101 0.102005 0.105798 0.114088 0.138177 0.220766 0.411523 0.663375 0.819848 0.880573 0.897682 0.9 0.9 0.9 0.9 0.899533 0.897262 0.894982 0.894708 0.897082 0.9 0.9 0.9 0.899663 0.894096 0.888848 0.88608 0.886498 0.889771 0.894467 0.898486 0.9 0.9 0.895587 0.860228 0.745856 0.517051 0.278775 0.149965 0.106457 0.1 0.1 0.1 0.102964 0.114333 0.139689 0.178221 0.210729 0.212517 0.181135 0.137029 0.104966 0.1 0.128342 0.215374 0.388307 0.614161 0.788003 0.873269 0.9 0.9 0.895439 0.89252 0.893294 0.89668 0.9 0.9 0.897275 0.891156 0.884202 0.88067 0.88311 0.890104 0.897832 0.9 0.9 0.9 0.9 0.9 0.9 0.897441 0.879656 0.8144 0.652898 0.400609 0.205404 0.122498 0.100601 0.1 0.1 0.121014 0.207418 0.41967 0.689556 0.844527 0.895578 0.9 0.882147 0.805885 0.627819 0.385526 0.209568 0.127621 0.101015 0.1 0.1 0.103844 0.105093 0.102621 0.1 0.1 0.1 0.113693 0.163829 0.293797 0.524083 0.746354 0.858706 0.894856 0.9 0.896894 0.86812 0.781703 0.604126 0.373595 0.204346 0.124979 0.1 0.1 0.122897 0.190043 0.324708 0.490143 0.602624 0.636826 0.611542 0.54724 0.468576 0.40594 0.38901 0.444581 0.580363 0.739386 0.842054 0.886979 0.9 0.894153 0.833735 0.652786 0.36252 0.170742 0.104223 0.1 0.140322 0.286517 0.57053 0.800117 0.888887 0.9 0.869861 0.74621 0.479102 0.228365 0.122545 0.1 0.1 0.10141 0.111393 0.139698 0.197222 0.276058 0.334194 0.340446 0.301035 0.241252 0.185128 0.145449 0.121383 0.107428 0.100885 0.1 0.1 0.1 0.1 0.1 
0.128727 0.132279 0.147111 0.178064 0.237925 0.341013 0.486187 0.639284 0.757695 0.829675 0.865644 0.879064 0.878959 0.864571 0.824267 0.742049 0.605739 0.434423 0.282971 0.184299 0.132303 0.109199 0.100518 0.1 0.1 0.1 0.100965 0.105271 0.11166 0.119266 0.127478 0.136177 0.145557 0.156497 0.171878 0.198361 0.249261 0.346963 0.506513 0.68973 0.820752 0.881532 0.9 0.9 0.886794 0.815694 0.617327 0.327137 0.156568 0.103624 0.1 0.101084 0.108614 0.123904 0.142499 0.155284 0.155724 0.144843 0.129532 0.115017 0.104414 0.1 0.1 0.10072 0.105839 0.113842 0.123646 0.135318 0.150355 0.171181 0.204999 0.269244 0.394753 0.585266 0.761226 0.855437 0.890448 0.899344 0.9 0.9 0.9 0.9 0.9 0.9 0.9 0.9 0.9 0.898683 0.889821 0.875949 0.858951 0.839427 0.82303 0.815234 0.819197 0.834393 0.856172 0.877549 0.892721 0.9 0.9 0.886704 0.822947 0.659853 0.409728 0.214015 0.126007 0.101275 0.1 0.1 0.108219 0.136134 0.201542 0.308454 0.403608 0.423597 0.360094 0.252856 0.158787 0.108206 0.1 0.130851 0.226983 0.415271 0.647046 0.809255 0.880838 0.9 0.9 0.899937 0.899958 0.9 0.9 0.894636 0.878951 0.852222 0.823501 0.807571 0.813154 0.83675 0.86592 0.887776 0.898662 0.9 0.9 0.9 0.9 0.9 0.9 0.869988 0.758133 0.517388 0.263563 0.139468 0.102872 0.1 0.101594 0.135293 0.256149 0.51536 0.764935 0.875286 0.9 0.89699 0.854452 0.722504 0.474863 0.246845 0.134516 0.1 0.1 0.114199 0.135553 0.153851 0.156124 0.14103 0.120303 0.105859 0.1 0.1 0.1156 0.191695 0.38488 0.65546 0.82494 0.886583 0.9 0.9 0.893298 0.855234 0.749582 0.5508 0.325366 0.178994 0.116054 0.1 0.10427 0.131056 0.186818 0.261724 0.321694 0.340394 0.317771 0.270294 0.219151 0.181728 0.173969 0.225553 0.381188 0.622182 0.798002 0.874985 0.9 0.9 0.859829 0.719895 0.443894 0.210164 0.11554 0.1 0.122337 0.231822 0.484895 0.75051 0.873014 0.9 0.885205 0.793588 0.565557 0.288488 0.143733 0.101984 0.1 0.103448 0.124563 0.185709 0.316847 0.493543 0.613087 0.638621 0.592103 0.50011 0.392917 0.298331 0.228331 0.182035 0.154709 0.140781 0.134003 0.130647 0.128727 0.132279 
0.273033 0.2857 0.317862 0.379877 0.47947 0.605945 0.727336 0.816526 0.8682 0.892129 0.9 0.9 0.9 0.899755 0.888507 0.856433 0.787405 0.667258 0.505721 0.3484 0.234505 0.1662 0.129273 0.11118 0.102471 0.1 0.1 0.1 0.1 0.1 0.1 0.100494 0.101698 0.103515 0.10664 0.113478 0.131025 0.181204 0.302752 0.517483 0.736057 0.854842 0.895906 0.9 0.882947 0.796409 0.569682 0.282482 0.13804 0.1 0.1 0.109542 0.138302 0.191185 0.254667 0.300617 0.311475 0.290086 0.251601 0.211698 0.180802 0.163205 0.157791 0.162008 0.176709 0.200814 0.232683 0.270953 0.315499 0.368865 0.438114 0.531617 0.648114 0.763745 0.845686 0.885349 0.898239 0.9 0.9 0.9 0.9 0.9 0.9 0.89716 0.890937 0.880808 0.865766 0.843604 0.810288 0.766674 0.716849 0.66782 0.630358 0.614841 0.627862 0.670157 0.733517 0.80105 0.855002 0.887245 0.9 0.9 0.870714 0.772479 0.565215 0.318871 0.167744 0.110952 0.1 0.1 0.114915 0.166339 0.293628 0.500439 0.661811 0.703258 0.633957 0.472983 0.286286 0.158545 0.103861 0.1 0.139534 0.253739 0.465787 0.697391 0.836614 0.889344 0.9 0.9 0.9 0.9 0.895441 0.874891 0.824949 0.743613 0.660183 0.614659 0.625389 0.685325 0.76741 0.838312 0.880792 0.897432 0.9 0.9 0.9 0.9 0.9 0.888903 0.812749 0.60556 0.320665 0.15822 0.106108 0.1 0.103676 0.149076 0.299706 0.587146 0.809135 0.890541 0.9 0.887446 0.81674 0.626202 0.34765 0.169039 0.106001 0.1 0.120255 0.171594 0.244764 0.301635 0.30545 0.253779 0.181621 0.129566 0.105829 0.1 0.100904 0.145434 0.298795 0.580069 0.793997 0.878374 0.89937 0.9 0.9 0.888473 0.838154 0.711812 0.498339 0.286286 0.161272 0.111146 0.1 0.104732 0.121593 0.145246 0.164168 0.168615 0.157815 0.138356 0.118496 0.103439 0.1 0.140996 0.286272 0.554481 0.771451 0.867153 0.897974 0.9 0.876647 0.773902 0.531246 0.262753 0.132647 0.1 0.108294 0.185663 0.395085 0.682841 0.848778 0.9 0.897272 0.835545 0.657172 0.374587 0.18106 0.110687 0.1 0.104098 0.136089 0.232099 0.43896 0.681305 0.81025 0.838611 0.81554 0.759045 0.676271 0.576174 0.475213 0.390394 0.330282 0.293807 0.275367 0.269702 0.273033 0.2857 
0.577517 0.593958 0.622468 0.672324 0.738857 0.806494 0.858911 0.889315 0.9 0.9 0.9 0.9 0.9 0.9 0.9 0.894115 0.871591 0.8197 0.72764 0.596762 0.451333 0.325523 0.23472 0.175173 0.137817 0.115983 0.104449 0.1 0.1 0.1 0.1 0.1 0.1 0.1 0.1 0.1 0.1 0.116354 0.187279 0.367839 0.635968 0.818657 0.88822 0.9 0.881178 0.783812 0.538785 0.257862 0.129276 0.1 0.102141 0.130942 0.206361 0.339955 0.484482 0.576481 0.602114 0.576928 0.520861 0.45455 0.396987 0.359943 0.346524 0.355563 0.385538 0.432683 0.490884 0.552915 0.612619 0.667773 0.72096 0.774683 0.825795 0.866038 0.890622 0.9 0.9 0.9 0.899877 0.896968 0.891425 0.883028 0.87075 0.851893 0.824371 0.786343 0.736245 0.672975 0.596897 0.513999 0.435065 0.371396 0.330544 0.316294 0.332486 0.387283 0.487338 0.621469 0.751502 0.841734 0.886731 0.9 0.893596 0.843904 0.703679 0.459744 0.240226 0.133318 0.100874 0.1 0.118659 0.188701 0.367342 0.63825 0.812429 0.858977 0.821173 0.695996 0.478746 0.261871 0.140145 0.1 0.104532 0.159627 0.304499 0.545663 0.759955 0.864623 0.896685 0.9 0.9 0.898717 0.883997 0.833145 0.715116 0.539863 0.392935 0.326575 0.33745 0.420342 0.564144 0.719942 0.82984 0.882739 0.899234 0.9 0.9 0.9 0.9 0.896003 0.840999 0.666064 0.373087 0.177786 0.110043 0.1 0.104917 0.158541 0.329124 0.629504 0.831858 0.897944 0.9 0.876409 0.777196 0.538253 0.264551 0.13122 0.1 0.110783 0.168485 0.296909 0.466779 0.579712 0.583894 0.476752 0.307306 0.177797 0.118273 0.1 0.1 0.130125 0.261973 0.53999 0.776372 0.873586 0.898793 0.9 0.9 0.899591 0.881586 0.818311 0.673573 0.4529 0.256236 0.148377 0.107664 0.1 0.101441 0.106737 0.11082 0.111155 0.107763 0.102895 0.1 0.1 0.1 0.150026 0.306929 0.575998 0.781738 0.869899 0.897429 0.9 0.888119 0.816201 0.617029 0.330515 0.157409 0.100506 0.1 0.150209 0.310719 0.594111 0.808613 0.890615 0.9 0.866485 0.740565 0.485508 0.242806 0.129746 0.1 0.101778 0.136555 0.246125 0.484432 0.74684 0.872957 0.9 0.89484 0.874783 0.842398 0.795925 0.739426 0.679904 0.626965 0.588527 0.568317 0.566047 0.577517 0.593958 
0.813479 0.820339 0.826506 0.842541 0.865659 0.887689 0.9 0.9 0.892059 0.883529 0.881877 0.886514 0.893438 0.898714 0.9 0.9 0.897742 0.883555 0.850256 0.790669 0.701675 0.587958 0.464156 0.349301 0.255644 0.186471 0.140349 0.113906 0.102399 0.1 0.1 0.1 0.1 0.1 0.1 0.1 0.1 0.100259 0.138156 0.274849 0.5462 0.780997 0.87919 0.9 0.881345 0.778015 0.522801 0.245688 0.12467 0.1 0.109733 0.167088 0.312422 0.539256 0.718266 0.799862 0.81907 0.805709 0.773834 0.732479 0.691691 0.66194 0.650309 0.65857 0.683669 0.718821 0.756708 0.79233 0.822347 0.845421 0.86423 0.881507 0.895078 0.9 0.9 0.898313 0.890939 0.881392 0.869149 0.851822 0.82799 0.796134 0.754246 0.699995 0.632396 0.553049 0.467361 0.383703 0.309728 0.249594 0.20351 0.171474 0.153027 0.147476 0.155058 0.184317 0.251437 0.378758 0.563248 0.739471 0.847532 0.892467 0.9 0.882207 0.800592 0.607658 0.34813 0.17667 0.110744 0.1 0.11528 0.186858 0.377212 0.667938 0.848319 0.9 0.890549 0.824686 0.662162 0.411721 0.210058 0.11971 0.1 0.116388 0.198607 0.391369 0.650397 0.821114 0.886392 0.9 0.9 0.895779 0.86696 0.774079 0.572077 0.336164 0.198511 0.152036 0.157016 0.210254 0.333538 0.53143 0.727997 0.844717 0.890515 0.9 0.9 0.9 0.9 0.898913 0.85714 0.709176 0.423023 0.199374 0.115075 0.1 0.10451 0.161105 0.339174 0.643839 0.839247 0.9 0.9 0.867815 0.746433 0.476871 0.218951 0.113418 0.1 0.130173 0.237622 0.461808 0.696387 0.810429 0.812138 0.698686 0.461748 0.239438 0.133797 0.100207 0.1 0.130264 0.262665 0.541721 0.777792 0.874283 0.898989 0.9 0.9 0.9 0.897488 0.873343 0.797865 0.636933 0.411767 0.229019 0.136373 0.104703 0.1 0.1 0.1 0.1 0.1 0.1 0.1 0.110145 0.142923 0.238198 0.432373 0.671458 0.821262 0.881279 0.898745 0.9 0.895605 0.848243 0.695145 0.416381 0.197718 0.111828 0.1 0.125631 0.23841 0.487557 0.746081 0.869964 0.9 0.888259 0.808439 0.608483 0.339223 0.169321 0.107331 0.1 0.12437 0.216698 0.431487 0.699917 0.85111 0.89835 0.9 0.9 0.896007 0.88304 0.865219 0.843292 0.822036 0.806211 0.799236 0.802478 0.813479 0.820339 
0.895588 0.897102 0.894121 0.895879 0.9 0.9 0.886257 0.857149 0.82345 0.801403 0.80168 0.821728 0.850222 0.875704 0.892192 0.9 0.9 0.9 0.89375 0.87685 0.845063 0.793707 0.719115 0.61787 0.49341 0.362562 0.249247 0.169088 0.123617 0.104355 0.1 0.1 0.1 0.1 0.1 0.1 0.1 0.1 0.120573 0.226726 0.48176 0.74957 0.871066 0.9 0.882844 0.777851 0.518705 0.241695 0.122495 0.1 0.118811 0.206039 0.416623 0.685514 0.837486 0.886603 0.89416 0.888933 0.878093 0.863712 0.84865 0.837207 0.832862 0.836749 0.847288 0.860778 0.87379 0.886048 0.895971 0.9 0.9 0.9 0.897689 0.886487 0.869128 0.847957 0.820922 0.787787 0.74741 0.698203 0.639383 0.571173 0.495606 0.417422 0.343212 0.278068 0.22391 0.180892 0.149333 0.128637 0.114095 0.10462 0.100015 0.1 0.101263 0.110263 0.137114 0.207859 0.356598 0.576689 0.767585 0.866843 0.9 0.89968 0.858079 0.72818 0.482194 0.24724 0.132386 0.1 0.106276 0.162369 0.324408 0.60619 0.816898 0.89446 0.9 0.878737 0.784149 0.573384 0.314472 0.158091 0.102974 0.1 0.140411 0.271814 0.521775 0.756478 0.867255 0.898778 0.9 0.893244 0.851508 0.721057 0.46037 0.224269 0.122244 0.1 0.10041 0.121812 0.190435 0.344907 0.577676 0.772119 0.86726 0.897219 0.9 0.9 0.9 0.9 0.868102 0.744278 0.475442 0.226148 0.122216 0.1 0.102509 0.156404 0.329134 0.632867 0.83493 0.9 0.9 0.864538 0.733252 0.451148 0.201507 0.106432 0.1 0.14555 0.29154 0.57327 0.80905 0.9 0.9 0.801228 0.553372 0.278245 0.142508 0.1 0.1 0.143506 0.297738 0.582703 0.797034 0.879977 0.899728 0.9 0.9 0.9 0.9 0.895197 0.864751 0.77574 0.595178 0.363809 0.197465 0.123104 0.101614 0.1 0.1 0.1 0.1 0.101836 0.114093 0.154907 0.250499 0.419045 0.625018 0.784558 0.864308 0.893242 0.9 0.9 0.899554 0.871209 0.761503 0.516683 0.257721 0.132025 0.1 0.108274 0.180952 0.376277 0.655909 0.834014 0.896465 0.9 0.856866 0.721735 0.473761 0.245777 0.133311 0.1 0.106827 0.163782 0.312412 0.549307 0.74324 0.840363 0.878181 0.895063 0.9 0.9 0.9 0.894757 0.889091 0.885249 0.884572 0.888132 0.895588 0.897102 
0.9 0.9 0.9 0.9 0.897532 0.874964 0.817669 0.727489 0.63803 0.587491 0.590757 0.64028 0.71425 0.787095 0.842075 0.875954 0.892829 0.9 0.9 0.9 0.894582 0.880387 0.854939 0.809794 0.734654 0.617097 0.460104 0.301892 0.187326 0.12662 0.103822 0.1 0.1 0.1 0.1 0.1 0.1 0.1 0.114077 0.20418 0.443946 0.728598 0.865289 0.9 0.885025 0.781864 0.523918 0.243955 0.122511 0.1 0.124325 0.230363 0.477095 0.749664 0.87435 0.9 0.9 0.9 0.9 0.898374 0.895256 0.892572 0.891717 0.893261 0.89674 0.9 0.9 0.9 0.9 0.894551 0.879755 0.857832 0.827959 0.787041 0.736682 0.680015 0.617884 0.550728 0.480503 0.411034 0.346522 0.289438 0.240085 0.198138 0.164307 0.139127 0.12119 0.107916 0.1 0.1 0.1 0.1 0.1 0.1 0.1 0.1 0.103323 0.130507 0.215628 0.398556 0.641982 0.81366 0.885737 0.9 0.8867 0.809758 0.616787 0.348392 0.172428 0.107008 0.1 0.131508 0.242568 0.480019 0.732549 0.862269 0.9 0.899943 0.851947 0.705388 0.444124 0.219909 0.121323 0.1 0.112603 0.194256 0.398916 0.671945 0.836385 0.892634 0.9 0.893327 0.845783 0.698012 0.41527 0.189231 0.106787 0.1 0.1 0.10073 0.128387 0.219714 0.413324 0.65665 0.817911 0.88401 0.9 0.9 0.9 0.9 0.877002 0.776895 0.534805 0.262988 0.133338 0.1 0.100151 0.14625 0.301773 0.597142 0.81766 0.895367 0.9 0.867953 0.741306 0.462775 0.207744 0.108204 0.1 0.146837 0.297128 0.58359 0.81579 0.9 0.9 0.795484 0.540476 0.267176 0.136567 0.1 0.106704 0.177903 0.372384 0.653348 0.827196 0.888114 0.9 0.9 0.9 0.9 0.9 0.9 0.892702 0.853672 0.743001 0.531398 0.29797 0.160818 0.110369 0.1 0.1 0.1 0.101058 0.110466 0.145726 0.241565 0.426461 0.639415 0.788403 0.862823 0.891458 0.899627 0.9 0.9 0.9 0.886273 0.813993 0.620095 0.341858 0.165568 0.103942 0.1 0.140211 0.2767 0.537083 0.770839 0.876519 0.9 0.885972 0.80891 0.626111 0.37576 0.197206 0.118592 0.1 0.119141 0.193677 0.342162 0.528593 0.68147 0.778897 0.837951 0.872464 0.891682 0.9 0.9 0.9 0.9 0.9 0.9 0.9 0.9 
0.9 0.9 0.9 0.898133 0.880075 0.817477 0.679881 0.496339 0.357185 0.296713 0.299868 0.354762 0.454007 0.578246 0.694993 0.782462 0.838604 0.871584 0.889486 0.89909 0.9 0.9 0.897774 0.885501 0.858533 0.800454 0.688085 0.510796 0.317387 0.183362 0.120619 0.101272 0.1 0.1 0.1 0.1 0.1 0.1 0.112148 0.196218 0.428612 0.719212 0.862446 0.9 0.887406 0.788869 0.536749 0.251813 0.124841 0.1 0.123402 0.230321 0.480935 0.755215 0.877262 0.9 0.9 0.9 0.9 0.9 0.9 0.9 0.9 0.9 0.9 0.9 0.893732 0.878857 0.855115 0.819001 0.767363 0.70158 0.624477 0.539951 0.456268 0.382518 0.321712 0.27093 0.228002 0.192283 0.163868 0.142592 0.126848 0.114192 0.104735 0.1 0.1 0.1 0.1 0.105411 0.112552 0.117311 0.117045 0.111887 0.104983 0.1 0.1 0.104859 0.143569 0.261418 0.489245 0.727255 0.856608 0.899652 0.9 0.859456 0.727324 0.474735 0.239052 0.127927 0.1 0.108587 0.169006 0.336937 0.603614 0.803016 0.88357 0.9 0.884091 0.792997 0.573477 0.301555 0.149132 0.100127 0.1 0.148159 0.30048 0.573402 0.792208 0.881163 0.9 0.896348 0.85244 0.712434 0.435716 0.20175 0.11173 0.1 0.1 0.1 0.106395 0.151194 0.277333 0.503952 0.726634 0.848451 0.892188 0.9 0.9 0.9 0.885237 0.808914 0.602614 0.316655 0.152482 0.101014 0.1 0.133574 0.262504 0.537418 0.784916 0.884995 0.9 0.877177 0.767684 0.508651 0.237096 0.118727 0.1 0.13309 0.251501 0.491867 0.725206 0.82616 0.815463 0.682993 0.429377 0.212137 0.117675 0.1 0.130534 0.248215 0.489039 0.736552 0.859112 0.895846 0.9 0.9 0.899283 0.899259 0.899768 0.9 0.9 0.88853 0.831603 0.679133 0.426927 0.219276 0.127504 0.101948 0.1 0.1 0.103785 0.123114 0.186633 0.345863 0.597917 0.789913 0.874311 0.89701 0.9 0.9 0.9 0.9 0.9 0.895622 0.852615 0.713622 0.451406 0.222184 0.121286 0.1 0.114392 0.198934 0.404823 0.672397 0.837092 0.895586 0.9 0.865207 0.757358 0.551988 0.324143 0.17795 0.113984 0.1 0.122362 0.185453 0.289836 0.421386 0.557378 0.678207 0.773526 0.840472 0.879499 0.896026 0.9 0.9 0.9 0.9 0.9 0.9 
0.9 0.9 0.9 0.893271 0.855324 0.739466 0.512471 0.290285 0.175798 0.140461 0.142007 0.169412 0.226007 0.317029 0.437763 0.567103 0.679092 0.762769 0.820663 0.859081 0.882246 0.895726 0.9 0.9 0.897239 0.879161 0.826162 0.705283 0.501102 0.288636 0.160657 0.110577 0.1 0.1 0.1 0.1 0.1 0.1 0.112861 0.19846 0.432418 0.721174 0.862626 0.9 0.889726 0.798159 0.556457 0.265487 0.129584 0.1 0.116596 0.207646 0.433307 0.714281 0.860374 0.899974 0.9 0.9 0.9 0.9 0.9 0.9 0.9 0.898477 0.889128 0.869863 0.835352 0.781585 0.70793 0.616352 0.513687 0.413307 0.32737 0.259556 0.208555 0.173199 0.150739 0.134137 0.120995 0.110648 0.103339 0.1 0.1 0.1 0.1 0.1 0.108785 0.123738 0.143128 0.166524 0.187856 0.197996 0.189701 0.164181 0.133531 0.111054 0.100694 0.1 0.112127 0.177184 0.346715 0.607186 0.802836 0.884509 0.9 0.886188 0.805733 0.606396 0.337976 0.167603 0.105982 0.1 0.122032 0.227015 0.466007 0.727235 0.858749 0.9 0.899107 0.845024 0.678141 0.395157 0.188687 0.110793 0.1 0.123081 0.229338 0.470503 0.732954 0.863018 0.9 0.9 0.867312 0.75557 0.512401 0.257974 0.134648 0.101352 0.1 0.1 0.1 0.117444 0.1856 0.346288 0.582127 0.7711 0.863969 0.895199 0.9 0.9 0.892627 0.839298 0.675892 0.394449 0.188032 0.110288 0.1 0.119551 0.217959 0.458391 0.733604 0.867674 0.9 0.889259 0.804099 0.58014 0.291408 0.139317 0.1 0.113056 0.182721 0.332445 0.515356 0.617569 0.59767 0.460439 0.273888 0.147599 0.1 0.10992 0.185299 0.368343 0.628865 0.812246 0.884877 0.9 0.898606 0.89304 0.889593 0.890789 0.894904 0.898529 0.9 0.9 0.875317 0.777068 0.553151 0.29153 0.15189 0.106874 0.1 0.1 0.106075 0.132287 0.21431 0.410287 0.681765 0.846736 0.9 0.9 0.9 0.9 0.9 0.9 0.9 0.9 0.878371 0.788451 0.574431 0.308143 0.153177 0.101075 0.1 0.145543 0.285172 0.537462 0.763639 0.871241 0.9 0.893494 0.843565 0.720209 0.516072 0.307578 0.173506 0.11312 0.1 0.114938 0.152172 0.212249 0.299102 0.418556 0.565878 0.71162 0.818625 0.875003 0.895875 0.9 0.9 0.9 0.9 0.9 
0.9 0.9 0.9 0.889085 0.83374 0.671711 0.392335 0.188582 0.111868 0.1 0.1 0.107249 0.12582 0.162321 0.221377 0.304948 0.409431 0.524086 0.633961 0.727809 0.800501 0.851609 0.882235 0.897112 0.9 0.9 0.883499 0.821648 0.672949 0.437036 0.233305 0.133408 0.102479 0.1 0.1 0.1 0.1 0.1 0.116327 0.211107 0.45515 0.734082 0.865713 0.9 0.891931 0.809562 0.583402 0.286539 0.137136 0.1 0.107198 0.172351 0.348338 0.619632 0.808691 0.883242 0.9 0.9 0.9 0.9 0.9 0.898051 0.888452 0.86734 0.827505 0.763222 0.671497 0.557752 0.438705 0.333577 0.251441 0.191948 0.15201 0.1264 0.10917 0.100007 0.1 0.1 0.1 0.1 0.1 0.1 0.102296 0.110382 0.124323 0.145861 0.181012 0.230042 0.28884 0.348907 0.39583 0.412213 0.382653 0.306232 0.212966 0.144609 0.111074 0.1 0.100194 0.131523 0.240453 0.46893 0.719467 0.855741 0.9 0.9 0.85636 0.72046 0.469762 0.240497 0.130007 0.1 0.1 0.167896 0.372107 0.662602 0.833089 0.89267 0.9 0.872014 0.750252 0.486065 0.234423 0.125024 0.1 0.107939 0.179195 0.373427 0.655287 0.832601 0.893828 0.9 0.883129 0.809579 0.627301 0.371017 0.195369 0.12196 0.101514 0.1 0.1 0.103399 0.132771 0.222801 0.405013 0.631734 0.794017 0.870991 0.896665 0.9 0.898159 0.865444 0.747181 0.496268 0.246743 0.129351 0.1 0.106849 0.17574 0.370876 0.660536 0.840298 0.899866 0.899509 0.840344 0.662997 0.373595 0.175569 0.105595 0.1 0.129506 0.195758 0.282425 0.336978 0.321069 0.244632 0.158536 0.107128 0.101138 0.15194 0.292903 0.533122 0.754816 0.86686 0.9 0.897796 0.87993 0.859695 0.850504 0.858196 0.875554 0.89075 0.898666 0.9 0.893358 0.831248 0.64802 0.362661 0.178656 0.113134 0.1 0.1 0.106089 0.131456 0.209258 0.393493 0.65344 0.819667 0.878166 0.884934 0.882538 0.881893 0.885661 0.892323 0.898221 0.9 0.893258 0.841874 0.689347 0.426256 0.211494 0.118708 0.1 0.115101 0.195944 0.388162 0.645705 0.818734 0.887636 0.9 0.886216 0.831163 0.707312 0.508148 0.301261 0.167959 0.111773 0.1 0.105001 0.121818 0.15366 0.213849 0.326069 0.505137 0.700618 0.828545 0.882896 0.898525 0.9 0.9 0.9 0.9 
0.9 0.9 0.9 0.888052 0.823977 0.637215 0.339924 0.156451 0.1 0.1 0.1 0.1 0.100538 0.108533 0.125347 0.154649 0.200567 0.266692 0.357322 0.473507 0.603087 0.722654 0.812616 0.867395 0.892638 0.9 0.9 0.875267 0.787883 0.594376 0.343992 0.178844 0.113563 0.1 0.1 0.1 0.1 0.1 0.124809 0.238965 0.499392 0.757381 0.871427 0.9 0.894117 0.823322 0.619078 0.319206 0.14947 0.1 0.1 0.137596 0.251103 0.468662 0.69163 0.820217 0.873021 0.890389 0.894596 0.891743 0.882117 0.861893 0.823279 0.758173 0.660675 0.536076 0.405996 0.295816 0.215731 0.162603 0.129187 0.108787 0.1 0.1 0.1 0.100633 0.10528 0.110339 0.115638 0.121796 0.129664 0.140741 0.158644 0.188385 0.23338 0.296548 0.37953 0.475751 0.569984 0.646232 0.694282 0.706908 0.666423 0.545174 0.35985 0.207347 0.132007 0.104922 0.1 0.109986 0.17202 0.339987 0.603914 0.802506 0.884844 0.9 0.884852 0.805481 0.617419 0.364903 0.191076 0.116926 0.103446 0.164315 0.356579 0.644218 0.821974 0.887199 0.9 0.886515 0.795716 0.560165 0.278421 0.139166 0.1 0.100105 0.145252 0.289447 0.557343 0.78301 0.878948 0.9 0.895651 0.856816 0.745851 0.540338 0.324342 0.189764 0.128454 0.106033 0.1 0.1 0.107541 0.146955 0.252026 0.442704 0.658772 0.806531 0.875974 0.898861 0.9 0.884925 0.808079 0.609015 0.334257 0.163361 0.103775 0.1 0.141926 0.287505 0.564102 0.79359 0.886732 0.9 0.868505 0.742213 0.48188 0.236393 0.125722 0.1 0.105191 0.127474 0.156724 0.174401 0.16622 0.137213 0.10816 0.1 0.134028 0.245731 0.4596 0.696652 0.841381 0.896304 0.899536 0.868521 0.812608 0.756435 0.735627 0.764985 0.821568 0.868439 0.8926 0.9 0.9 0.857507 0.704885 0.417333 0.201154 0.118674 0.1 0.1 0.103924 0.121534 0.17529 0.303664 0.508338 0.679201 0.760632 0.783859 0.788789 0.798317 0.821828 0.8543 0.88243 0.898211 0.9 0.875873 0.779612 0.562332 0.303287 0.153291 0.102061 0.1 0.139164 0.26015 0.488813 0.72215 0.851274 0.896548 0.9 0.88409 0.830071 0.702818 0.486154 0.268736 0.149333 0.107488 0.1 0.1 0.105278 0.12364 0.178646 0.315092 0.548125 0.759373 0.861166 0.894134 0.9 0.9 0.9 0.9 
0.9 0.9 0.9 0.890333 0.826552 0.63485 0.333071 0.154579 0.101303 0.1 0.1 0.1 0.1 0.1 0.1 0.104077 0.115561 0.136434 0.173389 0.237931 0.342016 0.489568 0.652674 0.783179 0.859544 0.892369 0.9 0.895299 0.851703 0.722737 0.486642 0.259794 0.142207 0.103768 0.1 0.1 0.1 0.101656 0.145759 0.293351 0.567753 0.789309 0.879111 0.9 0.896383 0.83958 0.665173 0.371689 0.173644 0.105916 0.1 0.113292 0.170393 0.300701 0.491318 0.66133 0.763667 0.81144 0.826104 0.817933 0.788196 0.732414 0.644657 0.526907 0.398143 0.285748 0.204016 0.151968 0.121841 0.106093 0.1 0.1 0.111067 0.13406 0.158405 0.177547 0.192252 0.204407 0.217199 0.233687 0.256631 0.289193 0.335733 0.400324 0.482419 0.574398 0.664074 0.740384 0.798072 0.836858 0.857843 0.863463 0.838417 0.733054 0.51135 0.27858 0.156273 0.111603 0.1 0.100745 0.131951 0.240102 0.467553 0.717142 0.854101 0.899371 0.9 0.861486 0.749547 0.546527 0.336643 0.213476 0.182098 0.248604 0.441391 0.688455 0.833448 0.887706 0.9 0.893664 0.821448 0.610091 0.313293 0.151418 0.102033 0.1 0.124002 0.2212 0.443829 0.704336 0.848747 0.896059 0.9 0.886694 0.834194 0.713932 0.528201 0.343648 0.217999 0.149239 0.115636 0.101207 0.1 0.11026 0.156644 0.270833 0.466784 0.679031 0.819149 0.882163 0.9 0.897469 0.853517 0.712479 0.449818 0.221227 0.120809 0.1 0.118026 0.217575 0.453717 0.724523 0.863099 0.9 0.889445 0.807961 0.600928 0.326361 0.16188 0.106602 0.1 0.104336 0.111697 0.115619 0.111883 0.103052 0.1 0.122402 0.209716 0.400425 0.643588 0.812663 0.885995 0.9 0.8706 0.784798 0.650483 0.530769 0.495863 0.568349 0.707571 0.823325 0.8807 0.9 0.9 0.866948 0.730034 0.44608 0.213638 0.121761 0.1 0.1 0.101349 0.10978 0.136303 0.199058 0.306322 0.421287 0.497569 0.530797 0.547827 0.580739 0.651066 0.749017 0.834437 0.882585 0.9 0.894283 0.840816 0.688286 0.430794 0.21794 0.122429 0.1 0.110088 0.17259 0.330051 0.572442 0.772204 0.869811 0.9 0.9 0.885422 0.822295 0.653242 0.390727 0.201172 0.123806 0.102478 0.1 0.1 0.1 0.118571 0.207033 0.42242 0.690084 0.837831 0.888816 0.9 0.9 0.9 0.9 
0.9 0.9 0.9 0.89415 0.834868 0.647633 0.345315 0.162849 0.105604 0.1 0.1 0.1 0.1 0.1 0.1 0.1 0.1 0.1 0.106048 0.127689 0.174456 0.267466 0.424913 0.620794 0.778837 0.864283 0.896386 0.9 0.883961 0.810687 0.636515 0.391104 0.210064 0.127631 0.102423 0.1 0.1 0.119927 0.199925 0.392345 0.657029 0.825583 0.8875 0.9 0.898556 0.857453 0.720666 0.452491 0.22009 0.121534 0.1 0.100057 0.121302 0.178287 0.280189 0.408122 0.52205 0.5943 0.620645 0.605655 0.553601 0.470874 0.371904 0.276918 0.201335 0.150229 0.120253 0.105597 0.1 0.1 0.104587 0.12694 0.178698 0.258176 0.337346 0.393571 0.427667 0.450417 0.47183 0.498339 0.533168 0.577181 0.629354 0.686566 0.743626 0.794978 0.836796 0.867121 0.886749 0.898212 0.9 0.9 0.887163 0.79769 0.577131 0.313563 0.168703 0.115335 0.100446 0.1 0.111423 0.172599 0.336221 0.59384 0.793452 0.880446 0.9 0.890602 0.840094 0.729045 0.57223 0.4404 0.394769 0.45762 0.613288 0.771487 0.859072 0.892576 0.9 0.89602 0.832801 0.635535 0.333735 0.159539 0.104761 0.1 0.110031 0.168591 0.3289 0.586277 0.787153 0.87607 0.9 0.9 0.882527 0.830999 0.728769 0.576998 0.411059 0.275616 0.184981 0.131788 0.106001 0.1 0.111969 0.16379 0.287537 0.495029 0.708411 0.838393 0.890607 0.9 0.882166 0.792512 0.57625 0.305782 0.15044 0.1 0.102476 0.165349 0.34766 0.632891 0.825967 0.895173 0.9 0.854365 0.707818 0.443254 0.220453 0.123931 0.1 0.1 0.100661 0.100954 0.1 0.1 0.111922 0.171206 0.330464 0.582118 0.78251 0.87508 0.9 0.885281 0.805675 0.63158 0.414744 0.273559 0.245099 0.338783 0.552919 0.761283 0.864856 0.899443 0.9 0.867269 0.730644 0.446201 0.213266 0.121492 0.1 0.1 0.1 0.102268 0.110962 0.132573 0.169534 0.211279 0.241101 0.254337 0.263624 0.295285 0.388851 0.562043 0.744375 0.850733 0.892905 0.9 0.876481 0.783658 0.576431 0.322178 0.16551 0.107289 0.1 0.122855 0.209626 0.394819 0.632267 0.801065 0.878024 0.9 0.9 0.871885 0.742629 0.477833 0.242956 0.138218 0.105968 0.1 0.1 0.1 0.102044 0.166455 0.361718 0.650355 0.823822 0.885492 0.89987 0.9 0.9 0.9 
0.9 0.9 0.9 0.896872 0.839573 0.654231 0.353856 0.16968 0.109117 0.1 0.1 0.1 0.102796 0.109403 0.117723 0.122272 0.118713 0.1085 0.1 0.1 0.110686 0.148828 0.241835 0.416259 0.636074 0.799321 0.876691 0.9 0.899018 0.864014 0.761308 0.566938 0.350529 0.210075 0.147207 0.129755 0.139921 0.192352 0.322966 0.543531 0.752148 0.859352 0.894796 0.9 0.9 0.874628 0.779616 0.56209 0.30479 0.158541 0.108163 0.1 0.101736 0.118836 0.155888 0.209386 0.266407 0.309664 0.327075 0.315672 0.280743 0.233158 0.185312 0.146368 0.120042 0.105848 0.1 0.1 0.1 0.104637 0.125323 0.18617 0.31567 0.49082 0.626828 0.695996 0.724547 0.737876 0.748612 0.761881 0.779093 0.799782 0.822501 0.845214 0.86564 0.881983 0.89394 0.9 0.9 0.9 0.898263 0.890179 0.859017 0.752709 0.52842 0.287548 0.160164 0.113595 0.10079 0.1 0.102027 0.131659 0.23251 0.445037 0.690379 0.837349 0.892051 0.9 0.885578 0.84273 0.77315 0.702642 0.671686 0.701907 0.774694 0.843341 0.882291 0.897568 0.9 0.895256 0.833535 0.63946 0.337528 0.161465 0.106058 0.1 0.102151 0.132116 0.230667 0.435787 0.673947 0.822734 0.883866 0.9 0.9 0.885296 0.84713 0.773592 0.657936 0.508176 0.353596 0.228332 0.147929 0.108927 0.1 0.114519 0.174175 0.317045 0.546715 0.755522 0.864131 0.9 0.898254 0.84662 0.688591 0.41452 0.199368 0.112646 0.1 0.131832 0.260504 0.52433 0.769833 0.877973 0.9 0.882456 0.789105 0.570837 0.306243 0.156135 0.106477 0.1 0.1 0.1 0.1 0.103763 0.133564 0.237231 0.468363 0.725604 0.860825 0.9 0.9 0.850437 0.703308 0.452194 0.237993 0.138309 0.125926 0.212334 0.443032 0.713895 0.853588 0.899089 0.9 0.859775 0.708692 0.419 0.200491 0.11796 0.1 0.1 0.1 0.1 0.100606 0.104947 0.113239 0.122534 0.128445 0.129472 0.129472 0.141352 0.209369 0.388289 0.644381 0.813245 0.881679 0.9 0.894242 0.845415 0.707543 0.466855 0.247435 0.135973 0.1 0.1 0.137654 0.244888 0.442292 0.662245 0.807919 0.875432 0.895436 0.868704 0.743352 0.484151 0.248557 0.141006 0.106837 0.1 0.1 0.1 0.103806 0.171352 0.370249 0.656904 0.826498 0.88626 0.899928 0.9 0.9 0.9 
0.9 0.9 0.9 0.895062 0.830174 0.634595 0.341288 0.167709 0.109898 0.1 0.1 0.103775 0.117791 0.14631 0.182889 0.207089 0.202344 0.171443 0.133691 0.107876 0.1 0.106497 0.146516 0.254024 0.455959 0.685442 0.830447 0.888616 0.9 0.890436 0.843364 0.734258 0.565797 0.401274 0.298815 0.263012 0.285502 0.37384 0.531584 0.708925 0.830106 0.883869 0.899233 0.9 0.9 0.888279 0.832402 0.6834 0.441997 0.240466 0.140854 0.106473 0.1 0.1 0.109228 0.124422 0.142347 0.156758 0.162487 0.157891 0.145261 0.129362 0.115063 0.105114 0.100065 0.1 0.1 0.1 0.101536 0.112204 0.150679 0.257332 0.470352 0.697445 0.819405 0.859225 0.867671 0.869539 0.871134 0.873961 0.878163 0.883386 0.889047 0.894388 0.89843 0.9 0.9 0.896381 0.881313 0.857973 0.829762 0.7922 0.723593 0.586098 0.384536 0.218431 0.137094 0.107818 0.1003 0.1 0.1 0.110228 0.163172 0.304556 0.540164 0.750434 0.859444 0.897177 0.9 0.889541 0.867569 0.842079 0.828781 0.836673 0.85951 0.88192 0.89516 0.9 0.9 0.89244 0.82622 0.62579 0.326297 0.157184 0.105341 0.1 0.1 0.110963 0.161033 0.289455 0.503037 0.708025 0.829248 0.882308 0.9 0.9 0.893096 0.870295 0.822399 0.737111 0.599879 0.419414 0.252043 0.148833 0.10616 0.1 0.119798 0.198048 0.379002 0.632891 0.813458 0.887069 0.9 0.877743 0.772363 0.53223 0.267395 0.134927 0.1 0.110537 0.195853 0.41447 0.695498 0.852005 0.9 0.898149 0.84367 0.684835 0.417519 0.207989 0.12086 0.1 0.1 0.1 0.1 0.109144 0.154998 0.296134 0.570872 0.803968 0.894926 0.9 0.882323 0.788731 0.572558 0.308633 0.152874 0.1 0.1 0.184763 0.420057 0.707981 0.854789 0.9 0.8997 0.841528 0.661191 0.368809 0.178557 0.112105 0.1 0.1 0.1 0.1 0.1 0.1 0.1 0.1 0.1 0.1 0.1 0.1 0.151309 0.318442 0.596087 0.79377 0.875152 0.899481 0.9 0.879663 0.802699 0.625729 0.382171 0.203331 0.12214 0.1 0.105368 0.151973 0.265842 0.451055 0.640749 0.762735 0.808318 0.77618 0.63622 0.399225 0.212755 0.129966 0.104148 0.1 0.1 0.100571 0.124647 0.222675 0.446594 0.706573 0.844456 0.890676 0.9 0.9 0.9 0.9 
0.9 0.9 0.9 0.881627 0.791579 0.571223 0.30014 0.154717 0.107487 0.1 0.101416 0.115448 0.156715 0.24013 0.346501 0.416603 0.411997 0.336811 0.231271 0.149293 0.10975 0.1 0.109514 0.161852 0.298165 0.529598 0.745654 0.859016 0.897193 0.9 0.885219 0.840718 0.759904 0.658641 0.574271 0.538259 0.561735 0.637964 0.739396 0.826438 0.87687 0.896444 0.9 0.9 0.9 0.896955 0.870908 0.78796 0.614414 0.392594 0.227234 0.142748 0.109275 0.1 0.1 0.101221 0.104796 0.107941 0.109104 0.107842 0.104858 0.101671 0.1 0.1 0.1 0.1 0.1 0.1 0.102539 0.116349 0.163988 0.294295 0.543455 0.775037 0.87847 0.9 0.9 0.9 0.9 0.9 0.9 0.9 0.9 0.9 0.9 0.899866 0.891415 0.866097 0.810513 0.7266 0.636399 0.550433 0.455686 0.341152 0.227659 0.150954 0.114767 0.102375 0.1 0.1 0.1 0.101205 0.12354 0.20064 0.370568 0.601676 0.778419 0.86595 0.896441 0.9 0.897853 0.89037 0.885602 0.886251 0.891307 0.896641 0.899557 0.9 0.9 0.888206 0.81295 0.599318 0.304979 0.148774 0.1033 0.1 0.1 0.101541 0.120974 0.183987 0.31974 0.517514 0.699573 0.814146 0.871527 0.894809 0.9 0.9 0.888313 0.859312 0.78891 0.641947 0.419121 0.226002 0.130788 0.1 0.1 0.135863 0.254463 0.493966 0.740545 0.86405 0.9 0.894998 0.828311 0.637679 0.349746 0.165702 0.102431 0.1 0.152733 0.320108 0.606296 0.813711 0.890551 0.9 0.875053 0.770953 0.540982 0.28383 0.147516 0.104697 0.1 0.1 0.100253 0.11224 0.164499 0.317203 0.598421 0.819141 0.9 0.897836 0.841371 0.68696 0.428401 0.212851 0.117769 0.1 0.112691 0.21818 0.473191 0.742555 0.867832 0.9 0.889295 0.803088 0.582895 0.303727 0.152541 0.105437 0.1 0.1 0.101199 0.104426 0.107799 0.109348 0.10831 0.105383 0.102079 0.1 0.10127 0.115776 0.184796 0.365335 0.630232 0.806502 0.877528 0.898466 0.9 0.895327 0.860367 0.756959 0.557096 0.329334 0.181156 0.116746 0.1 0.109127 0.155489 0.252336 0.389669 0.51676 0.578765 0.548381 0.424979 0.266584 0.15935 0.112743 0.1 0.1 0.104655 0.125627 0.190022 0.341361 0.580003 0.778125 0.868746 0.896245 0.9 0.9 0.9 0.9 
0.9 0.9 0.886817 0.835424 0.698443 0.45661 0.237607 0.13475 0.103254 0.1 0.105929 0.136581 0.224741 0.400833 0.595378 0.699531 0.698096 0.59606 0.40767 0.229592 0.136177 0.103311 0.1 0.119051 0.194343 0.369005 0.615428 0.797842 0.878464 0.9 0.9 0.887228 0.859652 0.82179 0.78704 0.77121 0.781997 0.814149 0.852512 0.882111 0.896497 0.9 0.9 0.9 0.9 0.9 0.892464 0.856912 0.764227 0.597021 0.397709 0.243454 0.15596 0.11559 0.101097 0.1 0.1 0.1 0.1 0.1 0.1 0.1 0.1 0.1 0.1 0.1 0.1 0.1 0.102031 0.113822 0.155226 0.269482 0.496036 0.729033 0.849413 0.888827 0.898307 0.9 0.9 0.9 0.9 0.9 0.9 0.9 0.899473 0.893734 0.870413 0.806165 0.671753 0.492274 0.351214 0.269266 0.216554 0.171543 0.134532 0.112377 0.102427 0.1 0.1 0.1 0.1 0.1 0.105427 0.138756 0.232351 0.409915 0.622778 0.778609 0.858973 0.891032 0.9 0.9 0.9 0.899389 0.899663 0.9 0.9 0.9 0.9 0.883099 0.796212 0.566341 0.28015 0.139242 0.101131 0.1 0.1 0.1 0.103835 0.126779 0.189363 0.311031 0.483281 0.653618 0.776073 0.847796 0.88423 0.9 0.9 0.9 0.87687 0.788794 0.583333 0.321547 0.166984 0.110557 0.1 0.109686 0.180829 0.374608 0.656203 0.832792 0.894709 0.9 0.861711 0.718532 0.438413 0.206435 0.114198 0.1 0.126913 0.248418 0.511644 0.764491 0.875206 0.9 0.892671 0.829621 0.655213 0.383407 0.190408 0.115765 0.1 0.1 0.100244 0.110938 0.155954 0.285154 0.531014 0.750458 0.840143 0.82916 0.729069 0.524761 0.291203 0.150715 0.100284 0.1 0.145654 0.298668 0.575844 0.797288 0.886355 0.9 0.866389 0.736688 0.477067 0.236008 0.128175 0.1 0.1 0.10619 0.120019 0.139622 0.159117 0.172472 0.177234 0.175314 0.171411 0.17151 0.183996 0.226148 0.332355 0.523861 0.726664 0.842509 0.886997 0.899201 0.9 0.9 0.889229 0.840963 0.719108 0.512798 0.302757 0.172023 0.114702 0.1 0.10814 0.142283 0.200863 0.265115 0.302667 0.289675 0.231498 0.163607 0.118481 0.1 0.1 0.111848 0.14254 0.209141 0.336971 0.531799 0.726084 0.842929 0.889123 0.9 0.9 0.9 0.9 0.9 
0.888661 0.872079 0.82087 0.714174 0.528425 0.314031 0.17369 0.115756 0.1 0.1 0.110911 0.15906 0.296485 0.551313 0.769188 0.858379 0.858943 0.78107 0.582364 0.324079 0.170265 0.11305 0.1 0.102734 0.137395 0.244155 0.455765 0.692789 0.835029 0.889011 0.9 0.9 0.893784 0.883762 0.873891 0.86939 0.872956 0.882656 0.893069 0.9 0.9 0.9 0.89938 0.899172 0.899609 0.9 0.9 0.890961 0.854727 0.769141 0.621216 0.437378 0.279573 0.179303 0.127567 0.106214 0.1 0.1 0.1 0.1 0.1 0.1 0.1 0.1 0.1 0.1 0.1 0.1 0.100676 0.106932 0.131758 0.202404 0.354083 0.555904 0.708148 0.789848 0.83229 0.85876 0.878155 0.891812 0.898963 0.9 0.9 0.9 0.89797 0.886334 0.846117 0.736967 0.521417 0.294313 0.172266 0.129314 0.114981 0.105897 0.1 0.1 0.1 0.1 0.1 0.1 0.1 0.1 0.1 0.109408 0.148948 0.244996 0.410722 0.603811 0.753013 0.839078 0.880362 0.896608 0.9 0.9 0.9 0.9 0.9 0.9 0.9 0.878014 0.779495 0.534626 0.258056 0.131266 0.1 0.1 0.1 0.1 0.1 0.104291 0.124603 0.17542 0.270798 0.412179 0.573496 0.712822 0.809155 0.865538 0.891761 0.9 0.9 0.846943 0.672403 0.388897 0.195793 0.120078 0.1 0.1 0.142785 0.293562 0.577518 0.798355 0.884496 0.9 0.881207 0.77498 0.520884 0.251384 0.128705 0.1 0.110575 0.197566 0.424486 0.708659 0.856635 0.9 0.9 0.865679 0.745084 0.49751 0.252526 0.135606 0.10236 0.1 0.1 0.106532 0.135396 0.217309 0.381157 0.564383 0.657472 0.636037 0.511651 0.330702 0.185718 0.115684 0.1 0.11914 0.210509 0.424303 0.691741 0.848467 0.9 0.894321 0.823884 0.636332 0.361397 0.177762 0.1103 0.1 0.108431 0.137004 0.188384 0.254254 0.316149 0.358937 0.379038 0.382688 0.381138 0.387396 0.415632 0.4811 0.591231 0.722552 0.825718 0.878552 0.896402 0.9 0.9 0.9 0.899739 0.883676 0.826571 0.696312 0.492384 0.293955 0.170528 0.11531 0.1 0.103135 0.121027 0.143717 0.158347 0.155511 0.136906 0.114495 0.1 0.1 0.118948 0.165922 0.253461 0.390313 0.56334 0.724569 0.832044 0.88369 0.9 0.9 0.899063 0.895085 0.888661 0.872079 
0.79992 0.743126 0.640173 0.489686 0.322182 0.193964 0.127452 0.104021 0.1 0.1 0.112609 0.168907 0.329548 0.613564 0.826095 0.9 0.9 0.846309 0.665709 0.380061 0.192206 0.119958 0.10055 0.1 0.110919 0.16558 0.308252 0.54395 0.753576 0.859876 0.894995 0.9 0.9 0.899211 0.897655 0.896942 0.897939 0.9 0.9 0.899347 0.892408 0.88426 0.878174 0.876863 0.881041 0.888998 0.897449 0.9 0.893567 0.863008 0.791879 0.666541 0.497446 0.332983 0.215651 0.148438 0.115647 0.102649 0.1 0.1 0.1 0.1 0.1 0.1 0.1 0.1 0.1 0.1 0.1 0.100963 0.10991 0.138705 0.206808 0.317091 0.441336 0.551483 0.642874 0.722717 0.793118 0.848114 0.882349 0.897292 0.9 0.9 0.897315 0.883082 0.835104 0.705452 0.458611 0.22772 0.123112 0.1 0.1 0.1 0.1 0.102309 0.104912 0.10591 0.104971 0.102787 0.100649 0.1 0.1 0.1 0.110982 0.148815 0.233128 0.374768 0.549448 0.702781 0.805252 0.862338 0.889194 0.899179 0.9 0.9 0.9 0.9 0.9 0.874142 0.76709 0.512223 0.243347 0.126269 0.1 0.1 0.1 0.1 0.1 0.1 0.102544 0.116156 0.150589 0.217068 0.324943 0.471248 0.626243 0.751026 0.830886 0.872561 0.882516 0.831528 0.662193 0.388465 0.19909 0.122451 0.1 0.1 0.126621 0.249309 0.521767 0.770521 0.87531 0.9 0.892808 0.811519 0.585812 0.29281 0.142262 0.1 0.101696 0.164431 0.354575 0.651106 0.833921 0.894223 0.9 0.885765 0.808335 0.608193 0.333593 0.166634 0.109261 0.1 0.1 0.102287 0.115758 0.15404 0.229616 0.32282 0.376916 0.357664 0.278678 0.186899 0.124358 0.1 0.105721 0.162207 0.317622 0.575118 0.78821 0.882519 0.9 0.869684 0.74991 0.505981 0.258819 0.135578 0.1 0.10326 0.137875 0.219149 0.349148 0.489973 0.596248 0.656105 0.681185 0.686881 0.686574 0.691603 0.710775 0.748424 0.799916 0.850065 0.883957 0.89926 0.9 0.9 0.9 0.9 0.9 0.899237 0.880598 0.819695 0.688431 0.488969 0.295231 0.172802 0.116921 0.1 0.1 0.105845 0.110213 0.110041 0.105522 0.1 0.1 0.120632 0.180803 0.298035 0.463153 0.631912 0.762119 0.843292 0.884731 0.9 0.9 0.889568 0.869596 0.839571 0.79992 0.743126 
0.573282 0.474872 0.365255 0.259494 0.176103 0.125379 0.104196 0.1 0.1 0.1 0.110208 0.160105 0.305435 0.574098 0.796234 0.886254 0.893204 0.829395 0.642563 0.365313 0.187864 0.119815 0.101332 0.1 0.100842 0.123458 0.203215 0.382145 0.625046 0.800353 0.8773 0.898885 0.9 0.9 0.9 0.9 0.9 0.9 0.893005 0.875439 0.846658 0.815355 0.79302 0.788332 0.803401 0.832877 0.865608 0.889633 0.9 0.897589 0.874393 0.818941 0.717854 0.569862 0.405832 0.271932 0.185379 0.137422 0.113948 0.103467 0.1 0.1 0.1 0.1 0.1 0.1 0.1 0.1 0.1 0.1 0.1 0.103915 0.123511 0.160165 0.212023 0.276018 0.356462 0.46422 0.597945 0.729895 0.826625 0.878722 0.898002 0.9 0.898351 0.886774 0.846705 0.737292 0.520577 0.292712 0.172447 0.135127 0.131389 0.136543 0.143943 0.151699 0.156921 0.156637 0.149777 0.137749 0.123851 0.111754 0.103478 0.1 0.1 0.108852 0.138293 0.203628 0.316535 0.471354 0.632559 0.759125 0.838675 0.880116 0.896569 0.9 0.9 0.9 0.899971 0.872687 0.763175 0.506104 0.23934 0.124688 0.1 0.1 0.1 0.1 0.1 0.1 0.1 0.1 0.106375 0.12541 0.166638 0.244242 0.365621 0.515765 0.652384 0.740773 0.767344 0.709739 0.540012 0.316466 0.175064 0.117343 0.1 0.1 0.121812 0.234566 0.499865 0.758074 0.870658 0.9 0.898667 0.832385 0.62819 0.323965 0.152516 0.1 0.1 0.14528 0.304508 0.598196 0.810333 0.88702 0.9 0.896548 0.849533 0.69958 0.427401 0.209244 0.120758 0.1 0.1 0.100104 0.104333 0.117866 0.143989 0.175616 0.19328 0.183572 0.152815 0.119864 0.1 0.1 0.134418 0.245179 0.466706 0.711894 0.852555 0.9 0.893783 0.824455 0.641208 0.370938 0.183362 0.110896 0.1 0.121834 0.201084 0.366917 0.575446 0.728482 0.80699 0.840162 0.851267 0.852752 0.851767 0.853113 0.859415 0.871547 0.886653 0.897391 0.9 0.899714 0.895106 0.892603 0.893274 0.896044 0.899005 0.9 0.9 0.880005 0.818991 0.689872 0.49272 0.297966 0.173591 0.117047 0.1 0.1 0.100063 0.100114 0.1 0.1 0.114694 0.170566 0.303312 0.505868 0.690446 0.805116 0.864835 0.891414 0.9 0.898892 0.878432 0.834506 0.764568 0.673459 0.573282 0.474872 
0.291746 0.225826 0.176193 0.137616 0.112252 0.1 0.1 0.101572 0.10408 0.105005 0.110993 0.142878 0.241252 0.442597 0.659041 0.774207 0.787502 0.703941 0.509644 0.287105 0.16044 0.113015 0.100712 0.1 0.1 0.105245 0.142007 0.251659 0.464653 0.698986 0.837521 0.889382 0.9 0.9 0.9 0.9 0.899831 0.890622 0.860512 0.799894 0.714545 0.630686 0.575883 0.564806 0.600486 0.675741 0.767506 0.84306 0.885275 0.9 0.9 0.883706 0.843856 0.768478 0.650378 0.502528 0.361315 0.255991 0.189289 0.150924 0.13054 0.120473 0.115398 0.113045 0.112255 0.112315 0.112676 0.112798 0.112036 0.109598 0.104923 0.100022 0.1 0.103128 0.11499 0.136383 0.170861 0.234453 0.34994 0.523195 0.702998 0.824777 0.882292 0.9 0.9 0.89444 0.872055 0.808465 0.673787 0.494283 0.359488 0.296987 0.281315 0.287724 0.302739 0.318112 0.326367 0.320989 0.298721 0.261329 0.215673 0.171198 0.135567 0.112194 0.100311 0.1 0.103744 0.123684 0.170155 0.255843 0.389636 0.556398 0.710163 0.815865 0.872291 0.895019 0.9 0.9 0.9 0.874507 0.77057 0.521455 0.249521 0.127635 0.1 0.1 0.1 0.1 0.1 0.1 0.1 0.1 0.1 0.1 0.105583 0.129675 0.181391 0.265994 0.372478 0.466723 0.50607 0.462029 0.343598 0.217 0.141036 0.109199 0.1 0.1 0.126534 0.247598 0.516591 0.765345 0.871972 0.9 0.9 0.841209 0.648557 0.340927 0.158617 0.100869 0.1 0.13429 0.271369 0.555573 0.789677 0.880715 0.9 0.9 0.874022 0.766431 0.521572 0.261303 0.137369 0.102472 0.1 0.1 0.100303 0.103408 0.110095 0.117969 0.121525 0.117519 0.108376 0.1 0.1 0.122064 0.201702 0.380549 0.628021 0.808774 0.886443 0.9 0.869492 0.750897 0.507256 0.260108 0.136122 0.1 0.103736 0.152712 0.292458 0.536937 0.748116 0.85142 0.887233 0.897702 0.899934 0.899499 0.898845 0.899355 0.9 0.9 0.898369 0.888947 0.873097 0.856687 0.843483 0.839071 0.845276 0.859593 0.876716 0.891179 0.9 0.9 0.880656 0.820883 0.692074 0.491439 0.292096 0.167753 0.114233 0.1 0.1 0.1 0.1 0.106002 0.140322 0.246015 0.462814 0.696401 0.829616 0.881301 0.898826 0.9 0.895202 0.867529 0.801815 0.689508 0.543138 0.400009 0.291746 0.225826 
0.140352 0.11865 0.107185 0.1 0.1 0.103649 0.116981 0.132351 0.143424 0.144635 0.13911 0.14257 0.181635 0.28148 0.420173 0.521351 0.535528 0.45629 0.316561 0.19304 0.128251 0.104852 0.1 0.1 0.1 0.1 0.11212 0.168778 0.316429 0.558805 0.767283 0.86677 0.896884 0.9 0.9 0.9 0.894104 0.863977 0.783838 0.639968 0.474571 0.351883 0.28996 0.278805 0.315645 0.413368 0.573255 0.739967 0.845275 0.888954 0.9 0.9 0.890685 0.865468 0.815347 0.733189 0.621487 0.497811 0.387883 0.306761 0.253826 0.221807 0.203495 0.193963 0.189923 0.189018 0.189323 0.188999 0.186114 0.178749 0.165661 0.1477 0.128046 0.109819 0.1 0.1 0.106359 0.128852 0.187904 0.313871 0.513226 0.71172 0.833851 0.886156 0.9 0.9 0.893817 0.870704 0.816586 0.733826 0.653331 0.602539 0.584598 0.589053 0.604168 0.619805 0.626932 0.617502 0.584572 0.523573 0.436485 0.336313 0.242892 0.171753 0.127365 0.106232 0.1 0.1 0.111897 0.142524 0.207473 0.324656 0.495303 0.674213 0.8031 0.87037 0.895628 0.9 0.9 0.879636 0.789479 0.560741 0.278856 0.137592 0.1 0.1 0.1 0.1 0.1 0.1 0.101859 0.105737 0.108965 0.107406 0.101842 0.1 0.109576 0.136993 0.181038 0.228001 0.253599 0.239878 0.19419 0.145932 0.115782 0.102837 0.1 0.10207 0.145588 0.294214 0.571356 0.790392 0.878451 0.9 0.9 0.840892 0.648494 0.341653 0.159437 0.101511 0.1 0.128283 0.25214 0.527531 0.775231 0.876386 0.9 0.9 0.887851 0.811548 0.602297 0.31682 0.157401 0.106858 0.1 0.1 0.1 0.1 0.100593 0.101371 0.101083 0.1 0.1 0.10023 0.120781 0.184671 0.329554 0.555964 0.75898 0.865389 0.9 0.893954 0.830149 0.652077 0.376875 0.184581 0.111366 0.1 0.114519 0.190135 0.386841 0.664274 0.834052 0.892019 0.9 0.9 0.9 0.9 0.9 0.9 0.896852 0.880745 0.850626 0.806854 0.755984 0.709301 0.67787 0.670836 0.691471 0.735181 0.790097 0.841637 0.879502 0.899835 0.9 0.881507 0.820522 0.684928 0.472313 0.26991 0.153671 0.109083 0.1 0.1 0.100355 0.113016 0.166757 0.318966 0.589775 0.803037 0.887284 0.9 0.9 0.892387 0.858825 0.778126 0.635958 0.45605 0.299361 0.197162 0.140352 0.11865 
0.1 0.1 0.1 0.102025 0.119213 0.150998 0.196789 0.244574 0.275985 0.275006 0.24049 0.193457 0.166964 0.180459 0.224451 0.265431 0.271216 0.234438 0.176944 0.13022 0.10697 0.1 0.1 0.1 0.1 0.1 0.10097 0.124859 0.212012 0.409742 0.664862 0.826652 0.887273 0.9 0.9 0.899349 0.881847 0.816487 0.660153 0.434681 0.259557 0.172038 0.139239 0.134135 0.151034 0.212938 0.361408 0.593921 0.783325 0.869502 0.896073 0.9 0.9 0.896294 0.883031 0.854514 0.807351 0.741881 0.66491 0.587715 0.521037 0.470843 0.437544 0.418305 0.409229 0.406415 0.406149 0.404698 0.398079 0.382029 0.352514 0.307203 0.248176 0.185133 0.135029 0.10775 0.1 0.1 0.119793 0.183776 0.323228 0.532875 0.723548 0.834244 0.882189 0.898388 0.9 0.9 0.887949 0.863793 0.837464 0.819078 0.811587 0.812383 0.817991 0.824516 0.82765 0.823125 0.806114 0.769864 0.704652 0.60161 0.465633 0.32647 0.217316 0.149108 0.114063 0.1 0.1 0.103963 0.124305 0.177424 0.287013 0.465545 0.665307 0.807195 0.87601 0.898776 0.9 0.887255 0.816888 0.621759 0.334495 0.160848 0.105043 0.1 0.1 0.1 0.1 0.103452 0.11459 0.135661 0.159768 0.170502 0.159096 0.133764 0.110675 0.102312 0.11008 0.126359 0.1385 0.137966 0.126321 0.112553 0.103519 0.1 0.1 0.116713 0.193137 0.385521 0.654892 0.825384 0.887611 0.9 0.896494 0.830003 0.626691 0.325305 0.154393 0.101091 0.1 0.12624 0.245487 0.517091 0.769433 0.874551 0.9 0.9 0.895701 0.839873 0.661354 0.367048 0.1773 0.11178 0.1 0.1 0.1 0.1 0.1 0.1 0.1 0.1 0.108905 0.133334 0.194888 0.321551 0.520141 0.719405 0.841762 0.891805 0.9 0.877187 0.776697 0.542188 0.276109 0.139839 0.100359 0.1 0.12392 0.220666 0.45513 0.731978 0.866946 0.9 0.9 0.9 0.9 0.9 0.899587 0.889906 0.860524 0.79918 0.706784 0.59883 0.497869 0.422168 0.379645 0.37275 0.40393 0.475579 0.582085 0.701024 0.802135 0.867586 0.897342 0.9 0.880471 0.812204 0.657543 0.426356 0.231747 0.134771 0.103445 0.1 0.100538 0.116496 0.179259 0.350715 0.635421 0.833364 0.9 0.9 0.889853 0.851614 0.761894 0.60385 0.409156 0.25188 0.160364 0.116969 0.1 0.1 
0.1 0.1 0.112502 0.143644 0.203224 0.292589 0.39961 0.4958 0.550727 0.543383 0.463017 0.330176 0.211689 0.15322 0.140298 0.144333 0.144348 0.132601 0.115815 0.103381 0.1 0.1 0.101307 0.101119 0.100293 0.1 0.1 0.105884 0.151079 0.289363 0.543367 0.768609 0.870217 0.898477 0.9 0.897091 0.864736 0.756037 0.525322 0.281468 0.1526 0.109085 0.1 0.1 0.10139 0.128615 0.23466 0.468915 0.72222 0.849757 0.891625 0.9 0.9 0.9 0.9 0.894518 0.882126 0.861135 0.832706 0.800356 0.768736 0.741979 0.722391 0.710257 0.704367 0.702693 0.702838 0.702139 0.697419 0.684261 0.655521 0.599389 0.502276 0.366732 0.233241 0.14753 0.110641 0.1 0.100369 0.124215 0.194769 0.336662 0.531051 0.699702 0.801561 0.852326 0.875878 0.889156 0.894345 0.893993 0.892407 0.892033 0.892057 0.891174 0.891132 0.892328 0.893239 0.892241 0.887536 0.876033 0.850493 0.799371 0.708471 0.57124 0.409468 0.269192 0.175905 0.125486 0.104549 0.1 0.1 0.115843 0.165079 0.278446 0.473702 0.6877 0.826552 0.885787 0.9 0.895505 0.847014 0.695515 0.421777 0.205039 0.117955 0.1 0.1 0.1 0.102068 0.114369 0.149057 0.217117 0.300682 0.34824 0.330131 0.259662 0.177611 0.122424 0.100829 0.1 0.104207 0.105742 0.104122 0.101552 0.1 0.1 0.110914 0.15927 0.289546 0.52251 0.746536 0.859537 0.895931 0.9 0.888435 0.80489 0.579834 0.293192 0.144447 0.100076 0.1 0.12822 0.251929 0.526355 0.773662 0.87549 0.9 0.9 0.899464 0.85536 0.69691 0.402884 0.192597 0.115799 0.1 0.1 0.1 0.1 0.1 0.102551 0.111686 0.130723 0.169286 0.240912 0.364066 0.537594 0.710821 0.82764 0.883232 0.9 0.897981 0.857287 0.719719 0.445517 0.21123 0.117331 0.1 0.1 0.127869 0.233496 0.481833 0.753711 0.875016 0.9 0.9 0.9 0.9 0.9 0.891794 0.857232 0.772081 0.626401 0.459148 0.32568 0.241506 0.194562 0.172244 0.169199 0.186482 0.231595 0.318767 0.458985 0.630134 0.775232 0.861768 0.897618 0.9 0.875423 0.788001 0.600161 0.356011 0.187743 0.117355 0.1 0.1 0.113804 0.16926 0.320919 0.583739 0.788176 0.866702 0.869129 0.830399 0.737665 0.576791 0.381989 0.228903 0.144408 0.109467 0.1 0.1 0.1 
0.105217 0.124144 0.177387 0.26785 0.398223 0.546523 0.673281 0.756528 0.79559 0.787423 0.705752 0.521678 0.300955 0.16942 0.119588 0.106837 0.104896 0.101572 0.1 0.101912 0.109462 0.116355 0.117802 0.112993 0.106208 0.101605 0.1 0.1 0.119844 0.209924 0.428574 0.698655 0.846325 0.893942 0.9 0.894838 0.847964 0.699564 0.422436 0.202133 0.115379 0.1 0.1 0.1 0.1 0.108537 0.190466 0.412076 0.691333 0.840063 0.889606 0.9 0.9 0.9 0.9 0.9 0.9 0.896611 0.890253 0.882238 0.874015 0.866855 0.861546 0.858299 0.856853 0.856666 0.85706 0.857272 0.856349 0.852739 0.842948 0.816904 0.750729 0.60677 0.392019 0.216642 0.133437 0.105274 0.1 0.103793 0.129845 0.195922 0.313639 0.463927 0.600503 0.69555 0.75371 0.790051 0.814768 0.835953 0.858718 0.881079 0.896051 0.9 0.9 0.9 0.9 0.9 0.9 0.9 0.895776 0.880801 0.844484 0.772284 0.650762 0.487405 0.325915 0.208445 0.141238 0.110319 0.1 0.1 0.114361 0.167912 0.298985 0.519362 0.733745 0.85305 0.89604 0.9 0.873158 0.768422 0.536279 0.280114 0.145559 0.104021 0.1 0.1 0.105999 0.133265 0.210577 0.366915 0.547109 0.641842 0.62418 0.505116 0.327389 0.186506 0.120298 0.100666 0.1 0.1 0.1 0.1 0.1 0.110563 0.151333 0.255001 0.448037 0.6741 0.822751 0.884255 0.9 0.9 0.872395 0.758057 0.505334 0.249506 0.131863 0.1 0.1 0.135602 0.274364 0.556596 0.787863 0.879094 0.9 0.9 0.9 0.860502 0.709506 0.417078 0.199169 0.117679 0.1 0.1 0.1 0.100344 0.107947 0.1289 0.169606 0.235205 0.331793 0.461283 0.608977 0.741224 0.832396 0.88046 0.898351 0.9 0.892562 0.839232 0.674051 0.381277 0.175793 0.106388 0.1 0.100045 0.125762 0.225437 0.465269 0.740707 0.869833 0.9 0.9 0.9 0.9 0.897359 0.873337 0.794886 0.62602 0.408274 0.247089 0.163543 0.126533 0.110806 0.103965 0.102937 0.108315 0.124034 0.162189 0.245919 0.398795 0.601601 0.772461 0.866236 0.9 0.9 0.859317 0.738821 0.512485 0.279165 0.150533 0.10582 0.1 0.106762 0.142887 0.244405 0.437332 0.632626 0.729945 0.732182 0.659421 0.519134 0.349027 0.212758 0.135741 0.104924 0.1 0.1 0.105217 0.124144 
0.173117 0.237599 0.352558 0.50353 0.653906 0.767724 0.837686 0.874612 0.890541 0.887159 0.828554 0.654181 0.380418 0.194294 0.120545 0.100534 0.1 0.1 0.108592 0.129903 0.158729 0.179189 0.177474 0.154987 0.127815 0.109429 0.101273 0.1 0.105608 0.163803 0.341539 0.628945 0.819465 0.887698 0.9 0.893872 0.836305 0.660117 0.363339 0.168357 0.104598 0.1 0.1 0.1 0.1 0.11202 0.199042 0.427594 0.703518 0.845572 0.891326 0.9 0.9 0.9 0.9 0.9 0.9 0.9 0.9 0.9 0.9 0.9 0.9 0.9 0.9 0.9 0.9 0.9 0.9 0.9 0.9 0.895433 0.867184 0.76216 0.535174 0.287895 0.158077 0.111857 0.100057 0.1 0.10524 0.12655 0.172139 0.242454 0.326587 0.408972 0.478971 0.53545 0.585266 0.641377 0.714097 0.794066 0.855466 0.886511 0.897709 0.9 0.9 0.9 0.9 0.9 0.9 0.9 0.892116 0.86781 0.813114 0.711566 0.558339 0.384654 0.243638 0.157054 0.114831 0.1 0.1 0.117659 0.186862 0.350492 0.594229 0.78754 0.876659 0.9 0.89172 0.828578 0.657672 0.39341 0.198912 0.118752 0.1 0.1 0.109221 0.151701 0.274757 0.515869 0.743385 0.84023 0.832771 0.731044 0.512233 0.27649 0.151968 0.108976 0.1 0.1 0.1 0.1 0.11099 0.151225 0.248115 0.42282 0.635415 0.793817 0.871277 0.897171 0.9 0.892545 0.837588 0.677138 0.40729 0.201155 0.118494 0.1 0.101737 0.152826 0.318945 0.60725 0.810179 0.884717 0.9 0.9 0.9 0.85623 0.698153 0.405356 0.194636 0.116725 0.1 0.1 0.100395 0.110041 0.141927 0.210028 0.3186 0.45386 0.590823 0.707681 0.795427 0.853281 0.885338 0.898107 0.9 0.9 0.88945 0.830467 0.654396 0.35764 0.164063 0.102905 0.1 0.1 0.119077 0.200755 0.41192 0.694424 0.850519 0.896837 0.9 0.9 0.9 0.891542 0.844974 0.709429 0.465587 0.249964 0.143821 0.10806 0.1 0.1 0.1 0.1 0.1 0.1 0.107163 0.138466 0.22312 0.391908 0.617743 0.793311 0.877271 0.9 0.890423 0.826016 0.662996 0.413834 0.216974 0.126429 0.1 0.1 0.116058 0.165887 0.264232 0.384029 0.460108 0.458451 0.388179 0.283832 0.188982 0.128503 0.102058 0.1 0.110282 0.134153 0.173117 0.237599 
0.35737 0.480192 0.618442 0.738566 0.822211 0.870675 0.892944 0.9 0.9 0.9 0.850828 0.682597 0.398971 0.19996 0.121012 0.1 0.1 0.111497 0.148434 0.217014 0.297853 0.347781 0.334328 0.263573 0.181799 0.129332 0.10631 0.1 0.1 0.139854 0.286893 0.572731 0.795469 0.881596 0.9 0.894396 0.831125 0.639844 0.337018 0.156644 0.102311 0.1 0.1 0.1 0.101376 0.131216 0.249001 0.50255 0.749536 0.862556 0.895586 0.9 0.9 0.9 0.9 0.9 0.9 0.9 0.9 0.9 0.9 0.9 0.9 0.9 0.9 0.9 0.9 0.9 0.9 0.9 0.9 0.9 0.891001 0.806138 0.587934 0.318454 0.169374 0.115375 0.10108 0.1 0.1 0.102967 0.113826 0.133147 0.159495 0.190285 0.220952 0.24997 0.283035 0.338764 0.448806 0.615134 0.769062 0.854056 0.887864 0.898116 0.9 0.9 0.9 0.9 0.9 0.9 0.9 0.897171 0.881801 0.840997 0.757785 0.617737 0.436802 0.273248 0.168002 0.116936 0.1 0.1 0.12905 0.226768 0.432494 0.680236 0.834741 0.893204 0.9 0.869863 0.761183 0.536337 0.290725 0.153473 0.106088 0.1 0.10788 0.155331 0.29671 0.570333 0.807141 0.9 0.9 0.828307 0.623246 0.342347 0.176631 0.116087 0.100754 0.1 0.1 0.110269 0.150433 0.247682 0.419824 0.625654 0.781756 0.863276 0.893945 0.9 0.898083 0.867592 0.766671 0.552823 0.301694 0.15694 0.106819 0.1 0.111755 0.189023 0.393788 0.673678 0.836862 0.891167 0.9 0.9 0.895615 0.837541 0.657182 0.366991 0.179385 0.113072 0.1 0.1 0.106694 0.138112 0.221237 0.372687 0.553465 0.699063 0.791902 0.846532 0.877669 0.89351 0.899982 0.9 0.9 0.9 0.889956 0.834725 0.66829 0.377768 0.17518 0.106369 0.1 0.1 0.110699 0.168538 0.335777 0.612548 0.810902 0.885773 0.9 0.9 0.9 0.884215 0.812507 0.621786 0.344873 0.170086 0.108658 0.1 0.1 0.102133 0.106729 0.109804 0.108142 0.102607 0.1 0.102127 0.135044 0.233671 0.431376 0.671651 0.828619 0.89074 0.9 0.873487 0.776633 0.574679 0.333732 0.179442 0.115829 0.1 0.100523 0.118189 0.155283 0.201618 0.232515 0.229823 0.197345 0.154214 0.119129 0.100715 0.1 0.117338 0.164425 0.247389 0.35737 0.480192 
0.628339 0.735084 0.810652 0.860336 0.887816 0.9 0.9 0.9 0.897098 0.878527 0.80287 0.612338 0.34654 0.178775 0.114623 0.1 0.106288 0.145577 0.243066 0.400396 0.5533 0.628202 0.596608 0.457442 0.27858 0.163227 0.114567 0.1 0.1 0.130112 0.260016 0.539626 0.780224 0.87753 0.9 0.895627 0.830249 0.63237 0.328374 0.154354 0.102808 0.1 0.1 0.1 0.110975 0.168825 0.336372 0.610238 0.806675 0.881839 0.899425 0.9 0.9 0.9 0.9 0.898734 0.894016 0.886723 0.877982 0.868885 0.860423 0.853408 0.848409 0.845751 0.845564 0.847867 0.852539 0.859137 0.86682 0.87438 0.880006 0.879237 0.854798 0.753763 0.532202 0.288841 0.159528 0.11292 0.100878 0.1 0.1 0.1 0.1 0.1 0.101478 0.107327 0.114579 0.121637 0.130452 0.153931 0.237426 0.425908 0.665805 0.815067 0.875801 0.895293 0.899787 0.9 0.9 0.9 0.9 0.9 0.9 0.9 0.9 0.890148 0.859998 0.79048 0.659404 0.470908 0.288086 0.170031 0.115561 0.1 0.104912 0.153377 0.291492 0.534608 0.757536 0.868144 0.9 0.893256 0.834399 0.677333 0.426986 0.222873 0.127652 0.1 0.101669 0.139434 0.259353 0.507905 0.756633 0.873318 0.888958 0.818489 0.616816 0.341511 0.177567 0.116468 0.100347 0.1 0.107575 0.144349 0.240081 0.415146 0.624515 0.78066 0.861787 0.893043 0.9 0.899634 0.877273 0.803963 0.639321 0.39901 0.210112 0.124215 0.1 0.1 0.134668 0.255215 0.500889 0.745764 0.862961 0.896837 0.9 0.9 0.881553 0.793994 0.578563 0.307045 0.157019 0.107768 0.1 0.101137 0.120535 0.188501 0.348083 0.574803 0.750104 0.840082 0.878565 0.89399 0.899811 0.9 0.9 0.9 0.9 0.9 0.893323 0.850145 0.712467 0.444317 0.215068 0.119983 0.1 0.1 0.103598 0.138349 0.25631 0.500584 0.744493 0.862883 0.897073 0.9 0.9 0.877401 0.783269 0.551194 0.27448 0.136401 0.1 0.1 0.10507 0.119001 0.139199 0.153958 0.15192 0.134045 0.113038 0.1 0.103016 0.148013 0.278346 0.516313 0.747287 0.864715 0.9 0.895874 0.848008 0.720355 0.501815 0.288602 0.164994 0.11431 0.1 0.1 0.110848 0.124924 0.134072 0.132562 0.121948 0.108954 0.100001 0.1 0.114723 0.169474 0.290053 0.464887 0.628339 0.735084 
0.816146 0.864301 0.886529 0.89813 0.9 0.9 0.890261 0.87348 0.844894 0.786105 0.661387 0.454429 0.252335 0.143784 0.104708 0.1 0.125434 0.213646 0.39827 0.623837 0.77463 0.828582 0.792821 0.637567 0.382578 0.198967 0.122621 0.1 0.1 0.128551 0.2557 0.534138 0.777723 0.8769 0.9 0.896315 0.829606 0.627787 0.324727 0.154541 0.103841 0.1 0.1 0.102679 0.127826 0.220865 0.443002 0.711606 0.853913 0.895252 0.9 0.9 0.9 0.897762 0.888893 0.872401 0.847724 0.816656 0.78235 0.748397 0.718018 0.693618 0.676642 0.667711 0.666911 0.674118 0.688919 0.70979 0.733599 0.755537 0.768819 0.762245 0.713346 0.586494 0.387653 0.219172 0.136039 0.106521 0.1 0.1 0.100706 0.102351 0.102933 0.101509 0.1 0.1 0.1 0.1 0.1 0.103745 0.167251 0.346684 0.615344 0.795855 0.870262 0.894188 0.899699 0.9 0.9 0.9 0.9 0.9 0.9 0.9 0.9 0.9 0.895212 0.872405 0.809455 0.678763 0.478628 0.282471 0.161494 0.110252 0.1 0.116004 0.1937 0.379886 0.637369 0.816106 0.888268 0.9 0.877685 0.786162 0.588379 0.343063 0.181436 0.114225 0.1 0.115654 0.187689 0.356212 0.579651 0.726476 0.760583 0.683666 0.489919 0.274468 0.155028 0.11043 0.1 0.102975 0.132125 0.218668 0.392149 0.612484 0.778262 0.862331 0.893645 0.9 0.899022 0.877883 0.813791 0.674568 0.459335 0.25858 0.146759 0.105642 0.1 0.114095 0.185288 0.364228 0.626123 0.810919 0.883999 0.9 0.9 0.891148 0.843716 0.707707 0.461548 0.237776 0.133505 0.102673 0.1 0.104986 0.140087 0.252104 0.484864 0.72499 0.849609 0.891125 0.9 0.9 0.9 0.9 0.9 0.9 0.9 0.9 0.897491 0.870376 0.772983 0.552363 0.296365 0.154204 0.106984 0.1 0.1 0.11642 0.190387 0.380635 0.649704 0.824073 0.88785 0.9 0.9 0.872536 0.762135 0.504536 0.238558 0.123367 0.1 0.101811 0.122405 0.168326 0.232658 0.280668 0.279209 0.229318 0.164131 0.11747 0.1 0.111225 0.183506 0.368464 0.636702 0.819895 0.889312 0.9 0.884759 0.820876 0.677777 0.466319 0.277175 0.166007 0.116324 0.1 0.1 0.102627 0.104686 0.104254 0.101962 0.1 0.1 0.106414 0.14636 0.262078 0.473928 0.688289 0.816146 0.864301 
0.889841 0.9 0.9 0.9 0.893446 0.872766 0.831473 0.770613 0.688944 0.576301 0.427977 0.274659 0.166281 0.114739 0.1 0.107394 0.164263 0.31825 0.568674 0.77582 0.874494 0.898976 0.863699 0.715398 0.433233 0.214271 0.124868 0.1 0.1 0.13438 0.273227 0.557262 0.788921 0.880163 0.9 0.895195 0.8247 0.616103 0.316587 0.153035 0.104307 0.1 0.1 0.107086 0.145781 0.269933 0.52978 0.777163 0.881756 0.9 0.9 0.9 0.891135 0.869585 0.831006 0.774124 0.702247 0.623502 0.547575 0.482064 0.430687 0.393974 0.370694 0.359174 0.358045 0.366829 0.385935 0.414649 0.449477 0.482895 0.503151 0.49518 0.443695 0.345961 0.233492 0.152895 0.11399 0.100759 0.1 0.105106 0.116761 0.133474 0.14834 0.155289 0.154309 0.148492 0.140329 0.132574 0.129401 0.143859 0.22047 0.407111 0.65527 0.812374 0.876319 0.896302 0.9 0.9 0.9 0.9 0.898229 0.896038 0.894927 0.895634 0.897794 0.9 0.9 0.899013 0.878399 0.814402 0.673853 0.457633 0.257749 0.145021 0.102376 0.1 0.135728 0.253326 0.483941 0.724823 0.856307 0.9 0.899438 0.854869 0.731399 0.512144 0.290763 0.160878 0.108602 0.1 0.125497 0.20304 0.32849 0.443037 0.482879 0.426538 0.302803 0.188213 0.126168 0.102688 0.1 0.11763 0.185803 0.34436 0.575636 0.763698 0.859339 0.893791 0.9 0.897621 0.874371 0.809641 0.6773 0.478267 0.284413 0.164204 0.112728 0.1 0.105674 0.151137 0.280089 0.513744 0.741581 0.859646 0.897426 0.9 0.891347 0.854801 0.756536 0.563034 0.327799 0.175353 0.114828 0.1 0.1 0.108982 0.158081 0.30721 0.583332 0.801364 0.885869 0.9 0.9 0.9 0.9 0.9 0.9 0.9 0.9 0.9 0.9 0.888188 0.831064 0.677051 0.427735 0.224703 0.130471 0.102402 0.1 0.104249 0.145204 0.279366 0.537321 0.769216 0.872495 0.9 0.9 0.870166 0.750355 0.479046 0.221261 0.117125 0.1 0.11105 0.162284 0.275386 0.427282 0.530759 0.53182 0.431884 0.281855 0.164411 0.109325 0.1 0.133336 0.259662 0.514622 0.75842 0.870276 0.9 0.9 0.875304 0.80511 0.664811 0.467349 0.285685 0.171533 0.118231 0.101198 0.1 0.1 0.1 0.1 0.1 0.1 0.117705 0.192117 0.378715 0.639754 0.816412 0.889841 0.9 
0.9 0.9 0.9 0.891954 0.862767 0.794245 0.680826 0.547028 0.421711 0.314361 0.224919 0.157588 0.116895 0.1 0.1 0.128652 0.231462 0.451042 0.703401 0.849182 0.899909 0.9 0.860944 0.70388 0.412264 0.199753 0.118952 0.1 0.100918 0.151039 0.316921 0.606741 0.811336 0.886593 0.9 0.89101 0.810912 0.588698 0.298042 0.147664 0.103735 0.1 0.1 0.110013 0.15497 0.289957 0.556342 0.79135 0.886063 0.9 0.896353 0.878257 0.838843 0.770667 0.671415 0.551771 0.434617 0.340013 0.273064 0.228288 0.198515 0.179141 0.167515 0.162067 0.161577 0.165529 0.17498 0.189986 0.209075 0.228433 0.241559 0.240578 0.219882 0.182514 0.142824 0.115227 0.102334 0.1 0.106353 0.127834 0.17229 0.2354 0.293204 0.325546 0.331595 0.320741 0.302987 0.287643 0.286068 0.318074 0.416122 0.586966 0.756111 0.851511 0.889543 0.9 0.9 0.898822 0.892797 0.882795 0.870458 0.859857 0.85537 0.859254 0.870171 0.883662 0.89452 0.9 0.9 0.878188 0.805262 0.644907 0.413204 0.223192 0.128421 0.1 0.107199 0.169276 0.333151 0.58864 0.790086 0.879692 0.9 0.888476 0.827892 0.685598 0.468795 0.273498 0.160083 0.110708 0.1 0.120073 0.164737 0.213204 0.235847 0.217615 0.172574 0.130776 0.10734 0.1 0.106092 0.150747 0.277913 0.506065 0.72737 0.848058 0.891801 0.9 0.897073 0.87117 0.801396 0.664636 0.469581 0.285773 0.169666 0.116302 0.1 0.100835 0.133515 0.23155 0.429407 0.669583 0.826282 0.888528 0.9 0.890046 0.851202 0.760591 0.594763 0.381386 0.214158 0.131412 0.103926 0.1 0.1 0.11074 0.166797 0.334337 0.626262 0.828134 0.895364 0.9 0.9 0.9 0.9 0.9 0.9 0.899368 0.898897 0.899326 0.9 0.899086 0.873322 0.783697 0.589016 0.344349 0.182254 0.116244 0.1 0.1 0.118879 0.208356 0.429705 0.703553 0.851424 0.898165 0.9 0.87024 0.746907 0.469364 0.213989 0.113363 0.1 0.126431 0.223806 0.428861 0.652744 0.768488 0.77189 0.668551 0.45824 0.244885 0.133354 0.1 0.109218 0.191563 0.406213 0.68776 0.844776 0.894467 0.9 0.896099 0.871498 0.805846 0.674725 0.479841 0.287978 0.167267 0.115576 0.101062 0.1 0.1 0.1 0.1 0.101607 0.13263 0.244958 0.489761 0.743044 0.866571 0.9 0.9 
0.9 0.9 0.895742 0.87212 0.801095 0.649553 0.450252 0.295968 0.208281 0.158842 0.128254 0.109762 0.1 0.1 0.112697 0.175479 0.337903 0.592931 0.793358 0.880801 0.9 0.892727 0.829648 0.638293 0.344715 0.166402 0.108235 0.1 0.11096 0.188739 0.39469 0.675526 0.839517 0.89426 0.9 0.881924 0.782582 0.539082 0.267473 0.138279 0.102266 0.1 0.100011 0.109408 0.149114 0.265036 0.498022 0.729088 0.837981 0.859624 0.839497 0.784181 0.688396 0.555482 0.412204 0.293715 0.213324 0.164373 0.136789 0.121552 0.111891 0.105476 0.101566 0.1 0.1 0.100683 0.103829 0.109256 0.116227 0.12336 0.128636 0.130087 0.126061 0.117292 0.107883 0.101681 0.1 0.103565 0.123368 0.179546 0.295309 0.44879 0.569072 0.627157 0.640724 0.631414 0.613328 0.597551 0.596299 0.623656 0.688241 0.775127 0.847807 0.885988 0.9 0.9 0.892919 0.875964 0.846936 0.808138 0.766853 0.734531 0.722129 0.735137 0.770479 0.816656 0.858853 0.887162 0.9 0.9 0.87164 0.781634 0.595211 0.356727 0.188526 0.115174 0.1 0.122221 0.218782 0.427783 0.678938 0.834184 0.892451 0.9 0.879582 0.81075 0.669721 0.473448 0.296966 0.184901 0.127441 0.10598 0.107307 0.119258 0.128838 0.12732 0.116893 0.106037 0.1 0.1 0.122751 0.209013 0.40614 0.658429 0.821667 0.886218 0.9 0.898468 0.872283 0.798638 0.65347 0.45308 0.274199 0.165297 0.115575 0.1 0.1 0.126505 0.206869 0.375303 0.607962 0.789966 0.876652 0.9 0.891826 0.847827 0.748258 0.582122 0.385077 0.228804 0.14238 0.107954 0.1 0.1 0.1 0.109457 0.163059 0.327069 0.618833 0.824469 0.893851 0.9 0.9 0.9 0.9 0.898815 0.894676 0.888696 0.885031 0.887178 0.894 0.9 0.895806 0.853669 0.730501 0.501704 0.270442 0.14687 0.105615 0.1 0.105473 0.16478 0.346125 0.637257 0.826752 0.893142 0.9 0.872304 0.749904 0.470989 0.212965 0.111179 0.1 0.142584 0.286424 0.560275 0.785978 0.875706 0.878674 0.807238 0.61361 0.337271 0.163996 0.102759 0.1 0.153537 0.327133 0.619343 0.817125 0.887304 0.9 0.9 0.896222 0.875094 0.813452 0.67682 0.458826 0.254383 0.146253 0.108122 0.1 0.1 0.1 0.1 0.104425 0.149546 0.298034 0.577464 0.799119 0.885181 0.9 0.9 
0.9 0.9 0.889249 0.845399 0.722127 0.48795 0.266143 0.155175 0.1184 0.105495 0.100243 0.1 0.1 0.10863 0.150718 0.267451 0.48625 0.71836 0.849697 0.895904 0.9 0.878135 0.784967 0.55246 0.271462 0.133226 0.1 0.1 0.136423 0.26106 0.50853 0.750889 0.866607 0.9 0.9 0.86368 0.731252 0.464996 0.227827 0.126561 0.100652 0.1 0.1 0.105936 0.13204 0.207078 0.363672 0.555844 0.675233 0.701742 0.658697 0.561055 0.430193 0.303234 0.208721 0.150519 0.120176 0.105322 0.1 0.1 0.1 0.1 0.1 0.1 0.1 0.1 0.1 0.1 0.1 0.1 0.1 0.100606 0.100982 0.100446 0.1 0.1 0.100483 0.110305 0.148413 0.253903 0.460436 0.676495 0.794376 0.833486 0.839798 0.835735 0.828545 0.822234 0.820968 0.829274 0.848835 0.874208 0.89465 0.9 0.898759 0.882205 0.847682 0.789662 0.70785 0.613409 0.526622 0.467261 0.446949 0.47117 0.54076 0.644761 0.754268 0.837784 0.883916 0.9 0.897056 0.857337 0.744122 0.530804 0.297402 0.156445 0.102915 0.1 0.147639 0.284849 0.524444 0.746788 0.861895 0.9 0.9 0.876596 0.813067 0.695033 0.53171 0.366751 0.239862 0.158881 0.116484 0.101174 0.1 0.101295 0.100911 0.1 0.1 0.106479 0.153837 0.295307 0.547935 0.768123 0.870892 0.9 0.9 0.878609 0.808262 0.659075 0.448057 0.26464 0.158418 0.112534 0.1 0.102048 0.129194 0.202883 0.352332 0.567828 0.757321 0.86147 0.899524 0.897918 0.856904 0.75015 0.565364 0.362669 0.218154 0.141324 0.109041 0.1 0.1 0.1 0.1 0.105953 0.149445 0.291699 0.569503 0.797161 0.884933 0.9 0.9 0.9 0.898477 0.889965 0.871112 0.84623 0.830319 0.836089 0.860411 0.886889 0.9 0.889069 0.823374 0.651561 0.388664 0.195714 0.118003 0.1 0.1 0.141243 0.291863 0.581923 0.803543 0.887256 0.9 0.875574 0.757293 0.480738 0.216705 0.110755 0.1 0.153882 0.329258 0.632732 0.835403 0.9 0.9 0.858699 0.703815 0.413782 0.19413 0.110608 0.1 0.13457 0.2774 0.563756 0.79242 0.880735 0.9 0.9 0.9 0.898369 0.877951 0.802476 0.621396 0.363461 0.189148 0.120137 0.101629 0.1 0.1 0.1 0.108023 0.167869 0.348844 0.641263 0.830006 0.893018 0.9 0.9 
0.9 0.9 0.884137 0.825204 0.665533 0.390993 0.184334 0.107223 0.1 0.1 0.1 0.1 0.111659 0.149262 0.242981 0.423087 0.649198 0.810009 0.881115 0.9 0.897611 0.863618 0.748036 0.491752 0.229068 0.115994 0.1 0.118071 0.198816 0.385662 0.642641 0.818587 0.887193 0.9 0.890392 0.824062 0.644806 0.372171 0.185551 0.11516 0.1 0.1 0.1 0.102173 0.114538 0.150152 0.223486 0.322898 0.397662 0.412042 0.369025 0.293541 0.215947 0.156269 0.120716 0.103333 0.1 0.1 0.1 0.104338 0.111943 0.120518 0.128226 0.133581 0.135535 0.133597 0.127922 0.119586 0.110505 0.103162 0.1 0.1 0.1 0.1 0.1 0.1 0.101718 0.116079 0.168509 0.3118 0.572369 0.791467 0.882929 0.9 0.9 0.9 0.9 0.9 0.9 0.9 0.9 0.9 0.899898 0.886733 0.858074 0.802911 0.712635 0.588479 0.452604 0.338106 0.261155 0.219497 0.206832 0.223151 0.277962 0.388282 0.553846 0.722917 0.836056 0.887654 0.9 0.890408 0.835931 0.693449 0.454361 0.237833 0.129855 0.1 0.112461 0.186325 0.359921 0.604664 0.789406 0.875125 0.9 0.9 0.880956 0.835258 0.752136 0.625968 0.464444 0.302409 0.18393 0.123285 0.102428 0.1 0.1 0.1 0.1 0.119138 0.201348 0.404059 0.671196 0.834758 0.892565 0.9 0.887951 0.830925 0.690777 0.469904 0.26949 0.156346 0.110309 0.1 0.106562 0.139631 0.217848 0.361823 0.560061 0.739736 0.847322 0.892591 0.9 0.875982 0.788168 0.597 0.36065 0.202289 0.130938 0.106188 0.1 0.1 0.1 0.1 0.1 0.102119 0.131947 0.241989 0.488319 0.745879 0.867264 0.899092 0.9 0.9 0.891835 0.863832 0.804977 0.727056 0.676628 0.689548 0.758521 0.838044 0.887615 0.9 0.872978 0.757662 0.510766 0.25654 0.134929 0.1 0.1 0.130979 0.26283 0.545862 0.787054 0.882668 0.9 0.879258 0.767212 0.496207 0.224462 0.112294 0.1 0.158368 0.347396 0.658933 0.84727 0.9 0.9 0.873989 0.744533 0.46062 0.215245 0.11699 0.1 0.1251 0.250261 0.527713 0.775176 0.876086 0.9 0.9 0.9 0.9 0.898576 0.859685 0.721455 0.454321 0.229066 0.13221 0.103997 0.1 0.1 0.1 0.112794 0.189268 0.400135 0.689406 0.848922 0.896831 0.9 0.9 
0.9 0.9 0.883725 0.824449 0.66533 0.393197 0.187992 0.110128 0.1 0.101595 0.110894 0.130364 0.174138 0.263606 0.419659 0.618781 0.780166 0.865357 0.895859 0.9 0.894262 0.857744 0.74312 0.499445 0.250293 0.140026 0.131227 0.188047 0.332017 0.560856 0.765336 0.868822 0.9 0.899416 0.861544 0.745438 0.517205 0.275878 0.14801 0.106142 0.1 0.1 0.1 0.100097 0.103814 0.11609 0.141108 0.174428 0.199132 0.200559 0.179495 0.148742 0.122394 0.104837 0.1 0.1 0.104689 0.11708 0.134871 0.15886 0.187442 0.216819 0.242494 0.26015 0.266498 0.259893 0.240764 0.211998 0.17876 0.147408 0.123268 0.108061 0.10073 0.1 0.1 0.1 0.10193 0.116539 0.169547 0.314234 0.576324 0.794699 0.884628 0.9 0.9 0.9 0.9 0.9 0.9 0.89588 0.886196 0.870346 0.845276 0.799604 0.723445 0.609147 0.467124 0.331105 0.229601 0.166862 0.133305 0.118482 0.114162 0.119679 0.142257 0.203681 0.335363 0.541679 0.739649 0.85322 0.895672 0.9 0.882026 0.805425 0.61993 0.358582 0.179333 0.110018 0.1 0.130525 0.230031 0.425499 0.654578 0.808193 0.877771 0.9 0.9 0.890954 0.865477 0.81186 0.704296 0.520568 0.310652 0.174914 0.118674 0.102539 0.1 0.1 0.103 0.139735 0.26539 0.519917 0.760567 0.871574 0.9 0.898231 0.860701 0.747386 0.530116 0.300091 0.164604 0.111328 0.1 0.109054 0.150064 0.24233 0.396524 0.585437 0.745787 0.843401 0.887871 0.9 0.892657 0.844211 0.703194 0.444185 0.222181 0.123704 0.1 0.1 0.1 0.1 0.1 0.1 0.1 0.1 0.116377 0.192486 0.391901 0.668634 0.836176 0.892504 0.9 0.89921 0.878143 0.812305 0.672911 0.499689 0.400004 0.418371 0.550915 0.730318 0.851725 0.899949 0.895868 0.819245 0.607659 0.317047 0.153745 0.101897 0.1 0.12773 0.252752 0.53203 0.780629 0.880755 0.9 0.882755 0.778097 0.515186 0.235481 0.115721 0.1 0.156799 0.344892 0.657156 0.846556 0.9 0.9 0.877532 0.755232 0.474962 0.222379 0.119346 0.1 0.122058 0.241265 0.514688 0.768645 0.874296 0.9 0.9 0.9 0.9 0.9 0.875439 0.755798 0.492357 0.247086 0.137781 0.105172 0.1 0.1 0.1 0.120361 0.218295 0.457953 0.73056 0.862603 0.898953 0.9 0.9 
0.9 0.9 0.888186 0.843652 0.7228 0.498672 0.288649 0.185677 0.15846 0.16444 0.193248 0.248631 0.342977 0.482857 0.644431 0.778113 0.85758 0.891656 0.9 0.9 0.894127 0.864962 0.778035 0.592974 0.376046 0.263325 0.266411 0.366466 0.547233 0.73465 0.851245 0.89706 0.9 0.874105 0.789167 0.608758 0.367298 0.194383 0.120683 0.100871 0.1 0.1 0.1 0.1 0.1 0.102219 0.107921 0.115352 0.119998 0.118129 0.110332 0.101483 0.1 0.1 0.10719 0.1256 0.156284 0.201597 0.259595 0.326092 0.394195 0.45586 0.504373 0.53517 0.545619 0.534064 0.49934 0.441932 0.36656 0.284224 0.209198 0.152779 0.118546 0.103382 0.1 0.1 0.101001 0.111381 0.150717 0.259317 0.470559 0.687288 0.802845 0.840195 0.84676 0.843782 0.837277 0.828806 0.817654 0.799935 0.772053 0.730282 0.668833 0.580066 0.466052 0.345151 0.242009 0.169977 0.127684 0.107503 0.1 0.1 0.1 0.1 0.102385 0.124248 0.195688 0.356413 0.593201 0.784242 0.874661 0.9 0.9 0.867541 0.744846 0.492504 0.246687 0.131877 0.1 0.105341 0.150756 0.26601 0.462586 0.669532 0.805797 0.871942 0.896625 0.9 0.9 0.888848 0.839097 0.698223 0.450907 0.238615 0.140326 0.10767 0.1 0.1 0.109381 0.168624 0.342152 0.623496 0.819002 0.890747 0.9 0.885591 0.812708 0.630395 0.372011 0.191755 0.116978 0.1 0.106034 0.147034 0.250927 0.428387 0.624731 0.769737 0.851244 0.888247 0.9 0.9 0.883647 0.818341 0.643354 0.360269 0.166272 0.100526 0.1 0.101226 0.105286 0.107493 0.106214 0.102889 0.100132 0.1 0.105675 0.152648 0.300251 0.568597 0.788327 0.879645 0.9 0.898255 0.861505 0.748255 0.517247 0.285281 0.181634 0.192973 0.329096 0.584204 0.795734 0.886377 0.9 0.848824 0.668261 0.364616 0.169802 0.104239 0.1 0.129226 0.257281 0.539051 0.784792 0.881949 0.9 0.885705 0.788611 0.535195 0.248591 0.120706 0.1 0.150055 0.3243 0.631003 0.835799 0.9 0.9 0.873074 0.740152 0.455495 0.213573 0.116888 0.1 0.12475 0.249092 0.525893 0.774159 0.87576 0.9 0.9 0.9 0.9 0.9 0.865707 0.733045 0.465812 0.233915 0.133453 0.104197 0.1 0.1 0.100211 0.134848 0.263276 0.52823 0.770022 0.873998 0.9 0.9 0.9 
0.9 0.9 0.894348 0.869964 0.802862 0.669572 0.506998 0.39439 0.35333 0.365441 0.417666 0.503036 0.610425 0.719024 0.80702 0.863446 0.891237 0.9 0.9 0.9 0.896469 0.879289 0.830688 0.730322 0.600087 0.52094 0.536608 0.631733 0.754394 0.84878 0.894184 0.9 0.875955 0.802089 0.647784 0.425809 0.236811 0.139057 0.105472 0.1 0.1 0.1 0.1 0.1 0.1 0.1 0.1 0.1 0.1 0.1 0.1 0.1 0.10973 0.130965 0.168714 0.228669 0.311943 0.413334 0.51882 0.612101 0.683775 0.733509 0.765754 0.784035 0.789965 0.78338 0.761926 0.720021 0.648291 0.540387 0.405977 0.276596 0.181631 0.127875 0.105164 0.1 0.1 0.104489 0.12535 0.184008 0.304881 0.463372 0.585466 0.644345 0.660015 0.653458 0.636056 0.612692 0.583981 0.547434 0.500577 0.44269 0.375294 0.302579 0.232627 0.174509 0.13355 0.110241 0.1 0.1 0.1 0.1 0.1 0.1 0.1 0.1015 0.130708 0.226276 0.426596 0.671296 0.8284 0.889946 0.9 0.895279 0.814643 0.59393 0.310244 0.15652 0.106165 0.1 0.113157 0.164671 0.279454 0.459518 0.646623 0.778544 0.851149 0.885356 0.9 0.9 0.878382 0.768638 0.526101 0.278312 0.154826 0.111523 0.1 0.1 0.1185 0.204475 0.4242 0.703667 0.854744 0.9 0.9 0.865445 0.746645 0.501479 0.256688 0.135645 0.1 0.1 0.12812 0.217854 0.407366 0.637016 0.791979 0.864612 0.892259 0.9 0.9 0.898268 0.880115 0.81482 0.64573 0.376185 0.188565 0.123302 0.121543 0.134508 0.147648 0.150326 0.139312 0.121579 0.107095 0.1 0.1 0.125244 0.22636 0.457937 0.721043 0.858525 0.9 0.899089 0.852816 0.709621 0.429614 0.190697 0.1 0.10167 0.213611 0.478942 0.748876 0.872616 0.9 0.861454 0.698622 0.392645 0.179222 0.105156 0.1 0.134353 0.272798 0.561883 0.797243 0.885799 0.9 0.887913 0.797363 0.552929 0.26173 0.126572 0.1 0.138532 0.284928 0.5694 0.800602 0.891072 0.9 0.850989 0.68727 0.40001 0.189908 0.110216 0.1 0.133968 0.275337 0.560752 0.790787 0.880199 0.9 0.9 0.9 0.9 0.885815 0.82011 0.647525 0.382881 0.196171 0.12164 0.101816 0.1 0.1 0.107908 0.166972 0.337073 0.612394 0.808854 0.883908 0.9 0.9 0.9 
0.9 0.9 0.898691 0.88952 0.86277 0.809248 0.737842 0.679431 0.656285 0.668464 0.705737 0.755982 0.807415 0.850354 0.879475 0.894656 0.9 0.9 0.9 0.9 0.898856 0.891477 0.871035 0.831814 0.782982 0.755241 0.76945 0.815659 0.865607 0.897641 0.9 0.873624 0.799323 0.65269 0.444994 0.258949 0.152092 0.109738 0.1 0.1 0.1 0.10141 0.103436 0.105019 0.105608 0.105162 0.104243 0.104032 0.10613 0.112267 0.124354 0.145676 0.184945 0.248921 0.341746 0.458969 0.581562 0.686793 0.764145 0.816073 0.848356 0.866399 0.876702 0.88228 0.884085 0.882169 0.875598 0.86114 0.829202 0.766799 0.656561 0.496206 0.32634 0.201184 0.133346 0.106019 0.1 0.1 0.10715 0.129335 0.17611 0.242593 0.303836 0.339728 0.349372 0.341273 0.323957 0.302891 0.280396 0.256641 0.231337 0.204612 0.177239 0.150856 0.128138 0.111592 0.101652 0.1 0.100637 0.108957 0.117199 0.120247 0.116802 0.109299 0.102126 0.1 0.106108 0.152515 0.283587 0.515295 0.73696 0.856962 0.9 0.9 0.832035 0.628207 0.339264 0.171064 0.112249 0.1 0.100082 0.116429 0.164699 0.262813 0.412225 0.57794 0.711785 0.798183 0.846235 0.863295 0.840236 0.728075 0.494908 0.266556 0.152316 0.111235 0.1 0.1 0.129745 0.244642 0.502464 0.760544 0.874787 0.9 0.89456 0.838109 0.670949 0.389828 0.187246 0.111245 0.1 0.108817 0.159944 0.304393 0.562047 0.776897 0.872256 0.897222 0.9 0.9 0.9 0.898249 0.884137 0.835647 0.712418 0.501697 0.320577 0.243536 0.240762 0.267908 0.291955 0.285689 0.240703 0.178515 0.13074 0.106492 0.1 0.109047 0.173306 0.353555 0.632085 0.822731 0.893478 0.9 0.859143 0.722473 0.446714 0.199839 0.1 0.1 0.206121 0.467089 0.741162 0.869337 0.9 0.864572 0.707326 0.400875 0.180898 0.104154 0.1 0.141711 0.294311 0.591912 0.813551 0.891237 0.9 0.88916 0.802361 0.563524 0.271388 0.132023 0.1 0.123666 0.229082 0.457576 0.701645 0.824856 0.841733 0.765959 0.569081 0.312301 0.157177 0.102163 0.1 0.152886 0.324722 0.616204 0.81546 0.886723 0.9 0.9 0.899657 0.885478 0.836248 0.71385 0.496793 0.27401 0.151773 0.108616 0.1 0.1 0.10265 0.132321 0.233557 0.450707 0.703286 0.844543 0.892257 0.9 0.9 0.9 
0.9 0.9 0.9 0.898388 0.891492 0.876642 0.856979 0.841669 0.837571 0.844079 0.856827 0.871938 0.885705 0.895475 0.9 0.9 0.9 0.9 0.9 0.9 0.9 0.898006 0.891691 0.880243 0.867781 0.863458 0.871835 0.888213 0.9 0.899161 0.86653 0.786023 0.63689 0.435799 0.259016 0.154714 0.110778 0.1 0.1 0.107557 0.118646 0.131693 0.144194 0.153802 0.159544 0.162186 0.164039 0.168476 0.179482 0.201423 0.239191 0.29857 0.385369 0.496557 0.614792 0.718044 0.794414 0.844672 0.873934 0.890415 0.89877 0.9 0.9 0.9 0.9 0.9 0.9 0.9 0.892296 0.871057 0.81866 0.71301 0.543715 0.353597 0.212715 0.137659 0.107417 0.1 0.1 0.104331 0.116366 0.133632 0.149614 0.158741 0.160003 0.155491 0.147972 0.139563 0.131492 0.124305 0.118164 0.112908 0.108155 0.103815 0.100655 0.1 0.1 0.105978 0.123716 0.154409 0.184344 0.196143 0.183495 0.154535 0.124368 0.104687 0.1 0.115301 0.18407 0.344724 0.574043 0.755397 0.842874 0.854493 0.778935 0.573842 0.313505 0.166009 0.112978 0.100276 0.1 0.101112 0.114271 0.150633 0.220124 0.326026 0.454652 0.576277 0.663695 0.702418 0.676822 0.55983 0.368771 0.212023 0.135389 0.107194 0.1 0.102077 0.142976 0.28545 0.569145 0.799834 0.887518 0.9 0.886098 0.807849 0.598815 0.311028 0.149536 0.101195 0.1 0.116961 0.185329 0.366563 0.650346 0.836688 0.898412 0.9 0.9 0.9 0.9 0.89928 0.891558 0.865135 0.800582 0.687286 0.569499 0.509011 0.514277 0.552542 0.579673 0.553675 0.44999 0.298322 0.179709 0.121054 0.1 0.100357 0.138184 0.266688 0.523259 0.764392 0.875476 0.9 0.877882 0.780085 0.56361 0.318762 0.192531 0.18737 0.306367 0.554414 0.777263 0.878006 0.9 0.861426 0.701172 0.39352 0.176514 0.101994 0.1 0.148848 0.313793 0.61726 0.827905 0.896791 0.9 0.888736 0.799919 0.559708 0.272479 0.135085 0.1 0.109552 0.17063 0.312927 0.508565 0.643606 0.66515 0.571944 0.388813 0.216258 0.126554 0.1 0.109849 0.19125 0.404152 0.685428 0.843559 0.893992 0.9 0.899116 0.882804 0.832333 0.720577 0.532559 0.32243 0.180032 0.117362 0.1 0.1 0.10344 0.125904 0.196711 0.357132 0.596068 0.786431 0.872868 0.897944 0.9 0.9 0.9 
0.9 0.9 0.9 0.9 0.9 0.898298 0.896233 0.896068 0.898052 0.899879 0.9 0.9 0.9 0.9 0.9 0.9 0.9 0.9 0.9 0.9 0.9 0.9 0.899039 0.897181 0.896119 0.897909 0.9 0.9 0.887821 0.847805 0.757944 0.603243 0.408361 0.2445 0.148626 0.108211 0.1 0.105201 0.12464 0.1575 0.199697 0.244661 0.284797 0.314811 0.33367 0.344435 0.352976 0.366447 0.391942 0.435177 0.498548 0.578666 0.665687 0.746386 0.810726 0.855629 0.882014 0.896336 0.9 0.9 0.9 0.9 0.898279 0.896786 0.896929 0.898539 0.9 0.9 0.9 0.9 0.884181 0.837636 0.736336 0.567504 0.373686 0.227933 0.148012 0.112691 0.100198 0.1 0.1 0.1 0.1 0.1 0.1 0.1 0.1 0.1 0.1 0.1 0.1 0.1 0.1 0.1 0.1 0.1 0.1054 0.129113 0.18577 0.275486 0.359204 0.392325 0.362171 0.286155 0.200334 0.136497 0.104113 0.1 0.125814 0.207949 0.362681 0.544216 0.667107 0.693969 0.612288 0.428292 0.243343 0.145013 0.108979 0.10014 0.1 0.1 0.10005 0.108007 0.128026 0.166487 0.225043 0.296438 0.36386 0.403376 0.391953 0.322556 0.226317 0.153304 0.116455 0.102535 0.1 0.105266 0.156133 0.321553 0.61891 0.825496 0.895561 0.9 0.87811 0.781832 0.543872 0.26457 0.131838 0.1 0.1 0.119032 0.188888 0.37027 0.650478 0.833857 0.895815 0.9 0.9 0.9 0.9 0.9 0.897329 0.886794 0.861837 0.820269 0.777328 0.757844 0.768968 0.795111 0.811538 0.78551 0.671062 0.451013 0.244964 0.141938 0.105379 0.1 0.117468 0.200429 0.405281 0.674699 0.839697 0.897448 0.897293 0.847314 0.725269 0.550657 0.424978 0.413408 0.522975 0.700079 0.832701 0.891422 0.9 0.854545 0.685835 0.376946 0.169265 0.10016 0.1 0.15223 0.32008 0.622842 0.832346 0.9 0.9 0.883917 0.78214 0.531273 0.259577 0.133749 0.1 0.101096 0.128388 0.193579 0.292051 0.374468 0.388589 0.325961 0.225814 0.145067 0.105513 0.1 0.133798 0.25919 0.513089 0.757161 0.869716 0.9 0.9 0.882702 0.828327 0.71141 0.526498 0.329335 0.191329 0.122955 0.1 0.1 0.107588 0.133547 0.198829 0.332836 0.538427 0.735104 0.847927 0.890844 0.9 0.9 0.9 0.9 
0.9 0.9 0.9 0.9 0.9 0.9 0.9 0.9 0.898378 0.892845 0.885675 0.880501 0.879739 0.883879 0.890809 0.896948 0.899953 0.9 0.9 0.9 0.9 0.9 0.9 0.9 0.9 0.9 0.892579 0.867466 0.811486 0.706907 0.546676 0.365231 0.221822 0.138544 0.103711 0.1 0.113299 0.149835 0.214574 0.304494 0.404863 0.496196 0.565226 0.609711 0.634678 0.647756 0.656836 0.668937 0.689025 0.718817 0.756376 0.79714 0.835514 0.866224 0.886458 0.898486 0.9 0.9 0.896532 0.886192 0.873084 0.860285 0.849762 0.844857 0.847814 0.857985 0.871903 0.885338 0.895584 0.9 0.9 0.887207 0.844678 0.750523 0.594005 0.411196 0.266262 0.179652 0.135663 0.115845 0.105738 0.100785 0.1 0.1 0.102213 0.108764 0.118631 0.129791 0.13923 0.143278 0.139065 0.127221 0.113304 0.103567 0.1 0.100254 0.11663 0.172525 0.301429 0.488109 0.630686 0.679485 0.643418 0.531437 0.371622 0.226946 0.138267 0.101057 0.1 0.129514 0.19848 0.297958 0.386209 0.414189 0.36277 0.260422 0.170168 0.122051 0.103975 0.1 0.1 0.1 0.1 0.1 0.1 0.106699 0.122142 0.144602 0.170113 0.189319 0.191089 0.171373 0.141424 0.1174 0.104587 0.1 0.1 0.108022 0.166194 0.347043 0.649447 0.839835 0.899625 0.9 0.873309 0.767228 0.515978 0.244487 0.125025 0.1 0.1 0.114594 0.168689 0.311617 0.556699 0.759043 0.852871 0.883771 0.895293 0.89978 0.9 0.9 0.899808 0.897152 0.890112 0.878906 0.868707 0.866868 0.875052 0.887273 0.89588 0.877392 0.777662 0.545033 0.288983 0.156469 0.109991 0.1 0.105312 0.153009 0.294594 0.546508 0.767318 0.872309 0.9 0.889532 0.84261 0.766146 0.700224 0.689396 0.741514 0.818755 0.874912 0.9 0.899764 0.845795 0.665969 0.357119 0.161974 0.1 0.1 0.148475 0.301818 0.58908 0.811645 0.894459 0.9 0.864025 0.731439 0.466964 0.230016 0.127318 0.1 0.1 0.108095 0.130869 0.166084 0.196576 0.20128 0.176423 0.139248 0.110597 0.1 0.111596 0.182452 0.366232 0.635105 0.81931 0.889047 0.9 0.887158 0.833622 0.711552 0.517757 0.320116 0.188314 0.12328 0.1 0.1 0.113839 0.150272 0.225701 0.358295 0.541884 0.718143 0.83175 0.883382 0.898976 0.9 0.9 0.9 0.9 
0.9 0.9 0.9 0.9 0.9 0.898546 0.890847 0.873467 0.84653 0.815947 0.791008 0.77965 0.78702 0.812772 0.847613 0.877171 0.893721 0.899485 0.9 0.9 0.9 0.9 0.9 0.9 0.895351 0.877867 0.836711 0.757837 0.631107 0.466805 0.307727 0.193075 0.12806 0.1 0.1 0.121508 0.176015 0.274989 0.414228 0.561251 0.677702 0.752875 0.796221 0.819515 0.830912 0.835977 0.838883 0.842792 0.849567 0.859348 0.870744 0.882304 0.892883 0.9 0.9 0.9 0.892959 0.876032 0.848474 0.809651 0.764905 0.722625 0.691452 0.678995 0.689532 0.722027 0.7693 0.819657 0.86151 0.888085 0.9 0.9 0.88861 0.851599 0.772921 0.645644 0.492119 0.357049 0.264938 0.210977 0.181737 0.168422 0.166371 0.172267 0.186423 0.209845 0.240503 0.272753 0.297261 0.302355 0.27814 0.225732 0.16591 0.123424 0.103601 0.102407 0.130788 0.225294 0.434136 0.679401 0.81438 0.850639 0.830582 0.753481 0.602019 0.398771 0.228785 0.134959 0.1 0.1 0.121117 0.15727 0.193963 0.2091 0.192779 0.157155 0.125111 0.107302 0.10084 0.1 0.1 0.1 0.1 0.1 0.1 0.1 0.1 0.1 0.103432 0.109223 0.113761 0.112717 0.107737 0.102858 0.100311 0.1 0.1 0.109319 0.170537 0.357173 0.660307 0.844337 0.9 0.9 0.873293 0.768836 0.520969 0.248752 0.126461 0.1 0.1 0.107354 0.138163 0.22269 0.388056 0.582736 0.724157 0.806424 0.855197 0.883423 0.896393 0.9 0.9 0.9 0.899048 0.897241 0.896042 0.897089 0.899928 0.9 0.9 0.879741 0.774437 0.535803 0.281959 0.153938 0.110066 0.1 0.1 0.122596 0.205853 0.39437 0.639645 0.807974 0.88109 0.9 0.893738 0.869634 0.845526 0.838366 0.852926 0.876626 0.894129 0.9 0.895416 0.83522 0.645069 0.338136 0.155453 0.1 0.1 0.136898 0.254974 0.494821 0.72871 0.837983 0.850577 0.786876 0.615583 0.364315 0.18802 0.117534 0.1 0.1 0.10106 0.106843 0.116758 0.125335 0.126092 0.118059 0.107177 0.1 0.102895 0.14441 0.27086 0.509407 0.744823 0.864509 0.9 0.895723 0.850244 0.733014 0.531234 0.320035 0.184219 0.121246 0.1 0.1 0.1206 0.171571 0.267417 0.414571 0.588572 0.737989 0.833811 0.881087 0.897721 0.9 0.9 0.9 0.9 0.9 
0.9 0.9 0.9 0.9 0.898283 0.88752 0.855674 0.79072 0.699708 0.612361 0.553635 0.533505 0.558135 0.630008 0.731907 0.822263 0.873939 0.894714 0.9 0.9 0.9 0.9 0.9 0.891125 0.862722 0.800757 0.692856 0.541462 0.378604 0.246411 0.161071 0.1168 0.1 0.1 0.129343 0.199264 0.325233 0.497001 0.661723 0.775796 0.839554 0.870881 0.885214 0.891964 0.894802 0.895628 0.895767 0.896204 0.897423 0.899105 0.9 0.9 0.9 0.9 0.89255 0.873584 0.837576 0.77988 0.700978 0.608344 0.51719 0.44347 0.396544 0.380029 0.396289 0.448541 0.536936 0.649163 0.758129 0.83841 0.883137 0.9 0.9 0.891019 0.863829 0.809883 0.726942 0.625959 0.527658 0.450121 0.400031 0.375755 0.37312 0.388497 0.42038 0.46646 0.520069 0.570089 0.603187 0.604251 0.553417 0.435286 0.282839 0.169986 0.117243 0.106896 0.140824 0.260976 0.516352 0.768744 0.879361 0.9 0.894402 0.861112 0.774974 0.610096 0.396247 0.226538 0.136265 0.10255 0.1 0.106753 0.118525 0.124936 0.122663 0.114111 0.105687 0.101152 0.1 0.1 0.1 0.101174 0.105925 0.115285 0.126746 0.133405 0.130301 0.119224 0.107509 0.100576 0.1 0.1 0.1 0.1 0.1 0.1 0.1 0.108828 0.167862 0.349508 0.651137 0.840191 0.899252 0.9 0.878105 0.787178 0.561122 0.281925 0.139019 0.10011 0.1 0.101813 0.113789 0.149739 0.226758 0.345699 0.484678 0.621829 0.74189 0.829367 0.877644 0.896477 0.9 0.9 0.9 0.9 0.9 0.9 0.9 0.896972 0.878887 0.822254 0.676539 0.433751 0.230066 0.136509 0.106138 0.1 0.1 0.106443 0.146015 0.257007 0.45905 0.675229 0.814135 0.87833 0.9 0.9 0.894234 0.889879 0.891641 0.896486 0.9 0.9 0.891559 0.826068 0.627834 0.323619 0.150619 0.1 0.1 0.121515 0.193018 0.348601 0.545177 0.669003 0.685145 0.599164 0.426079 0.248063 0.145903 0.107899 0.1 0.1 0.1 0.100438 0.102222 0.103842 0.103542 0.101246 0.1 0.100246 0.12704 0.216833 0.410364 0.65924 0.825347 0.890837 0.9 0.870926 0.772711 0.576368 0.344282 0.189527 0.120823 0.1 0.1 0.125828 0.191241 0.31127 0.479525 0.649982 0.77594 0.849721 0.885481 0.89831 0.9 0.9 0.9 0.9 0.9 0.9 
0.9 0.9 0.9 0.89963 0.892223 0.86288 0.783227 0.62922 0.449937 0.325355 0.266319 0.25104 0.276827 0.365039 0.532894 0.720877 0.836774 0.884342 0.89838 0.9 0.9 0.9 0.8898 0.853586 0.771992 0.633446 0.459555 0.303159 0.195837 0.134191 0.105124 0.1 0.107581 0.142671 0.224564 0.367717 0.553078 0.717001 0.820884 0.873154 0.894047 0.9 0.9 0.9 0.9 0.9 0.9 0.9 0.9 0.9 0.9 0.899842 0.891651 0.873187 0.836973 0.774701 0.681084 0.561156 0.435706 0.329779 0.254492 0.207108 0.181118 0.172607 0.181439 0.212501 0.277587 0.392735 0.555131 0.717298 0.828474 0.88286 0.9 0.9 0.895016 0.880084 0.852087 0.8126 0.767749 0.726223 0.695644 0.68006 0.679818 0.693074 0.717314 0.74853 0.781136 0.809122 0.826745 0.826447 0.787724 0.663817 0.439728 0.236316 0.137639 0.111259 0.140517 0.26062 0.519939 0.774726 0.883118 0.9 0.9 0.894416 0.86126 0.773436 0.608681 0.401663 0.238083 0.147915 0.110371 0.1 0.1 0.100511 0.101621 0.101123 0.100145 0.1 0.1 0.1 0.100979 0.10779 0.127278 0.165418 0.215004 0.250556 0.25307 0.225804 0.18575 0.148883 0.122948 0.107218 0.100224 0.1 0.1 0.1 0.1 0.106707 0.1585 0.324217 0.619724 0.824962 0.894606 0.9 0.886278 0.817606 0.63257 0.35535 0.17488 0.110136 0.1 0.1 0.102086 0.111781 0.136312 0.181465 0.254396 0.371104 0.540293 0.71732 0.834321 0.885361 0.89961 0.9 0.9 0.9 0.9 0.899493 0.888793 0.859643 0.79616 0.676174 0.48786 0.289666 0.16637 0.11604 0.101755 0.1 0.1 0.1 0.113131 0.163833 0.281954 0.470237 0.663182 0.795004 0.864116 0.892835 0.9 0.9 0.9 0.9 0.9 0.9 0.889407 0.820889 0.618799 0.316738 0.148509 0.100043 0.1 0.108755 0.141431 0.213731 0.316318 0.395751 0.405743 0.343036 0.243528 0.160085 0.116312 0.101707 0.1 0.1 0.1 0.1 0.1 0.1 0.1 0.1 0.102178 0.123886 0.194014 0.350577 0.58393 0.778743 0.874068 0.9 0.888253 0.817663 0.647028 0.40057 0.212336 0.125173 0.1 0.1 0.12765 0.202786 0.343513 0.53175 0.701609 0.811519 0.868636 0.892483 0.9 0.9 0.9 0.9 0.9 0.9 0.9 0.9 
0.9 0.9 0.9 0.898053 0.883102 0.829785 0.689667 0.449224 0.248267 0.155347 0.12859 0.123226 0.134873 0.193323 0.35381 0.607251 0.793154 0.872008 0.896202 0.9 0.9 0.891898 0.85534 0.763488 0.600711 0.406201 0.252574 0.162127 0.117701 0.1 0.1 0.118553 0.166112 0.261351 0.415467 0.599644 0.751179 0.842135 0.885034 0.9 0.9 0.9 0.896478 0.892844 0.89106 0.891209 0.892251 0.892816 0.891626 0.887466 0.878648 0.861655 0.827943 0.769665 0.679012 0.556405 0.420826 0.302071 0.216297 0.162049 0.131254 0.115167 0.106911 0.104258 0.107021 0.117348 0.143265 0.204924 0.329172 0.520271 0.712059 0.833433 0.886185 0.9 0.9 0.899134 0.893656 0.884149 0.872251 0.860539 0.85196 0.848215 0.849263 0.85431 0.862974 0.873864 0.885035 0.894447 0.9 0.9 0.879802 0.778612 0.544329 0.286032 0.152972 0.112267 0.129867 0.226447 0.451695 0.714853 0.853739 0.894948 0.9 0.9 0.893782 0.861625 0.777983 0.62576 0.433299 0.271608 0.173243 0.124678 0.104806 0.1 0.1 0.1 0.1 0.1 0.1 0.1 0.104152 0.122474 0.173206 0.276288 0.409695 0.502879 0.5214 0.476165 0.392776 0.299661 0.218838 0.160199 0.124368 0.106687 0.1 0.1 0.1 0.103635 0.144468 0.284828 0.56406 0.795302 0.885184 0.9 0.894813 0.851103 0.720366 0.476682 0.252646 0.141587 0.10583 0.1 0.1 0.1 0.10396 0.114376 0.138449 0.199267 0.337399 0.562801 0.76595 0.865755 0.896939 0.9 0.9 0.9 0.898854 0.883862 0.840314 0.753183 0.61501 0.443273 0.283499 0.174516 0.120577 0.102772 0.1 0.1 0.1 0.1 0.100367 0.116189 0.166139 0.271103 0.434204 0.614011 0.754025 0.838368 0.880168 0.8968 0.9 0.9 0.9 0.9 0.889059 0.821116 0.62126 0.320214 0.150517 0.101164 0.1 0.101878 0.112942 0.138369 0.174723 0.203625 0.205878 0.180272 0.143525 0.115265 0.102318 0.1 0.1 0.1 0.1 0.1 0.1 0.1 0.101304 0.110468 0.136142 0.200828 0.335186 0.54151 0.738613 0.85361 0.897999 0.9 0.856559 0.726049 0.488306 0.260154 0.140596 0.100732 0.1 0.124843 0.201389 0.354068 0.559008 0.732798 0.834757 0.881856 0.898896 0.9 0.9 0.899837 0.9 0.9 0.9 0.9 0.9 0.9 
0.9 0.9 0.9 0.896627 0.876172 0.805675 0.625169 0.347817 0.163967 0.101219 0.1 0.1 0.1 0.134994 0.274695 0.544277 0.767782 0.865386 0.895664 0.9 0.896482 0.867581 0.781269 0.608968 0.392807 0.229882 0.144259 0.109056 0.1 0.103119 0.131786 0.197102 0.312689 0.47706 0.650144 0.780747 0.855826 0.889726 0.9 0.9 0.890089 0.87346 0.853392 0.836637 0.827438 0.825357 0.826691 0.826747 0.82114 0.805787 0.776074 0.725807 0.647471 0.539788 0.415973 0.300917 0.212861 0.155217 0.122362 0.105947 0.1 0.1 0.1 0.1 0.1 0.1 0.102801 0.123251 0.185668 0.322204 0.533429 0.731466 0.845221 0.890103 0.9 0.9 0.9 0.9 0.899539 0.89865 0.898415 0.899141 0.9 0.9 0.9 0.9 0.9 0.9 0.9 0.9 0.879495 0.777404 0.542621 0.285145 0.152258 0.108803 0.114949 0.177141 0.337912 0.582293 0.768996 0.857018 0.889424 0.9 0.9 0.896699 0.86813 0.795958 0.666608 0.494398 0.331546 0.217767 0.152504 0.119993 0.10532 0.1 0.1 0.1 0.1 0.100262 0.108565 0.142434 0.238119 0.431179 0.643114 0.757548 0.781385 0.750025 0.677107 0.566929 0.433731 0.306426 0.208771 0.146769 0.114117 0.101626 0.1 0.100796 0.128899 0.237933 0.485486 0.745977 0.868568 0.9 0.9 0.878241 0.801705 0.627749 0.391953 0.217494 0.134165 0.105502 0.1 0.1 0.1 0.1 0.102525 0.126309 0.21536 0.422571 0.686701 0.84103 0.893162 0.9 0.9 0.9 0.885257 0.834622 0.72509 0.555745 0.375108 0.23852 0.156403 0.11561 0.1 0.1 0.1 0.100913 0.100989 0.100279 0.1 0.1 0.113186 0.152674 0.235792 0.371981 0.543266 0.700673 0.809145 0.868417 0.89336 0.9 0.9 0.9 0.890423 0.827087 0.636582 0.336181 0.157658 0.103362 0.1 0.1 0.102114 0.108596 0.118268 0.125465 0.124619 0.116366 0.105917 0.1 0.1 0.1 0.101119 0.103424 0.106518 0.110461 0.11598 0.124968 0.142149 0.177936 0.248169 0.372999 0.550402 0.724224 0.837527 0.888813 0.9 0.881931 0.795882 0.595619 0.337937 0.172763 0.109613 0.1 0.117049 0.184883 0.33686 0.555804 0.742057 0.84527 0.888002 0.9 0.9 0.894833 0.890204 0.889757 0.893189 0.897439 0.899925 0.9 0.9 0.9 
0.9 0.9 0.9 0.896639 0.876381 0.806771 0.628703 0.35375 0.169043 0.104259 0.1 0.1 0.101808 0.1467 0.295549 0.564046 0.777386 0.869465 0.897812 0.9 0.883947 0.818543 0.660568 0.425976 0.236298 0.140591 0.105856 0.1 0.107473 0.143244 0.227449 0.369329 0.54612 0.704458 0.81106 0.868669 0.893364 0.9 0.899437 0.883082 0.843964 0.783312 0.717236 0.665831 0.637534 0.628444 0.628494 0.626688 0.613701 0.582628 0.52957 0.455461 0.368157 0.281534 0.208596 0.155724 0.122867 0.10585 0.1 0.1 0.1 0.104627 0.108746 0.109034 0.105412 0.100909 0.1 0.100109 0.122114 0.19323 0.346668 0.567643 0.753977 0.853445 0.891427 0.9 0.9 0.9 0.9 0.9 0.9 0.9 0.9 0.898395 0.892069 0.883077 0.873567 0.864939 0.856388 0.841038 0.793116 0.662992 0.436492 0.234751 0.136523 0.103468 0.103526 0.134516 0.223969 0.395065 0.595886 0.743667 0.826797 0.869452 0.89034 0.9 0.9 0.878189 0.823253 0.722975 0.579046 0.421402 0.290834 0.202465 0.149044 0.11944 0.105235 0.1 0.1 0.100331 0.111063 0.156563 0.287605 0.541341 0.771437 0.87004 0.887052 0.874562 0.842632 0.784249 0.688503 0.551703 0.39443 0.257544 0.166115 0.118779 0.101199 0.1 0.114923 0.191399 0.392211 0.669652 0.837296 0.893613 0.9 0.894127 0.859108 0.761889 0.578266 0.360949 0.205539 0.130383 0.104665 0.1 0.1 0.1 0.1 0.104922 0.160294 0.328066 0.609812 0.812828 0.888473 0.9 0.9 0.891379 0.845115 0.730158 0.537749 0.336792 0.202339 0.13397 0.105968 0.1 0.10097 0.110617 0.120054 0.125915 0.125719 0.119671 0.110371 0.101197 0.1 0.105744 0.133534 0.196892 0.310551 0.476353 0.655238 0.790185 0.863998 0.893494 0.9 0.9 0.893204 0.837988 0.663938 0.36649 0.171291 0.107097 0.1 0.1 0.1 0.100484 0.101871 0.102498 0.101045 0.1 0.1 0.102965 0.111554 0.122245 0.134523 0.148226 0.163343 0.180785 0.202987 0.234697 0.284079 0.362617 0.477847 0.617989 0.747945 0.838086 0.884733 0.9 0.895715 0.84802 0.704104 0.448637 0.227901 0.12626 0.1 0.105989 0.156128 0.290139 0.515991 0.727195 0.844303 0.889662 0.9 0.897779 0.882543 0.861536 0.846735 0.847871 0.863462 0.882458 0.895221 0.899939 0.9 0.9 
0.9 0.9 0.9 0.898066 0.883558 0.832346 0.698615 0.467772 0.269515 0.175302 0.148233 0.146847 0.168043 0.244887 0.420016 0.657009 0.815592 0.881222 0.9 0.897106 0.859019 0.74094 0.511432 0.278636 0.152182 0.107482 0.1 0.105997 0.141953 0.236797 0.406014 0.601899 0.751746 0.838781 0.881046 0.897015 0.9 0.9 0.885583 0.837105 0.733233 0.586945 0.455113 0.373632 0.336659 0.326209 0.326629 0.326196 0.316914 0.295045 0.261531 0.221205 0.180532 0.145876 0.121307 0.106423 0.1 0.1 0.101386 0.112732 0.129946 0.149429 0.161538 0.158335 0.140945 0.119926 0.105829 0.1 0.101785 0.129924 0.212532 0.377124 0.590793 0.757777 0.846751 0.883983 0.896884 0.9 0.899361 0.895073 0.887166 0.875411 0.859522 0.838523 0.81135 0.780442 0.749541 0.721154 0.692662 0.651706 0.573627 0.439147 0.280983 0.169113 0.117322 0.1003 0.1 0.109821 0.146825 0.230471 0.365189 0.522187 0.659515 0.759034 0.825738 0.869211 0.894615 0.9 0.888874 0.852066 0.781419 0.673462 0.536902 0.396744 0.279238 0.194552 0.140909 0.111998 0.100585 0.1 0.108906 0.154406 0.289896 0.555237 0.791117 0.887298 0.9 0.9 0.894377 0.876938 0.83782 0.762708 0.635103 0.459072 0.285899 0.170091 0.115896 0.1 0.104029 0.15182 0.29869 0.56248 0.781707 0.876669 0.9 0.9 0.889591 0.847816 0.743397 0.55484 0.335633 0.186509 0.12162 0.102353 0.1 0.1 0.1 0.100125 0.136622 0.266646 0.530522 0.771488 0.876992 0.9 0.897891 0.861387 0.758587 0.564985 0.342095 0.192498 0.123464 0.1 0.1 0.112627 0.137905 0.172329 0.204563 0.223522 0.222508 0.202114 0.169763 0.136306 0.112036 0.1 0.1 0.119536 0.168646 0.269564 0.439033 0.641228 0.79403 0.870594 0.896681 0.9 0.896842 0.851986 0.700362 0.412326 0.193254 0.113156 0.1 0.1 0.1 0.1 0.1 0.1 0.1 0.105144 0.119792 0.144456 0.17841 0.217679 0.258958 0.300292 0.341372 0.383862 0.431311 0.488262 0.558085 0.639558 0.724495 0.80002 0.855156 0.887116 0.9 0.9 0.880638 0.795991 0.588712 0.321121 0.16054 0.10496 0.1 0.126341 0.223547 0.433083 0.6789 0.828905 0.88722 0.9 0.896948 0.87246 0.822069 0.759756 0.718999 0.725974 0.776216 0.837021 0.878421 0.896351 0.9 0.9 
0.9 0.9 0.9 0.899619 0.892574 0.865244 0.792467 0.653625 0.491346 0.377737 0.327731 0.324345 0.365596 0.466977 0.623586 0.772818 0.858839 0.893163 0.9 0.887222 0.819572 0.64044 0.373423 0.18834 0.115333 0.1 0.100824 0.125511 0.206637 0.384547 0.613798 0.778029 0.858417 0.890204 0.9 0.9 0.9 0.893922 0.859762 0.759605 0.563765 0.353699 0.226922 0.173336 0.155517 0.152725 0.154884 0.15642 0.1541 0.146816 0.13571 0.123483 0.112024 0.103334 0.1 0.1 0.1 0.111195 0.135811 0.179087 0.23614 0.291139 0.319861 0.303872 0.24628 0.177133 0.128608 0.105788 0.1 0.105672 0.139627 0.2267 0.382659 0.570089 0.716895 0.800964 0.840167 0.85335 0.850793 0.835505 0.807904 0.768012 0.71692 0.656956 0.591901 0.528036 0.471738 0.426342 0.388927 0.349832 0.297002 0.229286 0.164485 0.122626 0.104634 0.1 0.1 0.100498 0.110367 0.139151 0.195479 0.282697 0.396679 0.525262 0.650918 0.758501 0.837727 0.883158 0.9 0.897395 0.87482 0.830813 0.759359 0.65444 0.517936 0.370006 0.243129 0.158123 0.114695 0.1 0.102965 0.137186 0.246222 0.478889 0.729406 0.857817 0.895547 0.9 0.9 0.9 0.89121 0.865307 0.803031 0.675286 0.472815 0.2704 0.151912 0.106692 0.1 0.123643 0.218972 0.433922 0.689981 0.839255 0.891825 0.9 0.9 0.888419 0.843215 0.72313 0.502348 0.274972 0.152955 0.109902 0.100085 0.1 0.1 0.1 0.12366 0.216921 0.432349 0.688089 0.830813 0.872737 0.856447 0.775422 0.60444 0.377439 0.206231 0.124619 0.1 0.1 0.124716 0.17685 0.255298 0.344898 0.420217 0.460965 0.458703 0.414352 0.337949 0.249997 0.174302 0.124262 0.100348 0.1 0.112508 0.155225 0.258707 0.448837 0.672369 0.821448 0.884077 0.9 0.9 0.866507 0.74129 0.472962 0.225761 0.122646 0.1 0.1 0.1 0.1 0.1 0.101357 0.112701 0.142717 0.197417 0.27405 0.3622 0.448999 0.525257 0.58772 0.637671 0.678726 0.715055 0.750166 0.785886 0.821346 0.853335 0.878069 0.893298 0.9 0.9 0.896208 0.858612 0.730573 0.471436 0.232005 0.124866 0.1 0.105744 0.159488 0.314998 0.578593 0.78725 0.877201 0.9 0.9 0.876953 0.808512 0.682953 0.543437 0.463818 0.480782 0.590455 0.736846 0.840913 0.88724 0.9 0.9 
0.9 0.9 0.9 0.9 0.898377 0.888607 0.860775 0.806251 0.733734 0.66974 0.633879 0.63083 0.660854 0.720822 0.794251 0.854244 0.88748 0.9 0.9 0.872622 0.769219 0.533936 0.273228 0.140613 0.101856 0.1 0.108408 0.154698 0.28954 0.539183 0.760051 0.864132 0.895166 0.9 0.9 0.9 0.899778 0.886721 0.830599 0.675351 0.412127 0.210458 0.126276 0.10494 0.100918 0.101723 0.103557 0.104861 0.104844 0.103307 0.101006 0.1 0.1 0.1 0.100312 0.109803 0.130911 0.17443 0.248801 0.354891 0.47302 0.56768 0.608244 0.574384 0.456906 0.296235 0.176762 0.120544 0.1017 0.1 0.108712 0.14263 0.217517 0.337219 0.475578 0.590355 0.660123 0.687847 0.682262 0.648988 0.592124 0.518165 0.437861 0.362681 0.299857 0.251486 0.21586 0.191117 0.174461 0.161497 0.146191 0.127993 0.111499 0.101836 0.1 0.1 0.1 0.1 0.1 0.105308 0.120325 0.149571 0.19834 0.273048 0.384144 0.535109 0.696724 0.817888 0.879563 0.9 0.9 0.889332 0.866383 0.822448 0.743659 0.61288 0.434266 0.263467 0.155847 0.109646 0.1 0.116533 0.184436 0.348145 0.586614 0.768548 0.856834 0.890108 0.9 0.9 0.9 0.897352 0.877992 0.813338 0.655953 0.408613 0.210935 0.123692 0.1 0.106508 0.160567 0.308988 0.556 0.765254 0.86588 0.897202 0.9 0.9 0.887751 0.82165 0.641231 0.371003 0.191026 0.121009 0.102007 0.1 0.1 0.1 0.113286 0.170416 0.313288 0.528684 0.693453 0.752285 0.71798 0.592592 0.400117 0.228735 0.133851 0.1 0.1 0.130234 0.205715 0.333208 0.487768 0.620288 0.703196 0.739276 0.737373 0.697569 0.61191 0.479436 0.328392 0.205033 0.132055 0.102845 0.1 0.110706 0.158748 0.287119 0.516445 0.74117 0.858452 0.896976 0.9 0.879114 0.78187 0.544399 0.271329 0.137689 0.101303 0.1 0.1 0.1 0.10094 0.113816 0.155277 0.242892 0.375396 0.520066 0.639125 0.720696 0.772789 0.806696 0.829792 0.84629 0.858784 0.869061 0.878501 0.887256 0.894497 0.899031 0.9 0.9 0.9 0.890378 0.833221 0.662553 0.376239 0.177748 0.107178 0.1 0.117766 0.201841 0.414001 0.690428 0.846871 0.895847 0.9 0.890866 0.837224 0.697926 0.479913 0.300417 0.223175 0.240823 0.365962 0.589158 0.782634 0.872866 0.9 0.9 
0.9 0.9 0.9 0.9 0.9 0.898618 0.892201 0.878788 0.860199 0.842252 0.831186 0.829878 0.838659 0.85557 0.875229 0.890595 0.898602 0.9 0.896055 0.85449 0.715652 0.441812 0.210732 0.117898 0.1 0.1 0.115768 0.181178 0.358778 0.641579 0.830188 0.894559 0.9 0.9 0.9 0.9 0.899445 0.882221 0.811607 0.621633 0.333362 0.156123 0.100733 0.1 0.1 0.1 0.1 0.1 0.1 0.1 0.1 0.1 0.106158 0.118165 0.138351 0.175913 0.240439 0.34226 0.478278 0.619905 0.731348 0.799233 0.824115 0.794838 0.674139 0.448778 0.2421 0.141417 0.107071 0.1 0.1 0.108397 0.133718 0.181225 0.247178 0.315898 0.368171 0.391965 0.385241 0.353391 0.306318 0.255154 0.208714 0.171367 0.144139 0.126237 0.113335 0.104571 0.1 0.1 0.1 0.1 0.1 0.1 0.1 0.1 0.1 0.1 0.1 0.1 0.1 0.104376 0.116663 0.140304 0.19053 0.297475 0.486252 0.699726 0.832736 0.8861 0.9 0.9 0.897896 0.887226 0.858938 0.790207 0.646294 0.426702 0.232255 0.133728 0.101217 0.102366 0.134191 0.222717 0.391014 0.594733 0.75176 0.841219 0.883314 0.898286 0.9 0.9 0.9 0.876396 0.772577 0.537247 0.277701 0.145983 0.1035 0.1 0.124546 0.210824 0.397527 0.635187 0.800124 0.874931 0.898471 0.9 0.9 0.86049 0.70969 0.431712 0.218079 0.129856 0.104087 0.1 0.1 0.1 0.105295 0.132957 0.204628 0.326104 0.445891 0.497231 0.458643 0.350729 0.228604 0.143356 0.104305 0.1 0.126536 0.208688 0.366507 0.564414 0.722514 0.813392 0.855831 0.870466 0.869694 0.853197 0.808887 0.716825 0.55997 0.366191 0.211676 0.130029 0.101256 0.1 0.115421 0.188419 0.370932 0.635378 0.817026 0.887031 0.9 0.890039 0.818542 0.619524 0.332052 0.161196 0.106231 0.1 0.1 0.1 0.10792 0.145209 0.244194 0.420191 0.613013 0.748644 0.822719 0.859627 0.877485 0.88743 0.893697 0.897606 0.899606 0.9 0.9 0.9 0.9 0.9 0.9 0.9 0.9 0.88453 0.809824 0.605266 0.313582 0.148804 0.1 0.1 0.130001 0.242355 0.496267 0.759124 0.875784 0.9 0.9 0.876521 0.781116 0.565834 0.312879 0.167011 0.118679 0.129269 0.226949 0.457926 0.722346 0.857723 0.9 0.9 
0.9 0.9 0.9 0.9 0.9 0.9 0.9 0.9 0.9 0.898903 0.897946 0.897965 0.898717 0.899428 0.9 0.9 0.9 0.9 0.891765 0.837558 0.669983 0.377309 0.175383 0.107017 0.1 0.100345 0.119032 0.191639 0.383547 0.671986 0.847298 0.9 0.9 0.9 0.9 0.9 0.899665 0.882913 0.811575 0.617152 0.32417 0.150498 0.1 0.1 0.1 0.1 0.1 0.1 0.1 0.102193 0.111411 0.129429 0.159904 0.204607 0.267553 0.356022 0.472239 0.602851 0.72096 0.807714 0.861017 0.888686 0.899015 0.881075 0.782278 0.549599 0.290241 0.156821 0.111034 0.100328 0.1 0.1 0.104815 0.117418 0.137843 0.161251 0.180282 0.188903 0.185162 0.171408 0.152577 0.133787 0.118416 0.107031 0.1 0.1 0.1 0.1 0.1 0.10249 0.106967 0.112626 0.118345 0.122803 0.125044 0.124808 0.122111 0.117265 0.111013 0.104539 0.1 0.1 0.1 0.1 0.111508 0.164917 0.3155 0.57075 0.775584 0.86623 0.894746 0.9 0.9 0.9 0.896262 0.871339 0.785959 0.590311 0.332023 0.17094 0.111025 0.1 0.107979 0.143464 0.227352 0.372854 0.555909 0.716982 0.821349 0.874959 0.896082 0.9 0.9 0.897399 0.822655 0.609679 0.323942 0.16413 0.109582 0.1 0.106411 0.147345 0.257068 0.452496 0.662321 0.800387 0.867168 0.892841 0.895131 0.849563 0.696298 0.424663 0.217414 0.130695 0.104608 0.1 0.1 0.1 0.100954 0.11085 0.138205 0.185451 0.235235 0.257317 0.237226 0.18848 0.139173 0.108371 0.1 0.116079 0.184998 0.344965 0.571487 0.752908 0.848105 0.886753 0.899113 0.9 0.9 0.898386 0.885248 0.845722 0.750687 0.572507 0.35078 0.191095 0.119257 0.1 0.100082 0.137689 0.266049 0.521269 0.76177 0.871382 0.9 0.897831 0.848272 0.69024 0.407678 0.195318 0.115078 0.1 0.1 0.101295 0.122149 0.197761 0.374327 0.612875 0.782259 0.860911 0.88969 0.899024 0.9 0.9 0.9 0.9 0.9 0.9 0.9 0.9 0.9 0.9 0.9 0.9 0.9 0.880411 0.793924 0.569066 0.281077 0.136688 0.1 0.1 0.137822 0.267215 0.54075 0.790254 0.887941 0.9 0.899992 0.855622 0.711661 0.445478 0.219099 0.121154 0.1 0.10093 0.172925 0.383691 0.681065 0.847263 0.9 0.9 
0.9 0.9 0.9 0.9 0.9 0.9 0.898818 0.895758 0.892575 0.890856 0.891783 0.895044 0.898702 0.9 0.9 0.9 0.9 0.9 0.888958 0.82686 0.642862 0.344239 0.159078 0.102269 0.1 0.100356 0.116509 0.180436 0.352425 0.628867 0.819818 0.889414 0.9 0.9 0.9 0.9 0.9 0.888009 0.828741 0.65682 0.369586 0.173878 0.107254 0.1 0.1 0.1 0.1 0.1 0.10477 0.122933 0.162964 0.227971 0.314815 0.416127 0.523954 0.629458 0.723436 0.798535 0.851106 0.882583 0.897195 0.9 0.9 0.887182 0.790935 0.555974 0.291571 0.15651 0.110823 0.10028 0.1 0.1 0.1 0.100716 0.104367 0.109435 0.11373 0.115502 0.114155 0.110354 0.10559 0.101618 0.1 0.1 0.100764 0.113116 0.132501 0.152535 0.168682 0.181853 0.194163 0.206715 0.218821 0.228329 0.232672 0.22986 0.218953 0.200542 0.177041 0.1523 0.13055 0.114606 0.103848 0.1 0.1 0.127049 0.248752 0.502733 0.740499 0.852704 0.890337 0.899352 0.9 0.9 0.9 0.896814 0.850675 0.697587 0.421307 0.208512 0.122241 0.1 0.1 0.108733 0.138849 0.207489 0.331248 0.504034 0.675484 0.79621 0.862168 0.891299 0.9 0.893122 0.815619 0.60442 0.324642 0.166956 0.111969 0.1 0.1 0.114098 0.163944 0.27547 0.44864 0.625285 0.746617 0.806717 0.813989 0.751325 0.582625 0.346277 0.188019 0.122882 0.103229 0.1 0.1 0.1 0.1 0.101802 0.109086 0.122945 0.138172 0.144852 0.137891 0.122041 0.107055 0.1 0.105177 0.147982 0.275709 0.51174 0.734421 0.850806 0.891817 0.9 0.9 0.9 0.9 0.9 0.9 0.891101 0.849757 0.736588 0.52332 0.290652 0.155386 0.106822 0.1 0.114679 0.200343 0.418264 0.69679 0.850186 0.89832 0.9 0.869619 0.75106 0.494034 0.242058 0.128823 0.1 0.1 0.104411 0.141508 0.262349 0.50742 0.744905 0.860892 0.895822 0.9 0.9 0.9 0.896388 0.891135 0.887898 0.888788 0.892993 0.897637 0.9 0.9 0.9 0.9 0.9 0.9 0.879176 0.789263 0.558928 0.272891 0.133919 0.1 0.1 0.138146 0.265222 0.532763 0.782867 0.885586 0.9 0.889796 0.814478 0.62007 0.345035 0.169401 0.107378 0.1 0.1 0.160606 0.357396 0.664186 0.843431 0.9 0.9 
0.9 0.9 0.9 0.9 0.898899 0.892364 0.876372 0.850735 0.824073 0.807486 0.806756 0.821358 0.845884 0.871006 0.888998 0.897859 0.9 0.9 0.888679 0.826003 0.641403 0.343095 0.158482 0.101957 0.1 0.1 0.109992 0.153953 0.278446 0.510413 0.728086 0.841196 0.883181 0.896889 0.9 0.9 0.9 0.894564 0.853874 0.721124 0.458109 0.224317 0.123892 0.100062 0.1 0.1 0.1 0.103803 0.125411 0.18337 0.291467 0.435435 0.576142 0.685564 0.762737 0.816779 0.854798 0.879943 0.894074 0.9 0.9 0.9 0.891294 0.849879 0.719582 0.473153 0.247019 0.140987 0.10687 0.1 0.1 0.1 0.1 0.1 0.1 0.1 0.1 0.1 0.1 0.1 0.1 0.1 0.1 0.106726 0.128573 0.177409 0.247732 0.316995 0.368649 0.403472 0.429041 0.45086 0.470051 0.484316 0.48982 0.48272 0.460073 0.420889 0.367646 0.307002 0.247907 0.197911 0.160628 0.137871 0.131863 0.165205 0.291775 0.534838 0.751784 0.854538 0.890019 0.899141 0.9 0.9 0.9 0.9 0.871426 0.742154 0.468538 0.230616 0.129709 0.102006 0.1 0.1 0.105914 0.128266 0.183012 0.288613 0.44735 0.618732 0.748022 0.821081 0.848307 0.830352 0.729285 0.51101 0.275584 0.152224 0.109444 0.1 0.1 0.101605 0.117345 0.162435 0.249058 0.37128 0.494193 0.576049 0.591381 0.524973 0.384391 0.236507 0.148111 0.111795 0.101173 0.1 0.1 0.1 0.1 0.1 0.1 0.102069 0.105684 0.107656 0.106252 0.102713 0.1 0.1 0.117261 0.190839 0.380797 0.652449 0.826458 0.889192 0.9 0.9 0.9 0.9 0.9 0.9 0.9 0.9 0.888572 0.829783 0.673659 0.41911 0.212726 0.122385 0.1 0.103369 0.160421 0.33624 0.625902 0.822117 0.891454 0.9 0.884779 0.800316 0.582706 0.303026 0.150246 0.103356 0.1 0.107411 0.160304 0.321712 0.60555 0.812743 0.889064 0.9 0.9 0.89714 0.887326 0.868281 0.846327 0.833614 0.837728 0.855705 0.87727 0.893007 0.899842 0.9 0.9 0.9 0.9 0.88115 0.796897 0.575984 0.287272 0.139124 0.1 0.1 0.130373 0.233602 0.462065 0.715521 0.844042 0.872893 0.841353 0.722445 0.49184 0.25807 0.13865 0.101965 0.1 0.10325 0.163308 0.357173 0.664629 0.844568 0.9 0.9 
0.9 0.9 0.9 0.899316 0.891797 0.866857 0.810999 0.724605 0.639225 0.588124 0.582507 0.621079 0.695899 0.783249 0.850739 0.885996 0.898731 0.9 0.891176 0.835686 0.667399 0.376408 0.175402 0.106816 0.1 0.1 0.103514 0.126008 0.19564 0.345661 0.548243 0.713392 0.81123 0.862936 0.888213 0.89839 0.9 0.899493 0.877053 0.786873 0.570055 0.30297 0.154131 0.106264 0.1 0.1 0.100701 0.116144 0.171812 0.301294 0.496554 0.674412 0.78471 0.842178 0.871546 0.886972 0.895856 0.9 0.9 0.9 0.896204 0.880195 0.838301 0.742587 0.561108 0.335585 0.183377 0.120218 0.102229 0.1 0.1 0.1 0.1 0.1 0.1 0.1 0.1 0.1 0.1 0.1 0.1 0.1 0.10489 0.127501 0.190694 0.317666 0.47782 0.602255 0.670886 0.704541 0.723168 0.73652 0.747483 0.755444 0.758364 0.753669 0.738246 0.708132 0.659224 0.590042 0.505505 0.418394 0.343885 0.294043 0.280281 0.325395 0.459083 0.654394 0.801245 0.869422 0.893473 0.899583 0.9 0.9 0.9 0.9 0.868012 0.734394 0.460177 0.227199 0.129235 0.102369 0.1 0.1 0.1 0.102647 0.118412 0.161204 0.244991 0.372076 0.513948 0.623402 0.672006 0.646882 0.53204 0.351466 0.202048 0.1292 0.104533 0.1 0.1 0.1 0.10122 0.112852 0.140783 0.188863 0.247092 0.294263 0.30784 0.276649 0.214132 0.154056 0.118309 0.10359 0.1 0.1 0.1 0.1 0.100066 0.100374 0.100055 0.1 0.1 0.1 0.1 0.1 0.1 0.102432 0.130221 0.231369 0.467671 0.737369 0.868392 0.9 0.9 0.9 0.9 0.9 0.9 0.899989 0.9 0.9 0.9 0.874122 0.774601 0.551479 0.290637 0.147408 0.1012 0.1 0.136591 0.274834 0.553282 0.788327 0.881869 0.9 0.895077 0.83768 0.663728 0.377121 0.1808 0.110574 0.1 0.108581 0.172987 0.362233 0.660672 0.842331 0.898073 0.9 0.897779 0.884033 0.848167 0.78555 0.716869 0.678066 0.688484 0.74043 0.806991 0.860514 0.89007 0.9 0.9 0.9 0.9 0.88575 0.814942 0.618134 0.32734 0.155547 0.102186 0.1 0.117713 0.183835 0.339104 0.555531 0.705109 0.747347 0.694776 0.543728 0.337027 0.184885 0.117825 0.1 0.1 0.106814 0.169948 0.366268 0.672017 0.847673 0.9 0.9 
0.9 0.9 0.9 0.896231 0.876555 0.816983 0.685593 0.502143 0.359127 0.292697 0.284855 0.328356 0.439335 0.611865 0.771596 0.859037 0.892412 0.9 0.895571 0.852997 0.715984 0.448562 0.218182 0.121253 0.1 0.1 0.1 0.107363 0.136123 0.206122 0.329049 0.486784 0.640186 0.760413 0.839382 0.881504 0.89783 0.9 0.892398 0.838126 0.676085 0.402671 0.198003 0.117736 0.1 0.1 0.104738 0.138978 0.245374 0.457992 0.685915 0.820384 0.876089 0.894511 0.9 0.9 0.9 0.9 0.899225 0.888399 0.860268 0.802028 0.697725 0.538326 0.352699 0.206893 0.13107 0.104758 0.1 0.1 0.1 0.1 0.1 0.1 0.1 0.1 0.1 0.1 0.1 0.1 0.1 0.101041 0.11292 0.157826 0.278809 0.499092 0.704614 0.810653 0.848091 0.859987 0.864913 0.868193 0.871044 0.873269 0.874186 0.87289 0.86808 0.857312 0.837135 0.804821 0.759191 0.702542 0.642381 0.593152 0.57489 0.606579 0.689179 0.786906 0.854386 0.886279 0.897639 0.9 0.9 0.9 0.9 0.892561 0.837391 0.672903 0.399007 0.200201 0.12144 0.101189 0.1 0.1 0.1 0.1 0.1 0.110885 0.14013 0.19458 0.269507 0.342472 0.38243 0.367295 0.297971 0.208332 0.142056 0.110254 0.100609 0.1 0.1 0.1 0.1 0.1 0.102325 0.114414 0.131781 0.147949 0.155568 0.148985 0.131772 0.11439 0.103936 0.10018 0.1 0.1 0.100562 0.104209 0.110652 0.117108 0.119506 0.116492 0.109792 0.103223 0.1 0.1 0.1 0.104126 0.13762 0.252477 0.507205 0.768403 0.881189 0.9 0.9 0.9 0.897861 0.89324 0.889736 0.889988 0.893891 0.898587 0.9 0.892792 0.83461 0.663742 0.385867 0.186096 0.110459 0.1 0.121078 0.228633 0.482671 0.749809 0.870646 0.9 0.9 0.863632 0.73054 0.458783 0.22003 0.121303 0.1 0.107335 0.177208 0.380137 0.683029 0.852394 0.9 0.9 0.890918 0.854735 0.76467 0.614303 0.46978 0.398634 0.413102 0.503777 0.642257 0.772798 0.855199 0.891245 0.9 0.9 0.9 0.891615 0.838948 0.678818 0.398557 0.190847 0.112394 0.1 0.10596 0.138104 0.215737 0.3383 0.448244 0.485201 0.43465 0.321713 0.205864 0.134167 0.105369 0.1 0.1 0.109235 0.17484 0.372973 0.677126 0.849913 0.9 0.9 
0.9 0.9 0.899867 0.891939 0.857486 0.7555 0.54207 0.306446 0.17853 0.137437 0.133235 0.154003 0.235822 0.423311 0.668203 0.822043 0.88284 0.9 0.899537 0.872189 0.775376 0.557342 0.302942 0.159011 0.108954 0.1 0.1 0.100136 0.107467 0.130404 0.17943 0.264643 0.3947 0.562662 0.724585 0.833138 0.884075 0.9 0.9 0.870933 0.756115 0.50473 0.250488 0.132743 0.100248 0.1 0.111103 0.169069 0.332068 0.598729 0.79742 0.879812 0.9 0.9 0.9 0.9 0.9 0.895845 0.878102 0.834233 0.751401 0.622082 0.46026 0.306155 0.193575 0.129295 0.103222 0.1 0.101161 0.106652 0.112899 0.117846 0.120064 0.118949 0.114891 0.1092 0.103727 0.100302 0.1 0.1 0.1 0.102024 0.11938 0.182606 0.349507 0.621697 0.816389 0.889173 0.9 0.9 0.9 0.9 0.9 0.9 0.9 0.9 0.9 0.898814 0.89416 0.885418 0.872112 0.854276 0.832655 0.811897 0.801331 0.809574 0.835762 0.866321 0.887169 0.896813 0.9 0.9 0.9 0.9 0.892903 0.859065 0.758194 0.549837 0.304535 0.162122 0.110766 0.1 0.1 0.101035 0.102038 0.101603 0.1 0.1 0.104394 0.119968 0.145911 0.173884 0.191067 0.187177 0.163257 0.132913 0.110601 0.100728 0.1 0.100275 0.102605 0.104984 0.105417 0.103004 0.1 0.1 0.1 0.101399 0.105066 0.106347 0.104336 0.101449 0.1 0.1 0.1 0.100882 0.107797 0.125487 0.153572 0.181293 0.193632 0.18408 0.158484 0.130023 0.109816 0.100815 0.1 0.103417 0.135117 0.24265 0.483067 0.744519 0.869258 0.9 0.9 0.88898 0.871197 0.85176 0.840173 0.844063 0.862097 0.884012 0.898994 0.9 0.869562 0.748083 0.490216 0.239184 0.125935 0.1 0.109537 0.192939 0.416678 0.70597 0.857135 0.9 0.9 0.880416 0.781533 0.5379 0.26463 0.134521 0.1 0.104363 0.17423 0.379255 0.684562 0.853105 0.9 0.9 0.880549 0.811795 0.646461 0.410151 0.24585 0.184577 0.193278 0.264179 0.410557 0.609702 0.775491 0.863527 0.895087 0.9 0.9 0.896952 0.863151 0.746391 0.500544 0.253837 0.134375 0.100611 0.1 0.111009 0.140424 0.187511 0.232384 0.247415 0.223339 0.176196 0.132798 0.108272 0.100041 0.1 0.1 0.109834 0.174453 0.368824 0.672312 0.848781 0.9 0.9 
0.9 0.9 0.899637 0.889259 0.845363 0.716021 0.45859 0.219884 0.117764 0.1 0.1 0.1 0.151128 0.315749 0.593221 0.793096 0.874528 0.898408 0.9 0.887416 0.830486 0.681685 0.443442 0.244284 0.144247 0.108274 0.1 0.1 0.1 0.103398 0.115663 0.145347 0.210669 0.341454 0.545357 0.742572 0.852952 0.893485 0.9 0.888413 0.807198 0.588247 0.302117 0.148885 0.101901 0.1 0.118045 0.200247 0.411927 0.691647 0.84854 0.897027 0.9 0.9 0.9 0.9 0.893482 0.868136 0.807985 0.697817 0.540897 0.374873 0.244308 0.161684 0.118058 0.1 0.1 0.111043 0.130085 0.154813 0.179768 0.198798 0.207022 0.202293 0.185787 0.161862 0.136828 0.116674 0.104687 0.1 0.1 0.101635 0.119444 0.185782 0.36163 0.643261 0.834308 0.898987 0.9 0.9 0.9 0.9 0.9 0.9 0.9 0.9 0.9 0.9 0.9 0.9 0.9 0.9 0.897692 0.892858 0.888763 0.888557 0.892637 0.897782 0.9 0.9 0.9 0.9 0.897774 0.885025 0.849543 0.766095 0.604008 0.383723 0.210226 0.128059 0.102177 0.1 0.104485 0.112429 0.119233 0.119778 0.113378 0.10474 0.1 0.1 0.106189 0.113906 0.119361 0.119121 0.11323 0.105489 0.1 0.1 0.105036 0.116104 0.131347 0.145267 0.152032 0.148985 0.138305 0.124594 0.110932 0.101804 0.1 0.1 0.1 0.1 0.1 0.1 0.100018 0.106435 0.130098 0.184663 0.269781 0.350885 0.387416 0.365417 0.297069 0.213523 0.147667 0.112035 0.1 0.100578 0.123804 0.204614 0.39368 0.641624 0.794886 0.847312 0.846164 0.81505 0.765948 0.716097 0.690323 0.707472 0.764275 0.832255 0.880847 0.9 0.890046 0.808099 0.591479 0.306538 0.147893 0.1 0.101594 0.165277 0.355789 0.653195 0.837389 0.896385 0.9 0.892113 0.817915 0.602999 0.307718 0.148111 0.1 0.101282 0.167203 0.365828 0.673051 0.849057 0.9 0.9 0.871063 0.772355 0.546208 0.281356 0.144364 0.106367 0.109649 0.143615 0.235031 0.413679 0.639651 0.802444 0.876733 0.898772 0.9 0.9 0.882519 0.807681 0.61858 0.353711 0.17903 0.112754 0.1 0.100548 0.108851 0.12281 0.135733 0.138948 0.13021 0.11571 0.104124 0.1 0.1 0.1 0.1 0.108231 0.166733 0.347956 0.649839 0.841091 0.9 0.9 
0.9 0.9 0.899799 0.890527 0.848735 0.723183 0.468995 0.226685 0.120163 0.1 0.1 0.1 0.146757 0.308045 0.586832 0.7902 0.873117 0.89732 0.9 0.896842 0.870465 0.788505 0.618938 0.401046 0.234735 0.147026 0.110784 0.1 0.1 0.1 0.1 0.104695 0.126958 0.199713 0.37118 0.62383 0.806733 0.881636 0.9 0.8973 0.835759 0.643385 0.342793 0.162274 0.103535 0.1 0.124347 0.22769 0.473907 0.743833 0.869349 0.9 0.9 0.9 0.9 0.893092 0.863408 0.789962 0.655449 0.475692 0.309353 0.196754 0.134335 0.105847 0.1 0.10531 0.130349 0.174899 0.236279 0.305708 0.36932 0.41416 0.43236 0.421015 0.381083 0.318725 0.246663 0.181229 0.134585 0.109138 0.1 0.1 0.112804 0.165531 0.310714 0.567706 0.779784 0.87262 0.896251 0.9 0.9 0.9 0.9 0.9 0.9 0.9 0.9 0.9 0.9 0.9 0.9 0.9 0.9 0.9 0.9 0.9 0.9 0.9 0.9 0.9 0.895491 0.884562 0.861601 0.814436 0.72567 0.579585 0.394218 0.235161 0.143773 0.107331 0.1 0.106142 0.125313 0.154874 0.180934 0.18609 0.166759 0.136225 0.111591 0.1 0.1 0.10032 0.101208 0.1014 0.100678 0.1 0.1 0.11005 0.136112 0.179521 0.232304 0.278407 0.303022 0.300147 0.273326 0.231924 0.186779 0.148058 0.121471 0.106099 0.1 0.1 0.1 0.1 0.101977 0.118853 0.174115 0.299712 0.479937 0.621038 0.675323 0.649251 0.547949 0.390497 0.238924 0.145696 0.107217 0.1 0.110508 0.157162 0.270668 0.449682 0.60428 0.673856 0.667738 0.608146 0.521003 0.442717 0.409189 0.445153 0.55889 0.713159 0.833689 0.891548 0.9 0.849156 0.679569 0.388216 0.180501 0.105523 0.1 0.144211 0.298461 0.585643 0.806284 0.888597 0.9 0.899443 0.839681 0.644043 0.339139 0.158847 0.1 0.1 0.158916 0.344492 0.651314 0.840942 0.899942 0.9 0.867563 0.755672 0.504734 0.238915 0.121067 0.1 0.1 0.106632 0.147547 0.259694 0.467106 0.693199 0.831549 0.886945 0.9 0.9 0.894551 0.853621 0.727213 0.487011 0.255871 0.139946 0.104068 0.1 0.100347 0.102909 0.105129 0.104541 0.101925 0.1 0.1 0.101215 0.101344 0.1 0.1 0.104531 0.151493 0.307758 0.599772 0.820201 0.9 0.9 
0.886243 0.9 0.9 0.895134 0.865819 0.772307 0.567396 0.324727 0.183421 0.133087 0.12351 0.139528 0.214055 0.397835 0.651708 0.815219 0.879763 0.898036 0.9 0.9 0.892298 0.857339 0.76777 0.60552 0.406622 0.246891 0.154633 0.113361 0.100689 0.1 0.1 0.1 0.101961 0.136514 0.260059 0.514379 0.757673 0.86866 0.9 0.9 0.848467 0.671583 0.366407 0.169872 0.104064 0.1 0.129796 0.250324 0.518693 0.772677 0.877992 0.9 0.9 0.9 0.894974 0.866487 0.788181 0.637152 0.438565 0.269943 0.168423 0.119207 0.1 0.1 0.117193 0.159752 0.23674 0.346353 0.470656 0.581477 0.660244 0.704927 0.720709 0.71036 0.670334 0.593071 0.476586 0.340314 0.221618 0.145415 0.109773 0.1 0.104319 0.135355 0.227487 0.416219 0.636976 0.782931 0.852856 0.883501 0.896342 0.9 0.9 0.9 0.9 0.9 0.9 0.899926 0.896837 0.888423 0.873885 0.857631 0.84737 0.846584 0.852614 0.860692 0.867118 0.869985 0.868201 0.859798 0.839589 0.801584 0.736794 0.634859 0.49563 0.345039 0.222174 0.145984 0.110377 0.1 0.103331 0.126621 0.181821 0.267534 0.342846 0.360763 0.312177 0.227843 0.153782 0.112871 0.1 0.1 0.1 0.1 0.1 0.1 0.111232 0.149286 0.226836 0.340117 0.458938 0.547758 0.591094 0.590268 0.550603 0.478208 0.383908 0.285692 0.202072 0.144043 0.112609 0.101056 0.1 0.1 0.104889 0.135096 0.231064 0.438877 0.676931 0.809577 0.849022 0.834719 0.763622 0.609681 0.38984 0.211736 0.126228 0.1 0.100869 0.121339 0.17169 0.255268 0.341177 0.386111 0.374911 0.322313 0.257572 0.207487 0.188694 0.217944 0.327365 0.534332 0.748849 0.866177 0.9 0.876007 0.750942 0.48157 0.227871 0.119216 0.1 0.125896 0.242184 0.496802 0.752635 0.871584 0.9 0.9 0.842891 0.650534 0.347008 0.163302 0.101493 0.1 0.149911 0.316851 0.617866 0.826004 0.89631 0.9 0.872067 0.76825 0.527395 0.256405 0.128501 0.1 0.1 0.1 0.112331 0.16846 0.308343 0.535466 0.742271 0.85288 0.892688 0.9 0.9 0.882224 0.808452 0.626956 0.369169 0.189485 0.117203 0.1 0.1 0.1 0.1 0.1 0.103312 0.112021 0.121909 0.125996 0.120667 0.109442 0.1 0.1 0.131144 0.250982 0.511119 0.767903 0.886243 0.9 
0.830873 0.885298 0.9 0.9 0.886382 0.834306 0.710133 0.520948 0.357761 0.271963 0.250459 0.284782 0.392209 0.574991 0.75359 0.852311 0.889763 0.899495 0.9 0.9 0.9 0.890292 0.854958 0.771788 0.622621 0.427921 0.258014 0.156454 0.112546 0.100217 0.1 0.1 0.1 0.115041 0.206849 0.442459 0.720536 0.858834 0.9 0.9 0.851411 0.679001 0.372284 0.170813 0.103177 0.1 0.135033 0.27033 0.552998 0.790916 0.882584 0.9 0.9 0.898183 0.876612 0.805612 0.651683 0.435891 0.255498 0.155047 0.112335 0.1 0.100927 0.128533 0.192598 0.30395 0.4553 0.608904 0.726051 0.799058 0.839469 0.85848 0.864304 0.860353 0.842863 0.801752 0.719372 0.577098 0.390816 0.230332 0.140046 0.105389 0.1 0.111369 0.154846 0.255976 0.418188 0.592163 0.726683 0.8139 0.864761 0.890224 0.899566 0.9 0.9 0.9 0.9 0.89679 0.883458 0.850554 0.792748 0.726981 0.683068 0.67269 0.686547 0.709684 0.729917 0.739778 0.734851 0.711117 0.663317 0.587394 0.485266 0.370635 0.264979 0.184634 0.13418 0.108777 0.1 0.1 0.114418 0.166644 0.289587 0.471665 0.609148 0.641278 0.568374 0.413446 0.249862 0.147806 0.107105 0.1 0.1 0.1 0.1 0.107775 0.146587 0.242335 0.404126 0.583581 0.714348 0.784535 0.812508 0.812889 0.790558 0.74248 0.65924 0.534238 0.382558 0.245829 0.156224 0.113406 0.1 0.1 0.106426 0.146803 0.274392 0.534653 0.775859 0.879308 0.9 0.896342 0.863537 0.763456 0.555937 0.308345 0.160673 0.107835 0.1 0.104662 0.121279 0.149316 0.178555 0.192965 0.185107 0.161348 0.134684 0.115496 0.108349 0.121587 0.190801 0.370905 0.640896 0.828109 0.897439 0.89359 0.806101 0.578145 0.29204 0.140879 0.1 0.109813 0.18842 0.386645 0.654412 0.82373 0.885784 0.886797 0.812859 0.605609 0.320641 0.157247 0.102132 0.1 0.139973 0.28351 0.570031 0.801487 0.888691 0.9 0.882315 0.802563 0.601901 0.328336 0.16405 0.108597 0.1 0.1 0.100834 0.122959 0.198365 0.364966 0.59774 0.77943 0.86756 0.896495 0.9 0.896059 0.859255 0.740741 0.505818 0.266157 0.143203 0.104531 0.1 0.1 0.100268 0.107433 0.127974 0.163173 0.198282 0.210464 0.190639 0.151789 0.116585 0.1 0.111377 0.188608 0.386847 0.657511 0.830873 0.885298 
0.701739 0.820157 0.877453 0.899726 0.9 0.879842 0.82528 0.7313 0.625102 0.548671 0.525488 0.560912 0.647721 0.755375 0.839186 0.882047 0.897206 0.9 0.9 0.9 0.9 0.9 0.891463 0.860695 0.784947 0.637874 0.430096 0.246518 0.145341 0.107606 0.1 0.1 0.1 0.109478 0.188432 0.41191 0.703649 0.854721 0.9 0.9 0.848604 0.671161 0.363306 0.166252 0.101392 0.1 0.14114 0.291428 0.584083 0.805747 0.886226 0.9 0.9 0.888938 0.83683 0.700495 0.474582 0.267802 0.154326 0.110107 0.1 0.104428 0.137345 0.219033 0.361172 0.540564 0.698689 0.802563 0.859243 0.885182 0.896771 0.9 0.9 0.9 0.896644 0.884085 0.849269 0.764136 0.595736 0.370264 0.200082 0.122763 0.1 0.1 0.11397 0.153042 0.22954 0.347536 0.496686 0.648638 0.770497 0.847864 0.886252 0.899198 0.9 0.9 0.89915 0.889561 0.856253 0.773241 0.626656 0.475547 0.388287 0.366482 0.382232 0.4131 0.4423 0.457665 0.451871 0.42243 0.371996 0.308677 0.243591 0.186721 0.144078 0.117368 0.104227 0.1 0.1 0.102912 0.128663 0.216062 0.416518 0.66473 0.804454 0.833714 0.779752 0.62986 0.402817 0.215988 0.12631 0.1 0.1 0.1 0.102526 0.133146 0.2236 0.400056 0.615591 0.771895 0.850413 0.881466 0.891282 0.89143 0.884447 0.867892 0.830845 0.755392 0.619001 0.427942 0.252237 0.149017 0.10796 0.1 0.104626 0.146921 0.283184 0.558406 0.797465 0.889439 0.9 0.9 0.893494 0.839877 0.684358 0.419345 0.208451 0.120707 0.1 0.1 0.103408 0.11016 0.117266 0.120033 0.11649 0.109156 0.102436 0.1 0.1 0.1 0.135118 0.265487 0.531533 0.777959 0.884917 0.9 0.845471 0.66767 0.375425 0.175018 0.104199 0.1 0.14357 0.270272 0.491282 0.693917 0.793913 0.799433 0.703389 0.488778 0.260183 0.140971 0.101162 0.1 0.129528 0.245955 0.506265 0.763558 0.876176 0.9 0.893402 0.843229 0.702749 0.458885 0.247598 0.143454 0.107719 0.1 0.1 0.104609 0.136864 0.231843 0.420855 0.651396 0.809828 0.879767 0.9 0.9 0.886245 0.816668 0.634716 0.366294 0.183537 0.114284 0.1 0.1 0.105091 0.129123 0.189369 0.288963 0.383237 0.415195 0.367548 0.267469 0.17048 0.113724 0.1 0.136782 0.258209 0.481573 0.701739 0.820157 
0.48979 0.670262 0.803448 0.874682 0.9 0.9 0.882699 0.849742 0.809562 0.777648 0.767472 0.78325 0.81825 0.857087 0.88453 0.896964 0.9 0.9 0.9 0.9 0.9 0.9 0.9 0.89398 0.866093 0.786777 0.618752 0.384293 0.205434 0.125212 0.101989 0.1 0.1 0.110599 0.190102 0.414724 0.707187 0.856674 0.9 0.9 0.840981 0.650885 0.343304 0.158314 0.1 0.1 0.149457 0.317592 0.617115 0.820709 0.890207 0.9 0.898508 0.869596 0.771177 0.560864 0.316688 0.169218 0.112347 0.1 0.104059 0.139266 0.230761 0.395186 0.594174 0.751328 0.841701 0.883699 0.9 0.9 0.9 0.9 0.9 0.9 0.9 0.9 0.89304 0.856661 0.747956 0.529649 0.287081 0.15326 0.107437 0.1 0.100304 0.109748 0.134109 0.183155 0.270701 0.409663 0.586035 0.74405 0.842745 0.887258 0.9 0.9 0.898068 0.880916 0.822475 0.675528 0.437621 0.252664 0.175441 0.162842 0.172968 0.190678 0.207272 0.216458 0.214464 0.200806 0.178621 0.153577 0.131416 0.115042 0.104463 0.1 0.1 0.1 0.1 0.104664 0.13789 0.249833 0.497771 0.758591 0.877649 0.899548 0.872639 0.774885 0.571762 0.326942 0.172467 0.111857 0.1 0.1 0.122169 0.19631 0.358035 0.586664 0.769623 0.861592 0.894016 0.9 0.9 0.9 0.9 0.9 0.891281 0.862656 0.787161 0.629575 0.402789 0.217359 0.127762 0.1 0.100578 0.136062 0.257399 0.518214 0.771349 0.879228 0.9 0.9 0.9 0.873441 0.765858 0.525892 0.266747 0.138717 0.102003 0.1 0.1 0.100393 0.101233 0.101371 0.100573 0.1 0.1 0.1 0.1 0.1 0.114986 0.204299 0.434343 0.718052 0.864586 0.9 0.873091 0.744884 0.478747 0.231 0.121966 0.1 0.114093 0.175887 0.302479 0.460533 0.568886 0.579872 0.485635 0.323857 0.188524 0.121844 0.1 0.1 0.119284 0.206965 0.428369 0.705974 0.855272 0.899778 0.9 0.875821 0.796281 0.625356 0.401901 0.233105 0.145765 0.11032 0.1 0.1 0.108829 0.152087 0.268795 0.480968 0.706057 0.839317 0.889986 0.9 0.898222 0.860827 0.73212 0.475278 0.236234 0.128726 0.1 0.1 0.113733 0.166402 0.295847 0.494213 0.647849 0.693896 0.634581 0.477563 0.28571 0.155883 0.103763 0.106757 0.163099 0.294507 0.48979 0.670262 
0.279393 0.446943 0.655948 0.810187 0.881209 0.9 0.9 0.892005 0.881391 0.872732 0.870348 0.875288 0.884879 0.894896 0.9 0.9 0.9 0.9 0.9 0.9 0.9 0.9 0.9 0.9 0.895023 0.86133 0.754757 0.535555 0.28939 0.153706 0.107778 0.1 0.1 0.115342 0.204564 0.441519 0.726082 0.863421 0.9 0.897073 0.827065 0.618947 0.31565 0.148656 0.1 0.100185 0.161931 0.352416 0.654274 0.83676 0.894733 0.9 0.891937 0.83803 0.682547 0.420291 0.212423 0.122406 0.1 0.100237 0.130742 0.220691 0.395888 0.613053 0.776482 0.861704 0.894545 0.9 0.89952 0.891786 0.887546 0.889255 0.894172 0.89833 0.9 0.9 0.9 0.890774 0.829244 0.655283 0.380551 0.190192 0.117339 0.100224 0.1 0.1 0.103151 0.115876 0.149226 0.224121 0.366378 0.567632 0.748451 0.851742 0.892143 0.9 0.898481 0.877097 0.802858 0.616239 0.338277 0.160428 0.101399 0.1 0.104814 0.111761 0.117816 0.121146 0.120816 0.116749 0.110199 0.103602 0.1 0.1 0.1 0.1 0.1 0.1 0.1 0.103876 0.136636 0.250802 0.50633 0.769843 0.883368 0.9 0.896353 0.847094 0.712342 0.484368 0.275724 0.165926 0.130455 0.137904 0.194599 0.328851 0.541546 0.74049 0.851684 0.893042 0.9 0.9 0.898711 0.898096 0.899116 0.9 0.9 0.896254 0.865971 0.770501 0.568223 0.318987 0.16464 0.107616 0.1 0.121272 0.212302 0.433292 0.705408 0.852042 0.895721 0.9 0.9 0.888114 0.815255 0.617012 0.334888 0.163833 0.106876 0.1 0.1 0.1 0.1 0.1 0.1 0.1 0.1 0.1 0.1 0.1 0.10571 0.166277 0.353231 0.65003 0.838843 0.9 0.892314 0.806963 0.592463 0.316205 0.155516 0.102788 0.1 0.121196 0.172493 0.244315 0.30276 0.312002 0.265217 0.192787 0.13611 0.108174 0.1 0.1 0.110199 0.170249 0.342822 0.620076 0.81514 0.888628 0.9 0.894108 0.859513 0.769213 0.604729 0.404102 0.243856 0.151957 0.111833 0.1 0.1 0.113645 0.172459 0.320843 0.561509 0.768908 0.867942 0.89815 0.9 0.883538 0.795835 0.573685 0.295922 0.147367 0.101454 0.1 0.123056 0.208454 0.411363 0.669367 0.81673 0.854166 0.816455 0.683318 0.447434 0.230348 0.125778 0.1 0.114466 0.169396 0.279393 0.446943 
0.155702 0.254627 0.462906 0.700238 0.841719 0.892335 0.9 0.9 0.899303 0.89838 0.89873 0.9 0.9 0.9 0.898349 0.894037 0.891513 0.892078 0.894977 0.898278 0.9 0.9 0.9 0.9 0.9 0.890667 0.829123 0.655819 0.381255 0.189146 0.116084 0.1 0.1 0.122394 0.227559 0.483206 0.753094 0.872758 0.9 0.890716 0.806695 0.57734 0.283756 0.137644 0.1 0.105347 0.182053 0.39805 0.694576 0.85283 0.898689 0.9 0.881429 0.796078 0.583013 0.310366 0.154392 0.103693 0.1 0.117604 0.190706 0.358154 0.592695 0.776155 0.868278 0.9 0.9 0.885187 0.861335 0.838313 0.831539 0.845393 0.869087 0.888191 0.897634 0.9 0.9 0.9 0.864557 0.728044 0.453637 0.222559 0.126696 0.101501 0.1 0.1 0.1 0.1 0.106823 0.134984 0.212312 0.372322 0.596429 0.777914 0.86851 0.8985 0.9 0.881837 0.812383 0.632876 0.354718 0.167721 0.10256 0.1 0.1 0.1 0.1 0.1 0.1 0.1 0.1 0.1 0.1 0.103936 0.107367 0.107638 0.104843 0.101404 0.1 0.101286 0.126215 0.222101 0.452723 0.727196 0.865187 0.9 0.9 0.881054 0.810616 0.661696 0.466771 0.320259 0.259827 0.27644 0.371169 0.539013 0.718311 0.836357 0.887982 0.9 0.897937 0.88832 0.878317 0.87442 0.879295 0.889133 0.897904 0.9 0.893744 0.844891 0.698819 0.438862 0.218315 0.122467 0.1 0.10763 0.165825 0.331089 0.601496 0.802095 0.88179 0.9 0.9 0.89549 0.846761 0.692282 0.415842 0.201131 0.116402 0.1 0.1 0.1 0.1 0.1 0.1 0.1 0.1 0.1 0.1 0.1 0.101033 0.140692 0.287298 0.574857 0.80407 0.891676 0.9 0.851202 0.699827 0.43723 0.220864 0.124592 0.1 0.1 0.115283 0.138631 0.159674 0.164854 0.150883 0.128179 0.110143 0.101607 0.1 0.1 0.103432 0.13964 0.260369 0.504436 0.744744 0.863551 0.89867 0.9 0.890603 0.855199 0.771561 0.620475 0.420705 0.247082 0.148317 0.10938 0.1 0.1 0.123743 0.211476 0.412476 0.671733 0.831491 0.889469 0.9 0.895189 0.834577 0.649291 0.355336 0.16885 0.105249 0.1 0.128454 0.236883 0.485722 0.752694 0.875075 0.9 0.88569 0.801996 0.597171 0.324683 0.160476 0.104897 0.1 0.11381 0.155702 0.254627 
0.107378 0.149202 0.301633 0.560822 0.778303 0.875257 0.9 0.9 0.9 0.9 0.9 0.9 0.892883 0.879502 0.862894 0.847759 0.841065 0.846295 0.861223 0.879049 0.892619 0.899049 0.9 0.9 0.9 0.899765 0.864057 0.731693 0.462408 0.224956 0.12499 0.1 0.1 0.130707 0.255113 0.530236 0.781187 0.882385 0.9 0.882533 0.782602 0.532116 0.252588 0.12675 0.1 0.113912 0.208747 0.451073 0.734067 0.866927 0.9 0.9 0.868321 0.747512 0.487765 0.236864 0.125041 0.1 0.104843 0.152354 0.288393 0.526842 0.746071 0.860582 0.899986 0.9 0.874359 0.818746 0.744415 0.684928 0.675719 0.724695 0.800837 0.860151 0.889533 0.899095 0.9 0.9 0.875282 0.75611 0.488076 0.239059 0.131634 0.102363 0.1 0.1 0.1 0.1 0.1 0.10508 0.136824 0.230242 0.419275 0.654059 0.814519 0.883577 0.9 0.892194 0.844723 0.713294 0.477528 0.265942 0.160295 0.123995 0.10945 0.102623 0.1 0.1 0.100416 0.104735 0.113124 0.124923 0.138554 0.152058 0.158557 0.152699 0.135915 0.116623 0.103408 0.1 0.112663 0.17962 0.361084 0.635903 0.820468 0.888367 0.9 0.89659 0.867976 0.798825 0.689981 0.581699 0.5255 0.54395 0.628488 0.741028 0.833071 0.883546 0.9 0.896743 0.875676 0.840415 0.806195 0.793504 0.810765 0.846424 0.879635 0.897851 0.9 0.879407 0.78248 0.553306 0.284111 0.142961 0.100156 0.1 0.130553 0.239886 0.474296 0.725851 0.854906 0.894979 0.9 0.899278 0.868314 0.75583 0.513456 0.261968 0.137319 0.101216 0.1 0.1 0.1 0.1 0.1 0.1 0.1 0.1 0.1 0.1 0.1 0.123394 0.236403 0.500712 0.762908 0.876836 0.9 0.879607 0.787403 0.583805 0.336448 0.180166 0.116766 0.1 0.1 0.103315 0.109291 0.111966 0.10973 0.105 0.101234 0.1 0.1 0.1 0.1 0.117787 0.191707 0.374429 0.631423 0.809613 0.882823 0.9 0.9 0.891745 0.861689 0.784345 0.624931 0.39804 0.216212 0.131122 0.103965 0.1 0.104706 0.151404 0.298927 0.566706 0.78581 0.877158 0.9 0.9 0.856351 0.700505 0.407141 0.190308 0.110442 0.1 0.127834 0.243197 0.507594 0.772362 0.882241 0.9 0.9 0.853843 0.699288 0.419497 0.202203 0.117313 0.1 0.1 0.107378 0.149202 
0.1 0.107605 0.204169 0.422092 0.685263 0.839096 0.892797 0.9 0.9 0.9 0.892489 0.874014 0.840209 0.792746 0.740909 0.699802 0.68471 0.70347 0.751579 0.811419 0.860789 0.88868 0.898824 0.9 0.9 0.9 0.878532 0.773848 0.522499 0.255306 0.13281 0.1 0.1 0.139053 0.28267 0.573543 0.8052 0.890547 0.9 0.874647 0.760177 0.493063 0.227763 0.117866 0.1 0.123389 0.236817 0.50174 0.767731 0.878607 0.9 0.89984 0.852541 0.694674 0.406483 0.189779 0.10926 0.1 0.119967 0.208478 0.415327 0.674783 0.83422 0.893052 0.9 0.876462 0.801944 0.665268 0.509117 0.40786 0.401149 0.499435 0.667543 0.806532 0.87396 0.896495 0.9 0.9 0.872413 0.748624 0.478038 0.233801 0.129917 0.102025 0.1 0.1 0.1 0.1 0.1 0.1 0.107902 0.151853 0.272203 0.489915 0.714037 0.844075 0.893508 0.9 0.87927 0.808846 0.662574 0.47397 0.324763 0.238165 0.191059 0.165798 0.153811 0.151159 0.15634 0.171654 0.198175 0.234444 0.274636 0.307651 0.317564 0.292174 0.234776 0.169465 0.122715 0.10096 0.101647 0.140033 0.262677 0.50167 0.735944 0.85646 0.89572 0.9 0.893072 0.869284 0.828395 0.783884 0.759034 0.768304 0.80595 0.851158 0.884743 0.9 0.899023 0.873268 0.810017 0.712871 0.624217 0.593832 0.638728 0.734782 0.827709 0.881645 0.9 0.89509 0.831803 0.645662 0.356821 0.170649 0.106859 0.1 0.109807 0.174622 0.355015 0.630301 0.815734 0.88486 0.9 0.9 0.883308 0.809796 0.624949 0.365036 0.189348 0.117927 0.1 0.1 0.1 0.1 0.1 0.1 0.1 0.1 0.1 0.1 0.1 0.112228 0.202744 0.443865 0.726182 0.862559 0.9 0.89584 0.848437 0.722236 0.507743 0.300036 0.177447 0.123328 0.103846 0.1 0.1 0.1 0.1 0.1 0.1 0.1 0.1 0.1 0.1 0.105228 0.143038 0.25788 0.478328 0.708758 0.840719 0.890065 0.9 0.9 0.895364 0.86748 0.769417 0.555306 0.302958 0.161826 0.111548 0.1 0.1 0.123034 0.230014 0.479214 0.741675 0.864825 0.9 0.9 0.867043 0.731173 0.445297 0.20811 0.115631 0.1 0.122809 0.232725 0.494246 0.76353 0.877348 0.9 0.9 0.87493 0.759402 0.498776 0.2429 0.130146 0.101174 0.1 0.1 0.107605 
0.1 0.1 0.153426 0.303829 0.552303 0.758555 0.856321 0.886295 0.888052 0.873835 0.839387 0.778166 0.68806 0.580983 0.482252 0.416197 0.395866 0.428646 0.51914 0.652561 0.779784 0.858284 0.891236 0.899944 0.9 0.9 0.884851 0.796166 0.561403 0.277445 0.138646 0.1 0.1 0.146103 0.305638 0.606613 0.822407 0.89624 0.9 0.869394 0.746241 0.470735 0.214228 0.112784 0.1 0.130507 0.257121 0.535426 0.789533 0.887403 0.9 0.896254 0.830275 0.634907 0.339632 0.159288 0.100641 0.1 0.14357 0.283674 0.546292 0.775038 0.876846 0.9 0.889485 0.826957 0.674117 0.450189 0.271986 0.1893 0.189486 0.289923 0.511277 0.740045 0.855583 0.893882 0.9 0.898444 0.855357 0.705802 0.426629 0.209056 0.122431 0.10082 0.1 0.1 0.1 0.1 0.1 0.1 0.1 0.115549 0.177783 0.32754 0.558692 0.757718 0.862115 0.89942 0.9 0.874398 0.812461 0.713206 0.597765 0.493618 0.414942 0.363554 0.335782 0.328374 0.34038 0.372997 0.425279 0.490456 0.554714 0.600446 0.609004 0.560767 0.443665 0.29009 0.17224 0.115284 0.1 0.113653 0.183404 0.353533 0.599551 0.785879 0.872149 0.8989 0.9 0.895008 0.883668 0.870098 0.862404 0.865598 0.877593 0.891239 0.899993 0.9 0.883612 0.820444 0.679432 0.490019 0.352491 0.313829 0.376556 0.537406 0.727421 0.84772 0.895178 0.9 0.859842 0.713571 0.431637 0.204143 0.115872 0.1 0.1 0.135436 0.268163 0.536135 0.771167 0.871405 0.898403 0.9 0.893605 0.852681 0.735052 0.520199 0.306172 0.182345 0.13038 0.112583 0.105989 0.103118 0.10137 0.100165 0.1 0.1 0.1 0.1 0.1 0.108265 0.192246 0.422995 0.708263 0.8532 0.897339 0.9 0.882467 0.82125 0.689599 0.499928 0.325914 0.214726 0.156241 0.128289 0.114398 0.106818 0.10267 0.100595 0.1 0.1 0.1 0.1 0.1 0.1 0.114155 0.173957 0.321578 0.551532 0.750497 0.855044 0.893095 0.9 0.9 0.897961 0.838001 0.655429 0.372515 0.188562 0.118665 0.100192 0.1 0.111448 0.196109 0.426103 0.711129 0.85589 0.899631 0.9 0.871655 0.745395 0.465387 0.218536 0.119239 0.1 0.116646 0.216385 0.467542 0.745532 0.870191 0.9 0.9 0.884634 0.792743 0.554488 0.275853 0.141121 0.103077 0.1 0.1 0.1 
0.1 0.1 0.125014 0.210446 0.385623 0.595882 0.737665 0.796609 0.799846 0.761328 0.681066 0.562133 0.427278 0.311872 0.234088 0.192284 0.180694 0.202126 0.275068 0.428959 0.640363 0.801231 0.874293 0.896966 0.9 0.9 0.887665 0.807491 0.583836 0.291458 0.142393 0.1 0.1 0.150724 0.320399 0.626264 0.83201 0.899108 0.9 0.868638 0.746511 0.47335 0.215977 0.113075 0.1 0.131754 0.258862 0.535172 0.789835 0.889815 0.9 0.886807 0.793183 0.560064 0.281487 0.139099 0.1 0.106799 0.177563 0.371712 0.6555 0.834347 0.895774 0.9 0.867134 0.752734 0.520358 0.280461 0.150886 0.106692 0.109387 0.192328 0.414286 0.69496 0.84503 0.894149 0.9 0.888148 0.816233 0.62293 0.346425 0.174007 0.112639 0.1 0.1 0.1 0.1 0.1 0.1 0.1 0.1 0.102183 0.127314 0.207696 0.377254 0.603276 0.778173 0.867649 0.899777 0.9 0.884242 0.85223 0.805516 0.753288 0.704747 0.666344 0.641819 0.634082 0.644594 0.672208 0.711737 0.754821 0.792813 0.818464 0.823066 0.78829 0.674499 0.461395 0.25013 0.1403 0.102516 0.100624 0.132893 0.231635 0.426642 0.655307 0.808206 0.877242 0.898741 0.9 0.899215 0.896084 0.894217 0.894959 0.897612 0.9 0.9 0.895324 0.858852 0.743028 0.515104 0.28962 0.173919 0.148669 0.195195 0.347024 0.599542 0.798704 0.882811 0.9 0.876681 0.763863 0.507268 0.245392 0.127262 0.1 0.1 0.116776 0.219488 0.469837 0.734948 0.858958 0.895459 0.9 0.89923 0.881446 0.821844 0.692048 0.50758 0.344544 0.244575 0.193417 0.167534 0.152572 0.141243 0.130637 0.120464 0.111113 0.103773 0.1 0.1 0.120732 0.220132 0.456658 0.721747 0.85375 0.894993 0.9 0.897058 0.875058 0.817092 0.710245 0.56616 0.423953 0.316327 0.246455 0.202623 0.174166 0.154368 0.139373 0.127239 0.11701 0.10861 0.102681 0.1 0.1 0.101141 0.124849 0.203138 0.369162 0.59237 0.767371 0.857869 0.892354 0.9 0.9 0.847651 0.674076 0.389092 0.19598 0.120966 0.100506 0.1 0.108798 0.188231 0.412867 0.702992 0.85347 0.899481 0.9 0.871361 0.744199 0.464053 0.21861 0.119931 0.1 0.112214 0.203802 0.445681 0.730323 0.864481 0.9 0.9 0.888848 0.808505 0.584495 0.29566 0.148038 0.104526 0.1 0.1 0.1 
0.1 0.1 0.108643 0.146947 0.235467 0.369801 0.497387 0.567399 0.568728 0.510671 0.412438 0.30483 0.216157 0.157533 0.125058 0.110323 0.106046 0.113469 0.148863 0.261592 0.489963 0.729178 0.851267 0.891979 0.9 0.9 0.888854 0.812613 0.594701 0.298689 0.144358 0.1 0.1 0.152227 0.324871 0.631595 0.834166 0.899232 0.9 0.872934 0.762883 0.505012 0.23671 0.120264 0.1 0.125183 0.235227 0.484551 0.748316 0.870754 0.893094 0.856067 0.720384 0.460056 0.225594 0.122388 0.1 0.119168 0.220409 0.462456 0.734041 0.866426 0.9 0.895015 0.835726 0.664947 0.388134 0.188949 0.111943 0.1 0.100153 0.175813 0.397141 0.691568 0.848447 0.897873 0.9 0.866162 0.748094 0.504505 0.259259 0.139937 0.104308 0.1 0.1 0.1 0.1 0.1 0.1 0.1 0.1 0.1 0.10549 0.138251 0.229258 0.401673 0.612932 0.7732 0.858638 0.892879 0.9 0.9 0.887967 0.871804 0.856224 0.843241 0.833561 0.829592 0.832857 0.842906 0.857129 0.871829 0.88433 0.893517 0.896637 0.882634 0.80226 0.595952 0.324421 0.166966 0.110506 0.1 0.10847 0.154249 0.270304 0.46885 0.676942 0.811973 0.874998 0.89653 0.9 0.9 0.9 0.9 0.9 0.9 0.9 0.889295 0.831057 0.662644 0.3846 0.185929 0.109981 0.1 0.125397 0.239567 0.492113 0.750007 0.869424 0.9 0.888404 0.803988 0.586139 0.303919 0.147351 0.1 0.1 0.111686 0.20817 0.452097 0.722858 0.853688 0.893718 0.9 0.9 0.895712 0.873269 0.817101 0.719921 0.599801 0.489923 0.409549 0.356102 0.317968 0.284714 0.250871 0.216139 0.183539 0.157491 0.14261 0.145727 0.189079 0.320095 0.556313 0.766943 0.86516 0.895776 0.9 0.9 0.895971 0.878268 0.83832 0.772469 0.685949 0.592151 0.504837 0.431547 0.372337 0.322835 0.278582 0.237115 0.198197 0.163383 0.135057 0.115112 0.103765 0.1 0.10285 0.134299 0.223156 0.390867 0.596584 0.753225 0.836581 0.868257 0.862787 0.790772 0.601332 0.340467 0.178327 0.116403 0.1 0.1 0.113964 0.204874 0.441078 0.720176 0.858756 0.9 0.9 0.865334 0.725578 0.439363 0.207261 0.117125 0.1 0.111344 0.201329 0.441215 0.726055 0.862373 0.899845 0.9 0.889305 0.810561 0.588963 0.298988 0.149329 0.104839 0.1 0.1 0.1 
0.1 0.1 0.10128 0.113882 0.146823 0.201046 0.259397 0.295083 0.292966 0.257469 0.206333 0.158707 0.125063 0.106919 0.1 0.1 0.1 0.1 0.107923 0.183535 0.390696 0.671185 0.831593 0.887471 0.9 0.9 0.889144 0.813665 0.596852 0.300209 0.144815 0.1 0.1 0.150426 0.318424 0.622391 0.829097 0.896901 0.9 0.881109 0.792038 0.563794 0.280265 0.136294 0.1 0.112783 0.190896 0.379371 0.628138 0.779386 0.814076 0.752402 0.578419 0.337416 0.173106 0.108396 0.1 0.134152 0.267369 0.544444 0.787056 0.884431 0.9 0.88448 0.797815 0.576992 0.296714 0.145139 0.100546 0.1 0.110625 0.199965 0.438731 0.722619 0.861697 0.9 0.892673 0.828418 0.651618 0.376971 0.186347 0.114911 0.1 0.1 0.1 0.100802 0.103882 0.107114 0.108406 0.106896 0.103381 0.1 0.1 0.106888 0.142248 0.231912 0.391199 0.584179 0.739245 0.831363 0.877124 0.897743 0.9 0.9 0.9 0.899422 0.896761 0.894682 0.894429 0.896034 0.898481 0.9 0.9 0.9 0.9 0.9 0.836634 0.642528 0.355091 0.179272 0.115101 0.1 0.1 0.115351 0.168586 0.288369 0.478191 0.67297 0.804105 0.869511 0.894375 0.9 0.9 0.9 0.9 0.9 0.9 0.883896 0.806836 0.599015 0.309798 0.14728 0.1 0.1 0.109981 0.195848 0.427097 0.714529 0.859368 0.9 0.896376 0.837863 0.671037 0.39922 0.198449 0.116386 0.101287 0.128717 0.246137 0.497039 0.743866 0.859069 0.894356 0.9 0.9 0.9 0.895021 0.877838 0.843888 0.795701 0.742549 0.693795 0.652154 0.613409 0.570331 0.517462 0.454993 0.390058 0.334703 0.302212 0.307417 0.372434 0.515799 0.697033 0.824591 0.881082 0.898239 0.9 0.9 0.9 0.897988 0.888657 0.869645 0.839731 0.801383 0.758601 0.7144 0.668685 0.618017 0.558706 0.488657 0.409012 0.325184 0.246112 0.181077 0.135617 0.109739 0.1 0.104188 0.139183 0.225359 0.371379 0.540297 0.668481 0.72905 0.719731 0.623757 0.43753 0.24894 0.145677 0.107868 0.1 0.1 0.131431 0.253252 0.511079 0.758624 0.870043 0.9 0.9 0.850226 0.684303 0.39205 0.186202 0.111376 0.1 0.115305 0.213412 0.461619 0.737029 0.865104 0.9 0.9 0.886002 0.799133 0.567781 0.285227 0.144721 0.10389 0.1 0.1 0.1 
0.1 0.1 0.1 0.101937 0.110525 0.12646 0.144225 0.154767 0.152438 0.13917 0.122259 0.108826 0.101236 0.1 0.1 0.1 0.1 0.1 0.100596 0.165038 0.362293 0.652371 0.825035 0.885964 0.9 0.9 0.888571 0.810738 0.590333 0.295922 0.143729 0.1 0.1 0.145561 0.301483 0.597914 0.816324 0.89234 0.9 0.890568 0.826543 0.639727 0.349298 0.164864 0.10342 0.101855 0.144435 0.253146 0.423927 0.565484 0.604987 0.533385 0.377638 0.22175 0.132573 0.1 0.100376 0.149752 0.312702 0.609248 0.821286 0.895026 0.9 0.872768 0.759036 0.500532 0.239642 0.12501 0.1 0.1 0.127472 0.246057 0.512618 0.768397 0.877913 0.9 0.878317 0.779977 0.547306 0.27533 0.137873 0.101812 0.1 0.1 0.106084 0.118968 0.135981 0.150672 0.156369 0.150251 0.135125 0.117631 0.104516 0.1 0.105028 0.136952 0.21451 0.347128 0.514719 0.667404 0.773764 0.837202 0.870475 0.88893 0.898352 0.9 0.9 0.9 0.9 0.9 0.9 0.9 0.9 0.9 0.9 0.886347 0.80583 0.598939 0.327001 0.169993 0.113602 0.100113 0.1 0.101477 0.118768 0.171844 0.285315 0.464356 0.656761 0.794566 0.86625 0.893945 0.9 0.9 0.9 0.9 0.9 0.879993 0.789324 0.55702 0.272991 0.134326 0.1 0.1 0.107724 0.180929 0.395303 0.693914 0.853606 0.9 0.9 0.865554 0.757685 0.545488 0.324375 0.202389 0.172092 0.21856 0.367594 0.606109 0.791865 0.872783 0.896828 0.9 0.9 0.9 0.9 0.897643 0.890162 0.877894 0.862854 0.847882 0.833914 0.819037 0.7994 0.770964 0.731355 0.681915 0.631347 0.596425 0.59626 0.642869 0.727306 0.813676 0.869189 0.893422 0.9 0.9 0.9 0.9 0.9 0.9 0.898644 0.892825 0.883467 0.871906 0.858946 0.843654 0.822531 0.792888 0.750582 0.688499 0.598261 0.479262 0.348674 0.234864 0.156532 0.114531 0.1 0.104595 0.135835 0.201381 0.296776 0.393271 0.451356 0.444467 0.36889 0.256428 0.163773 0.115794 0.1 0.1 0.113042 0.177704 0.348722 0.614812 0.807904 0.884487 0.9 0.891095 0.816285 0.612345 0.327274 0.159904 0.104571 0.1 0.125889 0.24494 0.509972 0.762791 0.872175 0.9 0.9 0.877512 0.771261 0.520533 0.256874 0.135486 0.102108 0.1 0.1 0.1 
0.1 0.1 0.1 0.1 0.100573 0.103442 0.107026 0.108864 0.107522 0.103842 0.100433 0.1 0.1 0.1 0.1 0.1 0.1 0.1 0.111581 0.192222 0.403896 0.680129 0.834949 0.888326 0.9 0.9 0.886485 0.801873 0.572258 0.284488 0.140732 0.1 0.1 0.138181 0.275203 0.556415 0.793712 0.885165 0.9 0.897974 0.858162 0.716681 0.439224 0.209158 0.117035 0.1 0.114021 0.16074 0.237737 0.310708 0.333376 0.291974 0.214506 0.146645 0.110241 0.1 0.105409 0.165702 0.351609 0.654338 0.841425 0.9 0.9 0.862398 0.725084 0.442353 0.204817 0.114271 0.1 0.103158 0.148965 0.30319 0.592269 0.811046 0.891742 0.9 0.864493 0.739325 0.473181 0.218812 0.11411 0.1 0.1 0.113611 0.144598 0.192012 0.246326 0.289962 0.306435 0.289274 0.24503 0.190253 0.14279 0.112527 0.1 0.100775 0.126495 0.183376 0.2785 0.407237 0.544876 0.661622 0.745006 0.800352 0.835143 0.855702 0.869044 0.87841 0.884831 0.888817 0.890801 0.890998 0.888968 0.882744 0.866158 0.818383 0.694783 0.472338 0.255826 0.145792 0.108062 0.1 0.1 0.1 0.101657 0.117685 0.166274 0.271887 0.447313 0.648282 0.795859 0.869901 0.895839 0.9 0.9 0.9 0.9 0.877522 0.778119 0.532057 0.255483 0.12959 0.1 0.1 0.108378 0.176209 0.379478 0.681179 0.849941 0.899706 0.9 0.88514 0.830406 0.709698 0.543544 0.414926 0.375788 0.433762 0.577331 0.740768 0.84477 0.88762 0.899283 0.9 0.9 0.9 0.9 0.9 0.9 0.899386 0.897479 0.895326 0.893338 0.890761 0.886084 0.877757 0.864649 0.845559 0.823171 0.805625 0.802122 0.817333 0.845815 0.874067 0.891954 0.899049 0.9 0.9 0.9 0.9 0.9 0.9 0.9 0.9 0.9 0.9 0.9 0.899114 0.89381 0.884734 0.870864 0.847012 0.802888 0.724962 0.599121 0.433004 0.27433 0.167404 0.115397 0.1 0.103431 0.123895 0.158841 0.198035 0.22391 0.221546 0.190608 0.148105 0.115537 0.1 0.1 0.111938 0.157796 0.278038 0.498177 0.727505 0.853731 0.897112 0.9 0.869326 0.752894 0.507377 0.255776 0.134319 0.1 0.100019 0.147519 0.303169 0.583606 0.798509 0.882091 0.9 0.899663 0.859701 0.720398 0.449127 0.219361 0.124119 0.10043 0.1 0.1 0.1 
0.1 0.1 0.1 0.1 0.1 0.1 0.1 0.1 0.1 0.1 0.1 0.1 0.1 0.1 0.1 0.1 0.101967 0.114212 0.157024 0.279677 0.512875 0.742527 0.856133 0.893177 0.9 0.9 0.881124 0.782428 0.537299 0.264107 0.135379 0.1 0.1 0.129088 0.241525 0.495775 0.755806 0.873042 0.9 0.9 0.881417 0.779009 0.529884 0.261352 0.135348 0.100416 0.100506 0.116403 0.143152 0.168786 0.176833 0.161935 0.135135 0.112438 0.101135 0.1 0.109915 0.178346 0.379593 0.681379 0.851206 0.9 0.9 0.85496 0.700517 0.404628 0.184692 0.108082 0.1 0.108822 0.171779 0.358982 0.656615 0.840793 0.899447 0.9 0.859059 0.729345 0.464739 0.219451 0.118114 0.104427 0.125533 0.177327 0.264274 0.377644 0.488543 0.564954 0.591159 0.563957 0.486058 0.372953 0.257699 0.170728 0.120668 0.1 0.1 0.114493 0.147071 0.204078 0.283991 0.380568 0.481095 0.571645 0.643947 0.698457 0.739868 0.771332 0.794177 0.809192 0.816986 0.81742 0.808696 0.785844 0.737798 0.644065 0.488121 0.30693 0.178835 0.120774 0.102574 0.1 0.1 0.1 0.1 0.100708 0.114418 0.159475 0.265063 0.452126 0.668512 0.815874 0.880571 0.898975 0.9 0.9 0.9 0.875997 0.77129 0.517757 0.24683 0.127597 0.1 0.1 0.108879 0.172368 0.364395 0.665459 0.844017 0.898215 0.9 0.89623 0.875328 0.825865 0.750788 0.682236 0.659062 0.694643 0.768608 0.839636 0.881563 0.897156 0.9 0.9 0.9 0.9 0.9 0.9 0.9 0.9 0.9 0.9 0.9 0.9 0.9 0.9 0.9 0.89646 0.889361 0.883109 0.880536 0.883166 0.889514 0.895793 0.899407 0.9 0.9 0.9 0.9 0.897897 0.894383 0.890982 0.889096 0.889566 0.892248 0.89615 0.899525 0.9 0.9 0.9 0.9 0.896765 0.884028 0.854184 0.788351 0.661326 0.470485 0.280826 0.161846 0.111728 0.1 0.101219 0.110022 0.121268 0.128943 0.127854 0.118269 0.105954 0.1 0.100194 0.118232 0.165104 0.268619 0.451983 0.668732 0.819153 0.884753 0.9 0.888963 0.82199 0.647552 0.382598 0.190328 0.113753 0.1 0.112688 0.19276 0.39679 0.671876 0.836487 0.892566 0.9 0.889991 0.821906 0.637097 0.361478 0.179868 0.113425 0.1 0.1 0.1 0.1 
0.1 0.1 0.1 0.1 0.1 0.1 0.1 0.100557 0.10318 0.106813 0.110424 0.113498 0.116247 0.119271 0.123672 0.131794 0.149671 0.191348 0.282372 0.450999 0.662557 0.812794 0.878446 0.897821 0.9 0.9 0.868125 0.743627 0.479695 0.234165 0.127628 0.1 0.1 0.119348 0.203535 0.415913 0.691317 0.847753 0.897362 0.9 0.895854 0.816539 0.592062 0.303873 0.153071 0.105983 0.1 0.102377 0.10935 0.116503 0.118746 0.114506 0.107188 0.101683 0.1 0.1 0.112328 0.185335 0.3944 0.694086 0.85531 0.9 0.9 0.85122 0.688179 0.386933 0.17561 0.105066 0.1 0.11384 0.189952 0.400488 0.696564 0.856186 0.9 0.9 0.865368 0.760126 0.541948 0.309621 0.196924 0.185189 0.239008 0.349308 0.499128 0.643008 0.743209 0.7963 0.812316 0.795539 0.740138 0.633157 0.476972 0.314418 0.195304 0.129651 0.102923 0.1 0.102058 0.117959 0.143871 0.182709 0.232259 0.287975 0.345788 0.404263 0.461292 0.513119 0.555564 0.585751 0.602198 0.603166 0.585517 0.544438 0.475168 0.378809 0.270953 0.1804 0.126814 0.105037 0.1 0.1 0.1 0.1 0.1 0.1 0.1 0.112514 0.160758 0.28371 0.502168 0.725223 0.848832 0.892352 0.9 0.9 0.9 0.874974 0.767105 0.509577 0.242175 0.126509 0.1 0.1 0.108095 0.164615 0.339181 0.634726 0.830064 0.894584 0.9 0.9 0.894851 0.879661 0.855486 0.832799 0.82569 0.839375 0.864867 0.886769 0.898516 0.9 0.9 0.9 0.9 0.9 0.9 0.9 0.9 0.9 0.9 0.898677 0.894326 0.889306 0.887481 0.890806 0.896969 0.9 0.9 0.9 0.899553 0.899553 0.899982 0.9 0.9 0.9 0.899533 0.894019 0.88313 0.867158 0.848904 0.832555 0.82194 0.819142 0.823992 0.834624 0.848285 0.86246 0.876867 0.889851 0.898677 0.9 0.9 0.895591 0.873695 0.810062 0.670054 0.45108 0.249752 0.142466 0.105606 0.1 0.1 0.101352 0.102448 0.101519 0.1 0.1 0.110001 0.137322 0.195997 0.303468 0.469724 0.658675 0.801681 0.87563 0.9 0.897608 0.854766 0.730699 0.499609 0.265449 0.140819 0.1 0.1 0.141341 0.272813 0.522595 0.757624 0.868657 0.9 0.9 0.866012 0.75192 0.518624 0.272237 0.145195 0.105104 0.1 0.1 0.1 0.1 
0.1 0.1 0.1 0.1 0.103619 0.111115 0.121713 0.134818 0.149945 0.165332 0.179398 0.191711 0.203162 0.215776 0.232927 0.26029 0.307661 0.389318 0.514769 0.665688 0.792804 0.865205 0.893676 0.9 0.9 0.892116 0.835662 0.671185 0.3982 0.197168 0.118329 0.1 0.1 0.1103 0.165765 0.322789 0.584109 0.788359 0.877591 0.9 0.896378 0.817271 0.598423 0.313817 0.16005 0.109388 0.1 0.1 0.100754 0.102037 0.102459 0.101592 0.100344 0.1 0.1 0.1 0.11267 0.186083 0.39581 0.695059 0.855446 0.9 0.9 0.85159 0.689451 0.388685 0.176319 0.105031 0.1 0.115994 0.198151 0.418703 0.712262 0.861712 0.9 0.9 0.878708 0.814948 0.681638 0.512909 0.409707 0.40763 0.488688 0.615602 0.737299 0.821376 0.866803 0.886251 0.89162 0.88584 0.864522 0.811049 0.705345 0.541039 0.359703 0.223019 0.146123 0.111976 0.1 0.1 0.1 0.108986 0.123469 0.141048 0.161103 0.186207 0.214946 0.244511 0.271444 0.292539 0.3054 0.307339 0.296131 0.271115 0.23423 0.190888 0.149629 0.119114 0.103755 0.1 0.1 0.100841 0.100912 0.100281 0.1 0.1 0.1 0.1 0.115746 0.182477 0.350356 0.607208 0.799564 0.879454 0.8997 0.9 0.9 0.874296 0.764916 0.505783 0.239922 0.125826 0.1 0.1 0.105862 0.151493 0.298613 0.576562 0.798319 0.884905 0.9 0.9 0.9 0.897248 0.891889 0.886865 0.88604 0.890906 0.898056 0.9 0.9 0.89704 0.895387 0.89637 0.898547 0.9 0.9 0.9 0.9 0.9 0.896498 0.884234 0.861829 0.837648 0.82634 0.835919 0.859876 0.882846 0.896005 0.9 0.9 0.9 0.9 0.9 0.9 0.896353 0.882854 0.854608 0.811053 0.756769 0.701296 0.655129 0.625663 0.615579 0.623895 0.647958 0.684322 0.729329 0.778901 0.826425 0.864354 0.887945 0.899445 0.9 0.898818 0.876237 0.799185 0.623592 0.375018 0.194828 0.119655 0.100397 0.1 0.1 0.1 0.1 0.103931 0.123286 0.169534 0.252491 0.378424 0.537853 0.693907 0.809057 0.874092 0.9 0.9 0.869681 0.77505 0.581631 0.34039 0.178142 0.11212 0.1 0.11795 0.20155 0.396983 0.656631 0.826091 0.889975 0.9 0.884759 0.812307 0.636527 0.381756 0.196734 0.119969 0.100416 0.1 0.1 0.1 0.1 
0.1 0.1 0.106608 0.120649 0.143599 0.175919 0.216143 0.260971 0.306075 0.346999 0.381257 0.409468 0.434367 0.459999 0.49126 0.533418 0.590763 0.663502 0.743866 0.816373 0.866595 0.891961 0.9 0.9 0.895762 0.864847 0.764595 0.552469 0.302733 0.159353 0.109289 0.1 0.1 0.103425 0.133663 0.230963 0.431293 0.659473 0.801112 0.855484 0.84817 0.751174 0.526773 0.278882 0.151116 0.108441 0.1 0.1 0.1 0.1 0.1 0.1 0.1 0.1 0.1 0.1 0.111326 0.1812 0.38508 0.685759 0.852162 0.9 0.9 0.856039 0.704336 0.410293 0.187285 0.108279 0.1 0.11438 0.193932 0.409945 0.704542 0.858755 0.9 0.9 0.890861 0.862285 0.804997 0.730865 0.683188 0.691085 0.744207 0.810413 0.861962 0.890017 0.9 0.9 0.9 0.9 0.899072 0.882936 0.837561 0.743535 0.591822 0.414431 0.270103 0.180753 0.133312 0.110513 0.1 0.1 0.1 0.1 0.100277 0.106799 0.116135 0.126192 0.135408 0.142728 0.148186 0.150158 0.147381 0.139899 0.129062 0.117216 0.106932 0.1 0.1 0.103785 0.110599 0.115884 0.115997 0.11114 0.104884 0.100709 0.1 0.1 0.101394 0.133197 0.246865 0.486624 0.736721 0.859964 0.896638 0.9 0.9 0.874168 0.765369 0.507428 0.240682 0.12577 0.1 0.1 0.102873 0.134739 0.245012 0.482581 0.731476 0.857715 0.89622 0.9 0.9 0.9 0.9 0.9 0.9 0.9 0.899449 0.890419 0.877739 0.86725 0.865696 0.874145 0.886554 0.895869 0.89975 0.9 0.9 0.897699 0.88192 0.840013 0.768542 0.694096 0.659228 0.68505 0.756537 0.831236 0.877429 0.896074 0.9 0.9 0.9 0.9 0.894111 0.871561 0.821271 0.737293 0.627756 0.514896 0.422002 0.359324 0.325261 0.314018 0.321108 0.345863 0.390293 0.457946 0.549809 0.656864 0.759035 0.835923 0.880258 0.897534 0.9 0.897284 0.862315 0.746189 0.510521 0.265878 0.14244 0.104351 0.1 0.1 0.1 0.105668 0.129822 0.194038 0.313962 0.473748 0.631305 0.754039 0.834594 0.880031 0.9 0.9 0.874638 0.795689 0.629309 0.398101 0.214318 0.125169 0.1 0.106062 0.159911 0.306306 0.552467 0.76808 0.871411 0.9 0.894902 0.846217 0.713283 0.480836 0.25931 0.143834 0.105644 0.1 0.1 0.1 0.1 0.1 
0.112228 0.126263 0.160785 0.211137 0.278379 0.359795 0.447218 0.529348 0.597166 0.646988 0.680718 0.703883 0.721489 0.737512 0.755037 0.776252 0.801952 0.830757 0.858853 0.881279 0.89471 0.9 0.9 0.895465 0.870208 0.795 0.632206 0.398447 0.213515 0.12823 0.102668 0.1 0.1 0.1 0.111773 0.159024 0.272503 0.448496 0.610946 0.695282 0.688418 0.577438 0.381623 0.212957 0.131329 0.104349 0.1 0.1 0.1 0.1 0.1 0.1 0.1 0.1 0.1 0.1 0.108796 0.172065 0.364568 0.666946 0.84525 0.9 0.9 0.863992 0.731179 0.452598 0.210434 0.1155 0.1 0.109573 0.178754 0.375931 0.672059 0.845186 0.897329 0.9 0.897805 0.8883 0.869809 0.847644 0.836037 0.844428 0.866387 0.888401 0.9 0.9 0.899362 0.896633 0.896869 0.899201 0.9 0.9 0.888373 0.852384 0.77702 0.653964 0.500173 0.35751 0.254201 0.189155 0.150593 0.128954 0.114493 0.104721 0.1 0.1 0.1 0.1 0.1 0.1 0.101897 0.10352 0.103756 0.102739 0.101159 0.1 0.1 0.1 0.108971 0.128962 0.155603 0.175293 0.175939 0.157677 0.131977 0.111538 0.101699 0.1 0.1 0.112251 0.186611 0.38695 0.668119 0.835635 0.891587 0.9 0.9 0.87508 0.770173 0.51798 0.247055 0.127234 0.1 0.1 0.100475 0.118417 0.188528 0.360616 0.606393 0.78474 0.865904 0.893194 0.9 0.9 0.9 0.9 0.897969 0.886893 0.864742 0.829471 0.790109 0.76405 0.767831 0.802229 0.847285 0.880426 0.896118 0.9 0.9 0.890333 0.84883 0.745762 0.581834 0.435634 0.376562 0.419824 0.557953 0.727695 0.839648 0.88669 0.899618 0.9 0.9 0.894651 0.867996 0.800242 0.677228 0.515859 0.365909 0.26124 0.199687 0.166506 0.151168 0.146779 0.149431 0.160034 0.181156 0.218864 0.285196 0.396039 0.552311 0.713275 0.826538 0.881637 0.899545 0.9 0.888344 0.816583 0.623632 0.345498 0.171601 0.110775 0.1 0.1 0.102957 0.122079 0.183782 0.325383 0.531557 0.706728 0.810475 0.864799 0.890178 0.9 0.9 0.874723 0.801607 0.650604 0.433067 0.242919 0.138589 0.100332 0.1 0.134623 0.243051 0.457779 0.698955 0.84268 0.895387 0.9 0.868635 0.767047 0.562939 0.323932 0.172889 0.11327 0.1 0.1 0.102141 0.106625 0.112228 0.126263 
0.203473 0.253807 0.333584 0.434104 0.542832 0.642217 0.720645 0.776534 0.81428 0.837639 0.850124 0.857424 0.862384 0.866625 0.871095 0.876364 0.882559 0.889203 0.895197 0.899121 0.9 0.9 0.895494 0.871038 0.801183 0.656385 0.445317 0.255157 0.148864 0.108594 0.1 0.1 0.1 0.1 0.101279 0.116809 0.163026 0.246959 0.346208 0.413522 0.412407 0.338489 0.231866 0.150996 0.112123 0.100147 0.1 0.100854 0.102354 0.103016 0.102245 0.100798 0.1 0.1 0.1 0.1 0.10568 0.160575 0.33769 0.639436 0.833261 0.89672 0.9 0.874319 0.766302 0.51469 0.249059 0.128071 0.1 0.103645 0.15742 0.323691 0.612718 0.817216 0.889715 0.9 0.9 0.898173 0.894188 0.890028 0.889708 0.895251 0.9 0.898227 0.886299 0.868273 0.854831 0.85099 0.859513 0.875737 0.890882 0.9 0.9 0.892204 0.867258 0.815777 0.732113 0.621697 0.502684 0.39669 0.314796 0.255508 0.211887 0.179636 0.156211 0.138653 0.123654 0.111272 0.102845 0.1 0.1 0.1 0.1 0.1 0.1 0.1 0.100201 0.109327 0.139953 0.201688 0.281322 0.338383 0.341592 0.291257 0.21544 0.150478 0.113841 0.100805 0.1 0.103326 0.153073 0.314852 0.600516 0.808304 0.885278 0.9 0.9 0.877595 0.781411 0.542576 0.26419 0.1323 0.1 0.1 0.1 0.106617 0.142193 0.241349 0.424675 0.627097 0.764712 0.834942 0.866003 0.877561 0.879171 0.872059 0.852276 0.811518 0.744935 0.657401 0.572651 0.525687 0.544676 0.634696 0.755543 0.844809 0.887032 0.9 0.9 0.878204 0.797886 0.611564 0.372175 0.220385 0.172785 0.20902 0.351952 0.594376 0.788863 0.873888 0.898549 0.9 0.897741 0.874877 0.804463 0.65956 0.461576 0.290862 0.187378 0.135766 0.113471 0.103317 0.1 0.1 0.1 0.102625 0.10852 0.120047 0.145534 0.204415 0.326501 0.523179 0.723978 0.844092 0.890658 0.9 0.898294 0.853387 0.702092 0.421988 0.203524 0.118418 0.1 0.1 0.108531 0.145985 0.255964 0.479335 0.713873 0.840576 0.885396 0.9 0.9 0.89715 0.870261 0.796804 0.651512 0.445103 0.258919 0.149967 0.105768 0.1 0.120791 0.200685 0.379485 0.624633 0.804175 0.882847 0.9 0.884512 0.810216 0.636731 0.391867 0.207316 0.123414 0.1 0.1 0.111482 0.133825 0.165506 0.203473 0.253807 
0.434882 0.526028 0.620761 0.707001 0.776543 0.827044 0.860498 0.880292 0.892891 0.899588 0.9 0.9 0.9 0.9 0.9 0.9 0.9 0.9 0.9 0.9 0.9 0.8974 0.876806 0.811193 0.668 0.459148 0.271082 0.160358 0.113333 0.100236 0.1 0.1 0.1 0.1 0.1 0.1 0.112359 0.140284 0.178 0.207031 0.209364 0.182533 0.144086 0.114835 0.10131 0.1 0.104571 0.112942 0.121092 0.123829 0.119291 0.110774 0.103548 0.100181 0.1 0.1 0.102684 0.148954 0.309149 0.606576 0.817452 0.891236 0.9 0.88516 0.804217 0.591286 0.30779 0.149278 0.100466 0.1 0.135903 0.263921 0.527705 0.770088 0.875138 0.9 0.9 0.9 0.9 0.9 0.9 0.899743 0.886367 0.853008 0.801366 0.746221 0.709107 0.705276 0.738512 0.795717 0.851016 0.885893 0.899631 0.9 0.896383 0.882899 0.854567 0.809611 0.749625 0.678905 0.603143 0.527544 0.456164 0.391966 0.335108 0.283111 0.23435 0.190349 0.154018 0.127639 0.110676 0.101855 0.1 0.1 0.1 0.1 0.10442 0.129929 0.203865 0.348543 0.514918 0.615722 0.623042 0.541876 0.394232 0.24376 0.148674 0.10892 0.1 0.1 0.134149 0.264315 0.536616 0.778402 0.877817 0.9 0.9 0.882006 0.800339 0.586363 0.301256 0.146166 0.101119 0.1 0.1 0.10067 0.11353 0.156854 0.251519 0.395694 0.54723 0.662121 0.731111 0.7641 0.7698 0.749672 0.699196 0.612815 0.497126 0.379538 0.292579 0.254827 0.2817 0.402676 0.609837 0.787495 0.87261 0.9 0.9 0.864695 0.743305 0.488723 0.242296 0.127792 0.101458 0.124355 0.239564 0.493817 0.747081 0.864169 0.898568 0.9 0.887536 0.831439 0.691664 0.47092 0.273489 0.162814 0.115776 0.1 0.1 0.1 0.1 0.1 0.1 0.1 0.1 0.1 0.103074 0.122553 0.187396 0.341794 0.584193 0.783427 0.873936 0.9 0.9 0.871608 0.752237 0.488137 0.235292 0.126415 0.1 0.1 0.113517 0.165734 0.311869 0.579959 0.80124 0.889431 0.9 0.9 0.89126 0.858942 0.780532 0.634391 0.436008 0.259818 0.154323 0.109016 0.1 0.113633 0.174212 0.320966 0.553348 0.759016 0.865268 0.9 0.896895 0.847621 0.709852 0.471769 0.25285 0.139639 0.101804 0.1 0.117382 0.162353 0.23856 0.335641 0.434882 0.526028 
0.715219 0.776691 0.820431 0.853467 0.876727 0.891583 0.9 0.9 0.9 0.9 0.899046 0.89909 0.9 0.9 0.9 0.9 0.9 0.9 0.9 0.9 0.89995 0.887911 0.838096 0.707605 0.487334 0.28082 0.163084 0.114392 0.100418 0.1 0.100453 0.103255 0.107296 0.109728 0.107893 0.102163 0.1 0.103401 0.113839 0.123558 0.126179 0.119617 0.108953 0.100975 0.1 0.108101 0.129369 0.160933 0.189186 0.197315 0.179805 0.148052 0.120154 0.104873 0.1 0.1 0.100573 0.139312 0.283992 0.57427 0.800922 0.885293 0.9 0.894367 0.839098 0.67259 0.391205 0.187274 0.110642 0.1 0.117904 0.207215 0.426526 0.698343 0.848205 0.895165 0.9 0.9 0.9 0.9 0.897183 0.879508 0.827174 0.726597 0.597532 0.485492 0.423185 0.422136 0.488264 0.614963 0.754352 0.847716 0.88876 0.9 0.9 0.9 0.894757 0.883736 0.866897 0.843204 0.813022 0.777029 0.735777 0.689158 0.634803 0.568061 0.487526 0.397306 0.306158 0.224758 0.162291 0.123121 0.104893 0.1 0.1 0.1 0.110689 0.158515 0.291561 0.526782 0.728409 0.818481 0.825602 0.764463 0.616295 0.39725 0.215947 0.128074 0.100591 0.1 0.122559 0.226682 0.475438 0.744156 0.868333 0.9 0.9 0.887949 0.82588 0.650876 0.372272 0.181506 0.11118 0.1 0.1 0.1 0.101606 0.11412 0.148115 0.209618 0.292606 0.380596 0.454022 0.498768 0.508135 0.48043 0.41914 0.336353 0.252174 0.184866 0.142642 0.127024 0.14561 0.246041 0.475437 0.728704 0.858013 0.9 0.9 0.853795 0.700648 0.410011 0.186757 0.105498 0.1 0.110286 0.207073 0.456016 0.732148 0.862599 0.9 0.9 0.866638 0.759216 0.542233 0.305297 0.166464 0.112903 0.1 0.1 0.107574 0.117273 0.122891 0.121163 0.113747 0.105465 0.100469 0.1 0.1 0.1005 0.126962 0.225996 0.447175 0.707231 0.849074 0.895691 0.9 0.88178 0.785234 0.543251 0.266348 0.134721 0.1 0.1 0.114458 0.168426 0.316658 0.583709 0.800389 0.886434 0.897322 0.87973 0.835871 0.747117 0.596999 0.407741 0.246836 0.151082 0.10922 0.1 0.10982 0.159163 0.28223 0.494264 0.71229 0.842179 0.892792 0.9 0.876186 0.781139 0.571456 0.319992 0.166627 0.109121 0.1 0.114428 0.168932 0.28404 0.448387 0.60576 0.715219 0.776691 
0.8622 0.882156 0.891188 0.897178 0.9 0.9 0.9 0.889679 0.871994 0.853913 0.843824 0.846297 0.858875 0.874958 0.889003 0.897541 0.9 0.9 0.9 0.9 0.897246 0.871439 0.782219 0.578575 0.327253 0.173688 0.114442 0.1 0.1 0.100954 0.107256 0.121599 0.140964 0.154829 0.15335 0.137101 0.117069 0.103202 0.1 0.100565 0.102336 0.101725 0.1 0.1 0.107604 0.137712 0.20226 0.292136 0.366895 0.385573 0.336575 0.246125 0.164731 0.119657 0.102881 0.1 0.1 0.133088 0.266295 0.549422 0.787595 0.880532 0.9 0.899826 0.866424 0.747097 0.495257 0.246212 0.129872 0.1 0.104736 0.161279 0.326694 0.600544 0.803547 0.883272 0.9 0.9 0.9 0.89862 0.885306 0.836701 0.715234 0.518247 0.337734 0.233385 0.190524 0.191755 0.245256 0.38405 0.601985 0.783337 0.868516 0.895748 0.9 0.9 0.9 0.9 0.899978 0.896746 0.890356 0.880973 0.868717 0.853301 0.832378 0.799664 0.750604 0.677415 0.571017 0.434442 0.295376 0.189117 0.128996 0.104709 0.1 0.1 0.115758 0.183176 0.365583 0.647426 0.829943 0.892457 0.896838 0.866767 0.769392 0.563984 0.314011 0.162696 0.107916 0.1 0.113327 0.195407 0.414476 0.701281 0.854099 0.898486 0.9 0.89422 0.853769 0.728959 0.488449 0.260455 0.145584 0.107528 0.1 0.1 0.1 0.1 0.106943 0.123747 0.149918 0.183881 0.217248 0.240453 0.246396 0.232979 0.204187 0.168681 0.13617 0.11318 0.101236 0.1 0.107215 0.185909 0.405724 0.694876 0.850229 0.9 0.9 0.847192 0.67479 0.370091 0.166234 0.10061 0.1 0.1149 0.215489 0.470732 0.744427 0.868654 0.9 0.893212 0.830908 0.660963 0.395653 0.200008 0.118572 0.1 0.100483 0.118125 0.150072 0.184778 0.203318 0.194268 0.163709 0.130425 0.109008 0.100893 0.1 0.1 0.106234 0.166615 0.345759 0.630441 0.820019 0.888589 0.9 0.888735 0.809285 0.59109 0.299331 0.144756 0.100438 0.1 0.110599 0.151841 0.265009 0.481103 0.693038 0.796103 0.811153 0.769514 0.675112 0.527736 0.359083 0.222689 0.141525 0.106542 0.1 0.109502 0.153608 0.262177 0.454823 0.672673 0.818721 0.883422 0.9 0.893807 0.841253 0.687805 0.425899 0.214724 0.12252 0.1 0.104855 0.14819 0.266043 0.471081 0.675381 0.80161 0.8622 0.882156 
0.9 0.9 0.9 0.9 0.9 0.896476 0.881695 0.843289 0.779648 0.714064 0.678066 0.684435 0.725739 0.783713 0.838231 0.87598 0.894691 0.9 0.9 0.9 0.893558 0.853325 0.725149 0.466874 0.229947 0.125271 0.1 0.1 0.100274 0.107017 0.129476 0.176433 0.240268 0.287985 0.290557 0.248172 0.186365 0.135099 0.108057 0.1 0.1 0.1 0.1 0.10324 0.128202 0.203509 0.351437 0.527139 0.643829 0.667037 0.591099 0.424929 0.249198 0.14796 0.109247 0.1 0.1 0.130467 0.258553 0.537888 0.781008 0.878138 0.9 0.9 0.884397 0.80663 0.604054 0.327262 0.160922 0.104691 0.1 0.129914 0.243415 0.485029 0.73606 0.860792 0.897318 0.9 0.9 0.89533 0.868608 0.781703 0.583151 0.332826 0.18054 0.122624 0.106134 0.10684 0.132302 0.234166 0.460877 0.714098 0.845981 0.890572 0.9 0.9 0.9 0.9 0.9 0.9 0.9 0.9 0.9 0.9 0.898601 0.888705 0.871856 0.842093 0.784696 0.678972 0.51296 0.32586 0.189519 0.122603 0.100579 0.1 0.116446 0.192146 0.396559 0.69111 0.856086 0.9 0.9 0.894896 0.843815 0.691933 0.427302 0.211809 0.121113 0.1 0.105401 0.167944 0.352465 0.643781 0.830554 0.893111 0.9 0.89889 0.877784 0.804074 0.636733 0.410149 0.240841 0.156005 0.12104 0.107337 0.101594 0.1 0.1 0.1 0.101404 0.10996 0.120192 0.128011 0.13069 0.127458 0.119855 0.110708 0.103223 0.1 0.1 0.1 0.105291 0.179388 0.397545 0.6943 0.851986 0.9 0.9 0.844156 0.661855 0.352796 0.159625 0.1 0.1 0.125655 0.245477 0.518266 0.773472 0.879675 0.9 0.87972 0.780882 0.550281 0.284689 0.143709 0.100666 0.1 0.120723 0.176694 0.267609 0.359172 0.40339 0.376512 0.291238 0.195404 0.132783 0.1062 0.1 0.1 0.1 0.13896 0.28367 0.566929 0.792677 0.881149 0.9 0.894068 0.829127 0.637015 0.340265 0.160265 0.103489 0.1 0.104662 0.127472 0.190019 0.314148 0.46538 0.562775 0.575862 0.515803 0.406508 0.285555 0.188858 0.129092 0.101766 0.1 0.112614 0.157314 0.260306 0.439327 0.648657 0.800161 0.874226 0.899159 0.9 0.880367 0.794936 0.582763 0.310398 0.154482 0.103895 0.1 0.119826 0.201882 0.395619 0.647828 0.812212 0.88053 0.9 0.9 
0.9 0.9 0.9 0.9 0.897926 0.885315 0.844539 0.747589 0.592197 0.451014 0.3834 0.390557 0.45932 0.574491 0.704043 0.808317 0.869252 0.89458 0.9 0.9 0.891345 0.841595 0.688368 0.404098 0.187312 0.109119 0.1 0.1 0.102834 0.121233 0.176955 0.293885 0.445255 0.54796 0.559073 0.482434 0.348408 0.218424 0.139047 0.106996 0.1 0.1 0.1 0.11086 0.163295 0.305174 0.539508 0.736367 0.829886 0.843962 0.781537 0.606286 0.352544 0.183618 0.117304 0.1 0.1 0.131606 0.262505 0.54334 0.7832 0.878452 0.9 0.9 0.895327 0.848887 0.698373 0.424076 0.20546 0.117602 0.1 0.110618 0.182124 0.370484 0.64291 0.822254 0.888262 0.9 0.9 0.892658 0.855861 0.740662 0.49468 0.24117 0.124649 0.1 0.1 0.1 0.103453 0.178855 0.391074 0.674084 0.832681 0.887601 0.899974 0.9 0.899506 0.895223 0.887518 0.879475 0.875119 0.876662 0.883506 0.892839 0.9 0.9 0.9 0.895694 0.877081 0.826987 0.713333 0.515522 0.299156 0.163891 0.109925 0.1 0.1118 0.182857 0.382119 0.680173 0.851772 0.9 0.9 0.9 0.876632 0.773624 0.535704 0.271074 0.139106 0.1 0.1 0.144578 0.29048 0.566036 0.791159 0.881789 0.9 0.9 0.893103 0.859289 0.771001 0.614667 0.43521 0.298077 0.216063 0.170418 0.144042 0.127525 0.115471 0.105812 0.1 0.1 0.1 0.1 0.1 0.1 0.1 0.1 0.1 0.1 0.1 0.1 0.11269 0.19694 0.427593 0.717432 0.86083 0.9 0.9 0.842584 0.654296 0.344341 0.157332 0.1 0.1 0.139771 0.288053 0.579565 0.80665 0.89141 0.9 0.86142 0.72104 0.446121 0.212778 0.117015 0.1 0.111631 0.168026 0.297966 0.482253 0.629318 0.685636 0.64614 0.507333 0.316195 0.177805 0.117239 0.100458 0.1 0.1 0.127532 0.251034 0.524809 0.77248 0.875318 0.9 0.898004 0.84705 0.685533 0.397711 0.187291 0.11065 0.1 0.100418 0.108976 0.133862 0.182219 0.24398 0.287724 0.290607 0.254727 0.199575 0.148243 0.115473 0.1 0.1 0.119006 0.170284 0.276462 0.449279 0.646015 0.791912 0.867505 0.895468 0.9 0.897797 0.865015 0.747144 0.49019 0.237118 0.125043 0.1 0.101111 0.138739 0.264124 0.519493 0.760035 0.870901 0.9 0.9 0.9 
0.9 0.9 0.9 0.9 0.894902 0.871301 0.797875 0.626801 0.388417 0.229329 0.17142 0.174773 0.221235 0.32023 0.481192 0.666557 0.804734 0.874159 0.897783 0.9 0.892368 0.841883 0.685058 0.396063 0.181694 0.107236 0.1 0.1 0.10689 0.1416 0.245027 0.45328 0.670528 0.781314 0.794485 0.729732 0.57629 0.364336 0.200425 0.124661 0.102033 0.1 0.1 0.121262 0.207 0.415848 0.682559 0.839781 0.894967 0.9 0.857765 0.707486 0.427984 0.210823 0.123066 0.1 0.1 0.137317 0.280123 0.567011 0.79433 0.881341 0.9 0.9 0.9 0.875132 0.767372 0.519114 0.25733 0.134198 0.1 0.100465 0.141797 0.274301 0.527972 0.761145 0.869607 0.8996 0.9 0.892958 0.85533 0.737232 0.486679 0.233736 0.121022 0.1 0.1 0.1 0.107373 0.187781 0.404116 0.682743 0.836215 0.888872 0.9 0.899841 0.891294 0.869781 0.834953 0.797682 0.773572 0.771059 0.788829 0.819315 0.852293 0.878555 0.895364 0.9 0.9 0.885215 0.828038 0.684723 0.446501 0.234186 0.130511 0.1 0.104294 0.161622 0.335275 0.628977 0.827423 0.893658 0.9 0.9 0.891662 0.822736 0.623294 0.333344 0.161977 0.10499 0.1 0.126464 0.231524 0.466903 0.724839 0.857379 0.89716 0.9 0.899837 0.889318 0.8548 0.783466 0.675695 0.553087 0.442443 0.356433 0.29279 0.244492 0.205876 0.174306 0.149453 0.130989 0.116264 0.10558 0.1 0.1 0.1 0.1 0.1 0.1 0.1 0.1 0.122204 0.222383 0.470791 0.74759 0.871992 0.9 0.9 0.839401 0.643167 0.33443 0.154705 0.1 0.1 0.157005 0.338254 0.639961 0.834951 0.899739 0.9 0.839543 0.656777 0.361542 0.168633 0.103574 0.1 0.132931 0.241879 0.460874 0.689695 0.815472 0.851623 0.821763 0.696813 0.459367 0.237162 0.132271 0.101752 0.1 0.1 0.123603 0.239003 0.507228 0.763233 0.872413 0.9 0.9 0.863554 0.738367 0.480624 0.237876 0.127767 0.1 0.1 0.10068 0.10706 0.119741 0.135431 0.146069 0.145154 0.132902 0.115344 0.100704 0.1 0.104243 0.131302 0.19426 0.311088 0.483531 0.665263 0.796772 0.86662 0.894124 0.9 0.9 0.894926 0.852502 0.710786 0.429211 0.198628 0.112028 0.1 0.105209 0.157248 0.318665 0.606808 0.816381 0.891257 0.9 0.9 0.9 
0.9 0.9 0.9 0.899919 0.893281 0.863114 0.768428 0.551463 0.284842 0.141488 0.1 0.101462 0.120277 0.16924 0.279097 0.471392 0.687487 0.827849 0.886266 0.9 0.896378 0.853713 0.714182 0.438005 0.205724 0.115125 0.1 0.1 0.109944 0.158612 0.303121 0.572647 0.792997 0.880392 0.888879 0.854983 0.746825 0.529926 0.287961 0.153553 0.107708 0.1 0.1 0.132104 0.249946 0.507394 0.761379 0.87498 0.9 0.9 0.870881 0.735045 0.451729 0.217754 0.123354 0.1 0.100468 0.14959 0.314131 0.607371 0.812601 0.886157 0.9 0.9 0.9 0.889043 0.810228 0.592222 0.305168 0.151649 0.103772 0.1 0.118771 0.20278 0.405398 0.669398 0.832273 0.891096 0.9 0.896468 0.86783 0.773702 0.56195 0.308289 0.16521 0.11667 0.106349 0.113181 0.148574 0.263826 0.496736 0.734985 0.854382 0.893871 0.9 0.893286 0.865086 0.800274 0.698225 0.59575 0.532591 0.520288 0.553621 0.622688 0.712162 0.798794 0.860378 0.89039 0.9 0.9 0.878007 0.792586 0.594191 0.332919 0.166891 0.105701 0.1 0.138123 0.27396 0.545404 0.782016 0.88004 0.9 0.9 0.898663 0.850591 0.682136 0.386558 0.184863 0.112192 0.1 0.112208 0.179577 0.355653 0.617598 0.803736 0.88084 0.9 0.9 0.899806 0.891073 0.868817 0.829209 0.775006 0.712258 0.64539 0.576612 0.507155 0.438637 0.373086 0.312098 0.256801 0.207882 0.16736 0.137099 0.117322 0.10526 0.1 0.1 0.1 0.1 0.101372 0.130161 0.241811 0.501015 0.767786 0.88045 0.9 0.899273 0.828983 0.617293 0.314772 0.148837 0.1 0.103894 0.179638 0.394123 0.692615 0.854862 0.9 0.893459 0.812183 0.591634 0.29866 0.142973 0.1 0.103489 0.160359 0.32513 0.601041 0.804874 0.885855 0.9 0.884441 0.793566 0.569867 0.29403 0.147063 0.1026 0.1 0.1 0.125283 0.245194 0.515981 0.766971 0.873054 0.9 0.9 0.87813 0.792739 0.590518 0.333144 0.174589 0.114047 0.1 0.1 0.1 0.1 0.1 0.1 0.1 0.1 0.1 0.1 0.117434 0.156631 0.23525 0.366657 0.539095 0.701721 0.812872 0.871325 0.894715 0.9 0.9 0.9 0.893722 0.847524 0.696554 0.407145 0.186175 0.108131 0.1 0.107871 0.168876 0.351869 0.6517 0.839788 0.897895 0.9 0.9 0.9 
0.9 0.9 0.9 0.9 0.894579 0.866844 0.775895 0.560947 0.288039 0.140003 0.1 0.1 0.1 0.113315 0.166654 0.301315 0.531554 0.749052 0.861505 0.898452 0.9 0.870981 0.763052 0.520874 0.261283 0.135001 0.100615 0.1 0.109462 0.162359 0.322406 0.612645 0.826087 0.899143 0.9 0.892414 0.830705 0.657559 0.383448 0.189859 0.115974 0.1 0.1 0.141546 0.285553 0.57104 0.801333 0.887581 0.9 0.9 0.864022 0.719155 0.430085 0.204719 0.118018 0.1 0.106077 0.17257 0.36731 0.659619 0.83464 0.891804 0.9 0.9 0.9 0.895223 0.830358 0.630912 0.334866 0.164016 0.107998 0.1 0.105716 0.153603 0.294383 0.544243 0.763944 0.868494 0.899451 0.9 0.885712 0.82918 0.690972 0.479653 0.305672 0.217883 0.191244 0.208505 0.280044 0.433735 0.645048 0.804529 0.876729 0.899072 0.899225 0.878935 0.815029 0.673 0.476204 0.326584 0.257578 0.244311 0.270254 0.338898 0.463442 0.631631 0.779984 0.862101 0.893466 0.9 0.895805 0.850591 0.710065 0.45123 0.22362 0.122094 0.1 0.11801 0.213292 0.439886 0.708178 0.852942 0.897372 0.9 0.9 0.861829 0.7079 0.414959 0.199399 0.117797 0.1 0.103007 0.139815 0.251645 0.46822 0.696654 0.830599 0.884666 0.899747 0.9 0.9 0.89731 0.888167 0.873833 0.855105 0.830661 0.800482 0.764281 0.721062 0.668581 0.603267 0.524204 0.434948 0.343598 0.259912 0.191732 0.143157 0.114542 0.102276 0.1 0.1 0.102052 0.131785 0.241443 0.493112 0.759731 0.878491 0.9 0.890294 0.797869 0.561906 0.279619 0.138315 0.1 0.112071 0.208544 0.454201 0.737588 0.870363 0.9 0.88381 0.781407 0.529725 0.252984 0.127367 0.1 0.110777 0.188357 0.396837 0.687383 0.851675 0.9 0.9 0.895827 0.830936 0.638285 0.344048 0.162284 0.103362 0.1 0.1 0.135434 0.274647 0.553333 0.783835 0.877092 0.9 0.9 0.890006 0.84128 0.710335 0.489143 0.286958 0.175003 0.128035 0.110721 0.103356 0.100156 0.1 0.1 0.100743 0.107787 0.12296 0.151054 0.207531 0.304775 0.44792 0.611394 0.748158 0.835372 0.879973 0.89684 0.9 0.9 0.9 0.9 0.89476 0.851832 0.708115 0.423901 0.195452 0.111192 0.1 0.107307 0.170039 0.358297 0.660991 0.843877 0.89849 0.9 0.9 0.9 
0.9 0.9 0.9 0.9 0.897699 0.879659 0.813336 0.641161 0.37505 0.187575 0.115602 0.1 0.1 0.1 0.119104 0.196052 0.380542 0.640165 0.818019 0.887583 0.9 0.886943 0.814888 0.626125 0.35409 0.176109 0.110713 0.1 0.105082 0.151296 0.299311 0.583856 0.809981 0.892288 0.9 0.9 0.866063 0.736394 0.469741 0.228435 0.125464 0.1 0.1 0.14869 0.311456 0.610861 0.822099 0.893376 0.9 0.896556 0.845528 0.675591 0.380517 0.180367 0.109747 0.1 0.116628 0.207807 0.438202 0.715778 0.856357 0.896907 0.9 0.9 0.9 0.894899 0.829247 0.62962 0.335485 0.165623 0.1095 0.1 0.1 0.123091 0.207994 0.400366 0.648745 0.814261 0.883047 0.9 0.899455 0.875811 0.810301 0.693842 0.560269 0.462645 0.424697 0.448495 0.532455 0.660083 0.78352 0.860304 0.892645 0.9 0.894586 0.859619 0.753764 0.532616 0.293922 0.167861 0.128085 0.122331 0.132147 0.164471 0.249481 0.426533 0.659036 0.815911 0.880957 0.899957 0.9 0.879585 0.788986 0.571712 0.301986 0.149069 0.1 0.103379 0.163008 0.329457 0.595263 0.79543 0.879997 0.9 0.9 0.853652 0.691357 0.403474 0.197682 0.118962 0.1 0.1 0.115015 0.173012 0.310703 0.521735 0.711779 0.823139 0.874124 0.893597 0.9 0.9 0.9 0.9 0.899318 0.894365 0.886304 0.875715 0.862265 0.843948 0.815289 0.772669 0.710942 0.622564 0.505771 0.374364 0.255818 0.171229 0.123712 0.103932 0.1 0.10095 0.124724 0.214654 0.429369 0.694938 0.840088 0.877575 0.847978 0.718458 0.464029 0.229356 0.123988 0.1 0.123103 0.242407 0.5146 0.775022 0.882638 0.9 0.873626 0.750812 0.475911 0.220284 0.117091 0.1 0.117405 0.209841 0.444609 0.730195 0.867806 0.9 0.9 0.897106 0.847988 0.688921 0.40427 0.190888 0.110336 0.1 0.106151 0.167021 0.341945 0.620032 0.811468 0.883672 0.9 0.9 0.8975 0.875979 0.809591 0.673279 0.490917 0.335924 0.241365 0.192261 0.168136 0.157541 0.155318 0.158752 0.169441 0.193566 0.237652 0.31024 0.41997 0.55814 0.69349 0.796491 0.859303 0.889232 0.9 0.9 0.9 0.9 0.9 0.9 0.89733 0.863413 0.740867 0.475743 0.22586 0.121133 0.1 0.103894 0.161629 0.340722 0.642289 0.834816 0.895493 0.9 0.9 0.9 
0.9 0.9 0.9 0.9 0.9 0.892978 0.856891 0.745543 0.520184 0.281991 0.153644 0.109522 0.1 0.1 0.103089 0.141723 0.268512 0.517146 0.75569 0.868723 0.9 0.89811 0.856788 0.727481 0.480335 0.247183 0.133739 0.1 0.1 0.132467 0.249994 0.5062 0.760735 0.874254 0.9 0.9 0.881303 0.782754 0.539653 0.265758 0.135244 0.1 0.1 0.1533 0.3278 0.633563 0.833224 0.896896 0.9 0.889104 0.817842 0.614508 0.322165 0.154927 0.102438 0.1 0.131397 0.254251 0.518567 0.767356 0.874254 0.9 0.9 0.9 0.9 0.886656 0.803833 0.584839 0.304921 0.15532 0.107593 0.1 0.1 0.107085 0.149976 0.270023 0.486191 0.70505 0.833594 0.885977 0.9 0.89931 0.877666 0.834828 0.778911 0.731027 0.709732 0.722082 0.763235 0.817137 0.863141 0.889862 0.899783 0.9 0.890672 0.846021 0.712847 0.450146 0.213992 0.115995 0.1 0.1 0.1 0.106185 0.148449 0.286864 0.545998 0.767342 0.86585 0.896234 0.9 0.893855 0.839618 0.676996 0.401771 0.193549 0.111492 0.1 0.128441 0.232215 0.443973 0.677914 0.81679 0.868591 0.867039 0.797088 0.610046 0.344997 0.177709 0.115138 0.1 0.1 0.103098 0.126011 0.192449 0.324425 0.50518 0.670115 0.779216 0.839852 0.871277 0.887032 0.895828 0.9 0.9 0.9 0.9 0.9 0.9 0.89935 0.892006 0.878697 0.857034 0.816788 0.745935 0.629496 0.469672 0.307506 0.190324 0.127501 0.103035 0.1 0.112012 0.169913 0.31687 0.540559 0.707569 0.76215 0.714403 0.555886 0.332196 0.17437 0.109462 0.1 0.135585 0.278855 0.570224 0.80458 0.891785 0.9 0.864568 0.723925 0.433836 0.198051 0.110647 0.1 0.1211 0.219997 0.464459 0.744783 0.872233 0.9 0.9 0.897724 0.8625 0.743528 0.501091 0.265126 0.151554 0.125748 0.151506 0.253809 0.4662 0.708463 0.844087 0.891108 0.9 0.9 0.9 0.894214 0.869333 0.81088 0.7136 0.596373 0.490423 0.414516 0.368992 0.346779 0.341704 0.350924 0.376339 0.423267 0.49486 0.587004 0.686342 0.774781 0.839697 0.879071 0.897763 0.9 0.9 0.898777 0.899089 0.9 0.9 0.9 0.89973 0.877692 0.784154 0.553044 0.277906 0.138993 0.1 0.1 0.147993 0.307162 0.601544 0.815008 0.889596 0.9 0.9 0.9 
0.9 0.9 0.9 0.9 0.9 0.9 0.887419 0.82777 0.66478 0.405243 0.209959 0.127826 0.10371 0.1 0.1 0.116217 0.197134 0.402514 0.677025 0.839964 0.894725 0.9 0.882914 0.805668 0.61615 0.354255 0.179104 0.111324 0.1 0.114842 0.195777 0.403896 0.68115 0.842384 0.894429 0.9 0.890006 0.81218 0.594531 0.301167 0.145176 0.1 0.1 0.155324 0.335214 0.6437 0.838511 0.899153 0.9 0.879603 0.784799 0.547358 0.269616 0.135193 0.1 0.101078 0.149923 0.308038 0.595568 0.808648 0.886659 0.9 0.9 0.9 0.897949 0.864908 0.745565 0.497214 0.252196 0.137471 0.103826 0.1 0.1 0.100288 0.116972 0.17735 0.316635 0.528125 0.719834 0.832518 0.882942 0.9 0.9 0.891071 0.875358 0.861319 0.854818 0.857781 0.86871 0.882467 0.893665 0.899371 0.9 0.9 0.89058 0.846999 0.715935 0.454655 0.216312 0.116319 0.1 0.1 0.1 0.1 0.120812 0.235886 0.492648 0.741473 0.856981 0.89343 0.9 0.9 0.870512 0.75845 0.513812 0.257666 0.133038 0.1 0.107322 0.160358 0.288142 0.482372 0.652461 0.737054 0.735813 0.641071 0.45081 0.254664 0.14737 0.108555 0.1 0.1 0.1 0.105152 0.128503 0.185451 0.287313 0.425203 0.5667 0.679815 0.756939 0.805954 0.836712 0.855669 0.867337 0.876493 0.884733 0.892183 0.897921 0.9 0.9 0.9 0.9 0.889586 0.86463 0.807317 0.696103 0.522085 0.331429 0.194355 0.124764 0.1 0.1 0.127555 0.202571 0.331237 0.457713 0.510028 0.46407 0.341474 0.211057 0.131324 0.1 0.1 0.148976 0.316475 0.618112 0.826504 0.897639 0.9 0.857483 0.702618 0.403876 0.184067 0.107224 0.1 0.121008 0.216786 0.455739 0.737331 0.869381 0.9 0.9 0.899059 0.878031 0.804264 0.63953 0.427746 0.288553 0.249902 0.297492 0.436177 0.63639 0.796881 0.873281 0.897159 0.9 0.9 0.9 0.9 0.894547 0.877762 0.844337 0.797379 0.746713 0.702868 0.671845 0.654882 0.650976 0.659065 0.67918 0.711383 0.753183 0.798764 0.840769 0.873019 0.89231 0.9 0.899987 0.890246 0.880892 0.877997 0.883113 0.891829 0.898293 0.9 0.9 0.890041 0.826239 0.638312 0.348994 0.167261 0.105363 0.1 0.134099 0.266896 0.544671 0.785477 0.880857 0.9 0.9 0.9 
0.9 0.9 0.9 0.9 0.9 0.9 0.9 0.871418 0.75555 0.507317 0.263097 0.146648 0.108507 0.1 0.1 0.104613 0.154386 0.310923 0.587259 0.800189 0.883844 0.9 0.896548 0.85636 0.730479 0.488476 0.252716 0.135075 0.1 0.102059 0.151369 0.304488 0.576527 0.79319 0.881235 0.9 0.896194 0.833058 0.639193 0.336648 0.156121 0.1 0.1 0.154595 0.333819 0.643049 0.839034 0.9 0.9 0.87011 0.752087 0.486598 0.229481 0.121576 0.1 0.106599 0.171838 0.362693 0.65849 0.838144 0.894779 0.9 0.9 0.9 0.885312 0.81832 0.644462 0.382088 0.194248 0.119186 0.100611 0.1 0.1 0.1 0.102911 0.125389 0.192355 0.32962 0.523061 0.70011 0.813112 0.870705 0.894762 0.9 0.9 0.9 0.9 0.899716 0.9 0.9 0.9 0.9 0.9 0.9 0.893898 0.861777 0.760874 0.542649 0.296544 0.160818 0.113674 0.100843 0.1 0.100899 0.134797 0.262069 0.519246 0.753288 0.860031 0.893654 0.9 0.9 0.887643 0.815858 0.620383 0.339548 0.165463 0.106024 0.1 0.119282 0.17646 0.27819 0.395072 0.471587 0.471765 0.392781 0.27145 0.171349 0.1203 0.102738 0.1 0.1 0.1 0.1 0.104148 0.120407 0.157932 0.221042 0.308032 0.408297 0.506659 0.590323 0.65464 0.701909 0.737519 0.76713 0.793883 0.818771 0.84136 0.860752 0.877535 0.891431 0.9 0.9 0.9 0.882007 0.831528 0.720871 0.535325 0.329353 0.1872 0.119982 0.1 0.103802 0.131744 0.183345 0.238805 0.264442 0.243499 0.190821 0.139234 0.109095 0.1 0.104272 0.165764 0.357071 0.659318 0.842191 0.9 0.9 0.852134 0.685916 0.382868 0.175641 0.105945 0.1 0.117415 0.201022 0.419178 0.705846 0.857408 0.899502 0.9 0.9 0.890861 0.855531 0.774022 0.652049 0.547562 0.514261 0.563077 0.671303 0.785879 0.860377 0.892261 0.9 0.9 0.9 0.9 0.9 0.9 0.899503 0.892565 0.88067 0.866947 0.854603 0.845675 0.840751 0.839707 0.842284 0.848392 0.857811 0.869568 0.881876 0.892653 0.899877 0.9 0.893911 0.873212 0.838974 0.808823 0.801812 0.821588 0.854565 0.882933 0.897699 0.9 0.89823 0.859075 0.711562 0.426118 0.202789 0.115851 0.1 0.120853 0.226907 0.47926 0.747377 0.868989 0.899651 0.9 0.9 
0.9 0.9 0.9 0.9 0.9 0.9 0.9 0.880886 0.779534 0.54061 0.283219 0.154594 0.110978 0.100463 0.1 0.100005 0.129524 0.243637 0.493813 0.748892 0.868243 0.9 0.9 0.883891 0.809655 0.622319 0.35608 0.177352 0.109561 0.1 0.122887 0.226246 0.462768 0.726591 0.860632 0.9 0.9 0.849131 0.678686 0.376274 0.170498 0.100953 0.1 0.150762 0.323235 0.631363 0.834862 0.9 0.9 0.862698 0.726199 0.442199 0.203233 0.112855 0.1 0.112788 0.192306 0.408718 0.702012 0.856435 0.899098 0.9 0.9 0.89443 0.855777 0.736558 0.50544 0.270382 0.146882 0.10621 0.1 0.1 0.1 0.1 0.1 0.103586 0.125685 0.187728 0.307003 0.475939 0.644561 0.766119 0.83684 0.872761 0.890664 0.8989 0.9 0.9 0.9 0.9 0.9 0.9 0.9 0.9 0.898011 0.881265 0.822576 0.681403 0.469313 0.292765 0.196708 0.154755 0.143261 0.156211 0.2199 0.378888 0.618497 0.796211 0.872763 0.896196 0.9 0.9 0.89682 0.853386 0.706523 0.43084 0.208158 0.118974 0.1 0.102533 0.121639 0.15908 0.205947 0.239652 0.239853 0.205893 0.158581 0.121911 0.104668 0.1 0.1 0.1 0.1 0.1 0.1 0.100221 0.108806 0.127037 0.158257 0.201107 0.252223 0.307004 0.361196 0.412526 0.461287 0.50961 0.55957 0.612242 0.667354 0.723527 0.778321 0.827095 0.864486 0.887846 0.9 0.9 0.886458 0.837037 0.720506 0.523379 0.31315 0.176756 0.116356 0.1 0.103068 0.118932 0.137897 0.14737 0.141362 0.12504 0.10921 0.100655 0.1 0.110603 0.187994 0.404739 0.697624 0.854337 0.9 0.9 0.846869 0.669618 0.365107 0.169607 0.105736 0.1 0.11159 0.176395 0.358469 0.641996 0.827424 0.891942 0.9 0.9 0.897895 0.885494 0.855693 0.810114 0.768507 0.75586 0.779591 0.82527 0.868146 0.892095 0.9 0.9 0.9 0.9 0.89997 0.9 0.9 0.9 0.9 0.9 0.9 0.9 0.9 0.9 0.9 0.9 0.9 0.9 0.9 0.9 0.9 0.9 0.893133 0.86562 0.801415 0.705267 0.625241 0.607328 0.657473 0.746204 0.829082 0.880127 0.9 0.9 0.878295 0.757073 0.484067 0.233557 0.12644 0.1 0.10999 0.192581 0.414805 0.703093 0.853432 0.896918 0.9 0.9 
0.9 0.9 0.9 0.9 0.9 0.9 0.895367 0.858068 0.733664 0.488333 0.25673 0.146085 0.10902 0.100327 0.1 0.1 0.115514 0.195351 0.40392 0.683219 0.843839 0.895273 0.9 0.896638 0.857505 0.729362 0.478979 0.241257 0.129271 0.1 0.106119 0.172147 0.360019 0.645399 0.830288 0.894995 0.9 0.862314 0.716901 0.42479 0.192372 0.106336 0.1 0.143533 0.30321 0.606996 0.824689 0.898462 0.9 0.859151 0.712422 0.419169 0.190267 0.108505 0.1 0.116969 0.20577 0.437289 0.725469 0.865173 0.9 0.9 0.899509 0.880504 0.804916 0.619767 0.362342 0.187008 0.116909 0.1 0.1 0.1 0.1 0.1 0.1 0.1 0.10022 0.118956 0.16744 0.259109 0.393889 0.544228 0.670548 0.756664 0.809733 0.840676 0.857915 0.869237 0.878219 0.886031 0.892687 0.897617 0.9 0.9 0.9 0.895682 0.872282 0.806275 0.684749 0.535357 0.409901 0.3342 0.308415 0.33327 0.42365 0.581156 0.745543 0.845963 0.887224 0.898919 0.9 0.9 0.9 0.875594 0.767151 0.515997 0.254693 0.134362 0.101678 0.1 0.103268 0.113123 0.126762 0.136697 0.136012 0.124993 0.111502 0.101571 0.1 0.1 0.100354 0.1015 0.102231 0.101856 0.100609 0.1 0.1 0.1 0.106978 0.118485 0.133944 0.152647 0.173302 0.195082 0.218263 0.244423 0.276369 0.318245 0.374984 0.451119 0.54664 0.651757 0.749298 0.824798 0.873374 0.897061 0.9 0.886768 0.833071 0.706671 0.500625 0.294623 0.168201 0.114209 0.1 0.1 0.10542 0.10856 0.107606 0.104019 0.100819 0.1 0.1 0.120018 0.220573 0.4652 0.737065 0.865947 0.9 0.899358 0.838181 0.646671 0.343938 0.162828 0.105485 0.1 0.105476 0.148905 0.283521 0.5382 0.764655 0.869359 0.898605 0.9 0.9 0.897591 0.890183 0.878509 0.867825 0.865571 0.873468 0.887285 0.89902 0.9 0.898773 0.891895 0.884037 0.877405 0.873468 0.872894 0.875403 0.880217 0.886408 0.892637 0.897526 0.9 0.9 0.9 0.9 0.9 0.9 0.9 0.9 0.9 0.9 0.897533 0.878082 0.814533 0.672197 0.480346 0.350225 0.323299 0.389256 0.532275 0.698553 0.820358 0.882119 0.9 0.878659 0.759768 0.494117 0.24331 0.131575 0.1 0.102874 0.166832 0.359391 0.656771 0.835449 0.892766 0.9 0.9 
0.9 0.9 0.9 0.9 0.9 0.893692 0.865847 0.782764 0.605673 0.367616 0.1994 0.127063 0.104356 0.1 0.1 0.1 0.106894 0.160204 0.322292 0.599516 0.805496 0.884962 0.9 0.9 0.883085 0.802685 0.599488 0.326053 0.160239 0.103418 0.1 0.138615 0.279732 0.556271 0.789618 0.884107 0.9 0.875149 0.755551 0.484074 0.224022 0.11608 0.1 0.133316 0.274871 0.568578 0.806494 0.893702 0.9 0.860398 0.713108 0.418165 0.189286 0.108089 0.1 0.117689 0.208547 0.443666 0.730586 0.866929 0.9 0.9 0.8953 0.857439 0.734711 0.489388 0.252376 0.137108 0.103205 0.1 0.1 0.100885 0.104516 0.10945 0.111985 0.108874 0.101228 0.1 0.109327 0.141011 0.202226 0.291877 0.399164 0.505437 0.594418 0.660746 0.70887 0.74681 0.780031 0.810664 0.838477 0.862061 0.880013 0.892066 0.899133 0.9 0.898056 0.87692 0.831221 0.762553 0.687776 0.628801 0.6037 0.622215 0.683416 0.767346 0.839617 0.880653 0.896659 0.9 0.9 0.9 0.9 0.8874 0.804401 0.579703 0.295377 0.149039 0.105078 0.1 0.1 0.100929 0.103347 0.104997 0.103703 0.100177 0.1 0.1 0.105211 0.113858 0.123294 0.1313 0.135014 0.132748 0.12516 0.115123 0.105642 0.1 0.1 0.1 0.101651 0.105151 0.109715 0.114895 0.120717 0.12775 0.137403 0.152591 0.177014 0.216768 0.281541 0.382401 0.519344 0.666342 0.785811 0.860063 0.894072 0.9 0.884467 0.824235 0.688387 0.478883 0.281495 0.164121 0.114097 0.1 0.1 0.1 0.100045 0.1 0.1 0.1 0.100468 0.137929 0.273143 0.54269 0.779005 0.878056 0.9 0.894228 0.820144 0.608443 0.314041 0.153138 0.104404 0.1 0.10114 0.124991 0.209931 0.402626 0.64775 0.80941 0.878196 0.898323 0.9 0.9 0.9 0.899805 0.899054 0.899607 0.9 0.9 0.899073 0.886391 0.865363 0.837045 0.807107 0.782008 0.766696 0.763085 0.769949 0.783965 0.800971 0.816891 0.828736 0.835304 0.837721 0.839587 0.844112 0.853668 0.868034 0.883358 0.894692 0.9 0.9 0.894747 0.861474 0.756722 0.533869 0.293225 0.172726 0.151247 0.192583 0.304103 0.487047 0.676799 0.799326 0.846492 0.821961 0.688944 0.43556 0.222387 0.128158 0.1 0.1 0.149818 0.316465 0.612682 0.816809 0.888081 0.9 0.9 
0.9 0.9 0.9 0.9 0.894553 0.869834 0.796461 0.637378 0.416065 0.235508 0.14342 0.10927 0.100605 0.1 0.1 0.1 0.101851 0.134662 0.251256 0.497096 0.744721 0.864619 0.898578 0.9 0.895453 0.848571 0.69877 0.426793 0.206142 0.116083 0.1 0.118464 0.221563 0.469003 0.740914 0.869251 0.9 0.887153 0.792777 0.551057 0.266429 0.130118 0.1 0.121333 0.241502 0.517589 0.779481 0.885518 0.9 0.866101 0.727101 0.437188 0.198914 0.111134 0.1 0.114809 0.200293 0.428099 0.719293 0.863147 0.9 0.9 0.888821 0.828843 0.657089 0.378524 0.184402 0.112481 0.1 0.1 0.101766 0.11028 0.128607 0.152094 0.166998 0.161862 0.139074 0.114281 0.1 0.100719 0.119497 0.152103 0.197411 0.251781 0.309673 0.366714 0.42227 0.478957 0.539519 0.604616 0.671933 0.736552 0.792978 0.837448 0.869146 0.889014 0.9 0.9 0.891341 0.870415 0.843829 0.81974 0.807809 0.813231 0.834313 0.86187 0.884376 0.896338 0.9 0.9 0.9 0.9 0.9 0.89277 0.82204 0.61311 0.319569 0.158373 0.107541 0.1 0.1 0.1 0.1 0.1 0.1 0.1 0.108282 0.125022 0.151275 0.184252 0.217724 0.243784 0.254874 0.246839 0.221122 0.184868 0.148216 0.120242 0.104895 0.1 0.1 0.1 0.1 0.1 0.1 0.1 0.100316 0.102962 0.108829 0.120277 0.143542 0.191378 0.280748 0.425393 0.605271 0.759942 0.853557 0.894109 0.9 0.880837 0.814802 0.67381 0.467242 0.279184 0.167054 0.117038 0.100839 0.1 0.1 0.1 0.1 0.1 0.111377 0.178833 0.360485 0.635085 0.821022 0.889958 0.9 0.883343 0.786791 0.548179 0.274114 0.14034 0.10245 0.1 0.1 0.109018 0.152648 0.2692 0.472518 0.678933 0.807843 0.868214 0.891817 0.899923 0.9 0.9 0.9 0.9 0.896895 0.883483 0.857144 0.811288 0.747093 0.67225 0.600681 0.545582 0.513676 0.505138 0.516101 0.540499 0.57105 0.600335 0.622717 0.636166 0.643275 0.651157 0.669274 0.706112 0.7622 0.823483 0.869668 0.893428 0.9 0.89459 0.85323 0.723392 0.458685 0.214617 0.113713 0.1 0.115296 0.169329 0.282003 0.446201 0.597932 0.673708 0.650314 0.516288 0.319617 0.179603 0.118473 0.1 0.1 0.139362 0.285044 0.57368 0.79901 0.883447 0.9 0.9 
0.9 0.9 0.9 0.897515 0.882082 0.828835 0.691161 0.456513 0.250048 0.145001 0.109741 0.100309 0.1 0.1 0.1 0.1 0.1 0.116952 0.192695 0.38429 0.650309 0.823015 0.887805 0.9 0.9 0.875591 0.771621 0.531496 0.266115 0.134917 0.1 0.105813 0.180932 0.392426 0.687134 0.851561 0.9 0.896423 0.825301 0.619368 0.319841 0.148812 0.1 0.109502 0.207961 0.459422 0.744391 0.874203 0.9 0.874867 0.750439 0.472339 0.217706 0.117047 0.1 0.109424 0.183988 0.395416 0.693553 0.854196 0.9 0.9 0.882243 0.801044 0.588398 0.304133 0.148352 0.102359 0.1 0.100858 0.110536 0.140173 0.199684 0.275391 0.325015 0.317136 0.255859 0.178311 0.12341 0.1001 0.1 0.106356 0.117855 0.133772 0.15303 0.174582 0.198828 0.227987 0.26576 0.317269 0.387591 0.477135 0.578073 0.676077 0.758967 0.821385 0.863954 0.888946 0.9 0.9 0.895058 0.887461 0.883163 0.883608 0.888079 0.894029 0.898502 0.9 0.9 0.9 0.9 0.9 0.9 0.892802 0.821536 0.612275 0.319778 0.158979 0.10791 0.1 0.1 0.1 0.1 0.1 0.107581 0.126532 0.163482 0.220741 0.295408 0.376944 0.450116 0.50104 0.520774 0.504775 0.452445 0.370344 0.276228 0.193554 0.13771 0.109252 0.1 0.1 0.1 0.1 0.1 0.1 0.1 0.1 0.1 0.1 0.102375 0.11567 0.150891 0.230144 0.377151 0.577574 0.753813 0.856031 0.896732 0.9 0.877666 0.809195 0.670579 0.474399 0.295346 0.183712 0.129214 0.107415 0.1 0.1 0.1 0.109651 0.150386 0.266957 0.492532 0.730654 0.857688 0.899138 0.9 0.863153 0.730254 0.464751 0.227813 0.126312 0.100541 0.1 0.1 0.101252 0.117954 0.172742 0.291654 0.469121 0.643255 0.762667 0.829189 0.862307 0.876231 0.88055 0.877787 0.86684 0.842562 0.79611 0.721214 0.617221 0.498858 0.391932 0.314189 0.267269 0.244361 0.238707 0.245529 0.261087 0.281598 0.302502 0.319292 0.329619 0.335364 0.343843 0.36836 0.428207 0.540034 0.686955 0.809581 0.874903 0.898885 0.897538 0.858346 0.731594 0.467846 0.218622 0.114775 0.1 0.1 0.11538 0.160878 0.240582 0.333231 0.392527 0.382058 0.303342 0.204731 0.138274 0.10854 0.1 0.1 0.132444 0.262258 0.540918 0.783023 0.879205 0.9 0.9 
0.9 0.9 0.899707 0.89389 0.868223 0.787356 0.594553 0.327599 0.16091 0.103429 0.1 0.1 0.1 0.1 0.1 0.1 0.1 0.105726 0.148454 0.278053 0.518942 0.745681 0.859896 0.896268 0.9 0.890987 0.821968 0.62653 0.338359 0.16036 0.100867 0.1 0.153789 0.329743 0.629364 0.829887 0.897931 0.9 0.850987 0.683575 0.384576 0.173779 0.100134 0.100641 0.179088 0.401469 0.70302 0.860262 0.9 0.884799 0.777916 0.518148 0.244133 0.125161 0.1 0.103591 0.164639 0.354002 0.656571 0.839641 0.897528 0.9 0.87754 0.780086 0.54005 0.262764 0.132043 0.1 0.1 0.105052 0.130351 0.202545 0.34586 0.511911 0.607336 0.598795 0.487565 0.3169 0.182015 0.11871 0.100407 0.1 0.1 0.101434 0.104546 0.108832 0.114515 0.122459 0.134198 0.153245 0.185034 0.234312 0.306678 0.404655 0.521793 0.640281 0.7418 0.817383 0.866286 0.891823 0.9 0.9 0.9 0.899973 0.9 0.9 0.9 0.9 0.9 0.9 0.9 0.9 0.9 0.886319 0.800175 0.574157 0.294545 0.150388 0.106056 0.1 0.1 0.1 0.102874 0.117155 0.152519 0.217322 0.315551 0.438 0.561019 0.660246 0.726825 0.764147 0.777033 0.765932 0.725501 0.644433 0.516566 0.363565 0.2323 0.150013 0.111422 0.1 0.1 0.1 0.1 0.1 0.1 0.1 0.1 0.1 0.1 0.1 0.105975 0.133962 0.210564 0.365133 0.581517 0.765376 0.86454 0.9 0.9 0.876656 0.811511 0.686492 0.512374 0.346002 0.232528 0.17025 0.141184 0.132806 0.139981 0.173722 0.260192 0.429886 0.650621 0.812083 0.883394 0.9 0.89058 0.823624 0.641227 0.366745 0.182161 0.113826 0.1 0.1 0.1 0.1 0.103023 0.121498 0.171006 0.264577 0.396936 0.536961 0.649709 0.722998 0.762258 0.775867 0.767353 0.735297 0.674532 0.580991 0.46322 0.345546 0.251422 0.188466 0.151674 0.133561 0.126106 0.124613 0.126993 0.132072 0.139071 0.146463 0.152245 0.15516 0.155756 0.157326 0.167684 0.204391 0.303685 0.496685 0.714773 0.842753 0.891993 0.9 0.872464 0.773064 0.547981 0.287243 0.148309 0.106103 0.1 0.1 0.111975 0.138313 0.173525 0.199186 0.198519 0.171625 0.137231 0.113199 0.102353 0.1 0.1 0.127699 0.245766 0.514548 0.769386 0.875541 0.9 0.9 
0.9 0.9 0.89933 0.891875 0.862098 0.771904 0.564879 0.298667 0.147079 0.100078 0.1 0.101785 0.10309 0.102721 0.101171 0.1 0.1 0.1 0.119197 0.194077 0.371572 0.619961 0.800146 0.878748 0.9 0.89973 0.855736 0.70471 0.421086 0.196806 0.110192 0.1 0.135377 0.278315 0.566402 0.801027 0.889986 0.9 0.871441 0.741302 0.459674 0.209951 0.11 0.1 0.157712 0.348694 0.656432 0.843716 0.9 0.893937 0.804914 0.569117 0.277638 0.135308 0.1 0.1 0.147462 0.314167 0.615613 0.821634 0.892891 0.9 0.87559 0.768912 0.514519 0.244158 0.125999 0.1 0.1 0.111282 0.157519 0.286141 0.522131 0.73157 0.822565 0.818489 0.714359 0.492353 0.263053 0.146033 0.107041 0.1 0.1 0.1 0.1 0.1 0.1 0.1 0.1 0.102367 0.111035 0.126486 0.153916 0.19926 0.269526 0.37071 0.500653 0.640365 0.760939 0.842613 0.884073 0.898517 0.9 0.9 0.9 0.9 0.9 0.9 0.9 0.9 0.9 0.9 0.899593 0.86815 0.749273 0.497507 0.249725 0.135491 0.102859 0.1 0.1 0.104828 0.126269 0.178444 0.274543 0.413388 0.566833 0.695417 0.783151 0.835841 0.864151 0.877497 0.881881 0.878092 0.862908 0.824158 0.743056 0.601456 0.417002 0.256272 0.159171 0.115017 0.100764 0.1 0.1 0.1 0.102516 0.106462 0.109416 0.109428 0.106021 0.101067 0.1 0.1015 0.128763 0.211418 0.380978 0.609135 0.786798 0.873579 0.9 0.9 0.878825 0.82486 0.727831 0.594602 0.457903 0.353445 0.292737 0.271914 0.289089 0.353618 0.476987 0.641116 0.784512 0.866771 0.898536 0.9 0.867884 0.755068 0.519565 0.271249 0.144103 0.104638 0.1 0.1 0.1 0.1 0.1 0.102579 0.116101 0.148818 0.205641 0.283282 0.369463 0.446376 0.499032 0.519902 0.506922 0.46181 0.391394 0.309148 0.231903 0.172091 0.132986 0.112135 0.102121 0.1 0.1 0.1 0.1 0.1 0.100822 0.10224 0.103318 0.103434 0.102516 0.101311 0.102438 0.115351 0.178319 0.353173 0.624275 0.809184 0.882582 0.9 0.887409 0.825381 0.667966 0.426103 0.236295 0.144521 0.110287 0.1 0.1 0.103524 0.113546 0.121989 0.123862 0.117934 0.109016 0.102562 0.1 0.1 0.1 0.124408 0.233926 0.49416 0.758307 0.872537 0.9 0.9 
0.9 0.9 0.899449 0.89308 0.868169 0.794379 0.624566 0.385873 0.224313 0.161239 0.148823 0.148037 0.145812 0.137697 0.124799 0.111689 0.102773 0.1 0.103995 0.139074 0.246009 0.457593 0.695211 0.838135 0.891838 0.9 0.876999 0.765208 0.508224 0.243964 0.124744 0.1 0.12058 0.234234 0.497946 0.763498 0.878408 0.9 0.888308 0.789093 0.53427 0.252698 0.12453 0.1 0.140061 0.300626 0.603212 0.822787 0.899469 0.9 0.828712 0.622611 0.321592 0.149718 0.1 0.1 0.136128 0.286346 0.583191 0.805617 0.887876 0.9 0.876053 0.766966 0.508257 0.239804 0.124848 0.1 0.1 0.116109 0.178141 0.347032 0.62919 0.829885 0.9 0.9 0.819845 0.60316 0.322484 0.165981 0.111708 0.100017 0.1 0.100077 0.103153 0.107105 0.108856 0.106699 0.102175 0.1 0.1 0.1 0.105146 0.117298 0.140968 0.184795 0.261692 0.388209 0.562425 0.731953 0.83951 0.885723 0.898811 0.9 0.9 0.9 0.9 0.9 0.9 0.9 0.9 0.9 0.887179 0.82332 0.654471 0.390927 0.197373 0.119372 0.1 0.1 0.10498 0.130411 0.195762 0.318773 0.489628 0.656064 0.774164 0.842733 0.878111 0.894589 0.9 0.9 0.9 0.9 0.9 0.8901 0.858778 0.782794 0.641102 0.451245 0.284965 0.184445 0.137828 0.122278 0.121167 0.128306 0.1414 0.15595 0.165203 0.163256 0.149076 0.128307 0.110278 0.1 0.100211 0.132629 0.228837 0.418282 0.650191 0.810503 0.880995 0.9 0.9 0.884382 0.848535 0.789655 0.713389 0.636523 0.579059 0.555644 0.573103 0.630718 0.715426 0.80079 0.861876 0.892516 0.9 0.889104 0.825719 0.653366 0.386619 0.194287 0.117859 0.1 0.1 0.1 0.1 0.1 0.1 0.1 0.1 0.106139 0.121701 0.147157 0.181092 0.215881 0.242577 0.254065 0.247131 0.223871 0.190899 0.1566 0.128138 0.109718 0.1 0.1 0.1 0.1 0.1 0.1 0.1 0.1 0.1 0.1 0.1 0.1 0.1 0.1 0.1 0.1 0.143174 0.300929 0.584293 0.793244 0.877484 0.9 0.897495 0.867728 0.781563 0.613209 0.408843 0.25445 0.167638 0.125021 0.106141 0.1 0.1 0.1 0.101582 0.101706 0.100659 0.1 0.1 0.1 0.1 0.122142 0.225592 0.479067 0.749761 0.870199 0.9 0.9 
0.9 0.9 0.899875 0.896293 0.88141 0.838019 0.738532 0.579963 0.434058 0.353158 0.323251 0.311069 0.293872 0.260728 0.213235 0.163511 0.125232 0.104479 0.1 0.110172 0.162702 0.305306 0.549771 0.767372 0.870841 0.9 0.891926 0.810872 0.59134 0.300693 0.143625 0.1 0.108355 0.195828 0.424668 0.712755 0.861873 0.9 0.9 0.820613 0.588953 0.289637 0.138476 0.1 0.125112 0.256524 0.541372 0.792227 0.890729 0.9 0.849162 0.680483 0.387085 0.178161 0.103415 0.1 0.134096 0.28293 0.575901 0.799403 0.884857 0.9 0.877941 0.771872 0.516326 0.244703 0.126393 0.1 0.1 0.116302 0.178987 0.349481 0.632966 0.832278 0.9 0.9 0.821877 0.605419 0.32258 0.164618 0.110139 0.1 0.101489 0.112445 0.131774 0.152232 0.162711 0.156357 0.13711 0.117128 0.104529 0.1 0.1 0.1 0.102602 0.113282 0.140118 0.205809 0.347262 0.568158 0.763904 0.860941 0.893575 0.9 0.9 0.9 0.9 0.9 0.9 0.9 0.9 0.890923 0.848287 0.730574 0.51035 0.278639 0.150908 0.106986 0.1 0.102989 0.128068 0.198519 0.338141 0.531518 0.705877 0.815514 0.870441 0.893142 0.9 0.9 0.898665 0.893997 0.892228 0.895213 0.9 0.9 0.897304 0.870683 0.801149 0.674689 0.509605 0.363181 0.272472 0.232999 0.228725 0.24809 0.281577 0.316287 0.335886 0.326326 0.283827 0.220293 0.158972 0.117644 0.1 0.103022 0.14516 0.260565 0.470232 0.69497 0.832095 0.887175 0.9 0.9 0.891944 0.875076 0.849264 0.819947 0.795745 0.784915 0.791802 0.814744 0.845866 0.874438 0.892838 0.9 0.898749 0.87004 0.766096 0.532923 0.274945 0.142575 0.10404 0.1 0.1 0.1 0.1 0.100616 0.101579 0.10139 0.1 0.1 0.1 0.102785 0.111927 0.122198 0.130441 0.134328 0.132328 0.125308 0.115913 0.106858 0.100322 0.1 0.1 0.107084 0.114513 0.117088 0.113685 0.107378 0.102226 0.1 0.1 0.1 0.1 0.1 0.1 0.1 0.1 0.10416 0.159641 0.331251 0.610946 0.804066 0.879805 0.9 0.9 0.891281 0.856015 0.773182 0.634157 0.467063 0.321593 0.221323 0.16042 0.126198 0.108191 0.1 0.1 0.1 0.1 0.1 0.1 0.1 0.1 0.120627 0.219963 0.468539 0.743601 0.868497 0.9 0.9 
0.9 0.9 0.9 0.899006 0.893053 0.875072 0.835064 0.770157 0.701149 0.653338 0.629388 0.612741 0.58252 0.520926 0.421336 0.300897 0.195777 0.130214 0.102141 0.1 0.118082 0.199807 0.402412 0.673215 0.837698 0.896398 0.9 0.843307 0.664133 0.367198 0.168715 0.100684 0.100003 0.162777 0.346276 0.635842 0.830028 0.899324 0.9 0.824949 0.601723 0.303753 0.146102 0.1 0.113349 0.217537 0.473749 0.751642 0.876742 0.9 0.869627 0.745534 0.490426 0.247161 0.133557 0.112391 0.159888 0.326568 0.610082 0.809643 0.885773 0.9 0.880394 0.781478 0.535501 0.257175 0.130083 0.1 0.1 0.111746 0.159587 0.292493 0.534302 0.743887 0.83262 0.828642 0.726053 0.500993 0.264161 0.142812 0.102855 0.1 0.118546 0.161437 0.225366 0.28839 0.319224 0.299523 0.238232 0.17007 0.125201 0.105437 0.1 0.1 0.1 0.1 0.102394 0.12521 0.212652 0.41681 0.677626 0.830511 0.88605 0.899509 0.9 0.9 0.9 0.9 0.9 0.9 0.890416 0.852976 0.756785 0.573088 0.346532 0.187824 0.118515 0.1 0.1 0.121026 0.187788 0.330587 0.538283 0.72398 0.833418 0.882385 0.898712 0.9 0.898253 0.886161 0.866008 0.84499 0.836997 0.847486 0.868967 0.888687 0.9 0.9 0.876752 0.822186 0.734025 0.62934 0.540496 0.491591 0.486849 0.516939 0.564856 0.609738 0.63197 0.615179 0.545891 0.423541 0.282067 0.17314 0.116509 0.1 0.109623 0.165054 0.303267 0.527086 0.733899 0.847769 0.890862 0.9 0.9 0.89898 0.893604 0.886286 0.879866 0.876782 0.878257 0.883756 0.891046 0.897185 0.9 0.9 0.892704 0.846773 0.702918 0.427776 0.201392 0.113213 0.1 0.1 0.1 0.102681 0.110132 0.119975 0.128059 0.130177 0.125232 0.11593 0.10571 0.1 0.1 0.1 0.100816 0.10179 0.101612 0.100638 0.1 0.1 0.1 0.105991 0.12326 0.150622 0.174753 0.180341 0.163532 0.136195 0.114102 0.102976 0.1 0.1 0.1 0.1 0.1 0.1 0.105446 0.13491 0.23123 0.439018 0.689373 0.834403 0.887405 0.9 0.9 0.899908 0.89062 0.861789 0.801637 0.703708 0.574303 0.436012 0.31601 0.226536 0.165871 0.128464 0.109174 0.100958 0.1 0.1 0.1 0.1 0.1 0.119692 0.216521 0.462012 0.739677 0.867393 0.9 0.9 
0.9 0.9 0.9 0.9 0.898919 0.894379 0.884071 0.867718 0.850283 0.8379 0.831346 0.824716 0.808101 0.767022 0.679636 0.528685 0.343808 0.199071 0.123989 0.1 0.1 0.14236 0.297699 0.582145 0.79891 0.88514 0.9 0.864933 0.725966 0.446163 0.207709 0.112008 0.1 0.135481 0.262952 0.511466 0.743156 0.85234 0.863837 0.777206 0.54979 0.28173 0.143193 0.1 0.105378 0.185259 0.40612 0.701529 0.85835 0.9 0.888395 0.811215 0.630408 0.395128 0.243373 0.203311 0.265776 0.448965 0.688746 0.835508 0.890481 0.9 0.883172 0.794986 0.565594 0.27931 0.137117 0.1 0.1 0.105509 0.132464 0.209359 0.361825 0.535883 0.633958 0.626006 0.51165 0.330125 0.184501 0.116425 0.1 0.116008 0.173854 0.285431 0.430971 0.552121 0.602532 0.56471 0.439009 0.278434 0.167449 0.118044 0.102353 0.1 0.1 0.1 0.1 0.101487 0.156673 0.332007 0.617198 0.807862 0.880142 0.89873 0.9 0.9 0.9 0.9 0.899777 0.887495 0.847895 0.755894 0.589374 0.379521 0.215385 0.13131 0.102037 0.1 0.113991 0.170526 0.303829 0.515903 0.717262 0.835756 0.885819 0.9 0.9 0.896745 0.880899 0.840099 0.772181 0.704422 0.676952 0.70376 0.766803 0.833121 0.87918 0.9 0.9 0.884149 0.853078 0.811799 0.77262 0.749528 0.749207 0.767857 0.794862 0.818877 0.830788 0.821485 0.775705 0.666928 0.482522 0.284478 0.158742 0.107767 0.1 0.118391 0.190443 0.3489 0.572848 0.755873 0.852224 0.889836 0.9 0.9 0.9 0.9 0.9 0.9 0.9 0.9 0.9 0.9 0.9 0.9 0.887583 0.829717 0.661649 0.371083 0.167533 0.1 0.1 0.1 0.108087 0.128698 0.161221 0.198253 0.227177 0.236594 0.223198 0.193076 0.157549 0.127815 0.108904 0.1 0.1 0.1 0.1 0.1 0.1 0.1 0.108226 0.138292 0.19785 0.276633 0.33903 0.348157 0.29541 0.212223 0.145939 0.112553 0.101367 0.1 0.1 0.1 0.1 0.107453 0.137665 0.216896 0.377374 0.601707 0.781905 0.867609 0.895444 0.9 0.9 0.9 0.9 0.895067 0.878298 0.842794 0.782357 0.693376 0.577467 0.446408 0.321578 0.22138 0.153954 0.117094 0.102673 0.1 0.1 0.1 0.1 0.119258 0.215036 0.459256 0.737964 0.86688 0.9 0.9 
0.9 0.9 0.9 0.9 0.9 0.9 0.9 0.9 0.899953 0.899477 0.898753 0.89671 0.890908 0.875408 0.832549 0.730813 0.546029 0.329668 0.180996 0.114475 0.1 0.123541 0.254415 0.532163 0.772799 0.87535 0.9 0.880877 0.778792 0.536579 0.265876 0.132612 0.1 0.112538 0.184033 0.347743 0.560517 0.701153 0.726343 0.629974 0.422343 0.226892 0.130797 0.1 0.101153 0.160057 0.343106 0.641402 0.833691 0.897493 0.9 0.862319 0.765793 0.612379 0.475298 0.42769 0.489147 0.636107 0.783385 0.865594 0.896191 0.9 0.886581 0.812637 0.608767 0.318047 0.152187 0.102203 0.1 0.101098 0.111823 0.144441 0.210322 0.294674 0.350838 0.343994 0.276866 0.189047 0.125928 0.1 0.107517 0.16131 0.289615 0.488751 0.674854 0.783689 0.819543 0.785533 0.650932 0.417169 0.223221 0.134583 0.105794 0.1 0.1 0.1 0.1 0.1 0.149437 0.319424 0.60798 0.804871 0.87963 0.898716 0.9 0.9 0.9 0.897651 0.881674 0.835859 0.738291 0.574713 0.378797 0.224195 0.13928 0.105715 0.1 0.10886 0.153845 0.27021 0.474971 0.691477 0.826446 0.884047 0.9 0.9 0.898676 0.887133 0.84702 0.748871 0.588201 0.445477 0.391233 0.431249 0.54654 0.692466 0.810379 0.876037 0.9 0.9 0.893396 0.882666 0.871572 0.865119 0.866154 0.873349 0.882712 0.890855 0.895422 0.893179 0.875841 0.816563 0.673696 0.441103 0.233695 0.131002 0.1 0.100143 0.130252 0.215195 0.378957 0.585419 0.746233 0.834448 0.87395 0.889408 0.895896 0.89869 0.8998 0.9 0.9 0.9 0.9 0.9 0.9 0.899823 0.886338 0.828613 0.665515 0.384383 0.180088 0.106273 0.100228 0.116584 0.154841 0.220434 0.308855 0.398935 0.463252 0.484393 0.459153 0.395231 0.310549 0.22825 0.165126 0.125798 0.106739 0.1 0.1 0.1 0.1 0.10724 0.142012 0.225538 0.364967 0.518464 0.617176 0.624628 0.528615 0.356257 0.205924 0.130734 0.104887 0.1 0.1 0.1 0.106464 0.137335 0.218744 0.373847 0.579492 0.754168 0.852014 0.890546 0.9 0.9 0.9 0.9 0.9 0.9 0.9 0.893363 0.875685 0.84265 0.787373 0.70016 0.572672 0.414692 0.266574 0.166441 0.117968 0.101937 0.1 0.1 0.1 0.119339 0.215598 0.460516 0.738646 0.86701 0.9 0.9 
0.9 0.9 0.9 0.9 0.9 0.9 0.9 0.9 0.9 0.9 0.9 0.9 0.9 0.9 0.888224 0.840682 0.72129 0.515469 0.304124 0.176608 0.130631 0.152939 0.286571 0.552392 0.775969 0.873149 0.9 0.892007 0.822509 0.632058 0.351492 0.169844 0.105349 0.1 0.127603 0.205004 0.32614 0.432975 0.461245 0.392548 0.267825 0.166085 0.116044 0.1 0.1 0.140941 0.286677 0.570787 0.798773 0.886266 0.9 0.889543 0.851184 0.78565 0.718953 0.691837 0.722453 0.790062 0.852286 0.887067 0.899684 0.9 0.890836 0.834187 0.666381 0.38477 0.185253 0.111558 0.1 0.1 0.102209 0.112044 0.133338 0.161216 0.180176 0.176621 0.151783 0.120925 0.100415 0.1 0.138202 0.250725 0.459783 0.68384 0.822249 0.881606 0.897208 0.873894 0.760158 0.510823 0.263556 0.146007 0.10797 0.1 0.1 0.1 0.1 0.110375 0.180807 0.3744 0.652305 0.823098 0.885008 0.899505 0.9 0.9 0.894741 0.872861 0.817713 0.708822 0.540557 0.355197 0.215719 0.138839 0.10699 0.1 0.105083 0.141071 0.24002 0.428818 0.653647 0.808092 0.877917 0.898925 0.9 0.9 0.896416 0.875381 0.805649 0.636893 0.392156 0.228191 0.176534 0.202966 0.299289 0.469743 0.666165 0.807617 0.87707 0.899689 0.9 0.9 0.898504 0.89735 0.89781 0.899277 0.9 0.9 0.9 0.9 0.9 0.877496 0.79243 0.597113 0.338941 0.172269 0.109983 0.1 0.106234 0.140531 0.224046 0.368038 0.540018 0.680196 0.766475 0.812063 0.834737 0.846156 0.853604 0.861682 0.872415 0.884366 0.893999 0.899061 0.9 0.9 0.889698 0.845016 0.718782 0.483917 0.272619 0.177715 0.166923 0.20819 0.297137 0.427764 0.568032 0.676034 0.736349 0.75405 0.734828 0.677076 0.578073 0.448495 0.319386 0.219548 0.156406 0.122266 0.106994 0.103188 0.111952 0.145918 0.232037 0.392756 0.593541 0.746905 0.820585 0.821513 0.730208 0.518141 0.279862 0.152776 0.109128 0.1 0.1 0.10269 0.12679 0.202813 0.362663 0.577594 0.752165 0.848493 0.888613 0.9 0.9 0.898285 0.893842 0.889064 0.887304 0.890498 0.896883 0.9 0.9 0.893724 0.877883 0.844241 0.775776 0.646909 0.453571 0.265094 0.154142 0.110658 0.1 0.1 0.1 0.120068 0.218677 0.4666 0.742161 0.867902 0.9 0.9 
0.9 0.9 0.9 0.9 0.898469 0.892032 0.879651 0.864454 0.853208 0.851298 0.859417 0.874015 0.889408 0.9 0.9 0.885961 0.829197 0.700486 0.509354 0.341132 0.260982 0.28166 0.421461 0.645079 0.808622 0.879295 0.9 0.898315 0.856265 0.723313 0.471871 0.242008 0.13163 0.1 0.100035 0.126644 0.173605 0.219984 0.236358 0.211326 0.16429 0.125486 0.105735 0.1 0.1 0.126247 0.238028 0.494258 0.75481 0.871392 0.9 0.9 0.888317 0.866792 0.844165 0.834288 0.843918 0.865757 0.885932 0.897024 0.9 0.9 0.895397 0.857398 0.734495 0.489295 0.254301 0.139377 0.104378 0.1 0.1 0.101168 0.105966 0.112862 0.117522 0.115991 0.108677 0.100509 0.1 0.120124 0.201987 0.387516 0.633328 0.80543 0.880355 0.9 0.9 0.882774 0.773335 0.519982 0.264572 0.144597 0.107075 0.1 0.1 0.1 0.108363 0.148265 0.265936 0.494672 0.731281 0.853165 0.893192 0.9 0.9 0.891395 0.862152 0.794743 0.671003 0.495771 0.320708 0.197695 0.132009 0.10547 0.1 0.103457 0.133605 0.219036 0.389689 0.613398 0.784536 0.868441 0.89648 0.9 0.9 0.9 0.895291 0.868802 0.780382 0.568818 0.293878 0.142189 0.100654 0.111936 0.160743 0.272741 0.462432 0.669412 0.808693 0.874418 0.896475 0.9 0.9 0.9 0.9 0.9 0.9 0.9 0.9 0.9 0.9 0.896097 0.852079 0.715382 0.46238 0.234131 0.128644 0.1 0.1 0.108756 0.139547 0.204035 0.303801 0.420305 0.524595 0.599109 0.645099 0.67361 0.697853 0.729348 0.773372 0.823661 0.865356 0.8894 0.898759 0.9 0.895194 0.869209 0.795451 0.648984 0.478545 0.376536 0.366476 0.433031 0.552126 0.681436 0.781121 0.840237 0.867663 0.874644 0.867501 0.84244 0.790532 0.701479 0.573925 0.430132 0.307195 0.224415 0.180031 0.16812 0.191289 0.265505 0.410871 0.605535 0.768487 0.859212 0.894463 0.892633 0.820976 0.61794 0.332657 0.167634 0.11134 0.1 0.1 0.111462 0.165761 0.308165 0.539949 0.742334 0.848999 0.889544 0.9 0.9 0.89543 0.882019 0.86061 0.839666 0.831105 0.841056 0.86375 0.885498 0.898176 0.9 0.9 0.893599 0.870016 0.800705 0.642366 0.40218 0.211998 0.127524 0.102673 0.1 0.1 0.12173 0.225221 0.478915 0.749153 0.869726 0.9 0.9 
0.9 0.9 0.9 0.898463 0.888576 0.861555 0.812177 0.752528 0.708857 0.699582 0.726312 0.777279 0.832985 0.875738 0.897817 0.9 0.881563 0.82452 0.720915 0.599794 0.522743 0.533972 0.634072 0.763783 0.850642 0.888882 0.9 0.9 0.879631 0.800307 0.615517 0.36956 0.198709 0.123037 0.1 0.1 0.112341 0.1274 0.13516 0.130426 0.117838 0.106579 0.101002 0.1 0.1 0.11495 0.198453 0.420526 0.704422 0.852741 0.896318 0.9 0.898908 0.894077 0.888468 0.885871 0.888034 0.893179 0.897847 0.9 0.9 0.9 0.898889 0.878092 0.801788 0.623694 0.383495 0.213498 0.135298 0.107643 0.1 0.1 0.1 0.100713 0.101364 0.101007 0.1 0.1 0.109089 0.160481 0.304222 0.548019 0.761331 0.865807 0.898125 0.9 0.896955 0.856913 0.717046 0.452361 0.228173 0.131165 0.103551 0.1 0.1 0.11148 0.149753 0.243877 0.424131 0.651684 0.812583 0.881769 0.9 0.9 0.88804 0.850723 0.76921 0.628755 0.447419 0.28425 0.177821 0.123228 0.102308 0.1 0.104293 0.132335 0.20992 0.365852 0.581444 0.761618 0.857723 0.893303 0.9 0.9 0.9 0.9 0.89641 0.872265 0.787769 0.579816 0.300435 0.143034 0.1 0.1 0.112238 0.16238 0.278416 0.466317 0.661161 0.791607 0.857086 0.884652 0.895575 0.899462 0.9 0.9 0.9 0.9 0.9 0.9 0.9 0.9 0.880138 0.793508 0.586241 0.321275 0.162564 0.107396 0.1 0.1 0.106956 0.126858 0.16294 0.212137 0.265149 0.311479 0.346352 0.373568 0.405052 0.458692 0.551029 0.676402 0.792521 0.86215 0.891555 0.9 0.899554 0.888472 0.856333 0.79296 0.712086 0.656067 0.654028 0.701388 0.771107 0.833611 0.874207 0.893732 0.9 0.9 0.9 0.894941 0.879203 0.844611 0.782156 0.688232 0.573122 0.464466 0.390761 0.367405 0.402853 0.501198 0.64247 0.77393 0.856957 0.89318 0.9 0.9 0.839295 0.644564 0.345012 0.168066 0.109773 0.1 0.10011 0.126754 0.223109 0.436712 0.687482 0.834585 0.888845 0.9 0.9 0.894861 0.872988 0.825802 0.757968 0.695535 0.67084 0.699049 0.766461 0.835871 0.879126 0.896263 0.9 0.9 0.898138 0.869402 0.763322 0.531899 0.27785 0.148491 0.106969 0.1 0.1 0.124858 0.236834 0.499367 0.76031 0.872652 0.9 0.9 
0.9 0.9 0.899859 0.892629 0.864335 0.791921 0.662602 0.521283 0.431306 0.411699 0.457059 0.557376 0.685939 0.799228 0.869238 0.898432 0.9 0.882117 0.842594 0.791193 0.753931 0.755662 0.795968 0.846572 0.880968 0.896364 0.9 0.9 0.893765 0.85549 0.747828 0.551348 0.339023 0.19924 0.131259 0.104615 0.1 0.1 0.102685 0.103873 0.102381 0.100541 0.1 0.1 0.1 0.106816 0.168928 0.358863 0.653631 0.832341 0.891132 0.9 0.9 0.9 0.899927 0.899965 0.9 0.9 0.9 0.9 0.9 0.9 0.9 0.89233 0.854494 0.75278 0.570132 0.369613 0.22955 0.153999 0.118054 0.103696 0.1 0.1 0.1 0.1 0.1 0.101842 0.129127 0.226095 0.438363 0.688824 0.837533 0.891272 0.9 0.898709 0.874002 0.788608 0.594812 0.339557 0.175869 0.11352 0.1 0.100114 0.11582 0.161021 0.257856 0.423314 0.626337 0.786569 0.870168 0.899191 0.9 0.885277 0.840267 0.744426 0.587172 0.401296 0.250509 0.159896 0.116126 0.1 0.1 0.107305 0.137349 0.213582 0.361365 0.566377 0.746039 0.848656 0.890163 0.9 0.9 0.9 0.9 0.9 0.898851 0.883428 0.821832 0.657538 0.393815 0.199112 0.11955 0.1 0.1 0.114903 0.165867 0.273831 0.437452 0.60718 0.730277 0.801609 0.838991 0.857895 0.868016 0.875536 0.883153 0.890878 0.897018 0.9 0.9 0.9 0.893355 0.842949 0.694379 0.436242 0.221409 0.125441 0.1 0.1 0.1 0.102777 0.110952 0.124045 0.139677 0.154109 0.165055 0.173758 0.186582 0.218265 0.298475 0.461144 0.670538 0.814755 0.877279 0.897083 0.9 0.897669 0.887461 0.866916 0.840861 0.823077 0.824538 0.843438 0.868507 0.888514 0.898606 0.9 0.9 0.9 0.9 0.9 0.9 0.893649 0.875514 0.841522 0.789897 0.730439 0.680931 0.661009 0.682072 0.738437 0.80687 0.861348 0.891072 0.9 0.9 0.894407 0.828133 0.625547 0.325171 0.156584 0.105197 0.1 0.103771 0.14988 0.294636 0.558877 0.780044 0.876044 0.9 0.9 0.89747 0.875765 0.812946 0.693208 0.543078 0.427239 0.387786 0.437403 0.57175 0.732694 0.839285 0.884913 0.898401 0.9 0.9 0.892354 0.820026 0.615212 0.329166 0.165639 0.110589 0.1 0.1 0.130455 0.256105 0.530038 0.77608 0.876761 0.9 0.9 
0.9 0.9 0.898339 0.882539 0.826574 0.686368 0.463293 0.283592 0.201166 0.185609 0.216368 0.300452 0.452751 0.645198 0.797561 0.875112 0.9 0.9 0.888828 0.871989 0.858816 0.858068 0.869991 0.885569 0.895881 0.9 0.9 0.9 0.9 0.887273 0.83902 0.728746 0.554009 0.369949 0.236246 0.159105 0.120792 0.10352 0.1 0.1 0.1 0.1 0.1 0.1 0.1 0.101801 0.149582 0.315532 0.61152 0.814176 0.886169 0.9 0.9 0.9 0.9 0.9 0.899792 0.899459 0.899706 0.9 0.9 0.9 0.9 0.899179 0.885836 0.84182 0.745723 0.594488 0.423187 0.279547 0.182781 0.129215 0.106317 0.1 0.1 0.1 0.1 0.109154 0.163272 0.317959 0.578017 0.786401 0.877171 0.9 0.9 0.881221 0.814773 0.66096 0.426707 0.228295 0.131164 0.10025 0.1 0.118624 0.172462 0.282342 0.453616 0.643135 0.786725 0.865975 0.897368 0.9 0.883701 0.832624 0.724307 0.552119 0.362677 0.222055 0.144418 0.110518 0.1 0.1 0.1121 0.148422 0.230051 0.377169 0.572276 0.742882 0.844163 0.88799 0.9 0.9 0.899844 0.899377 0.89944 0.9 0.9 0.895085 0.862244 0.760463 0.555344 0.326372 0.182757 0.119958 0.1 0.1 0.115126 0.158199 0.239754 0.356336 0.482632 0.588701 0.662559 0.710267 0.743944 0.774585 0.808261 0.843835 0.87388 0.892076 0.899148 0.9 0.899212 0.873332 0.779157 0.570815 0.32048 0.168616 0.111296 0.1 0.1 0.1 0.1 0.100912 0.103206 0.105507 0.106844 0.107293 0.108759 0.118201 0.162627 0.299756 0.549908 0.763822 0.861417 0.893281 0.9 0.9 0.898315 0.893795 0.8879 0.884146 0.885313 0.890551 0.896588 0.9 0.9 0.9 0.9 0.9 0.9 0.9 0.9 0.9 0.9 0.89574 0.881107 0.861757 0.842795 0.832676 0.837755 0.855792 0.877389 0.893252 0.9 0.9 0.9 0.886315 0.807964 0.590114 0.294832 0.141909 0.100681 0.1 0.110898 0.182322 0.376548 0.656314 0.831517 0.892056 0.9 0.9 0.887182 0.8328 0.699828 0.492284 0.306596 0.205054 0.177116 0.218803 0.360861 0.596385 0.784925 0.869044 0.895373 0.9 0.9 0.897861 0.837251 0.645061 0.349206 0.171799 0.111454 0.1 0.1 0.140625 0.287186 0.572476 0.796273 0.881936 0.9 0.9 
0.9 0.9 0.896619 0.872708 0.790253 0.590606 0.322943 0.164748 0.112118 0.105178 0.11735 0.157511 0.257687 0.448088 0.676418 0.826497 0.886739 0.9 0.9 0.896188 0.892695 0.892283 0.895314 0.899208 0.9 0.9 0.9 0.9 0.9 0.9 0.885503 0.841991 0.752716 0.614433 0.453123 0.311453 0.211558 0.150252 0.11792 0.103428 0.1 0.1 0.1 0.1 0.1 0.1 0.140313 0.294311 0.588312 0.803335 0.883009 0.9 0.9 0.899225 0.895095 0.888211 0.881679 0.879507 0.883259 0.890429 0.896964 0.9 0.9 0.9 0.898401 0.885755 0.850166 0.779121 0.661586 0.49872 0.32504 0.195501 0.129025 0.104821 0.1 0.1 0.1 0.122259 0.212517 0.427533 0.692857 0.844554 0.894875 0.9 0.88884 0.836212 0.70341 0.483116 0.271667 0.151731 0.106461 0.1 0.117057 0.175141 0.298433 0.484611 0.672406 0.801958 0.870311 0.897652 0.9 0.883554 0.829174 0.712013 0.528123 0.335348 0.20121 0.131975 0.105194 0.1 0.10084 0.119289 0.165898 0.259272 0.412172 0.59829 0.753411 0.84587 0.88753 0.9 0.9 0.896856 0.891471 0.886497 0.885665 0.890036 0.896786 0.9 0.891173 0.844028 0.723901 0.524169 0.319639 0.185929 0.121918 0.1 0.1 0.110763 0.137702 0.1841 0.245069 0.31087 0.371781 0.424682 0.475074 0.534633 0.614396 0.712514 0.804665 0.86448 0.891635 0.9 0.9 0.890341 0.838997 0.700682 0.468617 0.260389 0.1506 0.109883 0.1 0.1 0.1 0.1 0.1 0.1 0.1 0.1 0.1 0.1 0.124026 0.241177 0.494852 0.738591 0.853459 0.891324 0.899903 0.9 0.9 0.9 0.899893 0.899746 0.899941 0.9 0.9 0.9 0.9 0.9 0.9 0.899628 0.897018 0.892351 0.888139 0.888254 0.893767 0.899813 0.9 0.9 0.895755 0.890916 0.890255 0.893558 0.897795 0.9 0.9 0.9 0.899759 0.879893 0.792729 0.566302 0.277053 0.133525 0.1 0.1 0.124445 0.231032 0.470142 0.730619 0.86076 0.89839 0.9 0.897218 0.864579 0.759764 0.548296 0.313477 0.172059 0.115114 0.102766 0.128996 0.245378 0.496205 0.741649 0.856775 0.893125 0.9 0.9 0.894916 0.828494 0.627728 0.334086 0.164711 0.108788 0.1 0.104026 0.160412 0.336207 0.626456 0.819684 0.887751 0.9 0.9 
0.9 0.9 0.896161 0.869044 0.774816 0.549827 0.273456 0.133421 0.1 0.1 0.1 0.109209 0.156897 0.289776 0.52912 0.754156 0.863558 0.896439 0.9 0.9 0.899975 0.9 0.9 0.899769 0.896162 0.892372 0.891209 0.893183 0.896921 0.9 0.9 0.891282 0.862119 0.801462 0.702703 0.56743 0.417302 0.285674 0.192179 0.136443 0.109353 0.1 0.1 0.1 0.1 0.1 0.142226 0.300149 0.593124 0.8044 0.883049 0.9 0.9 0.892104 0.872929 0.843268 0.815125 0.804419 0.816599 0.843653 0.871877 0.891332 0.899756 0.9 0.9 0.899685 0.891905 0.870238 0.819504 0.712626 0.524754 0.309172 0.172128 0.11625 0.100653 0.1 0.102994 0.142468 0.275528 0.53796 0.772889 0.875918 0.9 0.897713 0.861947 0.754196 0.544691 0.313531 0.171057 0.113056 0.1 0.110342 0.162681 0.289039 0.49154 0.690444 0.8166 0.877051 0.899174 0.9 0.884907 0.830968 0.70984 0.51753 0.320305 0.188874 0.124309 0.100981 0.1 0.106498 0.13181 0.1915 0.301431 0.463552 0.639521 0.774826 0.853311 0.888962 0.9 0.9 0.894273 0.879459 0.856222 0.834463 0.827864 0.841011 0.865901 0.88913 0.9 0.889689 0.83773 0.718534 0.527885 0.327731 0.191464 0.124392 0.100894 0.1 0.103319 0.115354 0.133102 0.155237 0.178128 0.200248 0.225256 0.264882 0.342546 0.485065 0.668484 0.807447 0.873381 0.895921 0.9 0.898553 0.875918 0.801139 0.640602 0.424268 0.253166 0.16112 0.121109 0.105902 0.100537 0.1 0.1 0.1 0.1 0.1 0.1 0.103765 0.14237 0.274153 0.52878 0.754967 0.858765 0.892578 0.899995 0.9 0.9 0.9 0.9 0.9 0.9 0.9 0.9 0.9 0.9 0.9 0.899508 0.894712 0.881608 0.859275 0.836004 0.8262 0.835862 0.857426 0.878928 0.894768 0.9 0.9 0.9 0.9 0.9 0.9 0.9 0.9 0.899176 0.878059 0.79368 0.578812 0.294737 0.14174 0.1 0.103579 0.158116 0.313735 0.578232 0.790245 0.878953 0.9 0.9 0.887555 0.823614 0.656302 0.399275 0.205085 0.120907 0.1 0.1 0.115342 0.220155 0.471833 0.732903 0.85574 0.893568 0.9 0.9 0.884587 0.796185 0.569002 0.291451 0.147987 0.103912 0.1 0.113973 0.195621 0.408674 0.688372 0.843927 0.893427 0.9 0.9 
0.9 0.9 0.897385 0.873755 0.787599 0.574513 0.295172 0.14272 0.1 0.1 0.1 0.1 0.116747 0.19726 0.39771 0.668167 0.832421 0.889699 0.9 0.9 0.9 0.9 0.895599 0.884132 0.865925 0.848989 0.842351 0.848736 0.864023 0.881264 0.894788 0.9 0.9 0.884462 0.849346 0.782408 0.674958 0.52705 0.367627 0.238978 0.158211 0.117234 0.101766 0.1 0.1 0.10451 0.163902 0.344363 0.631526 0.819103 0.886927 0.9 0.895192 0.870404 0.813639 0.724896 0.642233 0.608971 0.635952 0.705834 0.786417 0.849433 0.885298 0.898893 0.9 0.9 0.9 0.898822 0.885178 0.833269 0.688316 0.435984 0.225599 0.131537 0.102598 0.1 0.10872 0.169698 0.348272 0.632868 0.824233 0.892281 0.9 0.885194 0.813764 0.636315 0.38232 0.199829 0.121016 0.1 0.101707 0.138057 0.246615 0.454255 0.679547 0.819872 0.881029 0.9 0.9 0.888082 0.839263 0.720678 0.523113 0.317834 0.183969 0.121119 0.1 0.1 0.112482 0.14876 0.225198 0.355016 0.525849 0.688381 0.801863 0.864339 0.891835 0.9 0.9 0.895122 0.875635 0.829985 0.757436 0.689027 0.664347 0.695173 0.76258 0.832971 0.881165 0.9 0.890195 0.839027 0.723996 0.538173 0.33879 0.200406 0.130843 0.105012 0.1 0.1 0.100751 0.105182 0.110463 0.115352 0.12104 0.133247 0.171796 0.28615 0.507537 0.732066 0.848269 0.889635 0.899973 0.9 0.894021 0.862618 0.780519 0.632094 0.451114 0.303816 0.21364 0.165828 0.14221 0.131578 0.12696 0.125463 0.126204 0.129731 0.139211 0.165755 0.240748 0.405964 0.637072 0.80233 0.873568 0.895924 0.9 0.9 0.9 0.898584 0.896253 0.894701 0.89523 0.897464 0.899591 0.9 0.9 0.9 0.896422 0.880508 0.840287 0.769142 0.691641 0.651311 0.665158 0.718205 0.783225 0.83849 0.87407 0.892757 0.9 0.9 0.9 0.9 0.9 0.9 0.899327 0.882173 0.814984 0.641179 0.379634 0.203886 0.144034 0.159037 0.254157 0.455434 0.695042 0.839551 0.891676 0.9 0.898471 0.865657 0.755646 0.528739 0.282493 0.148452 0.1043 0.1 0.1 0.128768 0.253005 0.517799 0.760052 0.866263 0.896632 0.9 0.89845 0.863166 0.73595 0.476949 0.235848 0.128496 0.1 0.1 0.133327 0.2539 0.504767 0.751356 0.865956 0.89789 0.9 0.9 
0.9 0.9 0.899244 0.883759 0.820202 0.649552 0.379972 0.189033 0.114975 0.1 0.1 0.1 0.103142 0.150724 0.305372 0.58325 0.797341 0.881257 0.9 0.9 0.899901 0.894359 0.87475 0.832281 0.770483 0.714712 0.690725 0.704745 0.746071 0.797073 0.842638 0.875137 0.894974 0.9 0.899938 0.880094 0.836123 0.751182 0.614833 0.444263 0.291401 0.190311 0.137033 0.115175 0.112862 0.137626 0.232222 0.444448 0.70035 0.843914 0.893366 0.9 0.884287 0.829458 0.703471 0.517388 0.372731 0.321215 0.351152 0.449891 0.594354 0.734363 0.830265 0.879522 0.897625 0.9 0.9 0.9 0.9 0.878322 0.768203 0.5184 0.264448 0.142705 0.103739 0.1 0.117053 0.203799 0.425962 0.705999 0.855622 0.9 0.9 0.864983 0.746658 0.504577 0.2618 0.139752 0.102336 0.1 0.114971 0.185526 0.363438 0.619287 0.800739 0.878406 0.9 0.9 0.892933 0.854395 0.747678 0.550663 0.331467 0.186765 0.120611 0.1 0.1 0.116127 0.163181 0.259541 0.411891 0.589328 0.736254 0.828762 0.876199 0.89534 0.9 0.9 0.898312 0.8846 0.838855 0.731343 0.565645 0.42798 0.379992 0.42306 0.540334 0.689561 0.811272 0.878553 0.9 0.890162 0.84067 0.730791 0.553644 0.360786 0.221904 0.147203 0.113994 0.101333 0.1 0.1 0.1 0.1 0.1 0.1 0.111302 0.194094 0.406783 0.676688 0.828971 0.884297 0.898857 0.9 0.9 0.891436 0.860435 0.792853 0.684254 0.553388 0.433561 0.346382 0.292031 0.261561 0.246347 0.241325 0.24471 0.258013 0.287538 0.347326 0.45731 0.614995 0.764425 0.852613 0.888681 0.898984 0.9 0.899904 0.896283 0.887582 0.876093 0.868466 0.870249 0.880228 0.891684 0.898618 0.9 0.9 0.890723 0.855184 0.763651 0.600034 0.43855 0.361103 0.370902 0.44568 0.560566 0.681181 0.777848 0.841541 0.877268 0.89388 0.9 0.9 0.9 0.9 0.89995 0.889806 0.848144 0.738247 0.547835 0.37442 0.300275 0.328062 0.453472 0.642165 0.79879 0.876382 0.9 0.9 0.884912 0.817552 0.648841 0.393535 0.201382 0.119853 0.1 0.1 0.108382 0.163899 0.331883 0.609067 0.806217 0.881709 0.9 0.9 0.88832 0.82193 0.641805 0.369181 0.182261 0.111971 0.1 0.109069 0.171886 0.344261 0.61385 0.807422 0.88308 0.9 0.9 0.9 
0.9 0.9 0.9 0.893505 0.856377 0.74308 0.518308 0.285046 0.155896 0.109568 0.1 0.1 0.1 0.128769 0.248039 0.51046 0.762606 0.872408 0.9 0.9 0.897017 0.879458 0.827122 0.716748 0.567625 0.450956 0.404704 0.422513 0.488815 0.584359 0.68447 0.769069 0.830782 0.870282 0.894295 0.9 0.895898 0.865249 0.797915 0.681536 0.524647 0.371877 0.265311 0.211629 0.205171 0.254687 0.388209 0.599238 0.781194 0.870076 0.898774 0.89877 0.87057 0.780988 0.580281 0.331741 0.189688 0.149443 0.164556 0.22758 0.350501 0.525767 0.696271 0.810827 0.869605 0.893396 0.9 0.9 0.9 0.880092 0.772092 0.523159 0.266516 0.142483 0.102513 0.1 0.128629 0.245697 0.504644 0.760316 0.873941 0.9 0.894493 0.837022 0.668809 0.389797 0.189233 0.113212 0.1 0.101559 0.133321 0.244999 0.485721 0.736003 0.860851 0.897473 0.9 0.898043 0.873346 0.789636 0.606912 0.369899 0.201485 0.12415 0.1 0.1 0.115475 0.167481 0.280217 0.455556 0.640841 0.775479 0.851019 0.886117 0.898578 0.9 0.9 0.9 0.89574 0.871193 0.791687 0.607934 0.365888 0.216668 0.17293 0.199958 0.294338 0.465 0.667298 0.814073 0.882939 0.9 0.888976 0.842955 0.744419 0.587648 0.410766 0.27165 0.186688 0.14137 0.119394 0.107821 0.101744 0.1 0.1 0.1 0.1106 0.192454 0.404405 0.675062 0.828256 0.883944 0.898616 0.9 0.9 0.9 0.892784 0.871613 0.83078 0.771219 0.701293 0.633675 0.578369 0.539695 0.517386 0.509648 0.515479 0.535862 0.573804 0.632376 0.709278 0.78972 0.851483 0.884965 0.897553 0.9 0.9 0.896052 0.881172 0.850534 0.810698 0.783726 0.788115 0.820585 0.860238 0.888193 0.9 0.9 0.885231 0.827603 0.676816 0.427116 0.236825 0.164671 0.166651 0.21183 0.297119 0.421921 0.56705 0.697243 0.791068 0.848897 0.880453 0.894958 0.9 0.9 0.9 0.896511 0.877398 0.825818 0.732159 0.629697 0.577611 0.603673 0.692674 0.795783 0.866618 0.896767 0.9 0.889931 0.844442 0.722612 0.500852 0.27383 0.148965 0.105846 0.1 0.101469 0.125775 0.219669 0.443126 0.709215 0.850894 0.894037 0.9 0.898379 0.865283 0.751722 0.516989 0.269049 0.140561 0.100646 0.1 0.131274 0.239919 0.46751 0.71681 0.850664 0.894193 0.9 0.9 0.9 
0.9 0.9 0.9 0.899263 0.883321 0.822073 0.670742 0.436409 0.238423 0.138896 0.105295 0.1 0.1 0.118088 0.21306 0.453257 0.730757 0.863851 0.9 0.9 0.891941 0.856702 0.755672 0.554057 0.33841 0.218903 0.183061 0.193344 0.235571 0.308849 0.411981 0.533315 0.651971 0.751443 0.826641 0.874983 0.9 0.9 0.879139 0.82982 0.745337 0.633245 0.523231 0.451314 0.439686 0.497999 0.618433 0.75378 0.846782 0.888757 0.9 0.896133 0.861587 0.75205 0.512245 0.250932 0.126953 0.1 0.102979 0.12701 0.188114 0.305482 0.47659 0.649877 0.772381 0.840195 0.871761 0.882357 0.876009 0.831718 0.695057 0.445804 0.229755 0.130839 0.1 0.1 0.145719 0.298614 0.581835 0.801973 0.886457 0.9 0.885705 0.804965 0.592506 0.307894 0.149906 0.102429 0.1 0.105943 0.153022 0.302855 0.582491 0.801834 0.886032 0.9 0.9 0.889608 0.836344 0.690372 0.446139 0.23727 0.135291 0.102582 0.1 0.110385 0.157045 0.273088 0.46694 0.667647 0.800564 0.866462 0.892669 0.9 0.9 0.9 0.9 0.9 0.894171 0.862265 0.758591 0.525614 0.262414 0.13268 0.101158 0.111823 0.158075 0.270723 0.472531 0.69628 0.836392 0.891214 0.9 0.888703 0.850603 0.773136 0.651703 0.505763 0.373156 0.277006 0.215273 0.17661 0.152721 0.139195 0.133674 0.138809 0.17225 0.282487 0.501934 0.728513 0.846735 0.888851 0.899337 0.9 0.9 0.9 0.9 0.897378 0.887578 0.870393 0.846828 0.821291 0.798209 0.780644 0.769896 0.766105 0.76913 0.779122 0.796403 0.82039 0.847973 0.873116 0.889969 0.898061 0.9 0.9 0.898441 0.885065 0.843933 0.759675 0.65161 0.581082 0.589025 0.668891 0.774712 0.854225 0.892343 0.9 0.88493 0.815777 0.632284 0.345997 0.160064 0.1 0.1 0.116907 0.151985 0.215196 0.315142 0.449032 0.593267 0.715636 0.801762 0.854619 0.883325 0.896234 0.9 0.9 0.89419 0.875817 0.842177 0.804392 0.785227 0.79815 0.834983 0.873856 0.896918 0.9 0.888095 0.847262 0.748167 0.563611 0.340115 0.185664 0.118402 0.1 0.1 0.106893 0.149336 0.285152 0.553977 0.787564 0.882756 0.9 0.9 0.886628 0.818687 0.644279 0.382705 0.192268 0.114785 0.1 0.111033 0.176358 0.345979 0.604686 0.798051 0.879183 0.899736 0.9 0.9 0.9 
0.9 0.9 0.9 0.9 0.896823 0.871287 0.788474 0.609049 0.369891 0.197303 0.121676 0.100278 0.1 0.111741 0.190238 0.409037 0.701679 0.855297 0.899595 0.9 0.887408 0.836308 0.692655 0.429645 0.211136 0.120889 0.104116 0.108975 0.124322 0.153222 0.201437 0.274084 0.376534 0.508398 0.654001 0.780426 0.861547 0.895971 0.9 0.887632 0.857945 0.81194 0.759318 0.719234 0.710523 0.739713 0.794429 0.848733 0.883466 0.89794 0.9 0.895594 0.863976 0.760852 0.529127 0.264636 0.132483 0.1 0.1 0.100309 0.11913 0.16974 0.266298 0.407707 0.55951 0.677568 0.747188 0.773725 0.757716 0.680938 0.518819 0.314047 0.174469 0.115014 0.1 0.107144 0.175595 0.368928 0.655938 0.83457 0.895153 0.9 0.87669 0.774685 0.529351 0.256846 0.130481 0.1 0.1 0.109471 0.167988 0.344925 0.640969 0.833684 0.895988 0.9 0.898992 0.873942 0.780992 0.56827 0.311675 0.161487 0.108335 0.1 0.103255 0.135397 0.234196 0.430891 0.657845 0.806895 0.874205 0.896426 0.9 0.9 0.9 0.9 0.9 0.9 0.894952 0.863736 0.758779 0.519549 0.251666 0.125451 0.1 0.1 0.110952 0.16413 0.302699 0.538987 0.756702 0.865245 0.89871 0.9 0.891219 0.865386 0.815425 0.73874 0.642254 0.540815 0.449696 0.377066 0.324251 0.290414 0.276649 0.290529 0.35128 0.483434 0.663727 0.804486 0.872236 0.895481 0.9 0.9 0.899861 0.899635 0.9 0.9 0.9 0.898692 0.893671 0.887639 0.882001 0.877635 0.87495 0.874024 0.874835 0.877441 0.881974 0.888158 0.894609 0.899127 0.9 0.9 0.9 0.9 0.894848 0.865857 0.779345 0.604846 0.411259 0.308326 0.315165 0.424955 0.610993 0.780312 0.870818 0.9 0.891667 0.828724 0.654734 0.368667 0.170059 0.10166 0.1 0.1 0.105683 0.124396 0.163936 0.232735 0.337483 0.472758 0.614162 0.732103 0.814301 0.863875 0.889568 0.9 0.9 0.895876 0.88657 0.875819 0.870958 0.876167 0.888449 0.9 0.9 0.882477 0.834784 0.736219 0.570372 0.369079 0.212843 0.132482 0.104221 0.1 0.1 0.112411 0.169235 0.334938 0.624412 0.83047 0.899884 0.9 0.896303 0.856001 0.73437 0.502911 0.266975 0.141558 0.100577 0.1 0.135911 0.252304 0.483871 0.724316 0.852205 0.894244 0.9 0.9 0.9 0.9 
0.9 0.9 0.9 0.9 0.9 0.893937 0.857003 0.74599 0.5275 0.28839 0.153817 0.106922 0.1 0.106842 0.173457 0.372867 0.673078 0.845603 0.898102 0.9 0.88658 0.830901 0.674525 0.396136 0.182589 0.104475 0.1 0.1 0.1 0.104568 0.117103 0.139861 0.182719 0.261888 0.40375 0.602656 0.775787 0.865552 0.896454 0.9 0.894475 0.881818 0.865079 0.851108 0.847142 0.855744 0.872294 0.888154 0.897369 0.9 0.9 0.897655 0.87623 0.801289 0.619776 0.36503 0.19392 0.124117 0.103454 0.1 0.1 0.113526 0.148755 0.213478 0.304033 0.401408 0.478386 0.513459 0.494641 0.418215 0.301791 0.192861 0.128118 0.102231 0.1 0.123969 0.227114 0.461835 0.725179 0.859482 0.899917 0.9 0.869723 0.751798 0.486372 0.22844 0.121425 0.1 0.1 0.110519 0.174048 0.363627 0.664904 0.845235 0.899355 0.9 0.894542 0.850799 0.711803 0.448572 0.222323 0.123983 0.1 0.1 0.113991 0.17874 0.345249 0.596351 0.786406 0.872105 0.897718 0.9 0.9 0.899546 0.899384 0.89976 0.9 0.9 0.897591 0.874578 0.789872 0.582066 0.309101 0.153165 0.105202 0.1 0.1 0.118315 0.196847 0.387198 0.650561 0.823096 0.887489 0.9 0.9 0.895808 0.882854 0.857764 0.820584 0.77412 0.722738 0.670573 0.622283 0.58464 0.566769 0.579156 0.629822 0.713819 0.802388 0.863094 0.891503 0.9 0.9 0.895971 0.890372 0.886488 0.887216 0.891988 0.897731 0.9 0.9 0.9 0.9 0.9 0.9 0.9 0.9 0.9 0.9 0.9 0.9 0.9 0.9 0.9 0.9 0.9 0.891063 0.84477 0.707761 0.453105 0.237564 0.149248 0.151597 0.233119 0.419977 0.664733 0.828603 0.892967 0.899286 0.857213 0.727471 0.480486 0.252357 0.141918 0.108432 0.1 0.1 0.1 0.108696 0.130124 0.173393 0.246912 0.357826 0.500001 0.645634 0.763028 0.840064 0.881507 0.897771 0.9 0.899294 0.897003 0.896161 0.897742 0.9 0.899265 0.87791 0.818779 0.703853 0.534361 0.352578 0.215095 0.13873 0.107402 0.1 0.1 0.100405 0.114637 0.174145 0.341525 0.626617 0.828639 0.899067 0.9 0.871347 0.78315 0.597007 0.353238 0.184198 0.113977 0.1 0.111895 0.181235 0.360751 0.624071 0.808813 0.88284 0.9 0.9 0.9 0.9 0.9 
0.9 0.9 0.9 0.9 0.9 0.9 0.888618 0.828354 0.664444 0.400666 0.200669 0.119003 0.1 0.102688 0.159672 0.34015 0.641369 0.833151 0.895206 0.9 0.890247 0.843978 0.710551 0.456655 0.229906 0.128336 0.103012 0.1 0.1 0.1 0.1 0.1 0.108695 0.135713 0.221532 0.413522 0.663501 0.820692 0.882416 0.899182 0.9 0.899175 0.89595 0.892595 0.891319 0.892931 0.896301 0.899196 0.9 0.9 0.9 0.899952 0.890458 0.849772 0.740669 0.544981 0.342312 0.211052 0.143912 0.112924 0.1 0.1 0.105575 0.124773 0.157066 0.197388 0.233556 0.251927 0.243751 0.210001 0.163926 0.124961 0.104488 0.1 0.108023 0.161742 0.314517 0.574898 0.786826 0.87729 0.9 0.9 0.86616 0.740144 0.466034 0.216364 0.117825 0.1 0.1 0.108947 0.170789 0.359917 0.663206 0.844434 0.8993 0.9 0.888178 0.823242 0.639143 0.353845 0.170091 0.10743 0.1 0.101157 0.131141 0.238355 0.470248 0.720807 0.853086 0.89519 0.9 0.899351 0.894921 0.89042 0.889125 0.891951 0.896617 0.9 0.9 0.888339 0.83375 0.682777 0.427724 0.22078 0.128232 0.102144 0.1 0.102483 0.1425 0.277968 0.539601 0.771444 0.872154 0.898547 0.9 0.9 0.899959 0.895508 0.886824 0.874707 0.859895 0.842078 0.822343 0.804483 0.794143 0.796892 0.814983 0.84393 0.872722 0.891843 0.9 0.9 0.891676 0.873474 0.849663 0.832539 0.832971 0.850266 0.873684 0.891509 0.899801 0.9 0.9 0.9 0.9 0.9 0.9 0.9 0.898068 0.891542 0.884765 0.882729 0.88692 0.894047 0.899502 0.9 0.889996 0.832829 0.66315 0.371026 0.168643 0.1 0.1 0.144644 0.279125 0.528271 0.761105 0.872384 0.9 0.884372 0.810812 0.644876 0.422434 0.254015 0.165806 0.125029 0.107162 0.1 0.1 0.1 0.110864 0.13536 0.184108 0.26871 0.398388 0.561431 0.714781 0.8211 0.876367 0.896685 0.9 0.9 0.9 0.9 0.898225 0.880033 0.81914 0.685638 0.492153 0.312694 0.195185 0.133428 0.107268 0.1 0.1 0.1 0.100309 0.11191 0.159939 0.294775 0.540863 0.751415 0.839953 0.841468 0.778055 0.631857 0.41574 0.229661 0.133287 0.100513 0.1 0.132344 0.245932 0.486056 0.734418 0.859255 0.89653 0.9 0.9 0.9 0.9 0.9 
0.9 0.9 0.9 0.9 0.9 0.9 0.89951 0.869825 0.75643 0.510341 0.255948 0.134565 0.1 0.1 0.147725 0.307365 0.601881 0.815379 0.890468 0.9 0.896 0.867046 0.779362 0.5932 0.368496 0.22187 0.15521 0.127378 0.113637 0.10506 0.100009 0.1 0.1 0.1 0.150076 0.312457 0.585624 0.78596 0.869701 0.895413 0.9 0.9 0.9 0.9 0.9 0.9 0.9 0.9 0.9 0.9 0.9 0.9 0.899415 0.884986 0.837354 0.733385 0.574224 0.403469 0.268065 0.180012 0.129987 0.106697 0.1 0.1 0.106154 0.117355 0.128012 0.133626 0.131668 0.12237 0.109713 0.1 0.1 0.106005 0.141169 0.243889 0.450567 0.692409 0.837279 0.890035 0.9 0.9 0.866296 0.741355 0.468789 0.217992 0.118166 0.1 0.1 0.105614 0.161239 0.341487 0.645584 0.836319 0.897202 0.9 0.881563 0.796178 0.575157 0.29032 0.141682 0.100587 0.1 0.105429 0.154538 0.308229 0.582513 0.797092 0.883172 0.9 0.899325 0.888342 0.869747 0.852287 0.847079 0.857587 0.876391 0.892545 0.9 0.898376 0.87134 0.781078 0.583934 0.338875 0.179707 0.115951 0.1 0.1 0.117854 0.213201 0.448504 0.721016 0.856136 0.895824 0.9 0.9 0.9 0.9 0.9 0.9 0.9 0.897525 0.892123 0.885886 0.881382 0.880615 0.884056 0.89028 0.896438 0.9 0.9 0.891631 0.863829 0.807359 0.733362 0.680175 0.678014 0.725434 0.795189 0.854546 0.888417 0.899995 0.9 0.9 0.9 0.9 0.9 0.893661 0.875861 0.848289 0.824244 0.819861 0.839005 0.868387 0.891083 0.9 0.893221 0.835736 0.659857 0.35858 0.160639 0.1 0.1 0.115264 0.196657 0.396912 0.664729 0.833699 0.894887 0.9 0.871087 0.789311 0.643568 0.46832 0.320997 0.222339 0.162558 0.12788 0.109129 0.1 0.1 0.101406 0.11477 0.146109 0.210728 0.329413 0.50691 0.693076 0.820345 0.879611 0.898093 0.9 0.9 0.89949 0.888749 0.844469 0.723266 0.504275 0.292708 0.172497 0.121592 0.103862 0.1 0.1 0.1 0.1 0.1 0.106357 0.135142 0.216837 0.378707 0.560595 0.661872 0.660996 0.568624 0.408815 0.249892 0.150428 0.108717 0.1 0.106876 0.160516 0.321383 0.599246 0.805938 0.885191 0.9 0.9 0.9 0.9 0.9 0.9 
0.9 0.9 0.9 0.9 0.9 0.9 0.9 0.887954 0.809807 0.597323 0.310999 0.15199 0.101488 0.1 0.136975 0.271851 0.548819 0.78749 0.882485 0.9 0.9 0.887246 0.844514 0.74525 0.588655 0.429607 0.314896 0.242983 0.19664 0.164308 0.140988 0.124988 0.114143 0.115803 0.168315 0.328807 0.592246 0.785484 0.867719 0.894089 0.899869 0.9 0.9 0.9 0.9 0.9 0.9 0.9 0.899881 0.898912 0.898275 0.898858 0.9 0.9 0.888006 0.851097 0.775123 0.65566 0.502735 0.35047 0.233099 0.159382 0.120173 0.102552 0.1 0.1 0.1 0.1 0.1 0.1 0.1 0.1 0.112748 0.147946 0.232472 0.397314 0.619032 0.791429 0.872762 0.897624 0.9 0.899889 0.869891 0.755338 0.4954 0.234565 0.122955 0.1 0.1 0.10202 0.150425 0.320071 0.623486 0.825658 0.894124 0.9 0.876267 0.775248 0.530187 0.253971 0.127972 0.1 0.1 0.111464 0.18304 0.381947 0.668208 0.840355 0.896285 0.9 0.887208 0.850956 0.793458 0.739922 0.723447 0.754025 0.811286 0.863037 0.892142 0.9 0.892998 0.849853 0.725372 0.494721 0.265133 0.1455 0.105774 0.1 0.106649 0.179284 0.38963 0.683016 0.843815 0.893598 0.9 0.9 0.9 0.9 0.9 0.9 0.9 0.9 0.9 0.9 0.9 0.9 0.9 0.9 0.9 0.9 0.895916 0.872986 0.806158 0.671273 0.508439 0.406639 0.399211 0.478694 0.618341 0.758696 0.850134 0.890639 0.9 0.9 0.9 0.9 0.894159 0.866217 0.807098 0.726255 0.66185 0.65434 0.712127 0.799233 0.865804 0.897231 0.898303 0.849729 0.688889 0.392295 0.178443 0.106323 0.1 0.103616 0.148526 0.286122 0.53647 0.761491 0.86944 0.9 0.899089 0.870866 0.80712 0.705305 0.575189 0.438813 0.31998 0.229251 0.166094 0.126513 0.106644 0.1 0.1 0.105274 0.125612 0.181234 0.303973 0.508232 0.718564 0.842216 0.889291 0.9 0.9 0.897156 0.876332 0.803651 0.622099 0.356002 0.179594 0.113477 0.1 0.1 0.1 0.1 0.1 0.1 0.1 0.101744 0.113731 0.149758 0.223694 0.320098 0.386851 0.385092 0.318172 0.225043 0.150586 0.111741 0.1 0.1 0.115134 0.189375 0.390748 0.679084 0.845922 0.896679 0.9 0.9 0.9 0.9 0.9 0.9 
0.9 0.9 0.9 0.9 0.9 0.9 0.9 0.89607 0.838931 0.656339 0.358533 0.169689 0.10569 0.1 0.125804 0.232189 0.47683 0.740207 0.866636 0.9 0.9 0.897577 0.883725 0.846372 0.778683 0.68783 0.590282 0.498411 0.417707 0.349406 0.293422 0.251147 0.226784 0.234086 0.305047 0.470968 0.68218 0.819188 0.877068 0.895864 0.89998 0.9 0.9 0.9 0.9 0.9 0.9 0.897641 0.89171 0.883428 0.877519 0.87822 0.885504 0.89545 0.9 0.897793 0.874622 0.825664 0.737808 0.606261 0.449085 0.307736 0.20879 0.150639 0.121302 0.10664 0.100307 0.1 0.1 0.105471 0.117575 0.140029 0.186063 0.273018 0.418538 0.605592 0.765867 0.856888 0.892517 0.9 0.9 0.9 0.876375 0.78043 0.547101 0.272571 0.135891 0.1 0.1 0.1 0.144418 0.30968 0.611164 0.818282 0.89139 0.9 0.873695 0.765865 0.51208 0.240635 0.122666 0.1 0.1 0.119889 0.218557 0.457805 0.730417 0.864636 0.9 0.895773 0.857327 0.765299 0.625479 0.506987 0.472325 0.532642 0.659734 0.787746 0.866323 0.897261 0.9 0.886327 0.818859 0.640242 0.372207 0.188108 0.11675 0.1 0.10161 0.164706 0.361766 0.663883 0.838437 0.893115 0.9 0.9 0.9 0.896306 0.886929 0.874666 0.865916 0.866462 0.876254 0.888931 0.897588 0.9 0.9 0.9 0.9 0.899842 0.889992 0.847718 0.72799 0.501986 0.290324 0.191894 0.183944 0.244835 0.385041 0.587431 0.763544 0.859863 0.895279 0.9 0.9 0.898025 0.870367 0.79361 0.654511 0.492793 0.386892 0.38015 0.485038 0.665895 0.814259 0.884404 0.9 0.866836 0.733294 0.454763 0.212481 0.11715 0.1 0.1 0.120706 0.202234 0.390928 0.640013 0.80961 0.881277 0.9 0.9 0.880928 0.843277 0.782956 0.695868 0.581413 0.448134 0.317362 0.211843 0.143967 0.110849 0.1 0.1 0.100807 0.117981 0.181247 0.337237 0.584756 0.784477 0.87271 0.898061 0.9 0.895523 0.868336 0.778894 0.56648 0.291967 0.141472 0.1 0.1 0.1 0.1 0.1 0.1 0.1 0.1 0.1 0.102545 0.113793 0.141035 0.181059 0.214324 0.217922 0.188391 0.145955 0.113592 0.1 0.1 0.1 0.120888 0.209895 0.436763 0.722098 0.864224 0.9 0.9 0.9 0.9 0.9 0.9 0.9 
0.9 0.9 0.9 0.9 0.9 0.9 0.9 0.899393 0.853707 0.691372 0.393355 0.184512 0.110394 0.1 0.114788 0.190519 0.385992 0.657964 0.828594 0.890048 0.9 0.9 0.898926 0.890003 0.871313 0.841062 0.801371 0.755052 0.703603 0.647533 0.58855 0.53486 0.50148 0.508223 0.57223 0.684752 0.795571 0.861781 0.889925 0.898582 0.9 0.9 0.9 0.9 0.9 0.9 0.896572 0.884253 0.859003 0.825325 0.799449 0.79578 0.814938 0.846231 0.875959 0.896334 0.9 0.893163 0.862141 0.799756 0.697478 0.559826 0.415917 0.300757 0.225433 0.181931 0.160798 0.1555 0.161305 0.180902 0.218326 0.280555 0.37756 0.510596 0.657162 0.778976 0.854634 0.889647 0.9 0.9 0.9 0.9 0.884393 0.812881 0.622634 0.345918 0.169826 0.107589 0.1 0.1 0.152229 0.327775 0.623965 0.820305 0.890454 0.9 0.874881 0.772341 0.528548 0.254124 0.126815 0.1 0.1 0.135775 0.270106 0.539574 0.778919 0.880101 0.9 0.882783 0.805731 0.63005 0.405294 0.263101 0.228339 0.285271 0.439454 0.650878 0.809994 0.882237 0.9 0.9 0.867484 0.73601 0.467749 0.231149 0.128572 0.1 0.100277 0.162312 0.357308 0.662882 0.840421 0.894692 0.9 0.9 0.895334 0.875675 0.837325 0.789979 0.757101 0.759124 0.795894 0.844244 0.879102 0.895148 0.899856 0.9 0.9 0.899442 0.885421 0.828041 0.667709 0.390622 0.185032 0.109316 0.104858 0.134353 0.219399 0.389815 0.613178 0.782764 0.866425 0.895237 0.897399 0.875232 0.803773 0.652352 0.440249 0.266866 0.182506 0.181068 0.282789 0.511628 0.748368 0.866135 0.9 0.882479 0.779172 0.532266 0.260811 0.132741 0.1 0.1 0.106005 0.146217 0.260965 0.471384 0.691566 0.825766 0.882981 0.9 0.9 0.892414 0.875393 0.84351 0.788985 0.698794 0.560445 0.387136 0.234775 0.145275 0.108958 0.1 0.1 0.100073 0.12624 0.229021 0.45929 0.71817 0.851257 0.893754 0.9 0.896145 0.870125 0.78609 0.58688 0.319953 0.161633 0.108585 0.1 0.1 0.1 0.1 0.1 0.1 0.1 0.1 0.1 0.102334 0.116951 0.146555 0.181789 0.200217 0.187304 0.153293 0.120594 0.103128 0.1 0.1 0.122145 0.215269 0.448905 0.732485 0.868252 0.9 0.9 0.9 0.9 0.9 0.9 0.9 
0.9 0.9 0.9 0.9 0.9 0.9 0.9 0.9 0.859656 0.707857 0.412563 0.193619 0.113843 0.1 0.105646 0.152253 0.287224 0.527902 0.743872 0.852801 0.890808 0.9 0.9 0.9 0.9 0.894709 0.884735 0.871588 0.85576 0.836581 0.812174 0.786612 0.768679 0.769158 0.793684 0.833842 0.869889 0.890301 0.898569 0.9 0.9 0.9 0.9 0.9 0.9 0.898009 0.885314 0.848341 0.773591 0.675068 0.600778 0.583408 0.621318 0.693816 0.773262 0.838272 0.879472 0.9 0.9 0.882861 0.843224 0.774876 0.678827 0.568989 0.468161 0.394313 0.352915 0.341412 0.356057 0.396785 0.463714 0.552986 0.652907 0.746726 0.82106 0.869152 0.892322 0.9 0.9 0.9 0.9 0.9 0.892255 0.846747 0.712796 0.46992 0.252982 0.146334 0.114127 0.122679 0.199469 0.399201 0.672282 0.834899 0.892121 0.9 0.879991 0.795858 0.586609 0.31204 0.155412 0.106694 0.112153 0.178675 0.357951 0.631637 0.820509 0.891674 0.9 0.866529 0.745869 0.495971 0.254337 0.14206 0.120406 0.152818 0.265042 0.482029 0.715943 0.849802 0.896944 0.9 0.8849 0.775694 0.516721 0.256058 0.135726 0.1 0.101644 0.166848 0.365714 0.672289 0.846904 0.897611 0.9 0.898526 0.876961 0.817066 0.711568 0.592413 0.517736 0.524578 0.615132 0.743076 0.837832 0.882501 0.89747 0.9 0.9 0.899552 0.885356 0.825712 0.657301 0.369935 0.167725 0.1 0.1 0.104333 0.140322 0.238465 0.418377 0.624467 0.765913 0.829188 0.834823 0.78455 0.657322 0.455121 0.262652 0.150351 0.106418 0.107513 0.189791 0.414538 0.700313 0.85238 0.9 0.894089 0.818456 0.613144 0.325904 0.157969 0.104688 0.1 0.1 0.114866 0.170842 0.30204 0.507472 0.703344 0.823983 0.879973 0.899483 0.9 0.9 0.893736 0.878348 0.842724 0.762866 0.604178 0.38267 0.20898 0.12891 0.103763 0.1 0.1 0.106752 0.175825 0.375437 0.663214 0.83194 0.889249 0.9 0.898381 0.880144 0.820732 0.67604 0.449713 0.26964 0.182481 0.148964 0.133774 0.122189 0.111654 0.103706 0.1 0.1 0.1 0.1 0.105416 0.131523 0.190254 0.271223 0.327106 0.319604 0.256004 0.178439 0.125809 0.103465 0.1 0.118211 0.203594 0.424592 0.711829 0.860482 0.9 0.9 0.9 0.9 0.9 0.9 0.9 
0.9 0.9 0.9 0.9 0.9 0.9 0.9 0.9 0.859968 0.709724 0.415422 0.195433 0.115043 0.1 0.100347 0.123385 0.199977 0.365857 0.583999 0.74894 0.835103 0.873056 0.889037 0.896894 0.9 0.9 0.9 0.9 0.9 0.899616 0.894381 0.887211 0.881574 0.880824 0.886304 0.895026 0.9 0.9 0.9 0.9 0.9 0.9 0.9 0.9 0.9 0.893407 0.864505 0.783064 0.620631 0.433855 0.320948 0.294306 0.330642 0.418684 0.544233 0.67674 0.784864 0.856142 0.891595 0.9 0.894558 0.873246 0.836325 0.786944 0.732623 0.684735 0.653798 0.645438 0.659545 0.692148 0.736634 0.785765 0.831116 0.865629 0.88846 0.9 0.9 0.9 0.899452 0.899603 0.9 0.9 0.898056 0.875052 0.79832 0.633314 0.422884 0.273781 0.2134 0.22879 0.334973 0.54145 0.749317 0.858334 0.895631 0.9 0.887629 0.831114 0.682272 0.443939 0.258495 0.183192 0.194089 0.29578 0.503849 0.729799 0.855621 0.899137 0.9 0.852347 0.696186 0.406674 0.187532 0.107278 0.1 0.109583 0.171928 0.331416 0.578911 0.777714 0.871317 0.896291 0.873965 0.75587 0.497679 0.248956 0.134271 0.1 0.10456 0.172535 0.372953 0.678276 0.851824 0.9 0.9 0.888376 0.831543 0.698648 0.501903 0.333745 0.25349 0.263866 0.380606 0.592709 0.776194 0.863868 0.893556 0.9 0.9 0.9 0.889799 0.841571 0.698409 0.430657 0.20774 0.116449 0.1 0.1 0.10944 0.151478 0.247858 0.397634 0.5476 0.63704 0.64655 0.57413 0.430731 0.27179 0.161789 0.111148 0.1 0.1 0.174767 0.395664 0.691456 0.850002 0.9 0.9 0.848228 0.689738 0.412491 0.20038 0.116569 0.1 0.1 0.102102 0.122231 0.183753 0.312927 0.503619 0.688265 0.810206 0.871816 0.89508 0.9 0.9 0.9 0.893379 0.862614 0.758323 0.536656 0.288486 0.155851 0.110039 0.1 0.1 0.101042 0.15684 0.339862 0.636241 0.82214 0.886895 0.9 0.9 0.891337 0.860858 0.78471 0.648806 0.495882 0.381473 0.310166 0.259075 0.211554 0.165855 0.12934 0.10783 0.1 0.1 0.101088 0.118721 0.178948 0.311745 0.485014 0.593693 0.589722 0.478209 0.309338 0.178718 0.117627 0.1 0.110392 0.178898 0.368563 0.655404 0.834768 0.894081 0.9 0.9 0.9 0.9 0.9 0.9 
0.9 0.9 0.9 0.9 0.9 0.9 0.9 0.899057 0.855452 0.698987 0.403132 0.190074 0.113854 0.1 0.1 0.106903 0.140376 0.225007 0.371709 0.542115 0.677983 0.763457 0.813256 0.843267 0.862228 0.875216 0.885519 0.893646 0.898919 0.9 0.9 0.9 0.9 0.9 0.9 0.899982 0.896348 0.891667 0.890394 0.89291 0.896839 0.899516 0.9 0.9 0.899623 0.887877 0.840578 0.708556 0.464877 0.250729 0.155947 0.138723 0.155183 0.201943 0.287216 0.418693 0.582858 0.735671 0.837843 0.885813 0.9 0.9 0.891122 0.877196 0.860018 0.843761 0.833172 0.83141 0.838533 0.851655 0.866548 0.88212 0.895148 0.9 0.9 0.898612 0.890456 0.883647 0.88187 0.886001 0.893047 0.898742 0.9 0.892786 0.859069 0.778072 0.64964 0.522451 0.454507 0.470742 0.57042 0.713011 0.82558 0.8808 0.898849 0.9 0.894904 0.865702 0.78483 0.636033 0.477061 0.390887 0.404647 0.515422 0.681169 0.81494 0.88043 0.9 0.897783 0.841569 0.662952 0.360436 0.164558 0.102144 0.1 0.1 0.128141 0.220778 0.40797 0.628067 0.770761 0.820636 0.788727 0.648365 0.405719 0.210905 0.12478 0.1 0.107142 0.172476 0.361925 0.660468 0.844023 0.9 0.9 0.860264 0.74491 0.531344 0.307101 0.175162 0.127004 0.136314 0.237698 0.472584 0.723068 0.848492 0.890559 0.899934 0.9 0.9 0.895775 0.86616 0.768321 0.555369 0.310246 0.16693 0.113426 0.1 0.1 0.112255 0.149204 0.215628 0.29609 0.355006 0.362601 0.314386 0.234393 0.160911 0.116587 0.1 0.1 0.111933 0.202176 0.439094 0.719468 0.85873 0.9 0.9 0.869223 0.758711 0.5231 0.274436 0.145381 0.104564 0.1 0.1 0.103115 0.123383 0.181123 0.297529 0.472411 0.65528 0.787488 0.859755 0.890966 0.9 0.9 0.9 0.896746 0.829264 0.633312 0.350077 0.178244 0.115643 0.10015 0.1 0.102582 0.16097 0.347969 0.64378 0.825562 0.88789 0.9 0.9 0.898117 0.88789 0.859678 0.806584 0.736013 0.664309 0.596176 0.52012 0.422791 0.308446 0.204428 0.136874 0.106604 0.1 0.103025 0.136909 0.244262 0.468329 0.70264 0.814034 0.813345 0.706131 0.481126 0.25493 0.14049 0.102178 0.102959 0.149887 0.293844 0.557771 0.779135 0.875607 0.9 0.9 0.9 0.9 0.9 0.9 
0.9 0.9 0.9 0.9 0.9 0.9 0.9 0.896632 0.846175 0.677021 0.378852 0.179298 0.110992 0.1 0.1 0.100177 0.110032 0.141637 0.20571 0.302094 0.413984 0.519326 0.605141 0.67081 0.72092 0.760152 0.79141 0.815555 0.832709 0.843351 0.850137 0.854182 0.855275 0.852989 0.847387 0.839411 0.830426 0.826303 0.833726 0.852844 0.875138 0.891081 0.898394 0.9 0.899553 0.885044 0.826977 0.66551 0.385853 0.179318 0.105108 0.1 0.102366 0.116162 0.148263 0.215244 0.341465 0.534652 0.728229 0.84346 0.888754 0.9 0.9 0.899433 0.896657 0.893418 0.891548 0.892386 0.895886 0.9 0.9 0.9 0.9 0.892526 0.875872 0.853278 0.827472 0.809528 0.809901 0.830674 0.860993 0.885706 0.898426 0.9 0.88995 0.860472 0.809768 0.753171 0.718988 0.726916 0.773177 0.831433 0.874313 0.894665 0.9 0.9 0.899222 0.888626 0.856098 0.793485 0.716968 0.667724 0.675459 0.735774 0.812802 0.86877 0.894646 0.9 0.895269 0.832999 0.639995 0.336895 0.157418 0.102847 0.1 0.1 0.108553 0.150652 0.250771 0.404858 0.546987 0.611499 0.576517 0.444383 0.275375 0.161588 0.112663 0.1 0.107461 0.161441 0.318583 0.590006 0.792809 0.867265 0.860533 0.780421 0.600735 0.361339 0.190522 0.116254 0.1 0.10777 0.201401 0.4395 0.710622 0.846851 0.891075 0.9 0.9 0.9 0.9 0.887918 0.835764 0.701301 0.481709 0.279922 0.164526 0.115175 0.1 0.1 0.109479 0.13049 0.158815 0.181128 0.18459 0.166978 0.138887 0.11473 0.102111 0.1 0.102096 0.134456 0.259503 0.523532 0.767603 0.873136 0.9 0.9 0.884809 0.817433 0.647725 0.398691 0.21405 0.130458 0.104158 0.1 0.1 0.101522 0.118987 0.167753 0.267696 0.427548 0.612022 0.758365 0.844544 0.885176 0.899519 0.9 0.9 0.83861 0.649524 0.362956 0.183577 0.117036 0.10001 0.1 0.110437 0.186034 0.396081 0.681705 0.84043 0.891695 0.9 0.9 0.9 0.899238 0.8929 0.879397 0.859679 0.836157 0.808171 0.764833 0.682978 0.538712 0.352028 0.201463 0.124846 0.1 0.102798 0.14831 0.289165 0.565969 0.80585 0.9 0.9 0.816669 0.595849 0.315929 0.161304 0.107403 0.1 0.125188 0.218717 0.426428 0.675741 0.827789 0.88656 0.9 0.9 0.9 0.9 0.9 
0.9 0.9 0.9 0.9 0.9 0.9 0.9 0.892905 0.832586 0.645844 0.347353 0.165713 0.107351 0.1 0.1 0.1 0.100257 0.107572 0.126307 0.159723 0.205949 0.259994 0.317557 0.377089 0.437233 0.495747 0.549443 0.59511 0.630844 0.656567 0.673761 0.683161 0.684564 0.677833 0.664008 0.646427 0.63212 0.634268 0.667616 0.734273 0.81018 0.864124 0.890512 0.899783 0.9 0.887082 0.832298 0.67679 0.399755 0.186726 0.107275 0.1 0.1 0.1 0.104061 0.124146 0.186617 0.340339 0.584658 0.780562 0.868116 0.895331 0.9 0.9 0.9 0.9 0.9 0.9 0.9 0.9 0.892545 0.878148 0.855883 0.820181 0.768284 0.705164 0.644266 0.608159 0.618455 0.682051 0.773466 0.847501 0.886267 0.899996 0.9 0.892628 0.878048 0.861108 0.850993 0.854174 0.868393 0.88438 0.895619 0.9 0.9 0.9 0.9 0.898539 0.889729 0.870898 0.845709 0.828116 0.829957 0.849946 0.875069 0.892833 0.9 0.9 0.892474 0.821935 0.614622 0.317559 0.153161 0.10384 0.1 0.1 0.100863 0.114896 0.153875 0.220653 0.293189 0.332423 0.31396 0.24724 0.172613 0.124383 0.103812 0.1 0.105171 0.141042 0.246577 0.44873 0.648037 0.739915 0.723497 0.6055 0.408673 0.229205 0.132443 0.1 0.1 0.123225 0.23847 0.492445 0.74373 0.8605 0.895206 0.9 0.9 0.899967 0.9 0.9 0.880734 0.81545 0.674318 0.470613 0.285566 0.17207 0.118741 0.100049 0.1 0.103079 0.110546 0.116924 0.118318 0.113805 0.106707 0.101417 0.1 0.1 0.110381 0.168264 0.339468 0.621384 0.816653 0.887213 0.9 0.9 0.895164 0.861233 0.761474 0.570041 0.354466 0.210604 0.140868 0.112342 0.101704 0.1 0.1 0.112275 0.150279 0.234774 0.379074 0.559813 0.715553 0.813321 0.861838 0.87744 0.864703 0.781936 0.578192 0.318585 0.168186 0.113236 0.1 0.1 0.126695 0.235237 0.479562 0.737529 0.860867 0.896511 0.9 0.9 0.9 0.9 0.9 0.9 0.898463 0.893828 0.887263 0.873691 0.834714 0.733852 0.537446 0.305426 0.16037 0.105171 0.100838 0.144428 0.283693 0.559761 0.802711 0.9 0.9 0.820987 0.604428 0.323274 0.165893 0.110585 0.1 0.108717 0.159024 0.292687 0.517767 0.726704 0.842533 0.888185 0.9 0.9 0.9 0.9 
0.9 0.9 0.9 0.9 0.9 0.9 0.9 0.888213 0.815764 0.608848 0.314052 0.151986 0.103799 0.1 0.1 0.1 0.1 0.1 0.10149 0.108171 0.119659 0.134814 0.153503 0.177252 0.205275 0.236125 0.267904 0.298483 0.325891 0.348531 0.365077 0.374172 0.374743 0.366859 0.352479 0.335806 0.324309 0.332517 0.385744 0.510102 0.679842 0.80997 0.872972 0.895753 0.9 0.892563 0.852766 0.733711 0.496602 0.26326 0.145994 0.108881 0.1 0.1 0.1 0.1 0.123187 0.231931 0.472817 0.723618 0.848056 0.889906 0.89957 0.9 0.9 0.9 0.9 0.894674 0.881132 0.858393 0.823009 0.773499 0.70767 0.622806 0.523123 0.425021 0.349336 0.312861 0.332496 0.434352 0.612172 0.775806 0.861764 0.89332 0.9 0.9 0.898003 0.895279 0.894352 0.896431 0.899698 0.9 0.9 0.9 0.9 0.9 0.9 0.9 0.9 0.898069 0.891985 0.886767 0.886252 0.890465 0.896108 0.899671 0.9 0.9 0.886294 0.799275 0.57175 0.29003 0.14605 0.103684 0.1 0.1 0.1 0.10206 0.112538 0.133339 0.157598 0.171824 0.166503 0.145106 0.121319 0.105928 0.100061 0.1 0.102026 0.120212 0.17432 0.281697 0.410192 0.483882 0.464047 0.363851 0.238776 0.148599 0.10726 0.1 0.111635 0.172109 0.338764 0.604053 0.801367 0.881346 0.9 0.89946 0.893834 0.890724 0.893318 0.9 0.9 0.878463 0.812396 0.679437 0.488369 0.305757 0.186319 0.126639 0.104313 0.1 0.1 0.10064 0.101158 0.100636 0.1 0.1 0.1 0.101188 0.122426 0.208091 0.424602 0.703831 0.853668 0.896826 0.9 0.9 0.9 0.88753 0.841572 0.735092 0.565306 0.386661 0.256623 0.179664 0.137225 0.114291 0.101483 0.1 0.104672 0.134258 0.20421 0.325329 0.482642 0.62725 0.720549 0.756359 0.731636 0.621801 0.424732 0.238048 0.140936 0.106277 0.1 0.106228 0.157128 0.312788 0.584243 0.795248 0.880117 0.9 0.9 0.897953 0.894183 0.891512 0.892521 0.896719 0.9 0.9 0.9 0.9 0.889038 0.83545 0.687183 0.431684 0.215317 0.11946 0.1 0.12772 0.231121 0.451328 0.690256 0.809789 0.816461 0.720176 0.503069 0.271519 0.150681 0.108667 0.1 0.100706 0.121663 0.190785 0.341748 0.556669 0.740033 0.843427 0.887338 0.9 0.9 0.9 
0.9 0.9 0.9 0.9 0.9 0.9 0.9 0.883106 0.797657 0.570955 0.283844 0.140266 0.101124 0.1 0.1 0.1 0.1 0.1 0.1 0.1 0.1 0.1 0.101285 0.107294 0.115695 0.12508 0.134615 0.143909 0.152804 0.160917 0.16712 0.170321 0.169882 0.166011 0.159915 0.153327 0.148344 0.151693 0.18623 0.303237 0.527516 0.742401 0.850809 0.889997 0.9 0.898018 0.876426 0.805608 0.645241 0.424923 0.256044 0.167315 0.126432 0.108147 0.1 0.1 0.115739 0.212349 0.444755 0.705673 0.840548 0.887408 0.899146 0.9 0.9 0.899169 0.889378 0.861152 0.807676 0.730411 0.636582 0.53473 0.43318 0.339798 0.261148 0.201502 0.162251 0.144781 0.157557 0.243756 0.447453 0.693473 0.833684 0.88571 0.899105 0.9 0.9 0.9 0.9 0.9 0.899556 0.896206 0.892628 0.890311 0.889588 0.890278 0.892248 0.895291 0.898649 0.9 0.9 0.9 0.9 0.9 0.9 0.9 0.9 0.9 0.868119 0.749103 0.497959 0.249417 0.134664 0.102326 0.1 0.1 0.1 0.1 0.100425 0.104291 0.109824 0.113486 0.112733 0.108227 0.103156 0.100232 0.1 0.1 0.100082 0.106728 0.128138 0.170035 0.221635 0.25257 0.241265 0.195875 0.145039 0.111537 0.1 0.106082 0.149382 0.270092 0.494851 0.728083 0.855633 0.898275 0.899043 0.881082 0.857544 0.84414 0.850961 0.873338 0.894663 0.9 0.880087 0.819352 0.698686 0.520368 0.338728 0.210909 0.141738 0.11092 0.1 0.1 0.1 0.1 0.1 0.1 0.1 0.103558 0.133782 0.241113 0.487415 0.753572 0.874028 0.9 0.9 0.9 0.9 0.89842 0.883777 0.840923 0.756395 0.630499 0.486851 0.357821 0.25963 0.190385 0.143298 0.114595 0.1 0.1 0.12255 0.173677 0.25673 0.358505 0.447231 0.489861 0.466877 0.37731 0.25679 0.163377 0.116708 0.100471 0.1 0.119554 0.204269 0.41481 0.686059 0.842288 0.893543 0.9 0.895581 0.882058 0.862983 0.848578 0.84861 0.862928 0.881479 0.894456 0.9 0.9 0.9 0.876646 0.779367 0.554996 0.289139 0.143829 0.1 0.108605 0.164632 0.290952 0.461882 0.578859 0.589465 0.493669 0.33017 0.193644 0.126666 0.103912 0.1 0.1 0.104561 0.131796 0.207834 0.357601 0.560041 0.7349 0.838818 0.885956 0.9 0.9 
0.887207 0.9 0.9 0.9 0.9 0.9 0.9 0.87838 0.78105 0.537922 0.26023 0.13186 0.1 0.1 0.1 0.1 0.101566 0.105187 0.108885 0.109831 0.107022 0.102386 0.1 0.1 0.1 0.1 0.1 0.1 0.100471 0.101791 0.102932 0.103246 0.102538 0.101136 0.1 0.1 0.1 0.1 0.117467 0.215803 0.445789 0.70248 0.837632 0.886407 0.899651 0.9 0.892835 0.861557 0.781573 0.639646 0.470276 0.32916 0.235504 0.179731 0.150065 0.143556 0.172927 0.287108 0.515644 0.738943 0.850417 0.889513 0.899404 0.9 0.9 0.890751 0.855798 0.774245 0.641277 0.489952 0.362476 0.271872 0.209756 0.166042 0.135469 0.115629 0.103963 0.1 0.103351 0.171878 0.368301 0.648379 0.818674 0.88218 0.898889 0.9 0.9 0.895536 0.885614 0.871749 0.85682 0.842492 0.831137 0.824211 0.822196 0.825047 0.832495 0.843782 0.857193 0.87021 0.881729 0.891039 0.897258 0.9 0.9 0.9 0.897298 0.879101 0.812133 0.64626 0.390826 0.199889 0.121033 0.100649 0.1 0.1 0.1 0.1 0.1 0.1 0.1 0.1 0.1 0.1 0.1 0.1 0.1 0.1 0.1 0.101134 0.107373 0.120347 0.136163 0.145203 0.140527 0.125196 0.108993 0.1 0.101731 0.134261 0.231416 0.425716 0.66296 0.822852 0.889194 0.9 0.873878 0.815252 0.744037 0.702995 0.719916 0.78346 0.851498 0.891374 0.9 0.88255 0.830108 0.725855 0.566242 0.38948 0.250914 0.166597 0.123364 0.105473 0.1 0.1 0.1 0.1 0.1 0.104989 0.13852 0.251684 0.502537 0.762352 0.877144 0.9 0.9 0.9 0.9 0.9 0.898973 0.887802 0.859731 0.807525 0.729143 0.626211 0.506405 0.383689 0.273557 0.18712 0.130003 0.102175 0.1 0.113145 0.141956 0.182444 0.222534 0.244658 0.236231 0.199676 0.154138 0.120378 0.104009 0.1 0.103189 0.139577 0.26474 0.523338 0.765936 0.873946 0.9 0.898005 0.876221 0.829575 0.766034 0.718101 0.715408 0.758966 0.821133 0.869029 0.892752 0.9 0.9 0.892247 0.832448 0.660378 0.384354 0.185849 0.109519 0.1 0.119128 0.169554 0.242266 0.299581 0.305859 0.258553 0.188125 0.133938 0.108056 0.100295 0.1 0.1 0.1 0.106268 0.134746 0.20854 0.349843 0.54372 0.719682 0.831427 0.887207 0.9 
0.80442 0.857806 0.882941 0.895806 0.9 0.9 0.9 0.874989 0.769104 0.515053 0.245074 0.126898 0.1 0.1 0.1 0.103732 0.114896 0.13444 0.155871 0.168337 0.166314 0.153123 0.136397 0.121075 0.109052 0.101757 0.1 0.1 0.1 0.1 0.1 0.1 0.1 0.1 0.1 0.1 0.1 0.100614 0.130179 0.241064 0.475605 0.719328 0.843768 0.887887 0.899378 0.9 0.899774 0.890925 0.862264 0.802585 0.709454 0.594319 0.478975 0.385327 0.326009 0.309596 0.352015 0.476979 0.659491 0.802137 0.870288 0.894294 0.9 0.9 0.896606 0.870411 0.789513 0.623251 0.416399 0.263041 0.180062 0.139389 0.11915 0.107759 0.101521 0.1 0.1 0.1 0.108551 0.185923 0.391592 0.666307 0.826744 0.885343 0.9 0.9 0.891071 0.866911 0.823708 0.768653 0.715396 0.672707 0.643284 0.626803 0.622286 0.629101 0.646962 0.675049 0.710652 0.749242 0.786204 0.817695 0.841273 0.856153 0.862697 0.860724 0.843583 0.792783 0.676019 0.477141 0.271538 0.152961 0.109055 0.1 0.1 0.1 0.1 0.101669 0.104784 0.107657 0.109097 0.108726 0.106812 0.104019 0.101337 0.1 0.1 0.1 0.1 0.1 0.100815 0.103602 0.107308 0.10928 0.107696 0.103627 0.1 0.1 0.122618 0.200494 0.370726 0.606394 0.789038 0.876449 0.9 0.882334 0.8099 0.667562 0.509435 0.428161 0.458291 0.589794 0.751128 0.854535 0.895254 0.9 0.885574 0.843987 0.76049 0.626553 0.461038 0.310568 0.205463 0.144485 0.114056 0.102098 0.1 0.1 0.1 0.104305 0.133502 0.231795 0.45571 0.71626 0.852827 0.894327 0.9 0.9 0.9 0.9 0.9 0.9 0.896375 0.882654 0.857363 0.814694 0.749381 0.652083 0.51633 0.357251 0.219498 0.136996 0.104628 0.1 0.105105 0.116085 0.128647 0.13651 0.135059 0.125025 0.112443 0.103545 0.1 0.1 0.108668 0.162603 0.327075 0.613602 0.818317 0.891769 0.9 0.884876 0.828787 0.710426 0.55797 0.455482 0.448923 0.539094 0.686798 0.810925 0.873837 0.895974 0.9 0.898674 0.864356 0.745526 0.502265 0.258225 0.135887 0.1 0.1 0.114019 0.13455 0.151018 0.152747 0.139192 0.119769 0.105196 0.1 0.1 0.1 0.1 0.1 0.1 0.105676 0.131501 0.198494 0.327543 0.510043 0.685922 0.80442 0.857806 
0.606429 0.724917 0.812159 0.867579 0.893364 0.9 0.9 0.873882 0.764632 0.506285 0.239221 0.12491 0.1 0.1 0.102982 0.117992 0.155839 0.221126 0.293226 0.338834 0.343333 0.314262 0.268517 0.2213 0.182002 0.154458 0.138192 0.129241 0.124593 0.122892 0.123533 0.126135 0.130254 0.135288 0.140712 0.146823 0.156313 0.178266 0.241501 0.385868 0.60478 0.781924 0.865243 0.893604 0.89994 0.9 0.9 0.9 0.894228 0.878071 0.847172 0.799405 0.739115 0.67628 0.625463 0.605674 0.632763 0.706208 0.794503 0.857529 0.887879 0.898284 0.9 0.9 0.889944 0.83893 0.696798 0.454357 0.248591 0.147587 0.111838 0.101313 0.1 0.1 0.1 0.1 0.101888 0.115399 0.158075 0.277994 0.504974 0.734019 0.85181 0.892563 0.9 0.892922 0.862876 0.791394 0.672272 0.540986 0.439029 0.375434 0.340371 0.323668 0.319513 0.325945 0.343755 0.375325 0.421743 0.480773 0.546151 0.609101 0.66151 0.698036 0.715553 0.71003 0.671923 0.586074 0.447262 0.291016 0.175937 0.119617 0.101561 0.1 0.1 0.104499 0.114553 0.129781 0.147445 0.162925 0.171907 0.171994 0.163265 0.148092 0.130539 0.115084 0.104649 0.1 0.1 0.1 0.1 0.1 0.10032 0.100532 0.100276 0.1 0.1 0.114634 0.174701 0.319844 0.54838 0.751795 0.860087 0.898396 0.897221 0.849801 0.71376 0.473274 0.270952 0.19171 0.218069 0.364582 0.610334 0.798262 0.878234 0.9 0.9 0.889884 0.860482 0.799316 0.694428 0.547682 0.388637 0.25813 0.172559 0.125943 0.105677 0.1 0.1 0.102041 0.121306 0.189135 0.353035 0.590148 0.76221 0.84027 0.867734 0.877401 0.88247 0.887177 0.892628 0.898056 0.9 0.9 0.898345 0.887564 0.867309 0.826748 0.745142 0.59053 0.377698 0.207943 0.127942 0.102867 0.1 0.10035 0.10272 0.10471 0.1048 0.103038 0.1009 0.1 0.1 0.1 0.113551 0.181772 0.375343 0.670868 0.846569 0.9 0.9 0.864589 0.756664 0.54185 0.322041 0.212681 0.206537 0.299317 0.502905 0.724219 0.844998 0.889009 0.9 0.9 0.883735 0.811494 0.632123 0.378149 0.198534 0.121229 0.1 0.1 0.1 0.100966 0.100727 0.1 0.1 0.1 0.100609 0.103419 0.104913 0.104299 0.10214 0.1 0.1 0.103222 0.124662 0.181503 0.28918 0.444389 0.606429 0.724917 
0.344208 0.483834 0.653806 0.794849 0.870981 0.89831 0.9 0.875814 0.769347 0.513938 0.243459 0.125946 0.1 0.1 0.11012 0.14774 0.240449 0.395939 0.546567 0.628858 0.642651 0.60815 0.542779 0.46316 0.386314 0.324318 0.280751 0.253094 0.237763 0.232143 0.234514 0.243501 0.257552 0.274823 0.293894 0.315567 0.345573 0.397269 0.48973 0.624598 0.760971 0.849206 0.887751 0.899129 0.9 0.9 0.9 0.9 0.9 0.9 0.895902 0.883755 0.865584 0.844063 0.822462 0.810526 0.81646 0.839421 0.867417 0.887679 0.897328 0.9 0.9 0.9 0.881846 0.802728 0.601511 0.329541 0.165539 0.108488 0.1 0.1 0.1 0.1 0.1 0.106581 0.128617 0.181042 0.284523 0.458966 0.666198 0.812653 0.878395 0.898993 0.898794 0.87777 0.811594 0.662114 0.451382 0.289572 0.20748 0.171738 0.156395 0.150289 0.149007 0.151289 0.157846 0.171559 0.194339 0.226833 0.268154 0.315583 0.363399 0.40278 0.42429 0.419819 0.384114 0.318936 0.238656 0.167393 0.122338 0.103193 0.1 0.101751 0.113336 0.138958 0.180094 0.23298 0.287988 0.33305 0.358508 0.35946 0.335674 0.291435 0.235937 0.181595 0.13907 0.112878 0.101539 0.1 0.1 0.1 0.1 0.1 0.1 0.1 0.109289 0.154791 0.274856 0.48765 0.707932 0.838902 0.890519 0.9 0.886826 0.818051 0.633106 0.345432 0.158233 0.1 0.116683 0.24212 0.508225 0.75288 0.862879 0.895758 0.9 0.9 0.894864 0.87701 0.835343 0.757511 0.63334 0.472618 0.316111 0.202104 0.137153 0.108292 0.1 0.1 0.108554 0.1442 0.234996 0.393276 0.56161 0.676886 0.738473 0.770968 0.792878 0.813718 0.836644 0.860126 0.880002 0.894042 0.9 0.9 0.9 0.891464 0.861937 0.761749 0.54666 0.2983 0.16089 0.111871 0.100347 0.1 0.1 0.1 0.1 0.1 0.1 0.1 0.1 0.1 0.115792 0.190567 0.396815 0.693283 0.855891 0.9 0.897912 0.845712 0.692636 0.41454 0.194386 0.109881 0.106544 0.177017 0.373795 0.650779 0.819477 0.882368 0.899051 0.9 0.895048 0.858198 0.749962 0.546507 0.328927 0.192854 0.131311 0.108224 0.1 0.1 0.1 0.103039 0.111559 0.122873 0.134395 0.143797 0.146768 0.141279 0.129045 0.114938 0.104277 0.1 0.100272 0.11685 0.157624 0.232175 0.344208 0.483834 
0.173463 0.25853 0.440691 0.671966 0.826859 0.8887 0.9 0.880978 0.783112 0.538473 0.258907 0.130433 0.1 0.1 0.119769 0.187985 0.352876 0.593075 0.761399 0.828673 0.83875 0.820357 0.783908 0.733853 0.675524 0.616737 0.565371 0.52665 0.502744 0.493672 0.498161 0.513949 0.537727 0.565496 0.593898 0.622121 0.653458 0.694867 0.750118 0.811774 0.861995 0.890225 0.9 0.9 0.9 0.8987 0.896922 0.896067 0.897112 0.899527 0.9 0.9 0.9 0.899024 0.892302 0.886284 0.88495 0.88865 0.894333 0.898505 0.9 0.9 0.9 0.9 0.874075 0.768602 0.52358 0.258683 0.132642 0.1 0.1 0.1 0.1 0.1 0.107418 0.136083 0.20587 0.331627 0.502053 0.673853 0.800394 0.86829 0.894642 0.9 0.893877 0.858852 0.753616 0.531068 0.285861 0.156069 0.114339 0.103673 0.100609 0.1 0.1 0.1 0.1 0.103158 0.110089 0.120687 0.134688 0.152558 0.172928 0.191159 0.202126 0.201646 0.188075 0.164047 0.136639 0.11428 0.102063 0.1 0.10403 0.123669 0.16887 0.246526 0.352073 0.465651 0.562243 0.62746 0.659521 0.660783 0.631159 0.567515 0.470412 0.354163 0.245906 0.167323 0.122606 0.103784 0.1 0.1 0.1 0.1 0.1 0.106262 0.141853 0.240634 0.431257 0.659033 0.813411 0.881115 0.9 0.9 0.881711 0.80834 0.616352 0.327941 0.149763 0.1 0.113984 0.236526 0.501836 0.749105 0.860878 0.894719 0.9 0.9 0.9 0.899501 0.8895 0.863071 0.805842 0.701141 0.542529 0.363105 0.221862 0.141696 0.108241 0.1 0.100724 0.114127 0.151046 0.220686 0.312443 0.400028 0.467582 0.517491 0.560887 0.608608 0.666193 0.730948 0.793557 0.844321 0.877828 0.895214 0.9 0.9 0.9 0.835634 0.645266 0.363671 0.186676 0.119907 0.101977 0.1 0.1 0.1 0.1 0.1 0.1 0.1 0.1 0.1 0.11446 0.185917 0.386686 0.683918 0.852372 0.9 0.897726 0.840217 0.673261 0.380903 0.169466 0.1 0.1 0.158757 0.348201 0.634212 0.813665 0.88076 0.89849 0.9 0.9 0.885879 0.834137 0.716187 0.536025 0.361415 0.246439 0.18621 0.159471 0.152599 0.156834 0.171449 0.196669 0.228754 0.26075 0.283514 0.287312 0.266875 0.225639 0.176333 0.13466 0.109609 0.1 0.1 0.108432 0.129668 0.173463 0.25853 
0.108345 0.1414 0.277755 0.534874 0.768817 0.873764 0.9 0.888235 0.803547 0.578217 0.287526 0.139542 0.1 0.1 0.126942 0.219616 0.4377 0.708673 0.853811 0.896452 0.9 0.892965 0.880725 0.863328 0.841104 0.816603 0.793294 0.774396 0.762186 0.757751 0.761009 0.770824 0.785101 0.801161 0.816577 0.829966 0.841753 0.855996 0.873575 0.891137 0.9 0.9 0.896888 0.88756 0.876469 0.864668 0.854371 0.848479 0.848976 0.855574 0.86581 0.878352 0.890731 0.899277 0.9 0.9 0.9 0.9 0.9 0.9 0.9 0.9 0.9 0.9 0.866383 0.737021 0.464644 0.221043 0.120925 0.1 0.1 0.1 0.1 0.104333 0.128656 0.201071 0.351739 0.551729 0.718211 0.820063 0.872416 0.894114 0.9 0.9 0.890365 0.847834 0.722335 0.468551 0.224846 0.118463 0.1 0.1 0.1 0.1 0.1 0.1 0.1 0.1 0.1 0.1 0.1 0.102862 0.108896 0.114612 0.118248 0.118782 0.115899 0.110427 0.104323 0.1 0.1 0.105612 0.131397 0.194073 0.307023 0.460456 0.611984 0.723602 0.791399 0.828061 0.844013 0.844582 0.829935 0.794224 0.726166 0.612466 0.458543 0.305757 0.19576 0.134738 0.108083 0.1 0.1 0.1 0.107588 0.13941 0.224144 0.391922 0.613732 0.785167 0.86922 0.896889 0.9 0.899732 0.884603 0.826266 0.672881 0.421568 0.234012 0.169866 0.198833 0.343518 0.593114 0.789034 0.873194 0.897336 0.9 0.9 0.9 0.9 0.9 0.897364 0.880431 0.836251 0.742927 0.581541 0.380353 0.220156 0.135841 0.105231 0.1 0.101732 0.111882 0.133368 0.163962 0.196514 0.225279 0.250433 0.277741 0.316662 0.378608 0.470215 0.584495 0.698907 0.790484 0.850756 0.884168 0.9 0.89701 0.831578 0.643467 0.365343 0.188782 0.121212 0.102468 0.1 0.1 0.1 0.1 0.1 0.1 0.1 0.1 0.1 0.110066 0.169471 0.347991 0.643236 0.835275 0.898706 0.9 0.851709 0.708652 0.443986 0.223245 0.136151 0.136976 0.21928 0.425087 0.683526 0.83186 0.885727 0.899154 0.9 0.9 0.897681 0.879735 0.830249 0.737551 0.612284 0.488976 0.398349 0.348057 0.332031 0.342273 0.374469 0.424057 0.481671 0.533838 0.566901 0.56902 0.530537 0.447413 0.332864 0.221815 0.146256 0.110282 0.1 0.1 0.1 0.108345 0.1414 
0.1 0.102091 0.195969 0.430318 0.713765 0.858429 0.9 0.895449 0.826849 0.629619 0.332942 0.156491 0.101434 0.1 0.126851 0.225004 0.457736 0.735088 0.870214 0.9 0.9 0.9 0.9 0.898117 0.893393 0.8873 0.881201 0.876168 0.872951 0.871971 0.873363 0.877067 0.882666 0.889222 0.895526 0.9 0.9 0.9 0.9 0.899813 0.889928 0.870658 0.844728 0.811413 0.773758 0.736292 0.70538 0.68745 0.686531 0.702748 0.732585 0.770588 0.80976 0.843553 0.868217 0.885782 0.896381 0.9 0.9 0.9 0.9 0.9 0.9 0.899645 0.854297 0.698853 0.412584 0.196615 0.115493 0.1 0.1 0.1 0.100765 0.113384 0.163398 0.297487 0.529602 0.735152 0.842075 0.883889 0.897642 0.9 0.9 0.899868 0.891021 0.852679 0.738876 0.503157 0.258734 0.139034 0.106259 0.10348 0.108259 0.11531 0.122748 0.128869 0.131718 0.129621 0.12241 0.112149 0.102997 0.1 0.1 0.1 0.1 0.1 0.1 0.1 0.1 0.1 0.105747 0.133877 0.206947 0.344202 0.527949 0.69354 0.800766 0.857413 0.883396 0.895367 0.9 0.9 0.895864 0.884179 0.857815 0.799988 0.692509 0.533156 0.363092 0.236128 0.163848 0.130895 0.121713 0.129043 0.161145 0.239363 0.387984 0.59022 0.762459 0.857117 0.893055 0.9 0.9 0.9 0.89177 0.8579 0.768074 0.605905 0.44614 0.377084 0.416847 0.557957 0.732309 0.84501 0.890295 0.9 0.899166 0.895111 0.892447 0.893283 0.897165 0.9 0.9 0.888731 0.850551 0.75639 0.577885 0.354361 0.193814 0.122003 0.101222 0.1 0.10044 0.104281 0.110658 0.117736 0.124125 0.129997 0.137393 0.150544 0.178456 0.23086 0.318259 0.443727 0.586226 0.70791 0.788022 0.825938 0.817142 0.730604 0.533189 0.299916 0.165642 0.115026 0.101392 0.1 0.1 0.1 0.1 0.1 0.1 0.1 0.1 0.1 0.104431 0.1468 0.291242 0.572315 0.799619 0.887734 0.9 0.872351 0.779433 0.59228 0.388951 0.283931 0.287914 0.395855 0.591723 0.771636 0.862742 0.893895 0.9 0.9 0.9 0.9 0.897089 0.88283 0.850518 0.799631 0.738883 0.683398 0.646312 0.633615 0.644249 0.67294 0.711501 0.750439 0.781758 0.800299 0.801037 0.775369 0.706459 0.573654 0.389638 0.228063 0.138763 0.105866 0.1 0.1 0.1 0.102091 
0.1 0.1 0.166189 0.370176 0.67276 0.846101 0.9 0.9 0.849133 0.687842 0.399871 0.187613 0.109603 0.1 0.118974 0.202755 0.414075 0.696205 0.852857 0.897921 0.9 0.9 0.9 0.9 0.9 0.9 0.9 0.9 0.9 0.9 0.9 0.9 0.9 0.9 0.9 0.9 0.893914 0.881485 0.862972 0.836946 0.797329 0.742639 0.675681 0.600897 0.525875 0.460164 0.412085 0.386228 0.384084 0.405759 0.450661 0.515834 0.593796 0.674148 0.74744 0.80794 0.852025 0.879622 0.894326 0.9 0.9 0.9 0.9 0.891743 0.824304 0.635517 0.352985 0.173855 0.111126 0.1 0.1 0.1 0.102651 0.124045 0.20044 0.391294 0.662006 0.831021 0.889937 0.9 0.9 0.9 0.9 0.9 0.894981 0.870045 0.793223 0.623343 0.401944 0.25263 0.190356 0.176022 0.184068 0.202813 0.225047 0.24381 0.251988 0.243948 0.218348 0.180598 0.142539 0.115987 0.103094 0.1 0.1 0.1 0.1 0.1 0.1 0.104157 0.130327 0.205004 0.353856 0.555799 0.729317 0.832174 0.880201 0.897897 0.9 0.9 0.9 0.9 0.9 0.9 0.897612 0.87946 0.832689 0.741856 0.603812 0.449562 0.327559 0.257522 0.23427 0.252965 0.320431 0.446303 0.612303 0.760099 0.850431 0.88979 0.9 0.9 0.9 0.9 0.897704 0.883935 0.84589 0.776059 0.6989 0.661589 0.687848 0.762378 0.839749 0.88574 0.9 0.894827 0.879323 0.861547 0.851186 0.854627 0.869959 0.887724 0.899649 0.9 0.891154 0.849789 0.735562 0.519189 0.285913 0.154464 0.108254 0.1 0.1 0.1 0.1 0.1 0.1 0.1 0.1 0.1 0.106935 0.124441 0.160335 0.225876 0.325622 0.445631 0.551844 0.610419 0.599835 0.50548 0.347636 0.206919 0.133075 0.106056 0.1 0.1 0.1 0.1 0.1 0.1 0.1 0.1 0.1 0.1 0.100213 0.124887 0.232346 0.483811 0.747899 0.869583 0.9 0.891396 0.846564 0.754136 0.636898 0.561475 0.568725 0.652236 0.765561 0.850064 0.889072 0.9 0.9 0.9 0.9 0.9 0.9 0.898804 0.891768 0.878137 0.859643 0.841223 0.828315 0.824328 0.829527 0.841582 0.85664 0.870656 0.880845 0.886963 0.887671 0.878905 0.84741 0.76249 0.5884 0.357312 0.191145 0.119845 0.100674 0.1 0.1 0.1 
0.1 0.1 0.154675 0.33788 0.644192 0.836006 0.898041 0.9 0.867903 0.747087 0.488858 0.238569 0.126105 0.1 0.10763 0.166008 0.329862 0.600788 0.802225 0.882385 0.9 0.9 0.9 0.9 0.9 0.9 0.9 0.9 0.9 0.9 0.9 0.897297 0.888744 0.875364 0.858059 0.836355 0.805928 0.764075 0.709733 0.642016 0.559885 0.469191 0.382551 0.309914 0.253475 0.212465 0.185761 0.172198 0.170913 0.181724 0.206056 0.246258 0.305703 0.3887 0.494131 0.609277 0.713888 0.793931 0.846806 0.877234 0.892097 0.897211 0.890897 0.857087 0.749398 0.526512 0.280079 0.14916 0.10644 0.1 0.1 0.1 0.103993 0.130434 0.221436 0.440128 0.717145 0.862767 0.9 0.9 0.9 0.9 0.9 0.9 0.898971 0.888736 0.851701 0.765442 0.62953 0.497992 0.418097 0.391895 0.403275 0.436063 0.475486 0.507646 0.520318 0.503106 0.448405 0.357601 0.252229 0.167485 0.120897 0.103451 0.1 0.1 0.1 0.1 0.1016 0.121772 0.188894 0.336776 0.551182 0.737095 0.842232 0.886783 0.9 0.9 0.896075 0.888578 0.883039 0.883023 0.888546 0.896067 0.9 0.9 0.887321 0.853119 0.78925 0.697726 0.599195 0.524136 0.494605 0.518238 0.590756 0.692028 0.788937 0.855812 0.889362 0.9 0.9 0.9 0.9 0.9 0.9 0.897135 0.885605 0.863015 0.837965 0.826421 0.837401 0.864215 0.889514 0.9 0.889584 0.855864 0.80357 0.750174 0.721239 0.733523 0.782027 0.839984 0.880963 0.89863 0.9 0.88816 0.826591 0.661817 0.399333 0.201414 0.12052 0.100344 0.1 0.1 0.1 0.1 0.1 0.100466 0.100695 0.1 0.1 0.1 0.106105 0.126985 0.166907 0.223342 0.282607 0.320821 0.316564 0.266379 0.194577 0.137289 0.10888 0.1 0.1 0.1 0.1 0.1 0.1 0.1 0.1 0.1 0.1 0.1 0.1 0.108835 0.185939 0.403204 0.691896 0.847409 0.89597 0.9 0.884606 0.851096 0.808405 0.780826 0.787202 0.823192 0.865212 0.892195 0.9 0.899054 0.894821 0.893532 0.895384 0.898272 0.9 0.9 0.9 0.89895 0.895776 0.892017 0.889333 0.888772 0.890482 0.893797 0.89748 0.9 0.9 0.9 0.9 0.9 0.893306 0.853675 0.734645 0.50331 0.265659 0.143537 0.104806 0.1 0.1 0.1 
0.1 0.1 0.14891 0.317719 0.621252 0.826241 0.894757 0.9 0.883602 0.801419 0.590852 0.313948 0.154522 0.102817 0.1 0.131783 0.239076 0.464042 0.71002 0.84578 0.892005 0.9 0.9 0.9 0.9 0.9 0.9 0.9 0.9 0.894051 0.879827 0.85467 0.816757 0.767597 0.710076 0.645942 0.574342 0.495934 0.416028 0.341343 0.274961 0.218847 0.175909 0.147096 0.127423 0.113714 0.104851 0.100352 0.1 0.103319 0.111277 0.124861 0.146565 0.18425 0.245784 0.337633 0.458106 0.587701 0.697958 0.774225 0.81726 0.831368 0.813132 0.743572 0.59134 0.374387 0.203797 0.125497 0.1022 0.1 0.1 0.1 0.103614 0.128426 0.21415 0.42208 0.696329 0.851023 0.89784 0.9 0.9 0.9 0.9 0.9 0.9 0.9 0.888494 0.858627 0.806447 0.747695 0.704926 0.689252 0.698241 0.721755 0.74829 0.768832 0.77703 0.765569 0.720894 0.619094 0.450151 0.271079 0.159538 0.113726 0.100989 0.1 0.1 0.1 0.111498 0.162486 0.294268 0.514322 0.722403 0.840562 0.887845 0.9 0.9 0.887294 0.863257 0.834111 0.813985 0.814319 0.8351 0.864541 0.888117 0.9 0.9 0.892462 0.872667 0.839425 0.798747 0.763832 0.74891 0.760764 0.794697 0.836911 0.872619 0.893173 0.9 0.9 0.895796 0.892285 0.891879 0.894701 0.89861 0.9 0.899401 0.893805 0.887614 0.885291 0.889296 0.897157 0.9 0.886928 0.838884 0.744776 0.618894 0.507512 0.455121 0.482066 0.587926 0.729274 0.835013 0.884857 0.9 0.9 0.87038 0.755759 0.508386 0.255782 0.136703 0.102669 0.1 0.1 0.101143 0.107635 0.119615 0.132892 0.139749 0.135243 0.121892 0.107097 0.1 0.1 0.110313 0.127839 0.148143 0.162204 0.161314 0.144446 0.121467 0.10451 0.1 0.100553 0.10668 0.113598 0.119282 0.122156 0.121292 0.116872 0.110299 0.10384 0.1 0.1 0.1 0.1 0.162051 0.358001 0.65359 0.829318 0.88929 0.9 0.89812 0.889607 0.878657 0.872942 0.877437 0.890069 0.899655 0.898315 0.885643 0.869051 0.857089 0.85732 0.869136 0.88449 0.895394 0.899801 0.9 0.9 0.9 0.9 0.9 0.9 0.9 0.9 0.9 0.9 0.9 0.9 0.9 0.9 0.9 0.887202 0.815391 0.626323 0.352452 0.175768 0.112028 0.1 0.1 0.1 
0.1 0.1 0.144238 0.299812 0.596541 0.81451 0.890843 0.9 0.894839 0.844925 0.688144 0.411994 0.199595 0.115943 0.1 0.109841 0.168543 0.325602 0.578463 0.781988 0.872319 0.897741 0.9 0.9 0.9 0.9 0.9 0.898502 0.886884 0.856847 0.802647 0.723574 0.62623 0.523353 0.428543 0.349257 0.285215 0.232356 0.189406 0.157151 0.133233 0.114713 0.102544 0.1 0.1 0.1 0.1 0.1 0.1 0.1 0.1 0.1 0.1 0.108651 0.12949 0.16796 0.231322 0.322401 0.43113 0.533539 0.604452 0.629528 0.599974 0.508457 0.367373 0.229489 0.143856 0.108307 0.1 0.1 0.1 0.1 0.101775 0.11918 0.182252 0.342343 0.590843 0.775444 0.855894 0.880261 0.887513 0.889943 0.891542 0.893778 0.896914 0.9 0.9 0.896862 0.883432 0.866486 0.853258 0.848114 0.851791 0.860812 0.870512 0.877689 0.88112 0.878207 0.860755 0.799505 0.647612 0.406513 0.214763 0.129844 0.103926 0.1 0.1 0.103459 0.133839 0.232874 0.439618 0.67863 0.826302 0.885648 0.9 0.9 0.883635 0.839297 0.764683 0.68183 0.628564 0.630153 0.686765 0.771699 0.844962 0.885953 0.9 0.9 0.897265 0.889529 0.878262 0.867683 0.862965 0.866733 0.877232 0.889513 0.898917 0.9 0.89621 0.883158 0.865369 0.852104 0.851216 0.863178 0.880607 0.89424 0.9 0.9 0.899518 0.89938 0.9 0.9 0.888719 0.839255 0.723454 0.542398 0.364094 0.252171 0.210968 0.236091 0.352369 0.564702 0.762664 0.861584 0.895053 0.9 0.888947 0.808526 0.591415 0.306323 0.152882 0.105417 0.1 0.100149 0.110132 0.137696 0.184628 0.235046 0.261554 0.248091 0.202137 0.14976 0.114639 0.1 0.1 0.102233 0.106556 0.109901 0.109397 0.104449 0.1 0.100289 0.11147 0.130883 0.156618 0.183185 0.20446 0.214953 0.211562 0.194926 0.169677 0.14279 0.120575 0.10625 0.1 0.106087 0.174962 0.372198 0.656483 0.826222 0.886505 0.9 0.9 0.899643 0.898604 0.899106 0.9 0.9 0.887181 0.85614 0.809433 0.761317 0.733487 0.742744 0.78637 0.839801 0.877805 0.89543 0.9 0.9 0.9 0.9 0.9 0.9 0.899861 0.899667 0.899888 0.9 0.9 0.9 0.9 0.9 0.9 0.897987 0.855683 0.712238 0.440096 0.214373 0.121914 0.1 0.1 0.1 
0.1 0.1 0.138677 0.278341 0.562706 0.797102 0.88579 0.9 0.9 0.874682 0.765007 0.515622 0.256361 0.134545 0.100039 0.1 0.126026 0.222146 0.436512 0.693482 0.840068 0.890595 0.9 0.9 0.9 0.9 0.89829 0.882803 0.838738 0.752057 0.623298 0.478301 0.352664 0.26219 0.202282 0.163019 0.137841 0.119371 0.105643 0.1 0.1 0.1 0.1 0.105807 0.115459 0.12547 0.133754 0.138824 0.139655 0.135746 0.12726 0.115577 0.104138 0.1 0.1 0.108051 0.128052 0.163899 0.214177 0.270564 0.316811 0.335364 0.316081 0.263003 0.196088 0.140782 0.110599 0.1 0.1 0.1 0.1 0.1 0.1 0.108285 0.143295 0.237276 0.410107 0.596092 0.717983 0.777673 0.804723 0.818324 0.828525 0.840258 0.854986 0.871415 0.886559 0.897606 0.9 0.9 0.898281 0.896226 0.89659 0.898506 0.9 0.9 0.9 0.9 0.9 0.872347 0.760099 0.515228 0.265381 0.145224 0.107029 0.1 0.1 0.111922 0.170057 0.32953 0.587991 0.788527 0.876283 0.9 0.9 0.888149 0.840643 0.730626 0.566221 0.417642 0.340509 0.343341 0.428578 0.586393 0.750691 0.8513 0.891224 0.9 0.9 0.9 0.898779 0.89686 0.895888 0.896688 0.898691 0.9 0.9 0.890917 0.864492 0.818443 0.764448 0.726568 0.725193 0.761492 0.816009 0.863474 0.891002 0.9 0.9 0.9 0.9 0.893354 0.852666 0.742448 0.54469 0.331221 0.193142 0.130257 0.112089 0.125397 0.213278 0.428765 0.693062 0.838461 0.889221 0.9 0.897144 0.835384 0.642545 0.34323 0.164746 0.106831 0.1 0.105166 0.135483 0.211276 0.335414 0.457554 0.516807 0.490151 0.38614 0.253439 0.156952 0.112391 0.1 0.1 0.1 0.1 0.1 0.1 0.106789 0.130178 0.175463 0.238986 0.310819 0.377368 0.426159 0.448727 0.441202 0.404296 0.344999 0.27694 0.215633 0.172109 0.152493 0.168563 0.260192 0.467433 0.708214 0.841165 0.888743 0.899933 0.9 0.9 0.9 0.9 0.893958 0.86969 0.814946 0.725075 0.614376 0.517733 0.471849 0.499355 0.602349 0.737905 0.837506 0.88408 0.898659 0.9 0.9 0.899364 0.895271 0.888918 0.883629 0.882766 0.887022 0.893486 0.898462 0.9 0.9 0.9 0.9 0.9 0.875639 0.76854 0.520274 0.257395 0.134806 0.101472 0.1 0.1 
0.1 0.1 0.131438 0.250195 0.512288 0.767054 0.876911 0.9 0.9 0.892066 0.814885 0.59793 0.311033 0.155816 0.106212 0.1 0.106383 0.16078 0.323455 0.597328 0.80021 0.880232 0.899701 0.9 0.9 0.899607 0.885301 0.836305 0.727673 0.558026 0.380167 0.250782 0.175111 0.134615 0.113798 0.102097 0.1 0.1 0.1 0.106798 0.121778 0.140716 0.162093 0.18791 0.216981 0.245341 0.268438 0.282181 0.283478 0.270406 0.2427 0.203296 0.160213 0.125547 0.105131 0.1 0.1 0.108932 0.123885 0.142699 0.159285 0.166134 0.158858 0.140288 0.11965 0.104304 0.1 0.1 0.100265 0.100518 0.100283 0.1 0.1 0.101185 0.114573 0.155069 0.236564 0.348448 0.455124 0.532121 0.580019 0.611002 0.637949 0.670092 0.711328 0.759662 0.808506 0.850078 0.878748 0.895271 0.9 0.9 0.9 0.9 0.9 0.9 0.9 0.9 0.9 0.888494 0.795609 0.558686 0.28751 0.15177 0.108158 0.1 0.100417 0.124512 0.216307 0.434824 0.701074 0.84829 0.895257 0.9 0.896164 0.865143 0.767391 0.568628 0.34642 0.210112 0.15741 0.159331 0.221325 0.377562 0.613782 0.796302 0.875681 0.898036 0.9 0.9 0.9 0.9 0.9 0.9 0.9 0.9 0.887291 0.848682 0.770749 0.656079 0.539502 0.467853 0.46657 0.537322 0.656271 0.773949 0.852616 0.889822 0.9 0.9 0.896705 0.866103 0.774629 0.590133 0.359586 0.197203 0.122691 0.1 0.1 0.101442 0.171179 0.375883 0.662692 0.828554 0.886755 0.9 0.9 0.846511 0.666346 0.361972 0.169801 0.106082 0.1 0.116024 0.181495 0.335887 0.551993 0.710254 0.770455 0.746409 0.62706 0.418849 0.229484 0.135441 0.10473 0.1 0.1 0.1 0.100127 0.11021 0.144205 0.219652 0.337633 0.471314 0.586699 0.667179 0.713675 0.732127 0.725812 0.693352 0.631984 0.544867 0.448493 0.369341 0.330631 0.352338 0.457172 0.631812 0.786283 0.865418 0.893767 0.9 0.9 0.9 0.9 0.890089 0.856098 0.778711 0.647643 0.484971 0.342475 0.253173 0.22034 0.249886 0.37114 0.584463 0.774451 0.866305 0.896037 0.9 0.899491 0.890862 0.870955 0.843661 0.821754 0.818109 0.834816 0.861605 0.884714 0.897021 0.9 0.9 0.9 0.9 0.886641 0.806132 0.588336 0.302551 0.150411 0.104591 0.1 0.1 
0.1 0.1 0.12265 0.215097 0.439531 0.711145 0.856074 0.899303 0.9 0.9 0.835659 0.63564 0.341596 0.169856 0.111363 0.1 0.1 0.130549 0.253773 0.517616 0.762817 0.869641 0.898441 0.9 0.9 0.891863 0.850734 0.741997 0.5501 0.343943 0.206457 0.138422 0.110267 0.1 0.1 0.1 0.10858 0.126869 0.153394 0.190866 0.239682 0.295688 0.354427 0.413798 0.470619 0.519577 0.555567 0.575137 0.575696 0.553631 0.503368 0.420464 0.312008 0.207782 0.139116 0.108808 0.1 0.1 0.101112 0.1047 0.108453 0.109743 0.106897 0.101562 0.1 0.1 0.106181 0.114213 0.119531 0.120191 0.115863 0.108867 0.102746 0.1 0.101304 0.113263 0.14056 0.181307 0.225893 0.264055 0.292412 0.314826 0.339326 0.375231 0.430802 0.509689 0.606069 0.704072 0.786713 0.845136 0.87898 0.895155 0.9 0.9 0.9 0.9 0.9 0.9 0.9 0.880219 0.7758 0.531493 0.271763 0.145996 0.106423 0.1 0.102981 0.139186 0.263156 0.524577 0.77064 0.876692 0.9 0.9 0.88918 0.834273 0.678514 0.41555 0.211304 0.123235 0.1 0.100237 0.131678 0.244988 0.485188 0.735416 0.857336 0.894719 0.9 0.9 0.9 0.9 0.9 0.9 0.897502 0.881872 0.8362 0.73906 0.582818 0.409328 0.283094 0.223596 0.223287 0.283682 0.414373 0.592772 0.747767 0.838869 0.877145 0.882985 0.860887 0.787686 0.631191 0.408294 0.225545 0.13331 0.102661 0.1 0.1 0.108586 0.188637 0.404683 0.68382 0.837121 0.889099 0.9 0.9 0.847811 0.669591 0.363329 0.168242 0.103617 0.1 0.13071 0.239869 0.472564 0.717392 0.844256 0.8812 0.869104 0.781876 0.572623 0.310475 0.16211 0.110648 0.1 0.1 0.1 0.106958 0.138204 0.224041 0.387722 0.579383 0.72081 0.800654 0.841783 0.861134 0.867646 0.86515 0.851932 0.823884 0.778451 0.7187 0.659199 0.623755 0.634452 0.696357 0.78277 0.850984 0.885862 0.898104 0.9 0.9 0.9 0.89174 0.855868 0.76558 0.605248 0.413362 0.261079 0.171431 0.128564 0.115618 0.132864 0.227411 0.451366 0.712483 0.849549 0.894514 0.9 0.89251 0.861978 0.79961 0.717566 0.654556 0.64368 0.689415 0.767261 0.838866 0.881652 0.89804 0.9 0.9 0.9 0.893609 0.831897 0.642097 0.34625 0.167315 0.108686 0.1 0.1 
0.1 0.1 0.113399 0.176439 0.345913 0.608577 0.799397 0.879938 0.9 0.892622 0.816595 0.610118 0.329351 0.16835 0.112318 0.1 0.1 0.118933 0.220729 0.470997 0.738975 0.862991 0.897815 0.9 0.898145 0.872566 0.786118 0.599782 0.364646 0.202002 0.127745 0.103418 0.1 0.1 0.110859 0.135228 0.17818 0.240957 0.32012 0.410697 0.504213 0.589322 0.658114 0.711009 0.751181 0.780325 0.799307 0.808772 0.808665 0.796676 0.764967 0.694312 0.554991 0.362111 0.206872 0.131549 0.105514 0.1 0.1 0.1 0.1 0.1 0.1 0.101152 0.112718 0.133049 0.159924 0.185909 0.201616 0.199971 0.179827 0.149262 0.121791 0.105687 0.1 0.1 0.105944 0.115659 0.127038 0.137262 0.145094 0.151754 0.160418 0.175647 0.203408 0.251633 0.330015 0.442972 0.577754 0.703732 0.797062 0.85451 0.884309 0.896951 0.9 0.9 0.9 0.9 0.889023 0.839312 0.695996 0.441734 0.226699 0.131374 0.102982 0.1 0.105882 0.151145 0.297756 0.581263 0.805862 0.888505 0.9 0.9 0.881864 0.803798 0.599602 0.316503 0.152779 0.102096 0.1 0.1 0.108032 0.187049 0.403864 0.688743 0.842592 0.891881 0.9 0.9 0.9 0.9 0.899135 0.890789 0.867756 0.814415 0.708849 0.541897 0.35645 0.219753 0.147216 0.119822 0.119936 0.148758 0.2255 0.366789 0.546582 0.692929 0.769874 0.78351 0.736449 0.615272 0.428997 0.252963 0.149102 0.107873 0.1 0.1 0.10354 0.136917 0.256201 0.500126 0.741961 0.858137 0.894399 0.9 0.897995 0.842092 0.657171 0.350904 0.162195 0.100948 0.1 0.145621 0.295492 0.576367 0.79933 0.88648 0.9 0.9 0.841424 0.657783 0.366793 0.181275 0.114738 0.1 0.1 0.10209 0.11941 0.181044 0.336 0.577447 0.764968 0.853368 0.885092 0.896611 0.9 0.9 0.9 0.897822 0.890284 0.876115 0.854472 0.830465 0.814038 0.814992 0.834908 0.863066 0.885358 0.896717 0.9 0.9 0.9 0.896092 0.868904 0.785209 0.61298 0.395113 0.231669 0.146095 0.110586 0.1 0.1 0.103326 0.175736 0.387599 0.680013 0.842742 0.896086 0.9 0.874658 0.798277 0.651919 0.483775 0.376976 0.359705 0.43009 0.574053 0.733312 0.840589 0.887977 0.9 0.9 0.9 0.898024 0.848911 0.680114 0.38276 0.182825 0.112863 0.1 0.1 
0.1 0.1 0.105526 0.141033 0.246833 0.450211 0.665087 0.792707 0.838477 0.822797 0.720887 0.504718 0.272929 0.151234 0.109159 0.1 0.1 0.116962 0.214224 0.461409 0.734911 0.862777 0.898654 0.9 0.890537 0.837302 0.689626 0.442239 0.233699 0.13398 0.102895 0.1 0.102433 0.120819 0.166146 0.24567 0.356944 0.483539 0.6016 0.695916 0.764736 0.81299 0.843896 0.863514 0.8769 0.885682 0.89069 0.892643 0.89206 0.888617 0.878955 0.847963 0.744674 0.528932 0.290406 0.160888 0.113705 0.10127 0.1 0.1 0.1 0.1 0.10794 0.131536 0.179125 0.24693 0.321326 0.383864 0.416946 0.407455 0.350332 0.260665 0.176603 0.126164 0.10521 0.1 0.1 0.1 0.100876 0.101953 0.102711 0.103365 0.10474 0.108162 0.115692 0.131152 0.163448 0.223138 0.32153 0.458215 0.606576 0.728448 0.808395 0.852933 0.874035 0.88164 0.880121 0.866799 0.826458 0.728099 0.540799 0.316597 0.172985 0.115485 0.100201 0.1 0.107271 0.155577 0.309307 0.598174 0.815309 0.891446 0.9 0.9 0.876607 0.78229 0.548742 0.267867 0.131976 0.1 0.1 0.1 0.103021 0.169067 0.37203 0.668166 0.836275 0.890866 0.9 0.9 0.9 0.895631 0.879696 0.842162 0.77138 0.654005 0.490895 0.322343 0.19906 0.132065 0.105194 0.1 0.1 0.106198 0.135713 0.203979 0.314721 0.43868 0.525334 0.543109 0.48652 0.372407 0.247097 0.157458 0.113384 0.1 0.1 0.101409 0.121682 0.197198 0.378032 0.63181 0.808634 0.880152 0.899044 0.9 0.894379 0.830085 0.631075 0.328314 0.153958 0.1 0.1 0.159136 0.341286 0.641018 0.834188 0.89671 0.9 0.9 0.851872 0.679614 0.382594 0.185749 0.115187 0.1 0.1 0.10488 0.132138 0.221999 0.432834 0.700233 0.850105 0.896397 0.9 0.9 0.9 0.9 0.9 0.9 0.9 0.899544 0.895056 0.88862 0.883375 0.882306 0.886394 0.892881 0.897882 0.9 0.9 0.9 0.899871 0.88604 0.828479 0.678004 0.437038 0.238724 0.140994 0.10679 0.1 0.1 0.1 0.102963 0.17425 0.388463 0.685383 0.847922 0.898932 0.896269 0.843673 0.700901 0.464326 0.268666 0.179007 0.166344 0.21734 0.352407 0.567793 0.762329 0.863531 0.896937 0.9 0.9 0.9 0.857723 0.699784 0.404086 0.192953 0.115958 0.1 0.1 
0.1 0.1 0.100846 0.115882 0.167295 0.280172 0.441386 0.581089 0.647135 0.627364 0.515139 0.340928 0.197954 0.128125 0.104384 0.1 0.1 0.12163 0.228475 0.485191 0.749721 0.868347 0.9 0.9 0.876464 0.784627 0.571854 0.312444 0.160801 0.107838 0.1 0.10199 0.123339 0.183357 0.299058 0.459333 0.617203 0.734179 0.808409 0.853148 0.878624 0.894706 0.9 0.9 0.9 0.9 0.9 0.9 0.9 0.9 0.9 0.895142 0.820726 0.618126 0.343611 0.180596 0.119529 0.102467 0.1 0.1 0.100202 0.108433 0.139772 0.214547 0.339443 0.48287 0.601533 0.676834 0.708782 0.695076 0.617486 0.462282 0.282449 0.16628 0.116978 0.102041 0.1 0.1 0.1 0.1 0.1 0.1 0.1 0.1 0.1 0.1 0.10699 0.125656 0.166626 0.240316 0.351897 0.48753 0.613679 0.7044 0.756828 0.778226 0.772854 0.736578 0.655244 0.516023 0.343109 0.203639 0.130714 0.10466 0.1 0.1 0.106313 0.150383 0.293515 0.573386 0.800931 0.886895 0.9 0.9 0.875144 0.775452 0.532591 0.254156 0.126907 0.1 0.1 0.1 0.104797 0.173714 0.380705 0.675453 0.83965 0.89206 0.9 0.9 0.894506 0.872039 0.816359 0.714518 0.570961 0.411832 0.273927 0.178746 0.126082 0.104192 0.1 0.1 0.1 0.1 0.105871 0.128653 0.172014 0.227154 0.270994 0.28077 0.251175 0.198059 0.147044 0.114603 0.101435 0.1 0.1 0.110631 0.160046 0.297238 0.536672 0.752937 0.860173 0.894562 0.9 0.9 0.888965 0.810498 0.590412 0.297539 0.143916 0.1 0.102477 0.17392 0.381431 0.682185 0.850321 0.899321 0.9 0.896864 0.840766 0.65769 0.361555 0.175995 0.112169 0.1 0.1 0.106259 0.137645 0.23831 0.46726 0.73488 0.868467 0.9 0.9 0.9 0.9 0.9 0.9 0.9 0.9 0.9 0.9 0.9 0.899753 0.899279 0.899489 0.9 0.9 0.9 0.9 0.9 0.897283 0.870402 0.775712 0.558405 0.300259 0.15583 0.107571 0.1 0.1 0.1 0.1 0.112907 0.202571 0.437622 0.719521 0.860693 0.9 0.887335 0.805334 0.598994 0.323927 0.161931 0.107305 0.101319 0.125692 0.210512 0.397336 0.646051 0.816226 0.885433 0.9 0.9 0.9 0.856269 0.694968 0.401027 0.193306 0.116746 0.1 0.1 
0.1 0.1 0.1 0.10341 0.121597 0.166041 0.238083 0.314477 0.358916 0.34797 0.284343 0.201492 0.140101 0.110409 0.100929 0.1 0.100025 0.13266 0.26132 0.534913 0.777263 0.877099 0.9 0.897734 0.854503 0.715971 0.453354 0.224852 0.124541 0.1 0.1 0.116333 0.175121 0.307849 0.505744 0.688133 0.802277 0.860365 0.887342 0.9 0.9 0.899896 0.890307 0.877572 0.868939 0.866764 0.870384 0.877718 0.886472 0.894514 0.898254 0.884183 0.802806 0.598055 0.332607 0.177236 0.118854 0.102394 0.1 0.1 0.104228 0.12845 0.202869 0.362305 0.569537 0.725816 0.809431 0.848589 0.862386 0.855384 0.802465 0.653249 0.408052 0.216192 0.131725 0.105045 0.1 0.1 0.1 0.1 0.1 0.1 0.1 0.1 0.1 0.1 0.1 0.1 0.110105 0.134999 0.182094 0.253773 0.342083 0.428512 0.493182 0.523861 0.515812 0.468006 0.385017 0.284197 0.193737 0.134863 0.107604 0.1 0.1 0.1 0.103656 0.137518 0.254656 0.507078 0.757636 0.871851 0.9 0.9 0.878323 0.785293 0.552418 0.269629 0.132138 0.1 0.1 0.1 0.112233 0.198432 0.425331 0.706143 0.850818 0.894995 0.9 0.897111 0.876953 0.815996 0.685274 0.499948 0.330847 0.217349 0.151325 0.116782 0.102628 0.1 0.1 0.1 0.1 0.1 0.1 0.104225 0.116197 0.133409 0.147831 0.151109 0.141279 0.124357 0.109276 0.101388 0.1 0.1 0.102762 0.127924 0.216821 0.423342 0.680633 0.834475 0.889294 0.9 0.9 0.9 0.880175 0.779512 0.532928 0.260132 0.132098 0.1 0.108276 0.193984 0.424596 0.715045 0.860542 0.9 0.9 0.888741 0.813083 0.602736 0.316227 0.157625 0.107296 0.1 0.1 0.105204 0.1323 0.219565 0.422529 0.683404 0.835549 0.887415 0.898647 0.9 0.9 0.9 0.9 0.9 0.9 0.9 0.9 0.9 0.9 0.9 0.9 0.9 0.9 0.9 0.9 0.9 0.893776 0.854243 0.726171 0.463459 0.222312 0.120275 0.1 0.1 0.1 0.1 0.100398 0.133303 0.259125 0.521594 0.767611 0.875915 0.9 0.877311 0.771558 0.523665 0.252104 0.127033 0.1 0.1 0.103047 0.144707 0.269653 0.502126 0.73146 0.853578 0.895211 0.9 0.895654 0.834699 0.652137 0.365881 0.181187 0.114512 0.1 0.1 
0.1 0.1 0.1 0.1 0.103506 0.115485 0.13768 0.16344 0.180035 0.177541 0.156932 0.130425 0.110927 0.101968 0.1 0.1 0.103984 0.152223 0.31202 0.599817 0.809655 0.88706 0.9 0.890396 0.823287 0.635795 0.35321 0.171071 0.107598 0.1 0.106141 0.147642 0.265676 0.480146 0.696974 0.825295 0.88001 0.897723 0.9 0.9 0.884415 0.852869 0.807114 0.76314 0.736345 0.731363 0.744449 0.767976 0.793495 0.812837 0.815951 0.783087 0.67491 0.470578 0.263901 0.153438 0.112392 0.101156 0.1 0.100328 0.111091 0.156312 0.284653 0.524835 0.745039 0.853109 0.888258 0.898971 0.9 0.9 0.870207 0.745376 0.486219 0.249211 0.141028 0.106711 0.1 0.1 0.1 0.101068 0.105653 0.112008 0.117211 0.118711 0.115721 0.109621 0.103217 0.1 0.1 0.102904 0.11537 0.139069 0.172601 0.209669 0.240719 0.256731 0.252683 0.2292 0.192643 0.153803 0.123325 0.106285 0.1 0.1 0.1 0.1 0.100944 0.121965 0.204598 0.40773 0.67483 0.836213 0.89265 0.9 0.885958 0.809869 0.607056 0.321327 0.154111 0.10209 0.1 0.1 0.13193 0.252889 0.505618 0.752398 0.865941 0.898317 0.9 0.889806 0.846628 0.72831 0.510294 0.297395 0.177214 0.126198 0.106682 0.1 0.1 0.1 0.1 0.1 0.1 0.1 0.1 0.1 0.101296 0.104769 0.108048 0.108753 0.106395 0.102659 0.100036 0.1 0.1 0.1 0.1073 0.148182 0.276806 0.535835 0.773633 0.877129 0.9 0.9 0.9 0.9 0.864005 0.729988 0.458063 0.218883 0.119409 0.1 0.117953 0.223662 0.47808 0.748002 0.869809 0.9 0.9 0.874864 0.768282 0.522973 0.261442 0.137441 0.102635 0.1 0.1 0.102585 0.119731 0.176985 0.316514 0.534446 0.713102 0.80417 0.841386 0.856371 0.863974 0.869455 0.874286 0.878765 0.882916 0.886777 0.890418 0.893861 0.896964 0.899256 0.9 0.9 0.9 0.9 0.9 0.9 0.89146 0.844692 0.699039 0.41838 0.191967 0.108635 0.1 0.1 0.1 0.1 0.111274 0.176123 0.352128 0.624325 0.815871 0.889321 0.9 0.870578 0.752736 0.487952 0.226075 0.118092 0.1 0.1 0.1 0.116432 0.186542 0.352397 0.588092 0.767313 0.851683 0.87432 0.855076 0.761368 0.550598 0.298944 0.158411 0.109767 0.1 0.1 
0.1 0.1 0.1 0.1 0.1 0.100375 0.104126 0.109782 0.114156 0.114485 0.110571 0.105061 0.101123 0.1 0.1 0.1 0.11123 0.180355 0.377243 0.666817 0.839465 0.895556 0.9 0.879526 0.784344 0.551732 0.278309 0.139431 0.100041 0.1 0.119166 0.1974 0.386252 0.641318 0.811943 0.882052 0.9 0.9 0.897046 0.879346 0.827303 0.727905 0.603776 0.50396 0.452356 0.443693 0.46549 0.505087 0.548701 0.580813 0.584219 0.539558 0.433893 0.293199 0.181734 0.125529 0.104962 0.1 0.1 0.101329 0.117432 0.179504 0.348127 0.627513 0.825221 0.895447 0.9 0.9 0.9 0.9 0.871548 0.744707 0.481723 0.244724 0.138152 0.105271 0.1 0.1 0.104495 0.118057 0.141309 0.168593 0.189889 0.196248 0.185014 0.161137 0.134232 0.113263 0.101775 0.1 0.1 0.104043 0.111981 0.121576 0.129976 0.134455 0.13336 0.127031 0.117357 0.107661 0.101291 0.1 0.1 0.1 0.1 0.1 0.1 0.109042 0.157723 0.298398 0.547854 0.766651 0.870267 0.9 0.895597 0.842522 0.688908 0.426161 0.218912 0.129712 0.109327 0.122641 0.190254 0.359507 0.616054 0.803999 0.880645 0.9 0.899981 0.881184 0.813851 0.640545 0.371298 0.18503 0.114206 0.1 0.1 0.1 0.1 0.1 0.1 0.1 0.1 0.1 0.1 0.1 0.1 0.1 0.1 0.1 0.1 0.1 0.1 0.1 0.1 0.1 0.11077 0.162107 0.31509 0.59708 0.814685 0.89319 0.9 0.9 0.9 0.892046 0.829291 0.650509 0.370129 0.178229 0.107633 0.1 0.133126 0.267885 0.54459 0.783271 0.879687 0.9 0.897613 0.852264 0.704456 0.430647 0.209645 0.120538 0.1 0.1 0.1 0.100384 0.107612 0.134807 0.203906 0.328839 0.474282 0.587818 0.656919 0.696748 0.72277 0.743387 0.761864 0.7791 0.795371 0.811037 0.826547 0.842204 0.857862 0.872651 0.885121 0.894264 0.899305 0.9 0.9 0.9 0.8918 0.846809 0.706873 0.433486 0.202854 0.112627 0.1 0.1 0.1 0.106334 0.145328 0.26071 0.485768 0.725409 0.854766 0.897797 0.9 0.869577 0.754278 0.493988 0.231501 0.120508 0.1 0.1 0.1 0.10412 0.136327 0.227432 0.395097 0.583221 0.707716 0.750541 0.717067 0.59274 0.391784 0.21795 0.132532 0.104436 0.1 0.1 
0.1 0.1 0.1 0.1 0.1 0.1 0.1 0.1 0.1 0.1 0.1 0.1 0.1 0.1 0.1 0.1 0.121028 0.21543 0.449747 0.725381 0.862077 0.9 0.9 0.866463 0.740588 0.472666 0.225754 0.121941 0.1 0.10148 0.138426 0.261399 0.510623 0.750945 0.866034 0.898691 0.9 0.89861 0.886483 0.842623 0.728787 0.53005 0.34205 0.239186 0.202482 0.199037 0.213158 0.237327 0.264825 0.286486 0.291041 0.269313 0.22233 0.167566 0.127108 0.107121 0.100715 0.1 0.1 0.101681 0.118987 0.184253 0.359297 0.642024 0.834001 0.89879 0.9 0.9 0.899442 0.883693 0.822815 0.660212 0.400161 0.205937 0.124535 0.101299 0.1 0.10701 0.13165 0.181048 0.253056 0.329721 0.385329 0.401707 0.374647 0.313259 0.238027 0.172009 0.128056 0.106549 0.1 0.1 0.1 0.1 0.10003 0.10012 0.1 0.1 0.1 0.1 0.1 0.1 0.1 0.1 0.1 0.1 0.1 0.101503 0.123809 0.206055 0.398521 0.654667 0.823927 0.889599 0.9 0.872719 0.777902 0.585312 0.368996 0.238309 0.197421 0.225985 0.335111 0.531489 0.734118 0.849698 0.891936 0.9 0.89843 0.875619 0.795924 0.596593 0.314662 0.148835 0.1 0.1 0.1 0.1 0.1 0.1 0.1 0.1 0.1 0.1 0.1 0.1 0.1 0.1 0.1 0.100791 0.101439 0.10119 0.100341 0.1 0.1 0.1 0.110828 0.161789 0.312162 0.589515 0.808168 0.890428 0.9 0.9 0.897189 0.864955 0.757308 0.531688 0.279536 0.143483 0.1 0.101152 0.157954 0.332482 0.620879 0.818711 0.889607 0.9 0.888811 0.816891 0.621555 0.340974 0.167958 0.109044 0.1 0.1 0.1 0.1 0.101099 0.109139 0.132392 0.178753 0.241891 0.304765 0.356279 0.397189 0.432274 0.465411 0.498297 0.531259 0.564556 0.599144 0.636388 0.677559 0.723018 0.771029 0.817209 0.855854 0.882451 0.896014 0.9 0.9 0.894762 0.860076 0.748629 0.513202 0.2688 0.145758 0.108157 0.10263 0.112686 0.146572 0.234084 0.409498 0.640095 0.807368 0.88041 0.9 0.9 0.874437 0.775717 0.540856 0.269224 0.135151 0.1 0.1 0.1 0.1 0.110418 0.14819 0.228013 0.340844 0.442078 0.486288 0.454746 0.356497 0.237284 0.15221 0.112707 0.100826 0.1 0.1 
0.1 0.1 0.1 0.1 0.101851 0.106604 0.112144 0.115082 0.113417 0.108234 0.102789 0.1 0.1 0.1 0.1 0.100992 0.132822 0.254132 0.519704 0.770918 0.877027 0.9 0.898428 0.85132 0.695013 0.405174 0.189206 0.110868 0.1 0.106981 0.163505 0.331602 0.613343 0.813858 0.888103 0.9 0.9 0.896064 0.874942 0.804968 0.63122 0.369316 0.189435 0.12087 0.107907 0.109138 0.115127 0.123502 0.132653 0.140102 0.142628 0.137796 0.126351 0.113165 0.10379 0.1 0.1 0.1 0.1 0.100989 0.114617 0.167276 0.310851 0.562975 0.769723 0.859031 0.879001 0.876034 0.856452 0.804447 0.689492 0.490747 0.27918 0.155518 0.108994 0.1 0.106825 0.13876 0.211687 0.333382 0.480033 0.603264 0.674506 0.693156 0.663269 0.583585 0.460416 0.324556 0.214937 0.147105 0.113591 0.101082 0.1 0.1 0.1 0.1 0.1 0.1 0.103284 0.108108 0.111699 0.112252 0.109674 0.105318 0.101394 0.1 0.1 0.1 0.105572 0.14452 0.270185 0.51504 0.752023 0.866463 0.9 0.893295 0.847916 0.745936 0.599502 0.474941 0.42544 0.461903 0.573861 0.716821 0.826482 0.880845 0.898443 0.9 0.897988 0.87736 0.804329 0.619554 0.345789 0.169733 0.108401 0.1 0.1 0.1 0.1 0.1 0.1 0.1 0.1 0.1 0.101879 0.106027 0.112203 0.119658 0.126858 0.131699 0.13134 0.124709 0.114398 0.105259 0.100218 0.1 0.10716 0.146784 0.266664 0.505856 0.738016 0.850942 0.883269 0.883612 0.859462 0.784947 0.620691 0.383289 0.199732 0.11845 0.1 0.114073 0.201875 0.422267 0.699009 0.850201 0.89745 0.9 0.874141 0.767365 0.525546 0.265216 0.138112 0.102275 0.1 0.1 0.1 0.1 0.1 0.1 0.102786 0.113549 0.130213 0.148218 0.164635 0.181135 0.198196 0.216264 0.235499 0.255996 0.278557 0.305421 0.339931 0.386792 0.451592 0.537449 0.639115 0.740372 0.821377 0.871571 0.894428 0.9 0.898663 0.878115 0.807469 0.643935 0.41958 0.258105 0.186543 0.172261 0.19895 0.274179 0.415839 0.607631 0.772101 0.861804 0.894549 0.9 0.9 0.882972 0.810537 0.62262 0.351981 0.176876 0.112031 0.1 0.1 0.1 0.100881 0.111464 0.138799 0.18142 0.224207 0.245431 0.232412 0.192019 0.146847 0.116164 0.102754 0.1 0.1 0.1 
0.1 0.1 0.1 0.103498 0.115898 0.138921 0.165312 0.181067 0.176786 0.1553 0.128966 0.109747 0.101209 0.1 0.1 0.103019 0.145148 0.291547 0.578349 0.803691 0.887234 0.9 0.894265 0.83424 0.650602 0.352153 0.164359 0.103743 0.1 0.114259 0.191208 0.398983 0.686008 0.847966 0.897095 0.9 0.9 0.894899 0.870142 0.789855 0.594268 0.318736 0.151709 0.1 0.1 0.1 0.1 0.1 0.1 0.1 0.1 0.1 0.1 0.1 0.1 0.1 0.1 0.1 0.1 0.100044 0.107436 0.139209 0.228459 0.403558 0.598874 0.718997 0.761289 0.754053 0.705465 0.607329 0.457934 0.294283 0.174748 0.116769 0.1 0.104842 0.138941 0.222976 0.373887 0.562236 0.716112 0.805832 0.846199 0.855268 0.840595 0.795694 0.706936 0.567532 0.403617 0.26673 0.180375 0.135795 0.117018 0.110587 0.110923 0.115995 0.12502 0.137519 0.153457 0.169084 0.178645 0.177518 0.164967 0.144921 0.124121 0.108589 0.100618 0.1 0.1 0.111775 0.187233 0.391246 0.670304 0.834612 0.891917 0.9 0.885602 0.846047 0.784398 0.72445 0.697927 0.718756 0.774584 0.835509 0.877209 0.89583 0.9 0.9 0.899002 0.885403 0.83423 0.699737 0.469417 0.271213 0.173397 0.139065 0.128306 0.124871 0.123856 0.123736 0.124226 0.125642 0.128696 0.13453 0.145202 0.16189 0.184349 0.210037 0.233283 0.245759 0.239009 0.210333 0.168607 0.131018 0.108477 0.1 0.101888 0.125263 0.199685 0.362081 0.572064 0.718411 0.779126 0.779972 0.727276 0.60612 0.421299 0.245044 0.142105 0.102674 0.1 0.137442 0.269306 0.531094 0.769243 0.874088 0.9 0.898402 0.852615 0.703698 0.428458 0.20743 0.118963 0.1 0.1 0.1 0.1 0.10008 0.100402 0.1 0.1 0.1 0.1 0.1 0.100074 0.104448 0.110452 0.117078 0.123846 0.130568 0.137715 0.147178 0.160877 0.181893 0.216444 0.275667 0.374965 0.519751 0.679484 0.80292 0.87057 0.896487 0.9 0.892615 0.858819 0.774653 0.634426 0.490101 0.400595 0.379994 0.422823 0.521611 0.653532 0.77516 0.853891 0.890042 0.9 0.9 0.9 0.891839 0.84793 0.720985 0.489252 0.271544 0.155776 0.112251 0.100067 0.1 0.1 0.1 0.105907 0.117234 0.129746 0.137137 0.134338 0.123093 0.1105 0.102562 0.1 0.1 0.1 0.1 
0.1 0.1 0.102281 0.11755 0.158673 0.231114 0.31162 0.358941 0.349247 0.2884 0.207672 0.14388 0.11074 0.1 0.1 0.104764 0.155554 0.322353 0.62089 0.825302 0.893933 0.9 0.889331 0.817077 0.61058 0.313356 0.148547 0.100076 0.1 0.121571 0.218062 0.456952 0.73341 0.865908 0.9 0.9 0.9 0.896014 0.875271 0.807322 0.638997 0.382163 0.200934 0.129286 0.112968 0.109519 0.10865 0.107971 0.107181 0.106637 0.106796 0.107765 0.108996 0.109415 0.108132 0.10524 0.101947 0.1 0.1 0.1 0.101894 0.115275 0.155857 0.239857 0.354223 0.450552 0.494755 0.483606 0.425996 0.337204 0.240961 0.162972 0.116786 0.1 0.104306 0.138912 0.225211 0.384248 0.587659 0.752439 0.844693 0.884815 0.898368 0.9 0.89647 0.881658 0.844277 0.769196 0.646837 0.494091 0.355728 0.261878 0.210927 0.19011 0.190154 0.206134 0.235079 0.273571 0.316076 0.353042 0.372942 0.366628 0.331446 0.27423 0.210275 0.156035 0.12027 0.10326 0.1 0.1 0.149826 0.323024 0.612533 0.808191 0.882363 0.9 0.899073 0.887793 0.868567 0.84929 0.840889 0.848571 0.867195 0.885678 0.896696 0.9 0.9 0.9 0.9 0.894463 0.868044 0.795037 0.653268 0.482138 0.354214 0.285224 0.253296 0.239533 0.234112 0.232767 0.234339 0.239518 0.25013 0.268652 0.29771 0.338421 0.38868 0.441572 0.485283 0.505087 0.485421 0.41516 0.304769 0.198262 0.133347 0.105931 0.1 0.108227 0.142713 0.221997 0.34461 0.463166 0.52974 0.530042 0.467387 0.358084 0.240266 0.154395 0.111471 0.1 0.109525 0.175751 0.360584 0.640448 0.824844 0.890501 0.9 0.890618 0.821167 0.626984 0.342046 0.166256 0.107504 0.1 0.1 0.102439 0.109041 0.118063 0.126194 0.130002 0.1285 0.122169 0.113324 0.104966 0.1 0.1 0.1 0.1 0.1 0.1 0.1 0.10147 0.104633 0.109912 0.119905 0.141646 0.191381 0.294364 0.46804 0.668801 0.811941 0.879434 0.9 0.9 0.888889 0.856882 0.799851 0.732218 0.682624 0.671403 0.700455 0.756181 0.8169 0.864096 0.890241 0.899759 0.9 0.9 0.9 0.898028 0.877588 0.808626 0.655614 0.443449 0.270178 0.173057 0.127981 0.109467 0.101804 0.1 0.1 0.1 0.101297 0.103754 0.104264 0.1026 0.10059 0.1 0.1 0.1 0.1 0.1 
0.1 0.1 0.109263 0.148734 0.248401 0.412921 0.568224 0.645009 0.632332 0.533333 0.371657 0.221219 0.136441 0.104936 0.1 0.105092 0.161987 0.342943 0.647091 0.837902 0.897888 0.9 0.884779 0.801591 0.577163 0.286468 0.139557 0.1 0.1 0.127966 0.241635 0.502773 0.763537 0.87521 0.9 0.9 0.9 0.898345 0.886151 0.844136 0.73705 0.548422 0.363587 0.256641 0.211976 0.195832 0.190867 0.189793 0.189856 0.190254 0.190721 0.190534 0.188057 0.18115 0.168502 0.151087 0.132221 0.116036 0.105211 0.1 0.1 0.102641 0.115597 0.144752 0.186617 0.225336 0.244052 0.236771 0.208362 0.169754 0.133024 0.108503 0.1 0.107824 0.145569 0.234125 0.392666 0.594669 0.759935 0.852247 0.890356 0.9 0.9 0.9 0.9 0.9 0.891796 0.866186 0.812893 0.727809 0.621786 0.520224 0.447166 0.411775 0.411954 0.441552 0.492175 0.552512 0.609812 0.652746 0.673075 0.664299 0.619203 0.533104 0.414776 0.293177 0.198011 0.139269 0.110972 0.10775 0.16076 0.331889 0.611676 0.803313 0.878358 0.898556 0.9 0.899096 0.895253 0.890996 0.889391 0.891945 0.896909 0.9 0.9 0.9 0.9 0.9 0.9 0.9 0.890947 0.862 0.802493 0.717506 0.632238 0.56774 0.527758 0.506401 0.496618 0.493777 0.496315 0.505119 0.522325 0.549849 0.587861 0.633541 0.681257 0.724118 0.755513 0.768651 0.751223 0.677146 0.517901 0.315365 0.178022 0.118755 0.100506 0.1 0.111341 0.139711 0.185807 0.23563 0.267156 0.266715 0.235504 0.187612 0.142363 0.112622 0.1 0.1 0.125435 0.226558 0.46346 0.730364 0.863111 0.899538 0.9 0.878769 0.779292 0.541372 0.27186 0.138259 0.101115 0.1 0.105082 0.122132 0.152783 0.190892 0.224502 0.243208 0.243724 0.229122 0.206096 0.181524 0.160012 0.142756 0.127571 0.114621 0.104957 0.1 0.1 0.1 0.1 0.1 0.1 0.102228 0.117375 0.165872 0.282478 0.486785 0.704575 0.837253 0.889572 0.9 0.899978 0.891479 0.874646 0.853825 0.838465 0.836288 0.847812 0.866559 0.88395 0.895958 0.9 0.9 0.9 0.9 0.9 0.9 0.894523 0.866359 0.791684 0.654981 0.482392 0.332094 0.23202 0.17338 0.139887 0.120727 0.108958 0.101879 0.1 0.1 0.1 0.1 0.1 0.1 0.1 0.1 0.1 0.1 
0.1 0.1 0.120358 0.195359 0.373701 0.615139 0.776107 0.836362 0.828416 0.750632 0.575315 0.341514 0.1807 0.11537 0.1 0.103771 0.163941 0.352818 0.659745 0.843799 0.899717 0.9 0.881085 0.788674 0.550719 0.26797 0.134023 0.1 0.1 0.13325 0.261023 0.537102 0.782993 0.880581 0.9 0.9 0.9 0.9 0.895664 0.877384 0.829117 0.736884 0.619966 0.521173 0.460492 0.431083 0.420134 0.417948 0.418971 0.420491 0.420852 0.417831 0.407818 0.386264 0.349717 0.299047 0.240843 0.185509 0.142231 0.114874 0.102279 0.1 0.100964 0.108148 0.11918 0.129596 0.134247 0.131072 0.121804 0.110199 0.1 0.1 0.114101 0.159614 0.256904 0.41788 0.6108 0.76575 0.853625 0.890629 0.9 0.9 0.9 0.9 0.9 0.9 0.9 0.896906 0.882082 0.852241 0.809115 0.760927 0.720634 0.699199 0.700638 0.721556 0.753764 0.788123 0.81782 0.83878 0.848533 0.84474 0.821526 0.769259 0.675402 0.538369 0.388118 0.269999 0.203758 0.193074 0.260176 0.439835 0.676827 0.824366 0.882283 0.89844 0.9 0.9 0.9 0.9 0.9 0.9 0.9 0.898752 0.893973 0.889885 0.888988 0.891676 0.89626 0.9 0.9 0.892482 0.874684 0.847331 0.8172 0.79183 0.774614 0.764917 0.760384 0.759033 0.760228 0.764586 0.773237 0.786843 0.804839 0.825311 0.845489 0.862581 0.874473 0.880042 0.873496 0.828354 0.687672 0.436313 0.22769 0.134174 0.104586 0.1 0.100868 0.107428 0.119285 0.133037 0.14211 0.141795 0.132408 0.118803 0.107058 0.100518 0.1 0.104422 0.144316 0.279133 0.553361 0.791524 0.885465 0.9 0.9 0.862096 0.725107 0.452923 0.217411 0.120064 0.1 0.103004 0.12738 0.18413 0.274864 0.376871 0.457981 0.501252 0.507546 0.485286 0.444776 0.395647 0.344515 0.294134 0.245289 0.200359 0.162503 0.134178 0.11571 0.104571 0.1 0.1 0.1 0.1 0.1 0.114993 0.174554 0.319589 0.551605 0.756285 0.861004 0.895877 0.9 0.9 0.89742 0.893394 0.890827 0.891726 0.895771 0.9 0.9 0.9 0.899968 0.897047 0.89491 0.89496 0.897174 0.9 0.9 0.893716 0.867548 0.80878 0.711743 0.587154 0.459807 0.352729 0.27267 0.215058 0.173358 0.143408 0.123125 0.109835 0.102249 0.1 0.1 0.1 0.1 0.1 0.1 0.1 
0.1 0.1 0.132026 0.242972 0.486014 0.740974 0.86532 0.899683 0.896375 0.853528 0.720942 0.468446 0.235392 0.129271 0.1 0.101582 0.162658 0.354414 0.663008 0.845279 0.9 0.9 0.87827 0.778338 0.5303 0.255046 0.130415 0.1 0.1 0.137501 0.276443 0.562268 0.795968 0.883952 0.9 0.9 0.9 0.9 0.9 0.895415 0.880869 0.850141 0.80722 0.765532 0.735692 0.719658 0.713815 0.713442 0.715037 0.716657 0.717074 0.714507 0.70567 0.685015 0.644485 0.576418 0.478764 0.363324 0.254475 0.173268 0.125643 0.104877 0.1 0.1 0.101215 0.102791 0.103359 0.102464 0.100835 0.1 0.1 0.117546 0.171613 0.28462 0.457684 0.643274 0.781227 0.858051 0.891055 0.9 0.9 0.897484 0.893734 0.89107 0.891228 0.894272 0.898475 0.9 0.9 0.893832 0.882509 0.868089 0.855245 0.848495 0.849841 0.858021 0.869574 0.880859 0.890187 0.896852 0.9 0.899745 0.892715 0.874499 0.834295 0.760167 0.650353 0.529289 0.440659 0.419801 0.48649 0.629487 0.774533 0.857634 0.890477 0.899415 0.9 0.9 0.9 0.9 0.9 0.894976 0.88368 0.867159 0.8484 0.83531 0.835153 0.849269 0.870845 0.889499 0.899318 0.9 0.897508 0.891946 0.885401 0.879808 0.876141 0.874353 0.873697 0.873507 0.873636 0.874433 0.87643 0.879929 0.8847 0.890128 0.89529 0.899007 0.9 0.9 0.9 0.87496 0.754528 0.495867 0.253594 0.142057 0.106677 0.1 0.1 0.1 0.100425 0.102112 0.103561 0.103598 0.102213 0.100522 0.1 0.1 0.1 0.108435 0.158409 0.314655 0.605315 0.822998 0.897772 0.9 0.894989 0.833461 0.65222 0.366649 0.175304 0.107283 0.1 0.118549 0.183259 0.316428 0.494237 0.643275 0.728891 0.764621 0.770212 0.756908 0.730373 0.693117 0.64467 0.582688 0.506335 0.419812 0.331749 0.251998 0.187872 0.142448 0.115362 0.103001 0.1 0.1 0.1 0.100731 0.124726 0.206741 0.385505 0.622884 0.794477 0.87316 0.897686 0.9 0.9 0.9 0.9 0.9 0.9 0.9 0.893575 0.883149 0.871273 0.859717 0.853639 0.85695 0.869237 0.8848 0.896281 0.9 0.896415 0.879452 0.844306 0.789419 0.716267 0.629782 0.536379 0.443137 0.356356 0.279987 0.216082 0.165906 0.130637 0.110091 0.101195 0.1 0.1 0.1 0.1 0.1 
0.1 0.1 0.14013 0.275673 0.552852 0.793223 0.887124 0.9 0.9 0.885342 0.795002 0.566216 0.287361 0.143278 0.1 0.1 0.160304 0.351546 0.661172 0.844636 0.9 0.9 0.876064 0.769919 0.514146 0.245531 0.127881 0.1 0.1 0.140941 0.288726 0.580977 0.805101 0.886282 0.9 0.9 0.9 0.9 0.9 0.9 0.899549 0.893256 0.882646 0.872024 0.864088 0.860132 0.859321 0.860114 0.861223 0.862045 0.862413 0.861821 0.859087 0.851597 0.83344 0.797328 0.731671 0.622681 0.471269 0.314018 0.196758 0.131971 0.105746 0.1 0.1 0.1 0.1 0.1 0.1 0.100051 0.114023 0.166616 0.290552 0.485323 0.677019 0.803167 0.867215 0.893194 0.9 0.9 0.891889 0.876401 0.858088 0.845395 0.8449 0.856744 0.874767 0.890555 0.899816 0.9 0.9 0.897767 0.895251 0.893996 0.894635 0.89675 0.899083 0.9 0.9 0.9 0.9 0.9 0.9 0.9 0.891508 0.867554 0.822929 0.765017 0.714876 0.698672 0.729597 0.792269 0.850713 0.884401 0.89727 0.9 0.9 0.9 0.899887 0.893467 0.878565 0.850694 0.808019 0.754598 0.702579 0.670761 0.675943 0.722131 0.791656 0.852447 0.886665 0.898874 0.9 0.9 0.9 0.9 0.9 0.9 0.9 0.9 0.9 0.9 0.9 0.9 0.9 0.9 0.9 0.9 0.9 0.9 0.9 0.864804 0.731554 0.468906 0.239103 0.136623 0.105195 0.1 0.1 0.1 0.1 0.1 0.1 0.1 0.1 0.1 0.1 0.1 0.1 0.109404 0.160029 0.314491 0.600039 0.818456 0.897165 0.9 0.877642 0.778472 0.551505 0.28574 0.143482 0.1 0.103129 0.150818 0.280192 0.500046 0.704205 0.817714 0.86381 0.877587 0.879144 0.87473 0.866334 0.854039 0.83539 0.80643 0.763063 0.700036 0.610802 0.495998 0.370753 0.259247 0.178146 0.129811 0.107029 0.1 0.1 0.1 0.105593 0.143483 0.249612 0.445462 0.660764 0.800912 0.865871 0.889787 0.897688 0.898729 0.895434 0.888087 0.876174 0.858496 0.831595 0.796823 0.75938 0.727977 0.714907 0.730248 0.773559 0.82817 0.87119 0.893394 0.9 0.899974 0.891983 0.87672 0.852281 0.81792 0.772595 0.71387 0.638234 0.543306 0.432892 0.320406 0.223633 0.155424 0.117424 0.10243 0.1 0.1 0.1 0.1 
0.1 0.1 0.142645 0.287027 0.574949 0.806777 0.890505 0.9 0.9 0.895379 0.829372 0.627965 0.328069 0.154859 0.1 0.1 0.158428 0.347379 0.657443 0.843264 0.9 0.9 0.874107 0.762384 0.500161 0.237702 0.125847 0.1 0.1 0.143832 0.298861 0.595592 0.812113 0.888144 0.9 0.9 0.9 0.898853 0.897131 0.89689 0.898891 0.9 0.9 0.9 0.898952 0.898632 0.898999 0.899627 0.9 0.9 0.9 0.9 0.9 0.899834 0.895196 0.884053 0.859364 0.805261 0.699946 0.532667 0.343814 0.203614 0.131071 0.104508 0.1 0.1 0.1 0.1 0.1 0.106411 0.14268 0.250065 0.458498 0.681371 0.817716 0.877086 0.89661 0.9 0.9 0.888627 0.857533 0.80477 0.74529 0.70509 0.701879 0.735937 0.791618 0.845666 0.881721 0.897008 0.9 0.9 0.9 0.9 0.9 0.9 0.9 0.9 0.897614 0.892345 0.887548 0.886961 0.891652 0.898476 0.9 0.9 0.888444 0.870631 0.853559 0.846387 0.854515 0.872496 0.888657 0.898071 0.9 0.9 0.899401 0.892462 0.876566 0.845197 0.792288 0.713469 0.612739 0.507196 0.422124 0.378427 0.391525 0.476097 0.62451 0.771843 0.857865 0.891815 0.9 0.9 0.9 0.9 0.899636 0.896996 0.894547 0.894082 0.895661 0.898133 0.899973 0.9 0.9 0.9 0.9 0.9 0.898385 0.890389 0.866394 0.792072 0.618353 0.3685 0.193276 0.121293 0.101432 0.1 0.100007 0.10352 0.108697 0.113067 0.114645 0.112739 0.108254 0.103245 0.100007 0.1 0.1 0.106531 0.146898 0.272331 0.521252 0.752188 0.855166 0.867285 0.816451 0.66828 0.420674 0.213319 0.120846 0.1 0.117048 0.202741 0.404817 0.661862 0.822433 0.884882 0.9 0.9 0.9 0.9 0.9 0.9 0.897544 0.889928 0.876253 0.853664 0.812305 0.74213 0.632067 0.484721 0.332115 0.213916 0.143182 0.110213 0.1 0.1 0.1 0.11289 0.16249 0.276741 0.45573 0.634139 0.752338 0.812498 0.837037 0.840562 0.829305 0.804831 0.76669 0.714144 0.647657 0.573226 0.502679 0.450741 0.433094 0.465797 0.559745 0.69412 0.809406 0.871429 0.894768 0.9 0.9 0.899436 0.895152 0.887159 0.874841 0.855359 0.824287 0.774592 0.694793 0.573594 0.418533 0.27049 0.168965 0.118517 0.10159 0.1 0.1 0.1 
0.1 0.1 0.139812 0.278538 0.562217 0.799149 0.88746 0.9 0.9 0.898904 0.84526 0.662313 0.355164 0.16302 0.1 0.1 0.156902 0.343555 0.653757 0.841878 0.9 0.9 0.872039 0.754599 0.486308 0.2302 0.123889 0.1 0.1 0.146378 0.307628 0.607789 0.818123 0.889978 0.9 0.9 0.896743 0.888429 0.87779 0.871789 0.875295 0.885375 0.895309 0.9 0.9 0.9 0.9 0.9 0.9 0.9 0.9 0.9 0.9 0.9 0.9 0.9 0.897152 0.880921 0.833769 0.72865 0.547968 0.340379 0.193871 0.124413 0.102113 0.1 0.1 0.1 0.100576 0.116274 0.180561 0.350204 0.613244 0.80191 0.879762 0.899533 0.9 0.9 0.891431 0.856226 0.772446 0.639904 0.508828 0.432015 0.424745 0.484574 0.598936 0.729859 0.829275 0.88032 0.897741 0.9 0.9 0.9 0.9 0.9 0.899459 0.894163 0.880079 0.857166 0.835315 0.82807 0.839858 0.862798 0.884397 0.898794 0.9 0.9 0.897661 0.895622 0.896927 0.9 0.9 0.9 0.898444 0.889784 0.87214 0.839232 0.784358 0.700584 0.58735 0.458566 0.340572 0.252068 0.196483 0.171116 0.180935 0.251348 0.422231 0.657724 0.816378 0.881381 0.899588 0.9 0.897937 0.889153 0.872694 0.851907 0.835324 0.828761 0.831972 0.840905 0.850956 0.859099 0.864923 0.867993 0.867659 0.862392 0.848029 0.815483 0.747961 0.618567 0.424965 0.243071 0.142392 0.105841 0.1 0.103571 0.115673 0.135725 0.158931 0.177495 0.184222 0.176318 0.156951 0.133628 0.114235 0.10322 0.1 0.10154 0.12543 0.204551 0.375715 0.584683 0.711356 0.731443 0.654509 0.482184 0.282471 0.155474 0.105277 0.1 0.137697 0.268758 0.527964 0.764741 0.872284 0.9 0.9 0.9 0.9 0.9 0.9 0.9 0.9 0.9 0.9 0.9 0.889187 0.864483 0.812624 0.717093 0.567177 0.388528 0.240313 0.15167 0.111731 0.1 0.1 0.101567 0.118463 0.166892 0.259834 0.387496 0.512465 0.600761 0.644719 0.651154 0.62758 0.579311 0.511889 0.433869 0.356561 0.290055 0.239643 0.206858 0.195885 0.220248 0.312671 0.499424 0.710985 0.835676 0.884465 0.898257 0.9 0.9 0.9 0.9 0.9 0.897486 0.890323 0.875556 0.84392 0.777748 0.652331 0.464538 0.277879 0.16127 0.112257 0.1 0.1 0.1 
0.1 0.1 0.13303 0.254877 0.521315 0.77443 0.87971 0.9 0.9 0.9 0.851908 0.677376 0.368493 0.167359 0.1 0.1 0.155968 0.341375 0.651561 0.840957 0.9 0.9 0.869528 0.745528 0.470951 0.222059 0.121708 0.1 0.1 0.148641 0.315352 0.618407 0.823775 0.892208 0.9 0.897623 0.883129 0.852929 0.81447 0.790298 0.798 0.831694 0.868547 0.891301 0.899445 0.9 0.9 0.898546 0.89233 0.882124 0.872629 0.869852 0.875674 0.886295 0.895744 0.9 0.9 0.9 0.886742 0.839391 0.725353 0.526872 0.311623 0.174146 0.11566 0.1 0.1 0.1 0.101881 0.125736 0.214708 0.432339 0.707891 0.855723 0.898491 0.9 0.9 0.897213 0.874216 0.798234 0.630905 0.415727 0.265834 0.201638 0.195648 0.239816 0.350708 0.534672 0.725746 0.842353 0.888701 0.9 0.9 0.9 0.9 0.9 0.895216 0.876437 0.831855 0.759763 0.689922 0.661169 0.684789 0.743241 0.807672 0.857371 0.885517 0.89878 0.9 0.9 0.9 0.9 0.895379 0.883665 0.862555 0.825874 0.767829 0.682644 0.570212 0.44302 0.324486 0.232237 0.169872 0.131924 0.111639 0.102112 0.105543 0.148831 0.294892 0.564143 0.780517 0.872948 0.899842 0.9 0.886337 0.850802 0.788756 0.716067 0.660635 0.636399 0.639736 0.659773 0.685561 0.70935 0.727034 0.736085 0.734118 0.717476 0.679646 0.611065 0.504494 0.368849 0.238376 0.149324 0.108598 0.1 0.108286 0.134513 0.181163 0.244793 0.311259 0.360792 0.377939 0.357227 0.304454 0.236046 0.172896 0.128981 0.106235 0.1 0.107143 0.143647 0.227687 0.348842 0.445133 0.4638 0.398176 0.282497 0.178089 0.119674 0.1 0.105275 0.16508 0.341906 0.627638 0.821772 0.890766 0.9 0.9 0.9 0.89676 0.889114 0.878749 0.870631 0.869599 0.876576 0.888247 0.898784 0.9 0.9 0.885321 0.846667 0.762899 0.614508 0.420549 0.25321 0.154565 0.111816 0.1 0.1 0.102476 0.116534 0.149469 0.201616 0.262878 0.315708 0.345989 0.348964 0.328155 0.291683 0.248522 0.205852 0.16935 0.142285 0.124751 0.113073 0.107503 0.116245 0.178958 0.353868 0.620242 0.801197 0.874276 0.896123 0.9 0.9 0.9 0.9 0.9 0.9 0.9 0.9 0.894189 0.871616 0.806692 0.66344 0.441044 0.241581 0.138279 0.104047 0.1 0.1 
0.1 0.1 0.12397 0.221278 0.455483 0.727528 0.863674 0.9 0.9 0.9 0.851404 0.674253 0.366105 0.167046 0.1 0.1 0.156162 0.342543 0.6525 0.841015 0.9 0.9 0.866325 0.734429 0.453144 0.21277 0.119133 0.1 0.1 0.150519 0.321794 0.627376 0.829123 0.895047 0.9 0.888885 0.848364 0.764886 0.659233 0.594057 0.610698 0.69836 0.801116 0.867382 0.89453 0.9 0.9 0.890082 0.864342 0.823727 0.78565 0.773437 0.794383 0.834601 0.871847 0.893275 0.9 0.9 0.9 0.88571 0.830698 0.697999 0.479436 0.269865 0.152325 0.108407 0.1 0.1 0.102378 0.129981 0.230925 0.469856 0.743436 0.871588 0.9 0.9 0.9 0.892777 0.852245 0.72792 0.484041 0.255151 0.144666 0.111857 0.109206 0.127596 0.191504 0.344298 0.584902 0.782352 0.871468 0.897525 0.9 0.9 0.9 0.898835 0.886127 0.842247 0.737378 0.572455 0.431122 0.375086 0.402143 0.492094 0.613304 0.725149 0.803419 0.848219 0.868121 0.874526 0.871906 0.860705 0.837196 0.796605 0.734243 0.646205 0.535324 0.41559 0.307199 0.223002 0.164619 0.128592 0.109642 0.100826 0.1 0.1 0.1 0.128386 0.261441 0.535618 0.77033 0.871671 0.9 0.894609 0.857536 0.766544 0.614386 0.461924 0.368312 0.333177 0.334526 0.355821 0.385881 0.416366 0.440754 0.453751 0.451083 0.429499 0.387452 0.32702 0.256062 0.187615 0.134539 0.104957 0.1 0.113894 0.155207 0.233302 0.348269 0.478104 0.587151 0.653413 0.673613 0.64836 0.575123 0.457802 0.323383 0.211197 0.140914 0.107831 0.1 0.109254 0.139552 0.186594 0.227587 0.23672 0.208863 0.162872 0.124049 0.103703 0.1 0.114907 0.19787 0.41583 0.699734 0.853057 0.898012 0.9 0.9 0.895585 0.879845 0.847668 0.804452 0.769316 0.759734 0.778428 0.814974 0.853711 0.882281 0.899294 0.9 0.893383 0.8622 0.783676 0.634248 0.431262 0.255703 0.154431 0.111605 0.1 0.1 0.101023 0.108438 0.122337 0.140846 0.157862 0.16734 0.16662 0.157251 0.143508 0.129551 0.116393 0.105868 0.1 0.1 0.1 0.1 0.1 0.149293 0.313689 0.59073 0.789513 0.87083 0.89541 0.9 0.9 0.9 0.899057 0.8975 0.896935 0.898223 0.9 0.9 0.899413 0.875656 0.793723 0.609833 0.358978 0.184858 0.114844 0.1 0.1 
0.1 0.1 0.114283 0.183204 0.369203 0.644857 0.82577 0.891483 0.9 0.899883 0.838214 0.643997 0.342886 0.16055 0.1 0.1 0.158617 0.349921 0.658871 0.842751 0.9 0.9 0.862313 0.721065 0.432894 0.202334 0.116122 0.1 0.100225 0.151846 0.326336 0.633942 0.833529 0.898046 0.9 0.8729 0.786264 0.611362 0.418543 0.320025 0.341045 0.478894 0.679713 0.823868 0.884948 0.9 0.896728 0.867604 0.7966 0.684757 0.584421 0.551905 0.600036 0.702173 0.80481 0.869124 0.895396 0.9 0.9 0.899519 0.879509 0.809628 0.650455 0.416618 0.226395 0.133354 0.103354 0.1 0.101385 0.126747 0.2229 0.455676 0.732755 0.86745 0.9 0.9 0.9 0.889095 0.834143 0.671943 0.3881 0.18222 0.107913 0.1 0.1 0.1 0.126105 0.227119 0.452899 0.712423 0.84906 0.893089 0.9 0.9 0.9 0.897078 0.87476 0.798775 0.619126 0.376381 0.222474 0.172479 0.185787 0.244292 0.344765 0.473183 0.596154 0.685149 0.73473 0.752634 0.744949 0.713471 0.656766 0.574532 0.473268 0.368153 0.275854 0.204608 0.155071 0.124877 0.107763 0.1 0.1 0.1 0.1 0.1 0.105029 0.15208 0.305661 0.579231 0.790693 0.87853 0.9 0.883448 0.813562 0.647264 0.409419 0.241698 0.170868 0.152323 0.154183 0.165183 0.180055 0.195264 0.207771 0.214793 0.214072 0.204368 0.186025 0.161457 0.135283 0.113801 0.1 0.1 0.121404 0.176723 0.281377 0.435079 0.599702 0.72603 0.801574 0.838507 0.848648 0.835657 0.793027 0.705427 0.56124 0.384976 0.237205 0.148729 0.109386 0.1 0.104694 0.118938 0.132809 0.13674 0.128758 0.115211 0.104381 0.1 0.1 0.125599 0.233481 0.485198 0.750047 0.870504 0.9 0.9 0.897643 0.882116 0.836643 0.745282 0.627137 0.537344 0.509626 0.543263 0.621779 0.718309 0.804174 0.862995 0.891837 0.9 0.896758 0.867443 0.789152 0.637356 0.431751 0.256558 0.156225 0.112994 0.1 0.1 0.1 0.100494 0.103608 0.106844 0.108096 0.106586 0.103125 0.1 0.1 0.1 0.1 0.1 0.1 0.101453 0.1067 0.124825 0.197 0.378945 0.638406 0.808476 0.87655 0.896772 0.9 0.9 0.896747 0.88928 0.879685 0.873873 0.876364 0.885396 0.894957 0.9 0.898107 0.859568 0.736491 0.496322 0.255795 0.134741 0.1 0.1 
0.1 0.1 0.105657 0.146636 0.273722 0.51323 0.738169 0.852278 0.886956 0.875894 0.786551 0.56623 0.294031 0.146858 0.1 0.1 0.165863 0.368331 0.673619 0.847005 0.9 0.9 0.857607 0.706014 0.411408 0.191296 0.112774 0.1 0.100401 0.152301 0.328554 0.637483 0.836031 0.9 0.9 0.85383 0.712908 0.454057 0.238793 0.153364 0.16807 0.293385 0.542589 0.770503 0.873344 0.9 0.889256 0.82799 0.681006 0.471235 0.321671 0.279565 0.33385 0.479921 0.670847 0.813361 0.880162 0.899663 0.9 0.9 0.896825 0.867558 0.776071 0.586595 0.349619 0.188032 0.118666 0.1 0.1 0.11788 0.195227 0.397148 0.678996 0.843747 0.89539 0.9 0.9 0.888224 0.827497 0.649135 0.352706 0.161004 0.100919 0.1 0.1 0.1 0.105856 0.171297 0.362899 0.650952 0.827579 0.88846 0.9 0.9 0.9 0.89627 0.867318 0.766847 0.535077 0.269508 0.137584 0.10332 0.107354 0.129724 0.173772 0.240937 0.322851 0.400957 0.456297 0.47879 0.46704 0.425682 0.364204 0.29536 0.230792 0.177824 0.140422 0.117069 0.103498 0.1 0.1 0.1 0.1 0.10246 0.107817 0.119685 0.151538 0.24055 0.431191 0.675285 0.829417 0.889361 0.9 0.872241 0.773729 0.549812 0.283876 0.14433 0.103875 0.1 0.101427 0.105315 0.11007 0.114742 0.118559 0.120804 0.120885 0.118476 0.113657 0.10702 0.10025 0.1 0.104479 0.133389 0.202386 0.327411 0.501083 0.671399 0.790246 0.855302 0.885102 0.897117 0.9 0.896237 0.881719 0.843678 0.760514 0.612554 0.419934 0.254418 0.155986 0.112391 0.1 0.1 0.103932 0.105657 0.104272 0.101604 0.1 0.1 0.101396 0.137563 0.2706 0.546766 0.785678 0.880857 0.9 0.9 0.892508 0.858274 0.761969 0.577162 0.381853 0.270661 0.240982 0.266844 0.343054 0.470024 0.625597 0.762178 0.848699 0.888885 0.9 0.896671 0.866794 0.788029 0.637902 0.43836 0.268298 0.16776 0.121016 0.103953 0.1 0.1 0.1 0.1 0.1 0.1 0.1 0.1 0.102991 0.110704 0.121126 0.132583 0.144655 0.159931 0.18524 0.237388 0.350443 0.541745 0.735817 0.844989 0.887249 0.899122 0.9 0.896276 0.882646 0.855077 0.819408 0.795605 0.800022 0.829257 0.865165 0.890953 0.9 0.888661 0.816591 0.628444 0.355878 0.170724 0.1 0.1 
0.123119 0.1 0.1 0.117413 0.187585 0.348184 0.565359 0.72562 0.790867 0.771845 0.6515 0.429172 0.225744 0.128066 0.1 0.105568 0.184093 0.404795 0.69936 0.8544 0.9 0.9 0.852674 0.691114 0.391379 0.180793 0.109298 0.1 0.100293 0.152045 0.329486 0.639028 0.836572 0.9 0.9 0.838737 0.656193 0.357798 0.163393 0.1 0.107051 0.203659 0.446557 0.727512 0.864377 0.9 0.879783 0.781542 0.55728 0.301127 0.167587 0.136726 0.169365 0.282459 0.492916 0.716125 0.845232 0.892399 0.9 0.9 0.9 0.892312 0.849085 0.729625 0.512086 0.287141 0.157285 0.10846 0.1 0.107542 0.15962 0.313158 0.580875 0.792125 0.879717 0.9 0.9 0.890747 0.834161 0.661985 0.365926 0.167898 0.103901 0.1 0.1 0.1 0.100146 0.148583 0.315843 0.610931 0.812818 0.885304 0.9 0.9 0.9 0.89726 0.868164 0.761291 0.512564 0.243224 0.123174 0.1 0.1 0.101192 0.112096 0.133642 0.163731 0.195569 0.22005 0.229928 0.22271 0.201349 0.172876 0.14534 0.123587 0.10752 0.1 0.1 0.1 0.102945 0.111169 0.121654 0.133897 0.150412 0.174894 0.21608 0.292317 0.428868 0.617593 0.780742 0.866784 0.897844 0.89987 0.867817 0.760838 0.521433 0.25396 0.126935 0.1 0.1 0.1 0.1 0.1 0.1 0.1 0.1 0.1 0.1 0.1 0.1 0.1 0.112316 0.150202 0.234295 0.377439 0.559003 0.719654 0.823072 0.875642 0.896011 0.9 0.9 0.9 0.9 0.9 0.891833 0.860922 0.784435 0.640145 0.44456 0.270877 0.165004 0.116206 0.1 0.1 0.1 0.1 0.1 0.1 0.1 0.104013 0.151007 0.308487 0.599376 0.811762 0.887786 0.9 0.9 0.88661 0.831441 0.679987 0.421066 0.219888 0.137045 0.1216 0.132055 0.168432 0.24677 0.386902 0.577487 0.749051 0.850341 0.891436 0.9 0.894988 0.865129 0.790125 0.652059 0.469953 0.307737 0.20329 0.148049 0.122032 0.110474 0.105618 0.10491 0.10769 0.113979 0.124031 0.138449 0.159355 0.188181 0.22324 0.261612 0.301616 0.345771 0.402529 0.48526 0.601336 0.729784 0.827525 0.877562 0.896094 0.9 0.898504 0.885663 0.847728 0.770205 0.66907 0.601786 0.607417 0.679121 0.776466 0.853848 0.893876 0.9 0.865063 0.739098 0.49019 0.245926 0.123119 0.1 
0.197667 0.124715 0.1 0.1 0.12804 0.206951 0.340739 0.479922 0.55591 0.537078 0.425174 0.272352 0.160581 0.110385 0.1 0.117703 0.219208 0.464819 0.736028 0.864705 0.9 0.899831 0.848418 0.680031 0.377557 0.172844 0.106051 0.1 0.1 0.152419 0.332928 0.642468 0.837271 0.9 0.9 0.830633 0.625905 0.318538 0.145978 0.1 0.1 0.176519 0.403697 0.706021 0.860642 0.9 0.872209 0.745604 0.473362 0.220808 0.116613 0.1 0.111125 0.174877 0.333911 0.580123 0.778604 0.870941 0.898246 0.9 0.9 0.9 0.884562 0.822373 0.670605 0.434179 0.233604 0.133539 0.100692 0.1 0.128089 0.228941 0.449701 0.702164 0.844503 0.893048 0.9 0.895628 0.850183 0.700947 0.416433 0.194582 0.112572 0.1 0.1 0.1 0.1 0.142788 0.300322 0.596063 0.807725 0.88453 0.9 0.9 0.9 0.899184 0.875886 0.778927 0.539087 0.260651 0.130609 0.1 0.1 0.1 0.1 0.103001 0.109697 0.117619 0.123837 0.125979 0.122965 0.115466 0.106214 0.1 0.1 0.1 0.103273 0.115619 0.133264 0.15657 0.186811 0.222689 0.263575 0.311218 0.37007 0.447563 0.549573 0.669228 0.780191 0.854734 0.889775 0.9 0.899382 0.872698 0.782034 0.570903 0.305669 0.156229 0.108075 0.1 0.1 0.1 0.1 0.1 0.1 0.1 0.1 0.1 0.1 0.100858 0.116081 0.163662 0.265039 0.427598 0.612881 0.758955 0.845271 0.88586 0.9 0.9 0.9 0.899788 0.899759 0.9 0.9 0.9 0.896003 0.869992 0.798905 0.661494 0.46856 0.288697 0.174349 0.120062 0.102165 0.1 0.1 0.1 0.1 0.1 0.107387 0.165742 0.346518 0.643328 0.831326 0.892713 0.9 0.9 0.88322 0.814797 0.629389 0.341078 0.158844 0.100851 0.1 0.1 0.10851 0.138267 0.214306 0.368374 0.588433 0.773298 0.866241 0.896851 0.9 0.893974 0.867197 0.803981 0.692393 0.543546 0.397958 0.290476 0.224445 0.188452 0.172195 0.170045 0.179715 0.200751 0.233364 0.277738 0.33386 0.399834 0.470034 0.537061 0.596053 0.647072 0.694747 0.745176 0.79886 0.847313 0.879961 0.895231 0.9 0.9 0.89455 0.867328 0.787735 0.623818 0.432116 0.325275 0.32688 0.42494 0.594948 0.761363 0.861973 0.9 0.892743 0.822296 0.643222 0.385112 0.197667 0.124715 
0.355571 0.211005 0.132594 0.100246 0.1 0.128041 0.183646 0.249586 0.291583 0.283706 0.230253 0.164697 0.119243 0.1 0.1 0.140511 0.279885 0.548776 0.779714 0.876588 0.9 0.898085 0.846175 0.678751 0.377975 0.171438 0.103959 0.1 0.1 0.156876 0.346466 0.653889 0.840258 0.9 0.9 0.827044 0.612321 0.305216 0.142795 0.1 0.1 0.173263 0.396118 0.703439 0.86144 0.9 0.868792 0.72865 0.437393 0.196499 0.108871 0.1 0.1 0.127954 0.223787 0.423735 0.66277 0.81641 0.880898 0.898962 0.9 0.9 0.897879 0.871962 0.786167 0.600898 0.359449 0.190284 0.117259 0.1 0.107895 0.163879 0.318368 0.572667 0.780582 0.874173 0.9 0.9 0.868743 0.751262 0.493414 0.239538 0.127134 0.1 0.1 0.1 0.100904 0.145842 0.306149 0.603154 0.811866 0.886105 0.9 0.9 0.9 0.9 0.885479 0.805862 0.588022 0.298044 0.146698 0.103515 0.1 0.1 0.1 0.1 0.1 0.1 0.1 0.1 0.1 0.1 0.1 0.10249 0.115164 0.135554 0.16524 0.207844 0.262127 0.325749 0.395704 0.467618 0.537222 0.601896 0.661728 0.718814 0.774436 0.825805 0.86594 0.889804 0.899024 0.9 0.899703 0.8837 0.8245 0.676232 0.443362 0.25501 0.159931 0.120845 0.10536 0.1 0.1 0.1 0.1 0.1 0.1 0.1 0.100265 0.11393 0.163346 0.277111 0.460169 0.653461 0.789811 0.862597 0.892967 0.9 0.89952 0.890444 0.881768 0.876939 0.877135 0.881761 0.888925 0.896374 0.9 0.9 0.875778 0.810314 0.680859 0.490119 0.301927 0.178805 0.121034 0.10217 0.1 0.1 0.1 0.1 0.111252 0.181497 0.384116 0.679695 0.846189 0.896261 0.9 0.9 0.884302 0.816362 0.628448 0.335215 0.154208 0.1 0.1 0.1 0.1 0.104251 0.133233 0.222365 0.412853 0.659357 0.821692 0.885204 0.9 0.9 0.894962 0.875137 0.831096 0.757393 0.659553 0.555598 0.466617 0.405378 0.373984 0.36973 0.389545 0.43053 0.488354 0.556015 0.625104 0.688351 0.741269 0.782636 0.814007 0.837073 0.853981 0.868794 0.88246 0.893237 0.89908 0.9 0.9 0.9 0.890667 0.848464 0.724436 0.481426 0.255054 0.156814 0.153766 0.22092 0.377524 0.60371 0.788283 0.87836 0.9 0.874925 0.776129 0.579984 0.355571 0.211005 
0.582589 0.389574 0.227193 0.134463 0.1 0.1 0.117368 0.140587 0.156397 0.154895 0.137613 0.11633 0.102261 0.1 0.114301 0.188377 0.377731 0.647657 0.823387 0.887801 0.9 0.896676 0.849197 0.695225 0.405711 0.185603 0.106354 0.1 0.102734 0.174041 0.38325 0.680563 0.84773 0.9 0.899334 0.823089 0.601627 0.297664 0.141537 0.1 0.101902 0.180085 0.408619 0.713006 0.86496 0.9 0.869112 0.727838 0.433868 0.196184 0.110895 0.1 0.1 0.108356 0.15607 0.281123 0.492783 0.699932 0.824007 0.878646 0.896779 0.9 0.9 0.893571 0.853892 0.739156 0.522312 0.290639 0.155746 0.106079 0.1 0.12359 0.217142 0.426272 0.68266 0.837077 0.892416 0.9 0.884187 0.799602 0.58201 0.302597 0.150471 0.104271 0.1 0.1 0.103546 0.155063 0.326817 0.625695 0.822474 0.889308 0.9 0.9 0.9 0.9 0.893103 0.828627 0.63233 0.335548 0.163381 0.108261 0.1 0.1 0.1 0.1 0.1 0.1 0.1 0.1 0.102335 0.112572 0.131331 0.161076 0.207048 0.269694 0.347887 0.438175 0.53149 0.616393 0.685931 0.73992 0.781667 0.813925 0.838854 0.858246 0.873742 0.886584 0.895702 0.9 0.9 0.9 0.9 0.894221 0.86567 0.787295 0.636956 0.451521 0.299959 0.202179 0.144807 0.114595 0.102438 0.1 0.1 0.1 0.1 0.1 0.10758 0.147413 0.256169 0.452801 0.665662 0.806263 0.873738 0.898076 0.9 0.890983 0.868132 0.834395 0.802787 0.784771 0.784954 0.801641 0.82904 0.859314 0.884481 0.9 0.9 0.879239 0.819188 0.693592 0.497437 0.297957 0.171122 0.116108 0.100594 0.1 0.1 0.1 0.115462 0.198017 0.420748 0.70974 0.85748 0.898687 0.9 0.9 0.889122 0.833775 0.670635 0.387316 0.182589 0.109277 0.1 0.1 0.1 0.1 0.105352 0.14785 0.281485 0.53391 0.763338 0.867388 0.897131 0.9 0.9 0.897588 0.886548 0.862861 0.8259 0.779716 0.732277 0.693471 0.671058 0.668409 0.684335 0.714037 0.750755 0.787909 0.821008 0.847859 0.867857 0.881689 0.892214 0.898932 0.9 0.9 0.9 0.9 0.9 0.9 0.9 0.9 0.889754 0.840809 0.694437 0.416786 0.190068 0.104479 0.1 0.129923 0.224949 0.419962 0.662379 0.825242 0.89214 0.9 0.861472 0.757341 0.582589 0.389574 
0.77224 0.619443 0.397908 0.214592 0.12547 0.1 0.1 0.10599 0.110719 0.110797 0.106525 0.101431 0.1 0.106677 0.14966 0.276418 0.512576 0.743384 0.859646 0.89609 0.9 0.896878 0.85936 0.734354 0.477603 0.236433 0.126974 0.102592 0.122965 0.225797 0.461545 0.7271 0.860748 0.9 0.895795 0.813445 0.582491 0.285349 0.138219 0.1 0.106138 0.193186 0.433142 0.729285 0.869815 0.9 0.871412 0.735905 0.446597 0.204889 0.114963 0.1 0.1 0.100653 0.118998 0.180081 0.312709 0.508849 0.694161 0.813538 0.872522 0.894849 0.9 0.9 0.886974 0.827929 0.677115 0.434181 0.227484 0.128606 0.1 0.103593 0.153341 0.300256 0.558606 0.77839 0.875713 0.9 0.895465 0.838447 0.665716 0.380263 0.183164 0.11227 0.1 0.1 0.107382 0.1685 0.356967 0.655984 0.835917 0.893142 0.9 0.9 0.9 0.9 0.896674 0.838629 0.652135 0.354542 0.172726 0.111328 0.1 0.1 0.1 0.1 0.1 0.1 0.104501 0.117601 0.143174 0.186463 0.249696 0.332871 0.432888 0.538982 0.636618 0.716376 0.77726 0.821026 0.850054 0.868521 0.881595 0.890989 0.897182 0.9 0.9 0.9 0.9 0.9 0.9 0.9 0.9 0.899945 0.891037 0.861069 0.79451 0.683831 0.53912 0.385671 0.254668 0.165871 0.119817 0.102876 0.1 0.1 0.1 0.101515 0.124581 0.206716 0.391927 0.633204 0.800679 0.876048 0.899765 0.9 0.887314 0.848513 0.774101 0.678634 0.597394 0.554293 0.553497 0.590637 0.657501 0.739691 0.817025 0.871958 0.898432 0.9 0.881498 0.822094 0.687857 0.472207 0.265327 0.150132 0.108125 0.1 0.1 0.1 0.119949 0.215158 0.456054 0.734683 0.865923 0.899979 0.9 0.9 0.895059 0.857935 0.735756 0.4854 0.244395 0.131599 0.101344 0.1 0.1 0.1 0.1 0.116135 0.206081 0.43212 0.70589 0.848309 0.893117 0.9 0.9 0.9 0.9 0.896051 0.887339 0.874885 0.860128 0.846977 0.839162 0.838605 0.844955 0.855974 0.868555 0.87998 0.88918 0.895996 0.9 0.9 0.9 0.897892 0.889618 0.881772 0.87914 0.882599 0.889725 0.896584 0.9 0.9 0.893076 0.849722 0.713125 0.441112 0.203547 0.109504 0.1 0.103871 0.146795 0.269181 0.493101 0.722968 0.853831 0.9 0.898877 0.860342 0.77224 0.619443 
0.869158 0.789119 0.592844 0.336244 0.171753 0.111336 0.1 0.1 0.100375 0.100415 0.1 0.1 0.103065 0.131853 0.223084 0.415241 0.657573 0.818845 0.884035 0.9 0.9 0.898496 0.8745 0.790422 0.600035 0.363551 0.218193 0.175092 0.213089 0.353025 0.589725 0.788129 0.877291 0.9 0.888681 0.794087 0.547854 0.264193 0.131836 0.1 0.112245 0.211122 0.465428 0.748867 0.875253 0.9 0.87399 0.746281 0.464154 0.215678 0.118971 0.1 0.1 0.1 0.103348 0.125036 0.185188 0.305903 0.486729 0.675363 0.807714 0.872783 0.895659 0.9 0.899329 0.874843 0.787302 0.590424 0.335839 0.171727 0.109547 0.1 0.119721 0.212865 0.432118 0.699608 0.849199 0.897908 0.9 0.865138 0.734019 0.46478 0.224221 0.123329 0.1 0.1 0.111726 0.183949 0.390914 0.686835 0.848941 0.896662 0.9 0.9 0.9 0.9 0.894414 0.830081 0.635354 0.342953 0.169561 0.111053 0.1 0.1 0.1 0.1 0.101114 0.111756 0.139106 0.190415 0.270123 0.376428 0.497224 0.612777 0.707992 0.779081 0.828883 0.86063 0.881144 0.894188 0.9 0.9 0.9 0.9 0.9 0.9 0.9 0.899726 0.899012 0.898822 0.899351 0.9 0.9 0.9 0.9 0.89344 0.873749 0.831283 0.754932 0.628599 0.452098 0.277172 0.164395 0.115161 0.100954 0.1 0.1 0.107011 0.152689 0.28953 0.53852 0.759678 0.86581 0.897989 0.9 0.891553 0.854578 0.758947 0.592195 0.420944 0.313753 0.270254 0.268992 0.302622 0.377753 0.50183 0.657394 0.792238 0.869892 0.899013 0.9 0.880682 0.809816 0.644518 0.398825 0.208492 0.124879 0.101606 0.1 0.1 0.124749 0.233043 0.490123 0.755798 0.87217 0.9 0.9 0.9 0.89927 0.879507 0.800861 0.608078 0.347061 0.177705 0.11309 0.1 0.1 0.1 0.1 0.10403 0.171162 0.374028 0.667379 0.835012 0.890258 0.9 0.9 0.9 0.9 0.9 0.9 0.899732 0.897108 0.894163 0.892418 0.892445 0.894115 0.8967 0.899069 0.9 0.9 0.9 0.9 0.895253 0.879332 0.850367 0.814654 0.788931 0.785609 0.805362 0.838305 0.870322 0.891499 0.9 0.898796 0.869564 0.766663 0.535236 0.275585 0.140738 0.10218 0.1 0.112454 0.172852 0.325161 0.566599 0.772622 0.872201 0.9 0.898129 0.869158 0.789119 
0.9 0.872189 0.732365 0.464868 0.228628 0.127107 0.101089 0.1 0.1 0.1 0.1 0.100729 0.120437 0.190392 0.350452 0.584873 0.774992 0.86709 0.896392 0.9 0.9 0.9 0.888779 0.844846 0.73858 0.574191 0.432391 0.379051 0.426809 0.565984 0.733687 0.845435 0.892121 0.9 0.876974 0.760845 0.494713 0.234682 0.122956 0.1 0.119876 0.233054 0.502513 0.769594 0.880866 0.9 0.875768 0.754778 0.479448 0.224899 0.12211 0.1 0.1 0.1 0.1 0.103441 0.121928 0.173913 0.286807 0.47857 0.691172 0.826707 0.882662 0.898714 0.9 0.894513 0.85105 0.717052 0.46666 0.236374 0.129299 0.1 0.103525 0.15944 0.327167 0.607006 0.810716 0.888099 0.9 0.882372 0.785275 0.546475 0.271826 0.13726 0.1 0.1 0.115733 0.19869 0.422546 0.712874 0.859334 0.899122 0.9 0.9 0.9 0.9 0.883375 0.796119 0.575253 0.300758 0.154548 0.107671 0.1 0.1 0.1 0.102764 0.119208 0.162063 0.243472 0.366076 0.511308 0.645163 0.746125 0.813931 0.856313 0.881339 0.896274 0.9 0.9 0.9 0.9 0.894324 0.886396 0.878111 0.870641 0.864792 0.860964 0.859121 0.859425 0.862568 0.868661 0.876884 0.88581 0.894124 0.9 0.9 0.899255 0.889091 0.862926 0.798467 0.65962 0.440522 0.241313 0.139916 0.105809 0.1 0.1 0.115741 0.189885 0.383855 0.657481 0.829894 0.891252 0.9 0.898207 0.877882 0.808202 0.639518 0.395224 0.223195 0.150709 0.131375 0.131208 0.14446 0.181904 0.267597 0.433914 0.6522 0.811071 0.880746 0.9 0.9 0.869277 0.763642 0.539298 0.28692 0.151213 0.106784 0.1 0.1 0.130043 0.252206 0.523619 0.774532 0.877373 0.9 0.9 0.9 0.9 0.893366 0.850574 0.723322 0.48752 0.260936 0.14328 0.104449 0.1 0.1 0.1 0.101252 0.164509 0.363614 0.660824 0.833463 0.890472 0.9 0.9 0.89988 0.899014 0.898916 0.899792 0.9 0.9 0.9 0.9 0.9 0.9 0.9 0.9 0.9 0.9 0.9 0.894403 0.872464 0.817903 0.725076 0.624669 0.561418 0.556136 0.606552 0.694177 0.786573 0.854568 0.890163 0.9 0.88885 0.827483 0.663318 0.407484 0.21124 0.124294 0.1 0.1 0.121554 0.203494 0.392533 0.647462 0.818907 0.885315 0.9 0.9 0.872189 
0.9 0.9 0.80277 0.561367 0.280266 0.142381 0.103132 0.1 0.1 0.1 0.1 0.111314 0.163507 0.297633 0.521637 0.732912 0.848991 0.891553 0.9 0.9 0.9 0.9 0.89735 0.880711 0.837142 0.764282 0.690548 0.658404 0.687255 0.760376 0.835548 0.882106 0.9 0.9 0.857027 0.707164 0.424305 0.200366 0.113141 0.1 0.12862 0.258031 0.541531 0.789872 0.886344 0.9 0.876295 0.759415 0.488738 0.230623 0.124006 0.1 0.1 0.1 0.1 0.1 0.100947 0.115503 0.16847 0.308169 0.549815 0.762495 0.862058 0.894123 0.9 0.9 0.882756 0.799118 0.588868 0.314637 0.1572 0.104476 0.1 0.130071 0.251804 0.512024 0.762719 0.873943 0.9 0.893818 0.822119 0.618081 0.324622 0.155248 0.10228 0.1 0.118408 0.209786 0.446282 0.73102 0.866075 0.9 0.9 0.9 0.9 0.895937 0.856668 0.727045 0.474691 0.240786 0.133914 0.103123 0.1 0.1 0.103172 0.123408 0.17863 0.287069 0.446621 0.614927 0.743621 0.823112 0.867329 0.890303 0.9 0.9 0.9 0.892837 0.87904 0.862378 0.844084 0.821928 0.797244 0.772291 0.749601 0.731463 0.719472 0.714581 0.717716 0.730019 0.752 0.782566 0.818258 0.853146 0.880282 0.895086 0.9 0.9 0.897089 0.873745 0.790377 0.595891 0.335708 0.1734 0.113408 0.1 0.1 0.126653 0.232405 0.474871 0.737262 0.86486 0.899777 0.9 0.895112 0.865607 0.769198 0.547854 0.281435 0.14068 0.100764 0.1 0.1 0.1 0.109558 0.14685 0.26515 0.500468 0.736987 0.854804 0.893629 0.9 0.892296 0.829322 0.650391 0.371396 0.183444 0.114257 0.1 0.1 0.136199 0.273635 0.557498 0.792008 0.882081 0.9 0.9 0.9 0.9 0.899723 0.881089 0.809125 0.637559 0.392284 0.208358 0.12448 0.1 0.1 0.1 0.107365 0.185952 0.403074 0.689733 0.845303 0.894456 0.9 0.897362 0.890231 0.882909 0.880347 0.884112 0.891073 0.897214 0.9 0.9 0.9 0.9 0.9 0.9 0.9 0.9 0.897901 0.882312 0.830416 0.706582 0.515237 0.354409 0.278206 0.272796 0.327108 0.444716 0.608592 0.759666 0.853664 0.894451 0.9 0.874215 0.779105 0.578816 0.338006 0.180883 0.115488 0.1 0.100591 0.134681 0.258631 0.507518 0.74809 0.8612 0.895167 0.9 0.9 
0.9 0.9 0.828548 0.615319 0.315588 0.152872 0.104368 0.1 0.1 0.1 0.104089 0.138455 0.24401 0.451804 0.684929 0.828774 0.886289 0.9 0.9 0.9 0.899903 0.9 0.9 0.89683 0.883759 0.85961 0.834098 0.822505 0.832757 0.858007 0.883026 0.897551 0.9 0.888558 0.816623 0.622899 0.34262 0.166333 0.104608 0.1 0.137993 0.284865 0.579666 0.808455 0.891383 0.9 0.87554 0.75971 0.490767 0.232161 0.124562 0.1 0.1 0.1 0.1 0.1 0.1 0.1 0.119469 0.215158 0.442959 0.705473 0.842621 0.889371 0.9 0.9 0.896211 0.844706 0.677296 0.390087 0.188485 0.113396 0.1 0.113625 0.200722 0.425897 0.70827 0.85669 0.9 0.9 0.847412 0.677313 0.382103 0.178281 0.107217 0.1 0.118976 0.214815 0.45811 0.740127 0.869422 0.9 0.9 0.9 0.9 0.881344 0.804413 0.616487 0.355583 0.182109 0.115494 0.1 0.1 0.102044 0.122078 0.182546 0.30825 0.493709 0.67491 0.797116 0.862121 0.890264 0.9 0.9 0.895786 0.879029 0.853593 0.817563 0.771717 0.720321 0.667495 0.614788 0.563911 0.517531 0.478707 0.449701 0.431554 0.424764 0.430462 0.451224 0.49092 0.553116 0.636983 0.731167 0.814202 0.868145 0.892977 0.9 0.9 0.896725 0.849847 0.696107 0.418528 0.205681 0.120924 0.1 0.1 0.139299 0.277334 0.553074 0.786998 0.881065 0.9 0.9 0.894137 0.862527 0.760189 0.528213 0.261121 0.129774 0.1 0.1 0.1 0.1 0.1 0.108376 0.19134 0.409283 0.683493 0.834541 0.887596 0.9 0.9 0.861431 0.721835 0.446069 0.215649 0.122163 0.1 0.1 0.143828 0.298751 0.592695 0.808992 0.886594 0.9 0.9 0.9 0.9 0.9 0.895494 0.861957 0.760414 0.560687 0.332137 0.18445 0.119589 0.1 0.101174 0.13395 0.251064 0.496177 0.746242 0.866198 0.9 0.897594 0.877926 0.847866 0.820532 0.81147 0.826059 0.854513 0.880498 0.8951 0.899904 0.9 0.9 0.9 0.9 0.9 0.9 0.895036 0.868124 0.781796 0.584261 0.333833 0.185144 0.134705 0.132114 0.160204 0.23583 0.384385 0.590783 0.767538 0.864435 0.9 0.899526 0.855695 0.732999 0.514226 0.290127 0.158737 0.108233 0.1 0.10428 0.18549 0.404665 0.684679 0.837381 0.888964 0.9 0.9 
0.9 0.9 0.837905 0.641262 0.335427 0.157882 0.104081 0.1 0.1 0.1 0.117629 0.190794 0.366453 0.615566 0.798076 0.878435 0.9 0.9 0.896421 0.892672 0.891464 0.893757 0.897803 0.9 0.899207 0.89299 0.885951 0.882649 0.885423 0.892176 0.898224 0.9 0.89603 0.859443 0.741023 0.504021 0.260534 0.137701 0.1 0.1 0.147808 0.312515 0.614714 0.824471 0.895654 0.9 0.873715 0.756066 0.486003 0.229798 0.123916 0.1 0.1 0.1 0.1 0.1 0.1 0.1 0.108892 0.190591 0.409092 0.685124 0.835364 0.887436 0.899742 0.9 0.9 0.865736 0.726236 0.443155 0.213283 0.121363 0.1 0.104216 0.166735 0.354213 0.648473 0.83455 0.896782 0.9 0.864226 0.726252 0.444701 0.2077 0.114905 0.1 0.117024 0.212347 0.455601 0.739607 0.869872 0.9 0.9 0.9 0.894231 0.850463 0.719047 0.476863 0.250104 0.138582 0.104223 0.1 0.1 0.11592 0.172552 0.302016 0.503635 0.698103 0.820012 0.878145 0.899895 0.9 0.895121 0.874238 0.83667 0.778091 0.701489 0.612548 0.520513 0.436553 0.368426 0.31658 0.277178 0.247082 0.224752 0.209299 0.200008 0.196503 0.19921 0.210052 0.233653 0.279701 0.365234 0.503359 0.670339 0.802935 0.871357 0.895681 0.9 0.9 0.870779 0.743272 0.468767 0.226342 0.125292 0.1 0.101448 0.155007 0.324935 0.617477 0.819218 0.889705 0.9 0.9 0.89574 0.870344 0.786018 0.586859 0.325333 0.168545 0.113305 0.100451 0.1 0.1 0.1 0.112041 0.195895 0.411217 0.681799 0.832319 0.886281 0.9 0.9 0.875237 0.762296 0.501503 0.242371 0.128781 0.1 0.1 0.153912 0.329203 0.629682 0.825834 0.891027 0.9 0.9 0.9 0.9 0.9 0.9 0.889176 0.840792 0.720034 0.521548 0.326225 0.207007 0.158611 0.162188 0.227852 0.391327 0.631992 0.811754 0.887097 0.9 0.874562 0.812964 0.725895 0.651646 0.629568 0.671691 0.755372 0.83388 0.878916 0.896401 0.9 0.9 0.9 0.9 0.9 0.9 0.89351 0.85991 0.752363 0.514224 0.253123 0.128626 0.1 0.1 0.106363 0.137312 0.22231 0.392537 0.617408 0.790175 0.874832 0.9 0.892226 0.833353 0.687882 0.458945 0.254409 0.143241 0.101105 0.1 0.170579 0.375692 0.660836 0.826438 0.885483 0.9 0.9 
0.9 0.9 0.841757 0.655597 0.348981 0.160634 0.102774 0.1 0.1 0.104478 0.147288 0.276592 0.515386 0.743798 0.860983 0.898495 0.9 0.890182 0.873412 0.858061 0.853597 0.862929 0.879527 0.893471 0.9 0.9 0.899051 0.898467 0.898977 0.9 0.9 0.897882 0.873796 0.793537 0.613944 0.366331 0.190181 0.117276 0.1 0.102859 0.159196 0.340472 0.645415 0.837397 0.898724 0.9 0.87116 0.749387 0.475999 0.224478 0.122371 0.1 0.1 0.1 0.1 0.1 0.1 0.10016 0.124663 0.22636 0.456779 0.712972 0.845049 0.889852 0.899907 0.9 0.9 0.870336 0.73835 0.459099 0.222205 0.124872 0.1 0.1 0.144456 0.296224 0.582624 0.804846 0.888811 0.9 0.877758 0.768715 0.512628 0.245632 0.125982 0.1 0.112545 0.202019 0.43706 0.72759 0.866924 0.9 0.9 0.9 0.880783 0.798875 0.602947 0.343316 0.176495 0.113229 0.1 0.1 0.108573 0.153085 0.270999 0.477658 0.691418 0.823973 0.8821 0.9 0.9 0.883931 0.84563 0.775359 0.672629 0.548214 0.425543 0.32503 0.252096 0.201743 0.169014 0.149251 0.136525 0.127592 0.121289 0.117047 0.114477 0.1134 0.113891 0.116546 0.1232 0.139308 0.182225 0.284076 0.475251 0.697047 0.833316 0.886528 0.9 0.9 0.875053 0.755089 0.481918 0.230175 0.124774 0.1 0.106006 0.176396 0.378244 0.671925 0.842027 0.894983 0.9 0.9 0.898396 0.883625 0.830684 0.697201 0.47987 0.291752 0.191182 0.148769 0.133569 0.130305 0.138667 0.176068 0.289998 0.510838 0.734006 0.849071 0.889896 0.9 0.9 0.881333 0.783676 0.536956 0.260868 0.133045 0.1 0.102373 0.168184 0.366015 0.667767 0.842283 0.895231 0.9 0.9 0.9 0.9 0.9 0.9 0.899779 0.883438 0.828641 0.715735 0.558229 0.417297 0.343028 0.347857 0.437497 0.600702 0.766066 0.864307 0.898351 0.884527 0.814796 0.67132 0.494951 0.373658 0.344621 0.41239 0.569728 0.743033 0.846943 0.888266 0.899335 0.9 0.9 0.9 0.9 0.9 0.894519 0.862817 0.758217 0.521744 0.256471 0.128942 0.1 0.1 0.1 0.105695 0.141087 0.239588 0.428186 0.65327 0.80946 0.881119 0.9 0.883942 0.81045 0.650116 0.429762 0.254003 0.166617 0.154983 0.233851 0.440465 0.693604 0.835335 0.886811 0.9 0.9 
0.9 0.9 0.845903 0.67299 0.37157 0.168978 0.102758 0.1 0.1 0.120164 0.204332 0.399693 0.657049 0.825324 0.889978 0.9 0.886886 0.850496 0.797319 0.750815 0.738492 0.768273 0.821082 0.867129 0.892147 0.9 0.9 0.9 0.9 0.9 0.898374 0.879312 0.815114 0.668738 0.443431 0.243772 0.14 0.104657 0.1 0.107068 0.171428 0.36741 0.67098 0.846966 0.9 0.9 0.868258 0.740862 0.462911 0.217476 0.120308 0.1 0.1 0.1 0.1 0.1 0.105523 0.126395 0.189215 0.338103 0.576187 0.774559 0.865883 0.894911 0.9 0.9 0.899867 0.858981 0.711454 0.431046 0.21102 0.122627 0.1 0.1 0.129766 0.248392 0.510343 0.765297 0.876568 0.9 0.889205 0.805981 0.583911 0.295077 0.141942 0.1 0.106151 0.184539 0.40078 0.698545 0.857796 0.9 0.9 0.897637 0.85557 0.722417 0.472869 0.243089 0.133805 0.102136 0.1 0.102593 0.131347 0.224636 0.418601 0.65455 0.812254 0.88092 0.9 0.9 0.877149 0.819235 0.713977 0.566018 0.410283 0.285857 0.203479 0.154084 0.126885 0.110496 0.101782 0.1 0.1 0.1 0.1 0.1 0.1 0.1 0.1 0.1 0.1 0.1 0.112579 0.166984 0.321757 0.584541 0.788894 0.875331 0.9 0.9 0.871187 0.743346 0.463255 0.218333 0.119584 0.1 0.114283 0.206338 0.440532 0.720433 0.859626 0.898358 0.9 0.9 0.9 0.894798 0.870691 0.804895 0.678955 0.521976 0.392374 0.313385 0.275731 0.268013 0.290756 0.359632 0.495813 0.67343 0.808817 0.873298 0.895424 0.9 0.9 0.883868 0.794233 0.557023 0.271677 0.135005 0.1 0.106724 0.186023 0.406766 0.704153 0.8573 0.898598 0.9 0.9 0.9 0.899561 0.898882 0.899133 0.9 0.899989 0.882556 0.837738 0.76432 0.683024 0.630165 0.632433 0.691238 0.778694 0.853005 0.892555 0.896564 0.851611 0.717875 0.482483 0.275784 0.176621 0.158931 0.214382 0.379776 0.630396 0.805832 0.877409 0.897702 0.9 0.9 0.9 0.9 0.9 0.897316 0.874626 0.793702 0.595935 0.328753 0.166018 0.109785 0.1 0.1 0.1 0.108964 0.152527 0.264932 0.463439 0.679413 0.82145 0.885675 0.9 0.87634 0.796855 0.649938 0.476457 0.356284 0.33067 0.413998 0.59325 0.766784 0.858073 0.89165 0.9 0.9 
0.9 0.9 0.853971 0.705286 0.423936 0.199652 0.112463 0.1 0.109208 0.163286 0.306951 0.550307 0.766699 0.871467 0.9 0.892092 0.845359 0.748189 0.618921 0.517899 0.494698 0.560314 0.686085 0.80441 0.871041 0.895724 0.9 0.9 0.9 0.899415 0.884834 0.830672 0.700159 0.488237 0.282101 0.160558 0.111785 0.1 0.1 0.110954 0.182895 0.391368 0.69112 0.853662 0.9 0.9 0.865354 0.731852 0.449159 0.210147 0.118114 0.1 0.1 0.1 0.101117 0.111967 0.143444 0.211656 0.338582 0.529086 0.721049 0.838627 0.886503 0.89937 0.9 0.9 0.886252 0.816693 0.633406 0.361937 0.183309 0.115965 0.1 0.1 0.118595 0.207414 0.432922 0.71214 0.858536 0.9 0.897698 0.837531 0.655307 0.360718 0.16667 0.100479 0.1 0.161979 0.345431 0.639749 0.832256 0.896897 0.9 0.884996 0.806988 0.615662 0.351524 0.17806 0.112601 0.1 0.1 0.113794 0.176683 0.336614 0.58302 0.779812 0.872259 0.9 0.9 0.876722 0.80823 0.674994 0.492061 0.321867 0.207391 0.143718 0.113027 0.1 0.1 0.1 0.1 0.1 0.100532 0.100922 0.100578 0.1 0.1 0.1 0.1 0.1 0.1 0.1 0.1 0.125797 0.248128 0.512846 0.757732 0.867422 0.9 0.9 0.861086 0.712825 0.42138 0.196146 0.11148 0.1 0.127227 0.248073 0.512561 0.76484 0.873724 0.9 0.9 0.9 0.9 0.9 0.893452 0.870732 0.821392 0.748049 0.668555 0.603254 0.564196 0.556182 0.581738 0.641527 0.726917 0.811149 0.866723 0.891849 0.899305 0.9 0.9 0.884857 0.799504 0.568342 0.277805 0.135651 0.1 0.111754 0.203844 0.443739 0.733752 0.869227 0.9 0.9 0.9 0.896079 0.889532 0.884868 0.886036 0.892605 0.9 0.9 0.888107 0.863896 0.834394 0.813582 0.813625 0.835057 0.865669 0.890264 0.9 0.885667 0.810835 0.615939 0.336918 0.164184 0.105729 0.1 0.136122 0.278089 0.552227 0.77575 0.869816 0.896665 0.9 0.9 0.9 0.9 0.9 0.899775 0.888187 0.838765 0.703067 0.465792 0.253298 0.14506 0.107542 0.1 0.1 0.1 0.112987 0.163861 0.285044 0.486099 0.695037 0.830067 0.889631 0.9 0.874172 0.809911 0.717579 0.636167 0.611495 0.660925 0.755476 0.837174 0.880472 0.896623 0.9 0.9 
0.9 0.9 0.86679 0.756448 0.525672 0.287448 0.167439 0.13983 0.169391 0.272479 0.471055 0.698152 0.840079 0.894844 0.9 0.863624 0.757476 0.568706 0.374055 0.261825 0.24181 0.312899 0.486253 0.699384 0.83444 0.887361 0.9 0.9 0.9 0.892122 0.85251 0.740695 0.532685 0.311469 0.174875 0.117051 0.100713 0.1 0.1 0.113901 0.192233 0.410363 0.705824 0.858354 0.9 0.9 0.862806 0.72391 0.437275 0.203792 0.11615 0.1 0.1 0.100984 0.113758 0.154891 0.244147 0.389121 0.56615 0.724811 0.82992 0.881452 0.898602 0.9 0.898972 0.885055 0.838106 0.717255 0.496683 0.270247 0.149501 0.107983 0.1 0.1 0.109812 0.172309 0.35391 0.639512 0.828744 0.895257 0.9 0.862546 0.723923 0.448118 0.210611 0.11304 0.1 0.137981 0.273293 0.532333 0.760047 0.86103 0.877237 0.837363 0.709741 0.476481 0.251823 0.138356 0.102987 0.1 0.103242 0.138632 0.25218 0.478571 0.717999 0.850161 0.895664 0.9 0.882553 0.817368 0.673477 0.465403 0.281223 0.171353 0.119627 0.1 0.1 0.104828 0.119327 0.13495 0.147627 0.155481 0.158293 0.155785 0.148122 0.136859 0.124428 0.112898 0.104244 0.1 0.1 0.1 0.1 0.123189 0.242877 0.507491 0.75591 0.867541 0.9 0.899017 0.842933 0.663621 0.365565 0.170259 0.103353 0.1 0.146875 0.305349 0.591101 0.80497 0.885013 0.9 0.9 0.899756 0.899396 0.9 0.9 0.897218 0.883872 0.86106 0.833332 0.808278 0.792518 0.790238 0.802288 0.825866 0.854957 0.880285 0.894913 0.9 0.9 0.9 0.9 0.885543 0.8035 0.577652 0.283453 0.136492 0.1 0.115326 0.214868 0.463594 0.748592 0.876011 0.9 0.9 0.892097 0.871848 0.846212 0.82928 0.832498 0.854018 0.880179 0.897089 0.9 0.895782 0.887967 0.881746 0.881273 0.88683 0.894607 0.9 0.9 0.875216 0.781017 0.552453 0.270693 0.129809 0.1 0.1 0.127243 0.263378 0.541683 0.773678 0.87078 0.897548 0.9 0.9 0.899867 0.8999 0.9 0.9 0.897172 0.874677 0.80018 0.633788 0.403472 0.223562 0.13512 0.105178 0.1 0.1 0.100194 0.115991 0.17077 0.296772 0.502766 0.713004 0.842609 0.894205 0.9 0.880645 0.846608 0.813524 0.800851 0.816883 0.849549 0.878252 0.893954 0.899445 0.9 0.9 
0.9 0.9 0.881335 0.815676 0.667418 0.46816 0.329396 0.290617 0.342179 0.480449 0.665221 0.810246 0.881444 0.9 0.885377 0.806891 0.623938 0.378354 0.206775 0.134078 0.124915 0.17303 0.323973 0.583601 0.790123 0.876842 0.899719 0.9 0.898177 0.877187 0.800603 0.616933 0.365676 0.193843 0.121377 0.101242 0.1 0.1 0.1 0.115816 0.198357 0.42242 0.714702 0.861191 0.9 0.9 0.861115 0.718846 0.429894 0.199681 0.114745 0.1 0.1 0.108355 0.146523 0.246037 0.421692 0.617272 0.761074 0.843642 0.884131 0.899604 0.9 0.894494 0.87432 0.82382 0.718693 0.539965 0.331468 0.185965 0.121298 0.102023 0.1 0.1 0.103421 0.143507 0.278527 0.543557 0.778298 0.879965 0.9 0.882843 0.786401 0.553973 0.281156 0.138304 0.1 0.114365 0.196369 0.37812 0.599432 0.735223 0.76444 0.699458 0.535331 0.324308 0.177663 0.115445 0.1 0.1 0.115197 0.185142 0.36164 0.620656 0.807055 0.884052 0.9 0.89242 0.843004 0.711618 0.490208 0.280727 0.161218 0.112254 0.1 0.103755 0.129407 0.170445 0.221569 0.271088 0.309929 0.333489 0.340656 0.331299 0.306243 0.268839 0.225229 0.182824 0.147957 0.123745 0.109837 0.104317 0.112106 0.159585 0.307211 0.571744 0.785376 0.876553 0.9 0.890982 0.810739 0.593292 0.304152 0.146313 0.1 0.105135 0.17865 0.382075 0.670034 0.839807 0.894179 0.9 0.897683 0.891937 0.887428 0.888193 0.893843 0.899896 0.9 0.89648 0.890033 0.884109 0.880807 0.881715 0.886305 0.8917 0.896675 0.899848 0.9 0.9 0.9 0.9 0.9 0.886804 0.809157 0.590707 0.292951 0.139125 0.1 0.115063 0.211022 0.44921 0.733367 0.86999 0.9 0.890867 0.854195 0.790914 0.718798 0.673635 0.682411 0.74088 0.815269 0.870234 0.895426 0.9 0.9 0.898963 0.89869 0.899398 0.9 0.9 0.897959 0.871769 0.777988 0.553847 0.277415 0.135171 0.1 0.103147 0.156005 0.320306 0.597882 0.800192 0.880302 0.9 0.9 0.895986 0.892784 0.892975 0.896224 0.899832 0.9 0.894239 0.862776 0.771417 0.587335 0.355223 0.192394 0.122027 0.101913 0.1 0.1 0.100445 0.116957 0.175039 0.313575 0.540792 0.752906 0.8629 0.898623 0.9 0.890969 0.880405 0.875302 0.878721 0.887366 0.895215 0.899182 0.9 0.9 0.9 
0.9 0.9 0.892735 0.862946 0.793717 0.688869 0.59729 0.568913 0.615054 0.711549 0.810335 0.874563 0.9 0.898591 0.852363 0.715672 0.470853 0.245954 0.134197 0.1 0.1 0.125319 0.240205 0.496004 0.751574 0.867585 0.899457 0.9 0.894203 0.857702 0.740121 0.495136 0.251416 0.134592 0.102203 0.1 0.1 0.1 0.1 0.116532 0.200222 0.425478 0.716825 0.861965 0.9 0.9 0.860878 0.718638 0.429814 0.199157 0.114232 0.1 0.100148 0.122812 0.201429 0.380523 0.616628 0.782741 0.860994 0.890756 0.9 0.9 0.890495 0.860251 0.794126 0.676938 0.509215 0.331278 0.199558 0.130558 0.105076 0.1 0.1 0.1 0.1 0.12191 0.212815 0.430891 0.699289 0.851246 0.9 0.897591 0.837464 0.663194 0.384516 0.184679 0.108229 0.1 0.136875 0.230588 0.369778 0.485308 0.516194 0.452008 0.324485 0.202055 0.130692 0.103843 0.1 0.103909 0.142505 0.263118 0.497427 0.734691 0.858776 0.898752 0.9 0.872764 0.776365 0.568707 0.323556 0.172358 0.112687 0.1 0.108623 0.147795 0.230572 0.345667 0.461447 0.552013 0.610491 0.6408 0.648607 0.635847 0.601001 0.542737 0.464122 0.375962 0.293939 0.230265 0.190238 0.176201 0.197366 0.280524 0.459287 0.685304 0.831739 0.890033 0.9 0.87452 0.759059 0.502792 0.243674 0.125636 0.1 0.119988 0.228285 0.477357 0.742338 0.867854 0.9 0.898576 0.882239 0.85849 0.840384 0.840653 0.858966 0.881851 0.896098 0.9 0.9 0.9 0.9 0.9 0.898714 0.892527 0.885488 0.882226 0.88446 0.890953 0.89716 0.9 0.9 0.889242 0.818287 0.611532 0.310273 0.145022 0.1 0.11005 0.188426 0.386806 0.657136 0.814862 0.855074 0.825125 0.736715 0.601696 0.469141 0.397835 0.413327 0.516226 0.670424 0.802122 0.873216 0.897711 0.9 0.9 0.9 0.9 0.9 0.9 0.898043 0.877462 0.804286 0.624963 0.370797 0.206275 0.151699 0.166098 0.257731 0.457556 0.698479 0.841237 0.892765 0.9 0.889565 0.872632 0.860114 0.860636 0.873327 0.889186 0.899254 0.9 0.892112 0.852384 0.737459 0.515324 0.279493 0.152469 0.108774 0.1 0.1 0.1 0.1 0.118159 0.19224 0.374245 0.636045 0.813958 0.883601 0.9 0.9 0.89805 0.896636 0.896997 0.898545 0.899832 0.9 0.9 0.9 0.9 
0.9 0.9 0.898617 0.88876 0.864379 0.826874 0.792874 0.783399 0.804479 0.843356 0.879471 0.9 0.9 0.87576 0.784926 0.584678 0.331619 0.170493 0.109635 0.1 0.1 0.114132 0.206486 0.445887 0.726297 0.861795 0.899646 0.9 0.890373 0.841312 0.692732 0.414704 0.194401 0.111456 0.1 0.1 0.1 0.1 0.1 0.115857 0.196916 0.417466 0.710503 0.860075 0.9 0.9 0.862676 0.725141 0.439997 0.203829 0.115025 0.1 0.102737 0.142264 0.267536 0.516289 0.750292 0.86207 0.895256 0.9 0.9 0.890283 0.853927 0.76942 0.625702 0.448065 0.29075 0.184837 0.127753 0.104989 0.1 0.1 0.1 0.1 0.1 0.107826 0.161413 0.318887 0.585583 0.796512 0.885117 0.9 0.872564 0.758052 0.516538 0.265014 0.136554 0.1 0.106424 0.14268 0.200625 0.253777 0.269491 0.238717 0.182967 0.134225 0.107768 0.1 0.1 0.120288 0.198202 0.381217 0.635587 0.812877 0.884941 0.9 0.893541 0.840355 0.686245 0.424479 0.214553 0.122656 0.1 0.104211 0.141613 0.241572 0.420098 0.607005 0.73011 0.794201 0.825494 0.838706 0.841332 0.834776 0.816692 0.783822 0.731871 0.658079 0.567931 0.478425 0.412146 0.387328 0.418541 0.516621 0.664212 0.797829 0.872719 0.9 0.897802 0.844839 0.681416 0.401065 0.190171 0.10883 0.1 0.143622 0.297194 0.579933 0.802065 0.888051 0.9 0.880958 0.830723 0.760412 0.707401 0.70746 0.760434 0.829112 0.876097 0.895961 0.9 0.9 0.9 0.890602 0.868058 0.835181 0.807244 0.80022 0.81844 0.851163 0.880248 0.896157 0.9 0.893153 0.831355 0.641923 0.339257 0.155949 0.1 0.10289 0.154264 0.286132 0.494565 0.655223 0.700668 0.643899 0.508722 0.350663 0.236445 0.186896 0.199349 0.286335 0.463907 0.677328 0.822081 0.884345 0.9 0.9 0.9 0.9 0.9 0.9 0.899324 0.887746 0.844663 0.736316 0.556435 0.395755 0.326548 0.351918 0.469136 0.648224 0.800574 0.877479 0.89933 0.887454 0.849957 0.797573 0.758883 0.75968 0.797889 0.847739 0.884288 0.9 0.9 0.888845 0.825798 0.648887 0.375943 0.190562 0.119209 0.101107 0.1 0.1 0.1 0.1 0.136384 0.270909 0.536254 0.766356 0.8669 0.896099 0.9 0.9 0.9 0.9 0.9 0.9 0.9 0.9 0.9 0.9 
0.9 0.9 0.9 0.898376 0.892448 0.882666 0.874164 0.872953 0.880041 0.8915 0.9 0.9 0.881624 0.817099 0.664146 0.426139 0.225533 0.129453 0.101074 0.1 0.1 0.112277 0.194705 0.421816 0.712702 0.859046 0.9 0.9 0.889 0.835961 0.678286 0.393048 0.181061 0.106623 0.1 0.1 0.1 0.1 0.1 0.113713 0.187984 0.396637 0.692878 0.854189 0.9 0.9 0.866922 0.739563 0.463268 0.215782 0.117946 0.1 0.10532 0.159711 0.323907 0.610903 0.816908 0.890774 0.9 0.9 0.894315 0.862863 0.774441 0.606186 0.403603 0.248796 0.160679 0.118095 0.101215 0.1 0.101568 0.104362 0.104703 0.102551 0.1 0.1 0.125785 0.225394 0.447755 0.706562 0.852772 0.9 0.894725 0.828862 0.65228 0.385374 0.192355 0.114664 0.1 0.107972 0.126711 0.144696 0.150312 0.140264 0.122246 0.107051 0.1 0.1 0.111461 0.16363 0.29983 0.532944 0.749825 0.861035 0.897321 0.9 0.881933 0.797298 0.585755 0.312962 0.155565 0.103802 0.1 0.118933 0.190176 0.363204 0.615164 0.791521 0.865751 0.889481 0.898111 0.9 0.9 0.898132 0.89208 0.881166 0.862717 0.83227 0.789495 0.739832 0.696806 0.67774 0.695157 0.747468 0.814152 0.867343 0.894974 0.9 0.880426 0.788935 0.572136 0.302661 0.14906 0.1 0.104999 0.17919 0.384276 0.67409 0.846097 0.899602 0.893055 0.836784 0.71473 0.55697 0.452038 0.453321 0.562039 0.720409 0.835188 0.885976 0.9 0.9 0.889058 0.851865 0.776261 0.678171 0.604828 0.592504 0.647965 0.745458 0.833247 0.882145 0.9 0.897846 0.847144 0.681171 0.384084 0.176096 0.104703 0.1 0.124316 0.189968 0.298878 0.399183 0.428045 0.374665 0.275802 0.184646 0.129477 0.108868 0.114786 0.162345 0.289332 0.510165 0.726827 0.847318 0.891701 0.9 0.9 0.9 0.9 0.9 0.9 0.896182 0.877981 0.830794 0.747594 0.658533 0.612555 0.632906 0.708629 0.80044 0.867181 0.896966 0.893298 0.850276 0.753923 0.624033 0.534116 0.533879 0.618077 0.739076 0.83622 0.886316 0.9 0.9 0.86555 0.723935 0.446652 0.221986 0.128867 0.10295 0.1 0.1 0.1 0.1 0.122954 0.238388 0.496056 0.744217 0.85823 0.893553 0.9 0.9 0.9 0.9 0.9 0.9 0.9 0.9 0.9 0.9 
0.9 0.9 0.9 0.9 0.899925 0.89891 0.89838 0.899332 0.9 0.9 0.897751 0.876585 0.81855 0.692199 0.486312 0.278791 0.156166 0.109069 0.1 0.1 0.1 0.112455 0.190288 0.409051 0.704236 0.857248 0.9 0.9 0.89095 0.844555 0.70352 0.433956 0.20818 0.116976 0.1 0.1 0.1 0.1 0.1 0.110286 0.173827 0.362339 0.659513 0.841212 0.898558 0.9 0.873712 0.761753 0.501291 0.237402 0.124031 0.1 0.105697 0.168407 0.354224 0.65538 0.84231 0.89924 0.9 0.899242 0.881489 0.814433 0.651934 0.416151 0.2344 0.144589 0.11018 0.1 0.1 0.109065 0.122523 0.133098 0.133373 0.123092 0.109062 0.1 0.105516 0.159161 0.315688 0.57905 0.792122 0.883769 0.9 0.87258 0.762314 0.533057 0.284408 0.148756 0.104373 0.1 0.103815 0.108548 0.110182 0.107644 0.10322 0.1 0.1 0.109026 0.148909 0.255525 0.455693 0.683753 0.828353 0.886601 0.9 0.9 0.867709 0.748336 0.491215 0.240157 0.127138 0.1 0.101704 0.132009 0.228535 0.447916 0.716653 0.860871 0.9 0.9 0.9 0.9 0.9 0.9 0.9 0.9 0.89848 0.891145 0.878743 0.862053 0.846071 0.837915 0.842766 0.859611 0.880507 0.895385 0.9 0.892106 0.840375 0.693443 0.438755 0.219866 0.121447 0.1 0.120815 0.23079 0.483716 0.750217 0.87466 0.9 0.871113 0.759992 0.543352 0.326968 0.220142 0.223048 0.342955 0.573919 0.778078 0.872282 0.9 0.898262 0.866539 0.776748 0.606046 0.422269 0.317116 0.304908 0.385562 0.558534 0.744969 0.85334 0.895249 0.9 0.862872 0.725968 0.447161 0.209451 0.115441 0.1 0.106762 0.132249 0.173758 0.212112 0.221227 0.19546 0.153666 0.119064 0.101949 0.1 0.1 0.116523 0.185303 0.344661 0.575415 0.760585 0.854292 0.889489 0.899594 0.9 0.9 0.9 0.9 0.9 0.895516 0.881258 0.853451 0.822118 0.805269 0.813419 0.841442 0.873364 0.895067 0.9 0.874527 0.786101 0.599782 0.387403 0.27296 0.270362 0.365627 0.543858 0.728812 0.844411 0.892608 0.9 0.870337 0.735551 0.461755 0.230611 0.132221 0.103807 0.1 0.1 0.1 0.10284 0.140627 0.272821 0.531706 0.75999 0.862367 0.894136 0.9 0.9 0.9 0.9 0.9 0.9 0.9 0.9 0.9 0.9 
0.9 0.9 0.9 0.9 0.9 0.9 0.9 0.9 0.897558 0.884694 0.854978 0.790492 0.670168 0.489653 0.30232 0.176334 0.118208 0.100743 0.1 0.1 0.1 0.112331 0.185948 0.39579 0.693237 0.853881 0.899644 0.9 0.895047 0.862752 0.758298 0.534293 0.288964 0.155624 0.10969 0.1 0.1 0.1 0.1 0.106144 0.156057 0.316341 0.605415 0.815973 0.891721 0.9 0.882583 0.78966 0.553058 0.27109 0.134429 0.1 0.103341 0.166047 0.354354 0.659133 0.844637 0.899828 0.9 0.896354 0.863002 0.752142 0.518391 0.274791 0.148258 0.107077 0.1 0.100341 0.115554 0.149495 0.194968 0.228735 0.229227 0.195881 0.149038 0.112955 0.1 0.11945 0.214765 0.433667 0.697947 0.850239 0.9 0.896138 0.836123 0.672865 0.412786 0.20948 0.122047 0.1 0.1 0.100336 0.100544 0.100231 0.1 0.1 0.107939 0.142997 0.235654 0.412745 0.634095 0.796832 0.873686 0.897887 0.9 0.896677 0.850389 0.697105 0.412901 0.195276 0.113455 0.1 0.103841 0.135257 0.231401 0.445576 0.705355 0.845555 0.884228 0.880401 0.869584 0.863627 0.867261 0.878637 0.890962 0.898647 0.9 0.9 0.899766 0.896694 0.892757 0.89036 0.89117 0.89514 0.9 0.9 0.894848 0.859999 0.756905 0.549719 0.307113 0.159095 0.1043 0.1 0.144034 0.297537 0.582756 0.80684 0.893155 0.9 0.841316 0.667865 0.390017 0.193037 0.119202 0.121931 0.219559 0.458968 0.727742 0.860605 0.9 0.893578 0.83708 0.68434 0.428154 0.229333 0.148585 0.142743 0.204582 0.38102 0.642055 0.81653 0.885676 0.9 0.87705 0.771997 0.527169 0.260952 0.133145 0.1 0.1 0.107547 0.120592 0.132035 0.133751 0.124466 0.111087 0.101906 0.1 0.1 0.1 0.102478 0.131989 0.219336 0.387888 0.592647 0.745058 0.827035 0.864982 0.881694 0.890585 0.896139 0.899366 0.9 0.9 0.9 0.893138 0.884616 0.879942 0.881876 0.888918 0.896487 0.9 0.895073 0.852114 0.718204 0.45869 0.231202 0.137499 0.134799 0.194526 0.33713 0.551077 0.737643 0.836813 0.863081 0.822078 0.66991 0.408223 0.209787 0.126809 0.102775 0.1 0.1 0.105107 0.130088 0.208372 0.384536 0.631679 0.80426 0.875875 0.896958 0.9 0.9 0.9 0.9 0.9 0.9 0.9 0.9 0.9 0.9 
0.9 0.9 0.9 0.9 0.9 0.897772 0.890913 0.877426 0.852121 0.804696 0.723423 0.597282 0.436198 0.28322 0.177248 0.122693 0.102873 0.1 0.1 0.1 0.1 0.111051 0.17804 0.374007 0.672054 0.845581 0.897784 0.9 0.898819 0.881883 0.819844 0.66836 0.439714 0.252376 0.15405 0.11386 0.101144 0.1 0.1 0.102281 0.137404 0.263828 0.529127 0.773913 0.87852 0.9 0.892133 0.819509 0.614139 0.319215 0.150875 0.1 0.1 0.155322 0.329762 0.63176 0.831711 0.896044 0.9 0.893464 0.844815 0.693765 0.415353 0.198058 0.114099 0.1 0.1 0.113662 0.158636 0.251046 0.369721 0.451185 0.453028 0.374919 0.255359 0.156429 0.10667 0.100422 0.150254 0.305418 0.574465 0.792859 0.884286 0.9 0.876783 0.776373 0.556505 0.300781 0.155927 0.107074 0.1 0.1 0.1 0.1 0.1 0.105908 0.136488 0.222119 0.389996 0.606242 0.775304 0.862534 0.894215 0.9 0.9 0.892183 0.830493 0.6451 0.351931 0.167289 0.106448 0.1 0.103395 0.126853 0.197036 0.354372 0.571233 0.717708 0.767294 0.761476 0.740275 0.732904 0.75651 0.80558 0.854491 0.884441 0.896697 0.9 0.9 0.9 0.9 0.9 0.9 0.9 0.9 0.892555 0.861605 0.777999 0.608745 0.380094 0.204461 0.122466 0.1 0.107129 0.178251 0.378697 0.669349 0.844767 0.9 0.892784 0.805976 0.58035 0.293681 0.141458 0.1 0.1 0.180161 0.408976 0.70395 0.855826 0.899918 0.889275 0.815234 0.620889 0.330847 0.153009 0.1 0.1 0.140212 0.295762 0.578672 0.791361 0.878052 0.9 0.888829 0.814765 0.617983 0.339621 0.166993 0.107557 0.1 0.100199 0.103319 0.105994 0.106123 0.103663 0.100791 0.1 0.1 0.1 0.1 0.1 0.108106 0.144582 0.229982 0.369416 0.527461 0.655038 0.738225 0.789633 0.823969 0.849382 0.868962 0.883463 0.893905 0.9 0.9 0.9 0.9 0.899883 0.9 0.9 0.9 0.891154 0.839188 0.680681 0.39127 0.175259 0.1 0.1 0.124107 0.199899 0.348459 0.535922 0.673961 0.720386 0.668124 0.508099 0.302333 0.169895 0.115817 0.100536 0.1 0.106179 0.132908 0.20556 0.35277 0.564082 0.751712 0.852585 0.890153 0.899572 0.9 0.9 0.9 0.9 0.9 0.9 0.9 0.9 0.9 0.9 
0.9 0.9 0.894641 0.886454 0.874851 0.856484 0.826591 0.779508 0.707997 0.60564 0.476695 0.343236 0.232537 0.158394 0.118334 0.102756 0.1 0.1 0.1 0.1 0.1 0.108493 0.165405 0.339598 0.632995 0.827976 0.893274 0.9 0.9 0.894796 0.866838 0.787599 0.632199 0.432556 0.267516 0.168578 0.120784 0.103172 0.1 0.1 0.120832 0.212094 0.43657 0.710173 0.856388 0.9 0.899735 0.846928 0.678018 0.384079 0.177706 0.104914 0.1 0.141219 0.289982 0.579681 0.805719 0.888454 0.9 0.892586 0.833641 0.656559 0.359165 0.164783 0.102461 0.1 0.105672 0.138262 0.233303 0.41961 0.61769 0.72245 0.725619 0.631143 0.440714 0.243379 0.134268 0.1 0.116109 0.214406 0.443592 0.712529 0.856811 0.9 0.896883 0.84116 0.681904 0.416787 0.208497 0.121484 0.100064 0.1 0.1 0.1 0.102675 0.124735 0.197527 0.359038 0.583098 0.762533 0.856277 0.891935 0.9 0.9 0.9 0.886337 0.806225 0.589937 0.30321 0.148697 0.102761 0.1 0.101459 0.113966 0.150933 0.231684 0.352691 0.455567 0.495942 0.483023 0.454707 0.454404 0.517198 0.643857 0.775543 0.854662 0.887928 0.898372 0.9 0.9 0.9 0.9 0.9 0.898952 0.88644 0.850458 0.76879 0.617316 0.412377 0.237004 0.140495 0.104237 0.1 0.122356 0.227316 0.47199 0.739863 0.869397 0.9 0.880509 0.768155 0.505665 0.238245 0.122339 0.1 0.102653 0.182202 0.411542 0.708271 0.858418 0.9 0.888711 0.813907 0.61833 0.328383 0.152106 0.1 0.1 0.145524 0.305416 0.586188 0.793244 0.877275 0.9 0.896762 0.850153 0.709006 0.453193 0.232116 0.130172 0.101341 0.1 0.1 0.1 0.1 0.1 0.1 0.1 0.1 0.1 0.1 0.1 0.100027 0.110263 0.141307 0.200694 0.286089 0.383261 0.476774 0.559046 0.630604 0.694609 0.751984 0.801112 0.840199 0.868249 0.885731 0.896077 0.9 0.9 0.9 0.9 0.9 0.891751 0.842355 0.688259 0.400204 0.180317 0.103127 0.1 0.103565 0.132304 0.200779 0.306074 0.407043 0.449853 0.409788 0.305177 0.196948 0.132188 0.105871 0.1 0.103284 0.125767 0.194783 0.345616 0.557715 0.738489 0.841796 0.885477 0.898452 0.9 0.9 0.9 0.9 0.9 0.9 0.9 0.9 0.9 0.9 0.9 
0.865186 0.855086 0.833143 0.804298 0.765969 0.713436 0.641894 0.549689 0.44295 0.336119 0.244163 0.175679 0.131536 0.10889 0.1 0.1 0.1 0.1 0.1 0.1 0.1 0.105118 0.149001 0.292784 0.568581 0.793743 0.883127 0.9 0.9 0.9 0.892042 0.861081 0.786075 0.650351 0.468223 0.296647 0.181601 0.123699 0.102611 0.1 0.108197 0.167633 0.340883 0.620638 0.817827 0.891405 0.9 0.868465 0.738311 0.464496 0.218305 0.116777 0.1 0.125534 0.244027 0.509331 0.766759 0.876704 0.9 0.894493 0.832964 0.648073 0.344924 0.15685 0.1 0.1 0.112055 0.164915 0.312992 0.574238 0.782161 0.864152 0.866577 0.80144 0.619455 0.350923 0.173278 0.106168 0.101155 0.158486 0.332189 0.615329 0.816113 0.890571 0.9 0.875629 0.771213 0.538783 0.279696 0.145406 0.104222 0.1 0.1 0.1 0.110983 0.159368 0.292889 0.527508 0.740412 0.851134 0.891092 0.9 0.9 0.9 0.9 0.876788 0.771998 0.526055 0.260337 0.134854 0.100792 0.1 0.100055 0.10447 0.118535 0.147967 0.190557 0.226667 0.236779 0.221898 0.201285 0.20356 0.270129 0.440729 0.668146 0.815572 0.876728 0.896118 0.9 0.9 0.9 0.9 0.894582 0.875149 0.827978 0.735548 0.585142 0.399939 0.243156 0.150091 0.109992 0.1 0.102249 0.147099 0.29551 0.57073 0.795459 0.886354 0.9 0.8678 0.731409 0.445201 0.203688 0.112136 0.1 0.111903 0.203562 0.446345 0.731003 0.865583 0.9 0.892285 0.833888 0.678088 0.4217 0.228317 0.153739 0.154959 0.228075 0.412006 0.661702 0.821075 0.883412 0.9 0.9 0.875676 0.788494 0.594183 0.350818 0.191061 0.122851 0.102521 0.1 0.1 0.1 0.1 0.1 0.1 0.1 0.1 0.1 0.1 0.1 0.100116 0.107037 0.123842 0.151906 0.189089 0.23247 0.281376 0.338875 0.410105 0.495626 0.58842 0.677161 0.752355 0.809928 0.85065 0.876683 0.891497 0.898666 0.9 0.9 0.89562 0.858029 0.731624 0.469278 0.225581 0.121161 0.1 0.1 0.106664 0.129779 0.169314 0.210756 0.230153 0.21422 0.173585 0.133588 0.109639 0.100376 0.1 0.111184 0.157662 0.285238 0.516884 0.732072 0.845336 0.887259 0.899149 0.9 0.9 0.9 0.9 0.9 0.899566 0.895359 0.888214 0.87962 0.871507 0.865186 0.855086 
0.715207 0.682193 0.636705 0.580413 0.513165 0.437282 0.358397 0.283624 0.219047 0.16834 0.132337 0.110879 0.1 0.1 0.1 0.101926 0.102177 0.100955 0.1 0.1 0.1 0.101876 0.131449 0.238494 0.475516 0.730323 0.85934 0.897494 0.9 0.9 0.9 0.892781 0.867002 0.804743 0.683733 0.499741 0.307646 0.178128 0.118164 0.1 0.1 0.134211 0.25626 0.509937 0.757821 0.872892 0.9 0.88618 0.790919 0.552514 0.272781 0.134582 0.1 0.111045 0.200334 0.430857 0.715168 0.86014 0.9 0.89806 0.84157 0.666103 0.364518 0.165806 0.102192 0.1 0.114774 0.178593 0.354407 0.643163 0.838193 0.9 0.9 0.864445 0.714748 0.429677 0.207433 0.117415 0.1 0.12824 0.251675 0.513701 0.764056 0.87467 0.9 0.893272 0.828004 0.644582 0.364367 0.178797 0.112059 0.1 0.1 0.102033 0.123905 0.203914 0.40046 0.666899 0.830983 0.889228 0.9 0.9 0.9 0.9 0.898134 0.856906 0.716857 0.448083 0.219157 0.123389 0.1 0.1 0.1 0.100473 0.103745 0.110908 0.120675 0.127464 0.126151 0.116728 0.105095 0.10506 0.159536 0.326879 0.598152 0.790771 0.870587 0.895286 0.9 0.9 0.899696 0.889168 0.858972 0.795187 0.683292 0.524448 0.355339 0.224374 0.14681 0.111008 0.1 0.1 0.11431 0.190816 0.389106 0.665465 0.837049 0.896729 0.9 0.856195 0.698093 0.398364 0.180579 0.105341 0.1 0.123079 0.234051 0.496397 0.760761 0.8743 0.9 0.897264 0.862955 0.769536 0.597989 0.422783 0.332102 0.336222 0.4313 0.602051 0.767069 0.858068 0.892068 0.9 0.9 0.891292 0.847168 0.730254 0.528822 0.326015 0.199516 0.13989 0.115706 0.105883 0.101771 0.100203 0.1 0.1 0.1 0.1 0.1 0.1 0.1 0.1 0.1 0.101339 0.106235 0.114229 0.125022 0.139264 0.159629 0.192269 0.241193 0.309744 0.399672 0.505545 0.614122 0.711375 0.789143 0.844748 0.879011 0.895327 0.9 0.89978 0.87726 0.78909 0.576811 0.310662 0.157772 0.107442 0.1 0.1 0.105141 0.116316 0.12888 0.134904 0.130008 0.118016 0.106992 0.101048 0.1 0.100852 0.119396 0.188797 0.368149 0.642565 0.825347 0.890602 0.9 0.9 0.9 0.9 0.9 0.898051 0.890154 0.875303 0.851693 0.820206 0.784019 0.747856 0.715207 0.682193 
0.413738 0.37139 0.331932 0.291308 0.249995 0.210362 0.174885 0.145606 0.123665 0.109036 0.100073 0.1 0.101878 0.112282 0.122921 0.128824 0.126383 0.117462 0.107589 0.10137 0.1 0.1 0.116069 0.185402 0.362728 0.621227 0.803307 0.87959 0.899722 0.9 0.9 0.9 0.895978 0.876549 0.820537 0.695725 0.489533 0.279524 0.155359 0.107812 0.1 0.113327 0.191254 0.395729 0.675867 0.843993 0.9 0.898532 0.831871 0.635589 0.338848 0.158136 0.1 0.100928 0.16502 0.355726 0.651975 0.836937 0.897975 0.9 0.855164 0.703075 0.413393 0.190687 0.109608 0.1 0.111728 0.170734 0.336037 0.617974 0.822961 0.897031 0.9 0.866718 0.72315 0.442767 0.217169 0.123242 0.1 0.111591 0.197814 0.421814 0.704911 0.855206 0.9 0.9 0.861111 0.723684 0.453377 0.220195 0.123065 0.1 0.1 0.104597 0.136001 0.241891 0.481049 0.745007 0.870683 0.9 0.9 0.9 0.9 0.9 0.884337 0.810849 0.624663 0.35639 0.179395 0.113564 0.1 0.1 0.1 0.1 0.1 0.100069 0.10031 0.1 0.1 0.1 0.1 0.102597 0.163614 0.340146 0.613389 0.800067 0.875337 0.897229 0.9 0.898241 0.882741 0.840519 0.756136 0.620365 0.451731 0.298644 0.193392 0.134889 0.108398 0.1 0.1 0.104196 0.14292 0.266625 0.508897 0.748297 0.865721 0.9 0.899695 0.845726 0.66901 0.363396 0.165186 0.101166 0.1 0.134236 0.266811 0.547607 0.789013 0.882518 0.9 0.9 0.885721 0.844851 0.767891 0.67686 0.620075 0.62574 0.68909 0.777759 0.849055 0.885986 0.898252 0.9 0.9 0.89884 0.88213 0.827913 0.712338 0.543372 0.379054 0.26556 0.200516 0.165107 0.145116 0.132268 0.122186 0.113038 0.105443 0.100921 0.1 0.1 0.1 0.1 0.1 0.1 0.1 0.1 0.1 0.1 0.101015 0.109766 0.126219 0.152328 0.193793 0.255062 0.341713 0.456195 0.589422 0.717042 0.814092 0.870845 0.895097 0.9 0.891992 0.840199 0.690795 0.434339 0.22213 0.127459 0.101482 0.1 0.1 0.101643 0.104139 0.105114 0.10337 0.100751 0.1 0.1 0.1 0.100583 0.121832 0.200578 0.399631 0.683576 0.851044 0.9 0.9 0.9 0.9 0.897429 0.887402 0.867047 0.831981 0.779632 0.71032 0.629544 0.546967 0.472878 0.413738 0.37139 
0.182451 0.164797 0.153855 0.142367 0.130506 0.119772 0.110711 0.103952 0.100174 0.1 0.1 0.110529 0.135151 0.172743 0.208383 0.22496 0.213958 0.181389 0.143647 0.115574 0.102068 0.1 0.105335 0.142385 0.253122 0.464363 0.687384 0.821675 0.878742 0.89679 0.9 0.9 0.9 0.898768 0.88059 0.81624 0.662172 0.420668 0.219689 0.126154 0.1 0.101399 0.146564 0.297784 0.577344 0.800289 0.888531 0.9 0.859361 0.704984 0.413077 0.190437 0.107874 0.1 0.140543 0.291163 0.579335 0.804341 0.889327 0.9 0.870418 0.750052 0.487993 0.234693 0.123916 0.1 0.104872 0.146227 0.267596 0.50032 0.721522 0.829289 0.84883 0.799376 0.638272 0.380906 0.196333 0.120414 0.1 0.103114 0.163491 0.347881 0.641983 0.830467 0.894255 0.9 0.879621 0.778699 0.536873 0.267417 0.137423 0.101273 0.1 0.105627 0.140541 0.254381 0.503441 0.762246 0.877868 0.9 0.9 0.9 0.9 0.886407 0.837867 0.712346 0.486547 0.261748 0.144402 0.105702 0.1 0.1 0.1 0.1 0.1 0.1 0.1 0.1 0.105577 0.116665 0.134493 0.171069 0.271355 0.471617 0.702403 0.837289 0.888264 0.9 0.897747 0.876547 0.822091 0.716768 0.558128 0.383807 0.24697 0.163444 0.120933 0.104086 0.1 0.1 0.102242 0.126397 0.207539 0.390178 0.640467 0.814424 0.884627 0.9 0.896106 0.834689 0.643262 0.337504 0.155529 0.1 0.1 0.143681 0.295282 0.588981 0.810797 0.889097 0.9 0.9 0.896802 0.883994 0.859106 0.829358 0.811085 0.81559 0.839736 0.868922 0.889524 0.899101 0.9 0.9 0.9 0.9 0.897126 0.879473 0.832738 0.748333 0.634268 0.515949 0.417387 0.345803 0.294581 0.253329 0.214132 0.174653 0.139279 0.114762 0.103069 0.1 0.1 0.1 0.1 0.101114 0.10492 0.109638 0.111572 0.108394 0.102294 0.1 0.1 0.103098 0.114577 0.134583 0.170079 0.232016 0.337695 0.496487 0.675031 0.808693 0.87608 0.899536 0.9 0.875192 0.783126 0.575712 0.320594 0.166335 0.110427 0.1 0.1 0.1 0.1 0.1 0.1 0.101265 0.1037 0.103976 0.101232 0.1 0.116901 0.184975 0.36164 0.633207 0.816999 0.884826 0.897041 0.893684 0.881976 0.859307 0.819173 0.755789 0.666544 0.557231 0.444203 0.346173 0.271729 0.218878 0.182451 0.164797 
0.102448 0.1 0.101084 0.100813 0.1 0.1 0.1 0.1 0.1 0.100234 0.112735 0.152411 0.229702 0.331618 0.418162 0.454202 0.427589 0.347704 0.246648 0.164029 0.117394 0.100025 0.1 0.114345 0.170066 0.300014 0.499538 0.686782 0.803967 0.862484 0.888266 0.89823 0.9 0.9 0.89871 0.872108 0.777318 0.567428 0.310423 0.157919 0.104879 0.1 0.11984 0.226548 0.480324 0.748278 0.871641 0.9 0.878714 0.759067 0.487771 0.228794 0.120041 0.1 0.122543 0.238636 0.503426 0.764065 0.876648 0.9 0.884972 0.798147 0.580578 0.304623 0.150625 0.102296 0.1 0.119584 0.185693 0.326699 0.507832 0.635317 0.670124 0.610142 0.454722 0.271713 0.158263 0.112261 0.1 0.1 0.142417 0.292143 0.578786 0.801691 0.885879 0.9 0.891039 0.816325 0.607927 0.317906 0.155172 0.104722 0.1 0.104243 0.134538 0.233163 0.454865 0.712825 0.849351 0.890962 0.896313 0.88874 0.868626 0.820375 0.717729 0.53851 0.32753 0.182155 0.118765 0.100956 0.1 0.1 0.1 0.1 0.1 0.101142 0.10851 0.126802 0.160429 0.207625 0.269031 0.357975 0.496869 0.669422 0.807616 0.877483 0.9 0.898503 0.871944 0.805651 0.681428 0.505047 0.33014 0.207722 0.140903 0.110757 0.1 0.1 0.1 0.105041 0.127604 0.192463 0.335303 0.557129 0.756759 0.860738 0.895889 0.9 0.892045 0.823766 0.620098 0.317589 0.149144 0.1 0.1 0.149716 0.312976 0.612762 0.823364 0.893337 0.9 0.9 0.9 0.897853 0.892563 0.886383 0.883641 0.886936 0.89449 0.9 0.9 0.9 0.9 0.9 0.9 0.9 0.9 0.898439 0.885817 0.85778 0.81285 0.756211 0.695522 0.636549 0.578816 0.51539 0.436713 0.339268 0.237638 0.159558 0.117866 0.102535 0.1 0.1 0.102581 0.113572 0.135813 0.16318 0.180371 0.176265 0.153753 0.126859 0.107313 0.1 0.1 0.101264 0.109049 0.128584 0.177713 0.287421 0.482209 0.700669 0.835931 0.889029 0.9 0.893425 0.843803 0.699662 0.446901 0.228753 0.129283 0.101583 0.1 0.1 0.1 0.102096 0.109764 0.122794 0.134604 0.135723 0.124599 0.111086 0.112651 0.153289 0.272798 0.48816 0.688287 0.792107 0.824423 0.818345 0.78521 0.724502 0.633579 0.518018 0.397383 0.294199 0.218574 0.168129 0.136378 0.116631 0.102448 0.1 
0.1 0.1 0.1 0.1 0.1 0.1 0.1 0.1 0.1 0.107672 0.145396 0.243477 0.410911 0.584768 0.694568 0.731187 0.703692 0.606653 0.444891 0.275325 0.162875 0.112608 0.1 0.101065 0.122159 0.181983 0.299726 0.466428 0.632328 0.754817 0.830644 0.872749 0.89285 0.9 0.9 0.89324 0.840862 0.68651 0.42123 0.207616 0.117807 0.1 0.104234 0.182828 0.408594 0.702639 0.85577 0.9 0.8918 0.797508 0.551768 0.266702 0.13269 0.1 0.109685 0.198926 0.434079 0.720703 0.862259 0.9 0.89582 0.839547 0.677577 0.408534 0.203294 0.118427 0.1 0.102449 0.127389 0.186532 0.273377 0.351206 0.379546 0.343172 0.259299 0.175174 0.124937 0.104586 0.1 0.1 0.129455 0.25056 0.518266 0.770359 0.876504 0.9 0.897698 0.84146 0.664301 0.369185 0.175584 0.109639 0.1 0.101576 0.121596 0.188329 0.346153 0.57303 0.738348 0.809685 0.823175 0.801475 0.746263 0.646544 0.497482 0.329937 0.200025 0.130576 0.104713 0.1 0.1 0.1 0.1 0.1 0.101106 0.110493 0.140452 0.206124 0.308752 0.425101 0.535195 0.637915 0.736385 0.821093 0.876318 0.9 0.898722 0.867518 0.790638 0.65054 0.462346 0.291007 0.180858 0.125523 0.10446 0.1 0.1 0.102314 0.114191 0.144285 0.210773 0.338499 0.529988 0.719577 0.837533 0.887219 0.9 0.9 0.888553 0.813324 0.598534 0.301049 0.144214 0.1 0.1 0.150717 0.313904 0.612118 0.823585 0.894286 0.9 0.9 0.9 0.9 0.9 0.9 0.9 0.9 0.9 0.896043 0.888549 0.882727 0.880766 0.88274 0.887602 0.893563 0.898503 0.9 0.9 0.895487 0.884058 0.867927 0.847881 0.825909 0.801083 0.766763 0.707015 0.595068 0.423203 0.252139 0.150809 0.110278 0.1 0.1 0.112691 0.149859 0.221693 0.309373 0.365648 0.360744 0.298702 0.212629 0.144887 0.111148 0.100254 0.1 0.1 0.100093 0.114316 0.170149 0.319193 0.571703 0.780708 0.87305 0.899787 0.9 0.877606 0.787511 0.577801 0.315709 0.161423 0.108246 0.1 0.1 0.102271 0.114471 0.144826 0.192963 0.235323 0.241729 0.207152 0.156831 0.124006 0.127581 0.182076 0.300495 0.450242 0.563518 0.611321 0.601258 0.545723 0.45802 0.357789 0.26636 0.196583 0.149838 0.12255 0.107694 0.100695 0.1 0.1 0.1 
0.1 0.1 0.1 0.1 0.1 0.1 0.1 0.1 0.101275 0.122913 0.201089 0.37971 0.614356 0.777488 0.849806 0.868306 0.854658 0.795263 0.660608 0.450161 0.254396 0.145858 0.106261 0.1 0.103122 0.122503 0.170319 0.258067 0.387095 0.539627 0.681861 0.788736 0.855105 0.888461 0.9 0.9 0.874104 0.771313 0.54246 0.283526 0.143416 0.1 0.1 0.168952 0.38223 0.681638 0.84721 0.9 0.898785 0.820694 0.596227 0.296653 0.142844 0.1 0.102079 0.172165 0.379603 0.680021 0.847646 0.898775 0.9 0.869495 0.764188 0.543131 0.298961 0.159916 0.109526 0.1 0.101514 0.118769 0.146095 0.174433 0.187567 0.177308 0.150345 0.123155 0.106694 0.100597 0.1 0.1 0.120469 0.218574 0.462118 0.737089 0.866524 0.9 0.9 0.857633 0.707859 0.419769 0.198078 0.115446 0.1 0.1 0.109207 0.143056 0.225843 0.36479 0.506016 0.590479 0.608097 0.569956 0.487829 0.378524 0.268357 0.1818 0.129209 0.106255 0.1 0.1 0.1 0.1 0.1 0.1 0.105888 0.131687 0.2052 0.356162 0.546812 0.691159 0.774203 0.825365 0.862198 0.888158 0.9 0.895647 0.859673 0.773241 0.620444 0.425899 0.261055 0.162422 0.116341 0.1 0.1 0.100994 0.111781 0.135221 0.18112 0.262764 0.392876 0.562112 0.722028 0.828924 0.880928 0.898249 0.9 0.9 0.88553 0.802868 0.57708 0.285935 0.139866 0.1 0.1 0.145611 0.293649 0.577897 0.803834 0.88857 0.9 0.9 0.9 0.9 0.9 0.89853 0.891035 0.877694 0.859503 0.837099 0.814384 0.798302 0.794026 0.80292 0.822405 0.846963 0.870308 0.887726 0.898171 0.9 0.9 0.899371 0.895524 0.890793 0.885328 0.876342 0.85394 0.784614 0.620004 0.375797 0.197799 0.121944 0.1 0.10279 0.13393 0.220252 0.38438 0.560635 0.655498 0.652036 0.553435 0.380606 0.221454 0.137396 0.10679 0.1 0.1 0.1 0.1 0.123088 0.227426 0.467787 0.727971 0.855672 0.895403 0.9 0.893734 0.841782 0.687538 0.421267 0.208994 0.120634 0.1 0.1 0.108888 0.142943 0.225008 0.355022 0.463248 0.48229 0.403304 0.272212 0.16801 0.123749 0.128061 0.169843 0.233837 0.291954 0.319981 0.311418 0.274482 0.224458 0.176249 0.138975 0.116097 0.103399 0.1 0.1 0.1 0.1 0.1 0.1 
0.1 0.1 0.100919 0.10052 0.1 0.1 0.1 0.1 0.105175 0.145316 0.272835 0.520596 0.751458 0.863257 0.896842 0.9 0.898497 0.874997 0.798853 0.632014 0.396764 0.21422 0.128057 0.101496 0.1 0.102238 0.114685 0.145225 0.203313 0.300686 0.443251 0.610999 0.755911 0.847073 0.889057 0.9 0.891684 0.830035 0.662876 0.403133 0.208025 0.125775 0.119356 0.19943 0.419261 0.699037 0.850314 0.9 0.9 0.830328 0.618072 0.313118 0.148503 0.1 0.1 0.157053 0.343227 0.647394 0.833895 0.894335 0.9 0.888285 0.830363 0.682871 0.451096 0.253923 0.150949 0.111202 0.1 0.1 0.101787 0.109395 0.114929 0.114638 0.109586 0.103795 0.100478 0.1 0.1 0.1 0.113734 0.193019 0.41061 0.701096 0.855155 0.9 0.9 0.868588 0.742537 0.469459 0.222716 0.12204 0.1 0.1 0.102115 0.114282 0.145967 0.2015 0.265328 0.309234 0.316347 0.288465 0.239473 0.186175 0.142768 0.115503 0.102177 0.1 0.1 0.1 0.1 0.1 0.1 0.101003 0.113217 0.159833 0.287711 0.523505 0.738761 0.84407 0.878482 0.892701 0.9 0.9 0.888466 0.845353 0.74867 0.585694 0.39066 0.235334 0.147088 0.109999 0.1 0.1 0.109619 0.131612 0.174239 0.24522 0.35171 0.490479 0.637323 0.759139 0.839523 0.881577 0.897464 0.9 0.9 0.9 0.882378 0.791262 0.553838 0.270714 0.135564 0.1 0.1 0.134859 0.252311 0.499598 0.745732 0.863549 0.896809 0.9 0.9 0.89468 0.882438 0.860828 0.826023 0.777797 0.72004 0.660085 0.608153 0.574997 0.567933 0.589359 0.636376 0.699887 0.766386 0.823146 0.863569 0.886989 0.898328 0.9 0.9 0.9 0.9 0.9 0.899423 0.864873 0.734891 0.473452 0.238991 0.132944 0.101611 0.108452 0.161355 0.306208 0.557643 0.760538 0.842037 0.841103 0.760853 0.565404 0.318835 0.171959 0.116361 0.101476 0.1 0.1 0.1 0.1098 0.19276 0.417817 0.698891 0.845398 0.892265 0.9 0.9 0.872443 0.767161 0.532907 0.274094 0.140848 0.100665 0.1 0.118334 0.184688 0.34502 0.576639 0.729136 0.755 0.661135 0.455058 0.248022 0.142334 0.110365 0.114298 0.132865 0.151569 0.160465 0.15631 0.142322 0.125025 0.110324 0.100449 0.1 0.1 0.100909 0.104531 0.106342 0.104353 0.1 0.1 
0.142866 0.135256 0.128273 0.116267 0.105927 0.10084 0.1 0.1 0.110712 0.171699 0.347304 0.628713 0.820903 0.890631 0.9 0.9 0.9 0.897116 0.86446 0.764866 0.566778 0.333543 0.181744 0.117342 0.1 0.1 0.1 0.105668 0.12205 0.160757 0.240251 0.382994 0.579473 0.755564 0.856666 0.895991 0.9 0.869443 0.76877 0.571342 0.357297 0.235939 0.220407 0.317221 0.534102 0.753504 0.864148 0.9 0.899026 0.829391 0.618253 0.31402 0.149053 0.1 0.1 0.150256 0.324434 0.627928 0.824671 0.890657 0.9 0.898019 0.872518 0.794094 0.63444 0.427636 0.26415 0.172592 0.129168 0.109484 0.100527 0.1 0.1 0.1 0.1 0.1 0.1 0.1 0.1 0.1 0.10843 0.171827 0.362898 0.660197 0.839886 0.897278 0.9 0.877452 0.771876 0.518503 0.250118 0.129801 0.1 0.1 0.1 0.102312 0.110741 0.126755 0.145606 0.158143 0.157871 0.14544 0.127706 0.110748 0.100982 0.1 0.1 0.1 0.1 0.1 0.1 0.1 0.1 0.101854 0.118463 0.179654 0.343698 0.619299 0.821334 0.895274 0.9 0.9 0.899695 0.878249 0.823603 0.713889 0.542303 0.353012 0.211629 0.134147 0.102813 0.1 0.104922 0.125377 0.166445 0.235745 0.339127 0.470985 0.60885 0.725695 0.809299 0.860999 0.888087 0.898635 0.9 0.9 0.9 0.9 0.878547 0.777173 0.526959 0.254281 0.130959 0.1 0.1 0.12127 0.198614 0.378929 0.617802 0.778606 0.846615 0.864502 0.859987 0.837818 0.796067 0.731726 0.644997 0.544525 0.446893 0.36754 0.313241 0.284249 0.279139 0.298644 0.346859 0.427143 0.534441 0.649316 0.748329 0.819234 0.863038 0.886062 0.89703 0.9 0.9 0.9 0.9 0.878021 0.760575 0.50047 0.251447 0.136445 0.10272 0.112884 0.179909 0.360853 0.648852 0.839497 0.9 0.9 0.844509 0.666279 0.384581 0.196656 0.123453 0.10287 0.1 0.1 0.1 0.11184 0.1981 0.426646 0.704743 0.847345 0.89243 0.9 0.9 0.888312 0.821031 0.636591 0.359474 0.17476 0.107365 0.1 0.124286 0.216925 0.43776 0.715838 0.862348 0.885935 0.811872 0.603028 0.327357 0.168228 0.111617 0.1 0.102725 0.107007 0.10889 0.107445 0.103655 0.1 0.1 0.1 0.108042 0.121926 0.138333 0.153634 0.161125 0.156685 0.142866 0.135256 
0.305805 0.274845 0.228715 0.171667 0.128274 0.106599 0.1 0.1 0.116956 0.198992 0.414832 0.699121 0.853498 0.898704 0.9 0.9 0.9 0.9 0.891008 0.842865 0.717326 0.502362 0.289466 0.164336 0.113245 0.1 0.1 0.1 0.1 0.109051 0.139031 0.217621 0.380402 0.609786 0.791627 0.8768 0.9 0.891979 0.844395 0.738051 0.589345 0.473749 0.452827 0.539992 0.693627 0.820044 0.881569 0.9 0.894152 0.817895 0.597688 0.299964 0.14486 0.1 0.1 0.149668 0.322487 0.625227 0.822716 0.889401 0.9 0.9 0.893209 0.861367 0.782639 0.645786 0.479523 0.338036 0.244192 0.187727 0.15353 0.132126 0.11636 0.105381 0.100063 0.1 0.1 0.1 0.1 0.1 0.104244 0.15388 0.31837 0.61288 0.819404 0.891697 0.9 0.885272 0.797561 0.566494 0.280997 0.139593 0.101057 0.1 0.1 0.1 0.100595 0.10334 0.106877 0.108761 0.107153 0.102362 0.1 0.1 0.106357 0.116621 0.123468 0.124031 0.119195 0.111551 0.104239 0.1 0.1 0.101394 0.117311 0.177175 0.337593 0.609003 0.812476 0.89034 0.9 0.887273 0.856555 0.788537 0.664958 0.488702 0.311895 0.188445 0.123979 0.1 0.1 0.117466 0.154097 0.219661 0.321231 0.45469 0.596274 0.71551 0.799725 0.852248 0.881631 0.89537 0.9 0.9 0.9 0.9 0.9 0.9 0.873549 0.759328 0.495177 0.23611 0.125888 0.1 0.1 0.109252 0.149172 0.250034 0.417928 0.584066 0.684671 0.720088 0.708968 0.660173 0.578248 0.473967 0.367897 0.279187 0.215112 0.173491 0.149113 0.137648 0.135869 0.143494 0.165129 0.207205 0.278141 0.383176 0.513611 0.642302 0.744048 0.812341 0.85362 0.876243 0.887879 0.89224 0.885368 0.842571 0.703962 0.446502 0.227679 0.129835 0.101721 0.112471 0.177366 0.353005 0.637293 0.832539 0.9 0.9 0.840696 0.660557 0.380918 0.195559 0.123293 0.102867 0.1 0.1 0.1 0.127468 0.240635 0.489704 0.741797 0.860002 0.89522 0.9 0.9 0.89668 0.856713 0.723992 0.465152 0.22949 0.123197 0.1 0.120518 0.215355 0.444437 0.730282 0.876934 0.9 0.839192 0.641279 0.354253 0.179804 0.115623 0.1 0.1 0.1 0.1 0.1 0.1 0.1 0.108944 0.129447 0.16526 0.214087 0.267339 0.312334 0.336236 0.332594 0.305805 0.274845 
0.610958 0.556204 0.443923 0.292055 0.175277 0.118956 0.1 0.1 0.123444 0.225768 0.472771 0.743873 0.869227 0.9 0.9 0.9 0.9 0.9 0.899902 0.882029 0.818972 0.6762 0.460822 0.266819 0.156068 0.111161 0.1 0.1 0.1 0.1 0.105137 0.137395 0.237483 0.446319 0.694774 0.842187 0.894139 0.9 0.884085 0.841714 0.777276 0.720027 0.706981 0.748207 0.815235 0.86821 0.894457 0.9 0.886321 0.796033 0.557805 0.273785 0.136891 0.1 0.1 0.155595 0.338204 0.640651 0.828812 0.890664 0.9 0.9 0.9 0.891687 0.863603 0.805089 0.713617 0.601826 0.490775 0.395574 0.318061 0.252299 0.19382 0.146301 0.115956 0.102838 0.1 0.1 0.1 0.1 0.101284 0.138831 0.277305 0.559638 0.793685 0.884088 0.9 0.892089 0.819926 0.61223 0.315504 0.151747 0.103324 0.1 0.1 0.1 0.1 0.1 0.1 0.1 0.1 0.1 0.110114 0.134191 0.168875 0.202374 0.221481 0.219972 0.199619 0.167993 0.135623 0.111932 0.100686 0.1 0.110082 0.153624 0.271965 0.490538 0.697027 0.798122 0.817815 0.788305 0.713846 0.586153 0.420401 0.267634 0.165678 0.114696 0.1 0.106823 0.139364 0.200635 0.296602 0.427767 0.574219 0.702188 0.793315 0.849317 0.880053 0.894523 0.9 0.9 0.9 0.9 0.9 0.9 0.9 0.9 0.866927 0.736709 0.458291 0.216324 0.12037 0.1 0.1 0.102074 0.117153 0.158913 0.235478 0.329342 0.404006 0.435424 0.421206 0.371697 0.303999 0.236321 0.181393 0.143367 0.120393 0.107944 0.101749 0.1 0.1 0.100479 0.105785 0.118533 0.14481 0.192907 0.27033 0.377847 0.50225 0.618301 0.707284 0.766132 0.799526 0.809858 0.789889 0.714638 0.549675 0.331331 0.181352 0.117572 0.1 0.107867 0.155346 0.286295 0.521572 0.727509 0.818894 0.821442 0.739836 0.546273 0.309544 0.169608 0.116184 0.101495 0.1 0.1 0.109212 0.165917 0.327471 0.592794 0.794335 0.876909 0.898519 0.9 0.9 0.9 0.87946 0.792724 0.582609 0.313864 0.154315 0.101395 0.10854 0.180205 0.362528 0.624572 0.79065 0.828367 0.758745 0.559469 0.310201 0.16689 0.113855 0.100391 0.1 0.1 0.1 0.1 0.103016 0.119439 0.159374 0.228386 0.324571 0.433858 0.533281 0.604019 0.639358 0.640486 0.610958 0.556204 
0.827848 0.793075 0.673479 0.447682 0.237125 0.134793 0.101025 0.1 0.130095 0.252144 0.522992 0.775135 0.878528 0.9 0.9 0.9 0.9 0.9 0.9 0.897171 0.873331 0.801714 0.651897 0.437444 0.249967 0.146299 0.107363 0.1 0.1 0.1 0.1 0.107776 0.160513 0.315089 0.58152 0.79396 0.881084 0.9 0.89835 0.885391 0.86406 0.844157 0.838756 0.851848 0.873736 0.891427 0.9 0.9 0.876013 0.763751 0.501703 0.239926 0.12646 0.1 0.10327 0.170709 0.373523 0.672662 0.841794 0.893786 0.9 0.9 0.9 0.9 0.894176 0.877371 0.845951 0.800491 0.744155 0.678779 0.600752 0.501817 0.379947 0.255578 0.163473 0.116769 0.101336 0.1 0.1 0.1 0.1 0.126627 0.240501 0.503268 0.76371 0.875221 0.9 0.89735 0.838787 0.654474 0.353198 0.165984 0.106295 0.1 0.1 0.1 0.1 0.1 0.1 0.1 0.100794 0.114642 0.157595 0.238465 0.33822 0.420094 0.460906 0.455616 0.407675 0.327156 0.235101 0.159534 0.115805 0.1 0.101836 0.124918 0.188473 0.312485 0.462448 0.563316 0.587044 0.543128 0.447847 0.327871 0.218969 0.144349 0.106793 0.1 0.118941 0.171822 0.265933 0.397428 0.546317 0.681221 0.780778 0.84347 0.878123 0.894115 0.9 0.9 0.9 0.9 0.9 0.9 0.9 0.9 0.9 0.899234 0.858153 0.7088 0.4174 0.195591 0.114576 0.1 0.1 0.1 0.103158 0.115548 0.140398 0.172962 0.200803 0.212348 0.204398 0.182153 0.154715 0.130202 0.113067 0.10342 0.1 0.1 0.1 0.1 0.1 0.1 0.1 0.1 0.104085 0.117137 0.144426 0.19087 0.258677 0.343405 0.432883 0.510843 0.563291 0.58022 0.551314 0.466555 0.336427 0.211861 0.137465 0.106981 0.1 0.102936 0.128033 0.199327 0.338355 0.49902 0.59638 0.60036 0.511659 0.35562 0.212739 0.136088 0.107271 0.10004 0.1 0.102335 0.13265 0.237667 0.458782 0.706063 0.843626 0.891054 0.9 0.9 0.9 0.9 0.892793 0.843033 0.695113 0.434114 0.214183 0.117063 0.1 0.135985 0.241137 0.415778 0.566537 0.612675 0.54298 0.38173 0.224107 0.139405 0.107789 0.100033 0.1 0.1 0.1 0.10297 0.124586 0.182774 0.290427 0.436868 0.584955 0.70034 0.774913 0.817035 0.836544 0.83959 0.827848 0.793075 
0.89979 0.887706 0.789127 0.548739 0.278242 0.143531 0.101262 0.1 0.136979 0.278781 0.568237 0.800313 0.885937 0.9 0.9 0.9 0.9 0.9 0.9 0.9 0.89544 0.869068 0.793123 0.632565 0.404383 0.218744 0.128871 0.101634 0.1 0.1 0.1 0.1 0.124374 0.230451 0.474978 0.73963 0.866049 0.899877 0.9 0.898101 0.893007 0.887499 0.885659 0.888903 0.894569 0.898789 0.9 0.9 0.862929 0.720993 0.435349 0.203594 0.115291 0.1 0.110523 0.196392 0.42816 0.716193 0.858984 0.897531 0.9 0.9 0.9 0.9 0.9 0.898511 0.892219 0.881184 0.865328 0.843094 0.808898 0.747486 0.630228 0.443814 0.255684 0.146687 0.106746 0.1 0.1 0.1 0.1 0.116628 0.208373 0.447969 0.731448 0.86603 0.9 0.9 0.854236 0.69291 0.393504 0.181744 0.109351 0.1 0.1 0.1 0.1 0.1 0.1 0.1 0.107127 0.147121 0.253916 0.432667 0.603672 0.703751 0.741576 0.736589 0.691276 0.593584 0.439388 0.27454 0.161664 0.111067 0.1 0.106454 0.130924 0.178578 0.240044 0.28691 0.297548 0.271182 0.221656 0.168001 0.12552 0.101556 0.1 0.125982 0.200002 0.333367 0.503741 0.658466 0.767212 0.835367 0.873973 0.892662 0.89998 0.9 0.9 0.9 0.9 0.9 0.9 0.9 0.9 0.9 0.9 0.89806 0.847636 0.676183 0.374722 0.174811 0.108783 0.1 0.1 0.1 0.1 0.101614 0.106867 0.114522 0.121297 0.123666 0.120656 0.114161 0.107056 0.101767 0.1 0.1 0.1 0.1 0.1 0.1 0.1 0.1 0.1 0.1 0.1 0.1 0.104715 0.116911 0.139095 0.171496 0.210882 0.250386 0.280642 0.292055 0.277613 0.237421 0.183874 0.137778 0.111219 0.101215 0.1 0.100066 0.108945 0.136659 0.191377 0.260906 0.310112 0.312407 0.26704 0.198556 0.142096 0.112253 0.101648 0.1 0.1 0.111666 0.175575 0.346955 0.607647 0.799105 0.878166 0.898866 0.9 0.9 0.9 0.9 0.899404 0.876279 0.787171 0.5777 0.313972 0.15472 0.101387 0.106644 0.149742 0.223984 0.296694 0.32311 0.288149 0.215509 0.150676 0.115479 0.102393 0.1 0.1 0.1 0.1 0.11841 0.182092 0.318062 0.509255 0.680379 0.788894 0.848114 0.877643 0.891445 0.897737 0.9 0.89979 0.887706 
0.9 0.9 0.80695 0.557561 0.273067 0.137253 0.1 0.1 0.143784 0.305857 0.609931 0.822859 0.893176 0.9 0.9 0.9 0.9 0.9 0.9 0.9 0.9 0.895707 0.869069 0.779374 0.583222 0.332544 0.17031 0.109451 0.1 0.1 0.1 0.1 0.107981 0.17997 0.390528 0.686633 0.851258 0.899294 0.9 0.9 0.899725 0.898802 0.898359 0.898881 0.899753 0.9 0.9 0.899286 0.84599 0.668057 0.366777 0.169467 0.105525 0.1 0.120119 0.231313 0.496466 0.76365 0.877249 0.9 0.9 0.9 0.9 0.9 0.9 0.9 0.9 0.9 0.898994 0.895534 0.887579 0.866257 0.79936 0.632148 0.376525 0.188802 0.114455 0.1 0.1 0.1 0.1 0.107672 0.180702 0.397708 0.699399 0.857617 0.9 0.9 0.867673 0.72845 0.436008 0.198402 0.111645 0.1 0.1 0.1 0.1 0.1 0.1 0.1 0.115563 0.191476 0.380419 0.632936 0.7947 0.856848 0.872774 0.870619 0.852116 0.798589 0.670102 0.457299 0.251909 0.139651 0.101737 0.1 0.105789 0.117972 0.133586 0.145445 0.147532 0.139405 0.125196 0.110466 0.1 0.1 0.123316 0.203275 0.365138 0.573803 0.739512 0.831373 0.871915 0.891282 0.899362 0.9 0.9 0.9 0.9 0.9 0.9 0.9 0.9 0.9 0.9 0.9 0.9 0.897766 0.836604 0.640395 0.332837 0.154774 0.103496 0.1 0.1 0.1 0.1 0.1 0.1 0.10028 0.100931 0.101029 0.100444 0.1 0.1 0.1 0.1 0.1 0.1 0.1 0.1 0.1 0.1 0.1 0.1 0.1 0.1 0.1 0.1 0.1 0.103475 0.110951 0.121194 0.132148 0.141037 0.144907 0.141681 0.131646 0.118408 0.10726 0.101278 0.1 0.1 0.1 0.101062 0.107782 0.121892 0.140089 0.153333 0.153966 0.141729 0.123783 0.109225 0.101822 0.1 0.1 0.1 0.127299 0.237657 0.478653 0.732311 0.860136 0.895768 0.9 0.9 0.9 0.9 0.9 0.9 0.894216 0.851858 0.711216 0.452213 0.22349 0.120796 0.1 0.109308 0.130051 0.150529 0.158379 0.149153 0.129866 0.112576 0.103089 0.1 0.1 0.1 0.1 0.106441 0.155709 0.289248 0.511847 0.717713 0.832512 0.878021 0.895323 0.9 0.9 0.9 0.9 0.9 0.9 
0.9 0.889773 0.766677 0.491787 0.229811 0.119393 0.1 0.1 0.150239 0.33339 0.647315 0.842786 0.9 0.9 0.9 0.9 0.9 0.9 0.9 0.9 0.9 0.9 0.9 0.860463 0.724773 0.469587 0.233999 0.124801 0.1 0.1 0.1 0.1 0.1 0.149683 0.329941 0.63807 0.837599 0.9 0.9 0.9 0.9 0.9 0.9 0.9 0.9 0.9 0.9 0.897818 0.823482 0.605811 0.303846 0.141265 0.1 0.1 0.130617 0.272727 0.567456 0.80683 0.893918 0.9 0.9 0.9 0.9 0.9 0.9 0.9 0.9 0.9 0.9 0.9 0.9 0.9 0.872635 0.74938 0.486648 0.23249 0.121513 0.1 0.1 0.1 0.1 0.1 0.158043 0.355395 0.669125 0.850445 0.9 0.9 0.881075 0.761369 0.480129 0.216335 0.112779 0.1 0.1 0.1 0.1 0.1 0.1 0.1 0.122117 0.233528 0.489346 0.752973 0.874571 0.9 0.9 0.9 0.9 0.886962 0.814058 0.638177 0.383425 0.195555 0.115696 0.1 0.1 0.1 0.1 0.1 0.1 0.1 0.1 0.1 0.1 0.114484 0.182605 0.341907 0.575496 0.767597 0.866654 0.9 0.9 0.9 0.9 0.9 0.9 0.9 0.9 0.9 0.9 0.9 0.9 0.9 0.9 0.9 0.9 0.898932 0.825071 0.602622 0.294344 0.136628 0.1 0.1 0.1 0.1 0.1 0.1 0.1 0.1 0.1 0.1 0.1 0.1 0.1 0.1 0.1 0.1 0.1 0.1 0.1 0.1 0.1 0.1 0.1 0.1 0.1 0.1 0.1 0.1 0.1 0.1 0.1 0.1 0.1 0.1 0.1 0.1 0.1 0.1 0.1 0.1 0.1 0.1 0.1 0.1 0.1 0.1 0.1 0.1 0.1 0.1 0.1 0.1 0.1 0.1 0.1 0.148379 0.312796 0.601095 0.814767 0.893648 0.9 0.9 0.9 0.9 0.9 0.9 0.9 0.9 0.890598 0.808029 0.599359 0.325764 0.158673 0.101921 0.1 0.1 0.1 0.1 0.1 0.1 0.1 0.1 0.1 0.1 0.1 0.1 0.123198 0.222523 0.436527 0.687077 0.839123 0.895408 0.9 0.9 0.9 0.9 0.9 0.9 0.9 0.889773 
0.894495 0.842439 0.672654 0.390371 0.183365 0.106922 0.1 0.1 0.161392 0.364801 0.676273 0.852137 0.9 0.9 0.9 0.9 0.9 0.9 0.9 0.9 0.9 0.9 0.9 0.887503 0.804631 0.598329 0.325817 0.157449 0.100151 0.1 0.1 0.1 0.1 0.137745 0.290434 0.588602 0.817172 0.89778 0.9 0.9 0.9 0.9 0.9 0.9 0.9 0.9 0.9 0.888374 0.7869 0.534873 0.255623 0.126653 0.1 0.1 0.147068 0.322208 0.629098 0.83415 0.9 0.9 0.9 0.9 0.9 0.9 0.9 0.9 0.9 0.9 0.9 0.9 0.9 0.9 0.891126 0.802907 0.568267 0.278148 0.133819 0.1 0.1 0.1 0.1 0.1 0.147258 0.324206 0.637442 0.839389 0.9 0.9 0.8872 0.784933 0.524396 0.241615 0.119223 0.1 0.1 0.1 0.1 0.1 0.1 0.1 0.133008 0.272232 0.561641 0.803977 0.893759 0.9 0.9 0.9 0.9 0.9 0.866842 0.753917 0.531511 0.29462 0.158239 0.107355 0.1 0.1 0.1 0.1 0.1 0.1 0.1 0.1 0.111096 0.1656 0.299244 0.52162 0.736804 0.857212 0.89945 0.9 0.9 0.9 0.9 0.9 0.9 0.9 0.9 0.9 0.9 0.9 0.9 0.9 0.9 0.9 0.9 0.893615 0.805525 0.561614 0.264395 0.127029 0.1 0.1 0.1 0.1 0.1 0.1 0.1 0.1 0.1 0.1 0.1 0.1 0.1 0.101738 0.10679 0.112499 0.115137 0.111815 0.104316 0.1 0.1 0.1 0.1 0.1 0.1 0.1 0.1 0.1 0.1 0.1 0.1 0.1 0.1 0.1 0.1 0.1 0.1 0.1 0.1 0.1 0.1 0.1 0.1 0.1 0.1 0.1 0.1 0.1 0.1 0.1 0.1 0.1 0.1 0.1 0.10549 0.182163 0.39788 0.692167 0.855277 0.9 0.9 0.9 0.9 0.9 0.9 0.9 0.9 0.9 0.9 0.856428 0.713869 0.456953 0.231778 0.126079 0.1 0.1 0.1 0.1 0.1 0.1 0.1 0.1 0.1 0.1 0.1 0.103773 0.164004 0.329268 0.588143 0.791432 0.880646 0.9 0.9 0.9 0.9 0.9 0.9 0.9 0.894495 0.842439 
