# vtk DataFile Version 3.0
2D simulation data
ASCII
DATASET STRUCTURED_POINTS
DIMENSIONS 252 252 1
ORIGIN 0 0 0
SPACING 1 1 1
POINT_DATA 63504
SCALARS simulation_data float 1
LOOKUP_TABLE default
0.9 0.541981 0.862852 0.468872 0.601619 0.588939 0.468457 0.279639 0.709257 0.1 0.228907 0.557064 0.157665 0.439239 0.894324 0.160469 0.357266 0.873705 0.709233 0.599913 0.241082 0.271114 0.611013 0.838363 0.183889 0.509374 0.691886 0.834233 0.384829 0.449484 0.270063 0.456012 0.816097 0.163417 0.9 0.582611 0.684631 0.468375 0.743662 0.511523 0.408216 0.1 0.107756 0.512784 0.510748 0.101878 0.671979 0.847908 0.862903 0.5363 0.451158 0.1 0.569467 0.1 0.1 0.869671 0.659239 0.714849 0.679563 0.9 0.341171 0.870631 0.452068 0.1 0.1 0.1 0.760798 0.9 0.597817 0.487591 0.444619 0.9 0.632863 0.491518 0.544294 0.15139 0.447759 0.364408 0.9 0.487281 0.722784 0.356146 0.564368 0.430929 0.387329 0.703405 0.378756 0.9 0.612679 0.9 0.9 0.741778 0.9 0.372045 0.9 0.865722 0.608963 0.66904 0.886388 0.103856 0.1 0.1 0.1 0.668346 0.702501 0.631782 0.62512 0.354595 0.9 0.625131 0.661277 0.752601 0.9 0.424687 0.1 0.1 0.1 0.319116 0.131875 0.638647 0.304147 0.1 0.400895 0.1 0.424672 0.331752 0.130185 0.837563 0.159545 0.87867 0.9 0.239716 0.1 0.9 0.9 0.9 0.63842 0.583476 0.1 0.389094 0.148218 0.833717 0.137902 0.1 0.1 0.237312 0.17131 0.353868 0.586834 0.315954 0.1 0.9 0.497073 0.58955 0.9 0.9 0.9 0.172323 0.9 0.85368 0.108334 0.695898 0.252338 0.1 0.650527 0.197315 0.874926 0.394945 0.693835 0.125136 0.859835 0.9 0.9 0.9 0.882904 0.106438 0.1 0.1 0.408585 0.630386 0.548753 0.536396 0.401715 0.1 0.1 0.427157 0.9 0.9 0.53579 0.689064 0.9 0.537461 0.496351 0.167351 0.562657 0.303779 0.385678 0.587773 0.594844 0.130738 0.566988 0.449458 0.1 0.436813 0.358799 0.135223 0.461059 0.562606 0.304558 0.854323 0.300508 0.626254 0.465635 0.66904 0.759106 0.361515 0.157091 0.609609 0.486543 0.548969 0.489757 0.354886 0.157499 0.873596 0.650413 0.710387 0.411558 0.819599 0.523275 0.851332 0.1 0.1 0.345321 0.1 0.557428 0.661799 0.135041 0.1 0.237647 0.342869 0.1 0.434036 0.106825 0.404132 0.27625 0.9 0.865104 0.387223 0.568372 0.364121 0.9 0.541981 
0.1 0.581883 0.689031 0.461411 0.78483 0.869079 0.14167 0.23649 0.9 0.893449 0.46463 0.29528 0.822027 0.158687 0.9 0.89626 0.349433 0.284892 0.1 0.1 0.529467 0.621776 0.161527 0.9 0.504947 0.761967 0.635131 0.121516 0.308838 0.658091 0.695866 0.484896 0.349609 0.451065 0.9 0.110933 0.379798 0.887248 0.361036 0.254251 0.9 0.685468 0.492279 0.9 0.9 0.434836 0.616962 0.103219 0.648616 0.846645 0.1 0.251668 0.525106 0.376383 0.1 0.1 0.106184 0.829825 0.133595 0.493091 0.555651 0.9 0.9 0.9 0.415713 0.897565 0.9 0.808181 0.807219 0.198408 0.845706 0.876196 0.872364 0.359718 0.576548 0.74539 0.69871 0.393849 0.897959 0.323574 0.1 0.1 0.489957 0.754814 0.462725 0.748105 0.804224 0.574787 0.609914 0.890843 0.136651 0.11653 0.672636 0.143756 0.823751 0.22722 0.893967 0.9 0.877569 0.9 0.9 0.67041 0.677531 0.9 0.9 0.370474 0.541788 0.641432 0.620212 0.437687 0.12393 0.661554 0.567295 0.590688 0.431474 0.1 0.258598 0.308849 0.605131 0.893475 0.336799 0.564316 0.1 0.110013 0.549851 0.1 0.1 0.691495 0.9 0.9 0.60416 0.751658 0.524093 0.352433 0.522586 0.640455 0.482998 0.1 0.249022 0.152171 0.445533 0.430061 0.874504 0.134799 0.850337 0.471976 0.1 0.307834 0.675358 0.684986 0.1 0.9 0.376515 0.237606 0.1 0.1 0.227016 0.1 0.701596 0.1 0.1 0.355217 0.865182 0.71714 0.547423 0.392231 0.396175 0.1 0.577489 0.585886 0.1 0.105098 0.881647 0.134619 0.31782 0.886486 0.524723 0.451791 0.1 0.228887 0.1 0.31877 0.263243 0.508365 0.587516 0.327334 0.661062 0.890127 0.439816 0.435253 0.9 0.558459 0.739311 0.880368 0.249966 0.1 0.352448 0.55868 0.379497 0.794805 0.341047 0.358034 0.1 0.231076 0.414505 0.463785 0.1 0.9 0.9 0.372423 0.193264 0.1 0.613555 0.508 0.597024 0.350996 0.63365 0.252441 0.1 0.103606 0.558898 0.101409 0.537775 0.342723 0.156149 0.888453 0.552968 0.377127 0.444664 0.742572 0.362146 0.540256 0.1 0.431331 0.9 0.71612 0.9 0.9 0.640532 0.9 0.356325 0.9 0.9 0.9 0.436837 0.522022 0.1 0.1 0.9 0.272852 0.1 0.581883 
0.344815 0.9 0.9 0.421175 0.633604 0.471352 0.637758 0.1 0.1 0.1 0.648662 0.318742 0.563392 0.547066 0.9 0.556115 0.525577 0.506615 0.3796 0.665972 0.491886 0.331907 0.634513 0.9 0.78552 0.9 0.9 0.547395 0.1 0.1 0.126072 0.544203 0.891187 0.9 0.9 0.572412 0.313825 0.735933 0.568847 0.47269 0.680944 0.406195 0.633165 0.454778 0.87831 0.708322 0.729668 0.401075 0.28478 0.118319 0.1 0.854728 0.359955 0.9 0.644308 0.879514 0.712943 0.662422 0.55845 0.9 0.634659 0.698419 0.482158 0.596803 0.576722 0.414353 0.123291 0.841635 0.205249 0.633289 0.484171 0.718486 0.1 0.1 0.121353 0.9 0.9 0.736548 0.359141 0.1 0.646547 0.461426 0.1 0.9 0.421082 0.641464 0.874602 0.1 0.273507 0.651048 0.867675 0.872264 0.366428 0.359083 0.553109 0.842013 0.768362 0.674851 0.9 0.738952 0.400534 0.356456 0.429539 0.483522 0.470643 0.541825 0.317292 0.34617 0.330905 0.65396 0.36664 0.110324 0.1 0.389422 0.13571 0.425362 0.1 0.1 0.586624 0.424269 0.580336 0.642764 0.29277 0.809331 0.173874 0.652461 0.9 0.670017 0.428401 0.698426 0.50333 0.57109 0.212337 0.791601 0.106244 0.466869 0.522129 0.420422 0.786771 0.805902 0.169681 0.24356 0.9 0.361451 0.762314 0.9 0.9 0.853265 0.13695 0.408989 0.1 0.60649 0.103339 0.406212 0.548471 0.1 0.1 0.490152 0.9 0.399567 0.309237 0.307089 0.136618 0.359128 0.269288 0.168008 0.841828 0.9 0.566523 0.648891 0.627703 0.714486 0.9 0.502897 0.1 0.579738 0.621928 0.869183 0.366461 0.61428 0.314242 0.517194 0.26367 0.566282 0.9 0.898462 0.581026 0.103922 0.402364 0.460936 0.495254 0.685988 0.9 0.510326 0.1 0.1 0.530095 0.9 0.858643 0.174778 0.526361 0.616424 0.9 0.456225 0.19024 0.83363 0.1 0.732219 0.748754 0.410957 0.299176 0.1 0.9 0.547137 0.629211 0.874882 0.470214 0.141301 0.85741 0.9 0.667762 0.371388 0.654799 0.537 0.846368 0.805938 0.678634 0.401824 0.674639 0.616479 0.515621 0.411228 0.218599 0.415631 0.9 0.365728 0.396575 0.9 0.119872 0.9 0.400438 0.464493 0.1 0.41069 0.9 0.677424 0.286171 0.412187 0.9 0.303053 0.344815 0.9 
0.790072 0.9 0.9 0.485802 0.702976 0.616558 0.75856 0.479089 0.261018 0.314955 0.9 0.543871 0.714312 0.9 0.9 0.9 0.674261 0.231515 0.785806 0.322763 0.468732 0.879806 0.636586 0.457159 0.5775 0.9 0.9 0.363249 0.1 0.248194 0.844021 0.7138 0.329071 0.863128 0.173399 0.855087 0.579685 0.878627 0.592317 0.710095 0.166029 0.315178 0.399347 0.818134 0.188322 0.220252 0.779549 0.865773 0.336749 0.566515 0.1 0.620606 0.613185 0.9 0.115204 0.265679 0.747856 0.89877 0.704773 0.831264 0.175507 0.478389 0.585312 0.343346 0.377315 0.851232 0.364595 0.9 0.694904 0.9 0.66214 0.870126 0.185778 0.835925 0.693389 0.453132 0.120648 0.529618 0.337847 0.277756 0.316351 0.513606 0.1 0.9 0.376134 0.100323 0.1 0.104223 0.854499 0.590005 0.165516 0.1 0.1 0.66725 0.469569 0.459395 0.583487 0.742278 0.247419 0.351391 0.62177 0.882991 0.136727 0.748629 0.693785 0.9 0.17325 0.881954 0.513697 0.550419 0.30536 0.632718 0.1 0.203032 0.523721 0.563237 0.240818 0.635784 0.67931 0.288925 0.313707 0.731569 0.427799 0.419336 0.510084 0.9 0.9 0.157092 0.539267 0.147176 0.308442 0.383526 0.841422 0.652649 0.1 0.563892 0.529192 0.247834 0.421786 0.13635 0.633636 0.632718 0.839411 0.9 0.9 0.438877 0.356497 0.124895 0.1 0.1 0.318511 0.405402 0.723628 0.9 0.760614 0.323686 0.652506 0.556274 0.399332 0.392318 0.551884 0.732378 0.651214 0.468322 0.351836 0.596698 0.19734 0.894753 0.1 0.491364 0.9 0.883267 0.152651 0.629643 0.673297 0.9 0.9 0.1 0.112742 0.806065 0.112388 0.50238 0.422047 0.822617 0.451225 0.129762 0.1 0.1 0.539341 0.491391 0.479925 0.1 0.1 0.250639 0.535774 0.451086 0.1 0.629206 0.38067 0.1 0.1 0.105301 0.89797 0.38177 0.843055 0.64418 0.261022 0.877286 0.674447 0.439032 0.717928 0.767127 0.9 0.1 0.593476 0.320245 0.1 0.673654 0.514914 0.679502 0.306181 0.9 0.9 0.400665 0.330234 0.589947 0.88083 0.275774 0.1 0.1 0.330266 0.378215 0.340723 0.25456 0.538163 0.173836 0.858973 0.9 0.101153 0.494588 0.146448 0.808616 0.299931 0.1 0.9 0.9 0.357278 0.1 0.649773 0.703748 0.790072 0.9 
0.660322 0.69336 0.384848 0.817131 0.312025 0.1 0.229669 0.481012 0.311088 0.591598 0.802003 0.706603 0.9 0.452827 0.9 0.64975 0.203266 0.749008 0.394883 0.303338 0.649092 0.549694 0.440392 0.579023 0.480196 0.71577 0.600909 0.11475 0.409561 0.435625 0.109868 0.1 0.1 0.38143 0.1 0.451097 0.536554 0.41648 0.9 0.9 0.869998 0.652514 0.565989 0.876552 0.851911 0.532433 0.494616 0.1 0.298903 0.748519 0.431812 0.1 0.245251 0.9 0.656837 0.668198 0.598183 0.457409 0.847961 0.269581 0.814436 0.873227 0.176115 0.1 0.26815 0.258704 0.506877 0.9 0.58544 0.373987 0.633412 0.619837 0.782541 0.371683 0.364859 0.9 0.703115 0.713179 0.1 0.1 0.416874 0.540288 0.193052 0.688057 0.504031 0.82566 0.438028 0.833311 0.405914 0.13352 0.7728 0.1 0.1 0.1 0.276987 0.303316 0.399767 0.640145 0.131115 0.9 0.9 0.9 0.504696 0.855528 0.182903 0.683226 0.794835 0.9 0.591118 0.9 0.9 0.9 0.437698 0.1 0.684359 0.84499 0.192861 0.9 0.9 0.445342 0.1 0.9 0.550349 0.155375 0.889822 0.9 0.631142 0.282315 0.589589 0.605307 0.416769 0.416923 0.574988 0.736986 0.411685 0.56776 0.535746 0.1 0.372976 0.1 0.1 0.465182 0.9 0.576389 0.578798 0.603151 0.348239 0.624513 0.564561 0.1 0.1 0.690159 0.9 0.860625 0.9 0.9 0.701278 0.472714 0.301698 0.1 0.1 0.623319 0.708102 0.650331 0.455808 0.1 0.278495 0.9 0.304 0.748859 0.9 0.397962 0.201543 0.9 0.79292 0.9 0.561952 0.107198 0.459445 0.149247 0.1 0.814063 0.829054 0.194658 0.54885 0.842284 0.136208 0.172355 0.319654 0.46297 0.469386 0.379877 0.1 0.1 0.105577 0.522251 0.118723 0.43681 0.539565 0.34547 0.280649 0.522037 0.616927 0.517248 0.490859 0.400957 0.379855 0.1 0.446548 0.840429 0.370139 0.602797 0.691175 0.138343 0.668071 0.371992 0.1 0.894272 0.537399 0.376299 0.436324 0.9 0.9 0.577489 0.9 0.9 0.310316 0.1 0.426973 0.747201 0.458387 0.658691 0.363239 0.1 0.353742 0.849687 0.486692 0.71076 0.9 0.9 0.599122 0.149462 0.367386 0.437844 0.333911 0.307966 0.708875 0.327014 0.116782 0.282592 0.660322 0.69336 
0.407059 0.452507 0.1 0.1 0.457472 0.349601 0.293985 0.846837 0.103565 0.620817 0.710988 0.570536 0.712481 0.1 0.328484 0.1 0.580325 0.374992 0.884383 0.403196 0.446217 0.403177 0.9 0.683974 0.646578 0.491895 0.178948 0.68726 0.9 0.718289 0.28829 0.1 0.212791 0.532976 0.263023 0.68503 0.872645 0.534693 0.659028 0.1 0.1 0.377583 0.622484 0.9 0.545873 0.9 0.9 0.1 0.138576 0.870185 0.581385 0.542108 0.343891 0.384289 0.390741 0.9 0.9 0.408921 0.735672 0.80423 0.110674 0.139532 0.761948 0.336866 0.49825 0.171711 0.822766 0.617836 0.582133 0.602807 0.666603 0.672624 0.188828 0.274532 0.486945 0.482066 0.370936 0.518391 0.617558 0.482641 0.467774 0.254014 0.1 0.720372 0.558096 0.425115 0.673487 0.679146 0.564334 0.443028 0.507645 0.570678 0.511761 0.290824 0.854499 0.250231 0.403291 0.759245 0.711706 0.9 0.41738 0.51192 0.575403 0.550338 0.662209 0.313474 0.897524 0.177455 0.648431 0.627081 0.507022 0.172082 0.864135 0.599923 0.864394 0.579459 0.881067 0.720177 0.143482 0.398174 0.1 0.344896 0.14017 0.63527 0.698571 0.9 0.888897 0.111589 0.685849 0.821821 0.856451 0.109138 0.271897 0.640662 0.502807 0.164265 0.879137 0.425642 0.115303 0.504839 0.1 0.596195 0.9 0.862448 0.187108 0.72756 0.234824 0.123875 0.452965 0.292671 0.59015 0.670217 0.646266 0.713704 0.487813 0.354294 0.688897 0.417493 0.33221 0.469386 0.1 0.270045 0.62819 0.43464 0.889732 0.276334 0.421858 0.9 0.609261 0.546611 0.507478 0.578416 0.1 0.29973 0.536265 0.296415 0.105891 0.629406 0.433309 0.401122 0.18169 0.805301 0.357446 0.647556 0.717852 0.699435 0.879929 0.448582 0.1 0.313633 0.850355 0.361563 0.500714 0.604822 0.599135 0.524776 0.835226 0.1 0.297307 0.493257 0.578483 0.61974 0.180964 0.495521 0.11354 0.716724 0.834506 0.143117 0.489359 0.312271 0.604235 0.576875 0.319586 0.795358 0.475472 0.832262 0.519818 0.32354 0.364238 0.618963 0.527827 0.461235 0.830973 0.211822 0.862567 0.636111 0.527017 0.727704 0.646358 0.898829 0.288835 0.157805 0.591165 0.465319 0.623875 0.742193 0.1 0.513434 0.9 0.714391 0.767448 0.411242 0.427669 0.830476 0.326757 0.595746 0.9 0.9 0.89776 0.320254 0.407059 0.452507 
0.310756 0.340449 0.500578 0.546547 0.723867 0.245681 0.287326 0.338547 0.1 0.474205 0.448035 0.9 0.858274 0.143068 0.499751 0.1 0.546139 0.427041 0.9 0.429772 0.85528 0.112244 0.298563 0.114225 0.726211 0.348458 0.796639 0.756452 0.470785 0.313944 0.1 0.1 0.521812 0.9 0.535838 0.353815 0.188753 0.699484 0.651508 0.217273 0.288448 0.1 0.1 0.326089 0.1 0.580007 0.508089 0.731052 0.811275 0.450939 0.1 0.757389 0.489766 0.46065 0.822826 0.465034 0.691907 0.824761 0.118369 0.1 0.1 0.117398 0.167597 0.622136 0.124079 0.507905 0.139646 0.1 0.484726 0.721219 0.371047 0.9 0.85556 0.311 0.1 0.103656 0.848137 0.606197 0.728006 0.9 0.9 0.792297 0.641966 0.443359 0.1 0.559103 0.783641 0.879647 0.439183 0.824299 0.848106 0.601258 0.1 0.1 0.275141 0.1 0.711229 0.308676 0.1 0.224673 0.1 0.230243 0.168297 0.886068 0.628921 0.1 0.9 0.591502 0.69686 0.68808 0.503247 0.562123 0.5051 0.241395 0.105858 0.613744 0.9 0.779752 0.416183 0.317724 0.468347 0.44555 0.659257 0.587863 0.474085 0.9 0.628385 0.1 0.350275 0.566742 0.51894 0.42227 0.8461 0.533012 0.409046 0.571378 0.646399 0.398158 0.166183 0.376105 0.1 0.699468 0.9 0.665931 0.9 0.898994 0.383744 0.597648 0.70848 0.73834 0.884548 0.256195 0.1 0.668371 0.754577 0.56419 0.600643 0.390956 0.756211 0.9 0.1 0.1 0.286049 0.1 0.692686 0.677398 0.650463 0.345518 0.117568 0.821953 0.652167 0.313121 0.516201 0.52942 0.9 0.487493 0.37364 0.1 0.1 0.145369 0.730643 0.223972 0.316929 0.9 0.761319 0.1 0.556419 0.352358 0.46075 0.299408 0.415868 0.44683 0.46365 0.725617 0.433791 0.121234 0.482963 0.1 0.431763 0.649284 0.836823 0.246577 0.817378 0.574531 0.482109 0.690555 0.202501 0.850976 0.9 0.277613 0.9 0.698654 0.271724 0.407043 0.543862 0.204769 0.277988 0.1 0.525554 0.855255 0.546888 0.871685 0.503178 0.817581 0.635813 0.861065 0.180929 0.9 0.880441 0.548162 0.567142 0.867833 0.50417 0.513332 0.538955 0.9 0.24697 0.611576 0.853145 0.123219 0.747539 0.756233 0.857115 0.181899 0.1 0.490636 0.153487 0.502913 0.730787 0.626642 0.310756 0.340449 
0.1 0.619892 0.170542 0.838191 0.567132 0.1 0.886698 0.558098 0.494592 0.563607 0.46192 0.838453 0.226412 0.850417 0.9 0.348314 0.502231 0.629327 0.558999 0.243531 0.513181 0.310976 0.315478 0.619894 0.9 0.4044 0.187653 0.521076 0.120085 0.420509 0.706192 0.478847 0.177 0.848497 0.566798 0.616195 0.835072 0.466164 0.1 0.550794 0.9 0.549721 0.485946 0.9 0.448668 0.477775 0.273567 0.897564 0.246858 0.538904 0.101871 0.562057 0.129697 0.412969 0.433573 0.9 0.9 0.479529 0.426887 0.127109 0.648014 0.344987 0.561612 0.9 0.1 0.1 0.401241 0.1 0.493332 0.537503 0.631229 0.40885 0.115103 0.1 0.249433 0.466944 0.69598 0.562849 0.453432 0.781346 0.393846 0.60159 0.526034 0.311649 0.1 0.719819 0.277915 0.1 0.102363 0.853236 0.256336 0.796797 0.123571 0.635874 0.714811 0.24377 0.876124 0.172648 0.236962 0.362641 0.552142 0.104816 0.593605 0.715066 0.1 0.1 0.360067 0.68932 0.665435 0.712745 0.641847 0.864215 0.437588 0.9 0.303637 0.494032 0.780043 0.579838 0.619727 0.891179 0.471815 0.673664 0.65112 0.511305 0.45219 0.483232 0.680002 0.277616 0.508075 0.163088 0.444814 0.216837 0.164283 0.178949 0.1 0.259253 0.309958 0.267275 0.1 0.822524 0.116737 0.595283 0.9 0.445718 0.631787 0.180747 0.845289 0.49365 0.753936 0.446963 0.1 0.1 0.1 0.89499 0.740523 0.593116 0.305036 0.502811 0.9 0.9 0.564109 0.432499 0.1 0.621514 0.605674 0.177814 0.9 0.9 0.295465 0.143477 0.843191 0.44259 0.645975 0.702078 0.73783 0.407841 0.9 0.612826 0.756926 0.486518 0.206575 0.846721 0.728445 0.40944 0.9 0.534501 0.863192 0.171768 0.894678 0.9 0.9 0.508701 0.353051 0.859522 0.387209 0.849506 0.9 0.337848 0.847803 0.350536 0.431118 0.824491 0.741914 0.1 0.438489 0.441483 0.290028 0.366602 0.1 0.1 0.9 0.277049 0.1 0.55811 0.645734 0.824673 0.14894 0.444698 0.825555 0.1941 0.319341 0.744766 0.718297 0.693207 0.677452 0.9 0.558537 0.65454 0.176054 0.454038 0.104868 0.430075 0.357222 0.642758 0.487467 0.869745 0.169313 0.839227 0.112981 0.235131 0.888532 0.168886 0.469965 0.863463 0.795208 0.9 0.9 0.9 0.524286 0.674844 0.1 0.619892 
0.1 0.88733 0.436328 0.369648 0.68461 0.1 0.9 0.9 0.772262 0.89359 0.252437 0.173936 0.572711 0.782425 0.9 0.777293 0.469391 0.119922 0.871271 0.413104 0.1 0.334824 0.479146 0.865001 0.418204 0.352463 0.855377 0.9 0.9 0.9 0.778246 0.556465 0.619427 0.151149 0.657353 0.512809 0.388271 0.643902 0.384129 0.9 0.804042 0.555152 0.1 0.4045 0.444545 0.837331 0.128173 0.9 0.862234 0.173206 0.180876 0.135456 0.502727 0.669843 0.9 0.9 0.9 0.735815 0.9 0.885798 0.751295 0.574006 0.455134 0.473316 0.682182 0.321953 0.846314 0.134754 0.882898 0.412092 0.9 0.721104 0.9 0.816361 0.166445 0.347913 0.88619 0.289117 0.136028 0.837044 0.508386 0.488854 0.884047 0.1 0.1 0.85387 0.144585 0.1 0.646889 0.9 0.851315 0.590714 0.381651 0.436165 0.9 0.110799 0.695656 0.826721 0.104311 0.533882 0.1 0.1 0.252393 0.1 0.1 0.344126 0.389887 0.144049 0.600282 0.746977 0.867942 0.1 0.109138 0.833141 0.1 0.397538 0.849447 0.12493 0.346083 0.631445 0.1 0.354161 0.102232 0.496565 0.9 0.9 0.661806 0.485054 0.9 0.89012 0.11854 0.1 0.82785 0.387127 0.190638 0.101675 0.596918 0.694127 0.1 0.424552 0.317903 0.1 0.499452 0.538044 0.9 0.60671 0.9 0.9 0.9 0.334706 0.473994 0.9 0.601816 0.574547 0.3444 0.510866 0.490806 0.9 0.9 0.414733 0.82228 0.876285 0.449492 0.708559 0.10568 0.512793 0.9 0.9 0.30541 0.1 0.270032 0.604289 0.157367 0.674851 0.243134 0.1 0.407732 0.144096 0.854616 0.315209 0.264768 0.442392 0.102022 0.1 0.9 0.440371 0.485282 0.469253 0.403056 0.438324 0.899587 0.1 0.241922 0.35712 0.879789 0.612656 0.9 0.864742 0.432233 0.265413 0.856445 0.685805 0.9 0.1 0.27714 0.1 0.1 0.582358 0.234861 0.122397 0.9 0.624545 0.569994 0.1 0.580864 0.660339 0.363595 0.1 0.174349 0.682204 0.400443 0.171144 0.836234 0.671982 0.437601 0.9 0.1 0.349429 0.506007 0.518804 0.521509 0.478633 0.1 0.507903 0.519443 0.404543 0.61036 0.699958 0.1 0.899809 0.9 0.9 0.518454 0.539644 0.9 0.108323 0.1 0.318527 0.1 0.276949 0.1 0.88733 
0.1 0.1 0.256724 0.684589 0.878078 0.447507 0.9 0.617735 0.895551 0.529056 0.116498 0.860182 0.9 0.606873 0.13967 0.554315 0.378317 0.1 0.469436 0.316938 0.1 0.10721 0.684844 0.1 0.131744 0.816255 0.448964 0.261968 0.1 0.529816 0.897722 0.502138 0.572994 0.1 0.1 0.407507 0.467575 0.1 0.1 0.415143 0.520856 0.126747 0.178105 0.514719 0.666887 0.519037 0.1 0.151816 0.561226 0.530538 0.464825 0.582364 0.618438 0.119734 0.639617 0.714391 0.1 0.162936 0.848397 0.312439 0.529155 0.9 0.653793 0.133833 0.9 0.9 0.587654 0.444749 0.9 0.587635 0.9 0.522284 0.608415 0.232398 0.835881 0.484708 0.464653 0.1 0.477869 0.146841 0.552208 0.1 0.666884 0.203577 0.1 0.394036 0.799763 0.307943 0.46335 0.885895 0.532196 0.894703 0.749595 0.108888 0.9 0.665564 0.883955 0.507352 0.121646 0.863102 0.188994 0.808408 0.435346 0.651565 0.871088 0.339373 0.139343 0.271615 0.432796 0.705721 0.398422 0.1 0.601533 0.157425 0.333393 0.85723 0.521327 0.254679 0.1 0.723065 0.240318 0.565743 0.628696 0.883434 0.827756 0.604949 0.665245 0.604113 0.168319 0.723558 0.593493 0.1 0.769295 0.9 0.9 0.574333 0.441171 0.872818 0.102296 0.599666 0.670442 0.442768 0.711147 0.480448 0.551603 0.130922 0.370651 0.9 0.445481 0.472916 0.709019 0.502934 0.13218 0.389571 0.497449 0.88401 0.1 0.108204 0.500014 0.144735 0.782466 0.200507 0.222862 0.614794 0.1 0.1 0.251394 0.486529 0.1 0.22485 0.130841 0.700874 0.757326 0.9 0.209743 0.358419 0.9 0.535447 0.331554 0.182022 0.1 0.1 0.602046 0.231704 0.501557 0.250407 0.1 0.481068 0.367438 0.593824 0.755746 0.277573 0.648266 0.17475 0.9 0.876005 0.132648 0.1 0.322644 0.1 0.516455 0.556078 0.9 0.296311 0.363189 0.1 0.516111 0.44525 0.704845 0.832546 0.633101 0.77492 0.9 0.371587 0.9 0.436131 0.466658 0.1 0.861549 0.9 0.689317 0.561183 0.190741 0.355349 0.690111 0.9 0.409613 0.842876 0.204333 0.62694 0.9 0.504512 0.319534 0.9 0.707134 0.736093 0.9 0.298836 0.1 0.621755 0.1 0.627384 0.35814 0.11808 0.9 0.384515 0.511703 0.379943 0.38155 0.438927 0.1 0.1 
0.493909 0.231653 0.432608 0.859806 0.181635 0.641187 0.9 0.116799 0.365999 0.745663 0.581725 0.728312 0.598608 0.398151 0.317367 0.647731 0.626628 0.450634 0.35987 0.826721 0.120155 0.544268 0.866328 0.190986 0.799975 0.636437 0.366644 0.377102 0.1 0.572631 0.405374 0.320283 0.9 0.684822 0.198232 0.1 0.328425 0.1 0.1 0.699157 0.9 0.9 0.425943 0.41268 0.159924 0.772464 0.149752 0.817851 0.423959 0.275454 0.593456 0.602053 0.899213 0.587304 0.592303 0.89542 0.112386 0.76337 0.392347 0.1 0.550735 0.587604 0.466777 0.325316 0.416833 0.660859 0.424496 0.70888 0.683853 0.641857 0.469324 0.496816 0.523264 0.8488 0.9 0.689975 0.648442 0.1 0.454516 0.1 0.250818 0.1 0.423102 0.141359 0.58663 0.117947 0.124191 0.867434 0.9 0.401167 0.1 0.57632 0.857945 0.585404 0.871697 0.324844 0.1 0.322018 0.878206 0.9 0.835057 0.547823 0.424344 0.385961 0.406716 0.445477 0.832922 0.120377 0.421404 0.436917 0.1 0.67677 0.621061 0.623794 0.887168 0.493704 0.64017 0.9 0.356782 0.57957 0.280831 0.387719 0.1 0.132775 0.820561 0.177605 0.344029 0.1 0.255877 0.496295 0.891126 0.340005 0.865666 0.475971 0.550521 0.136323 0.632614 0.698721 0.178879 0.1 0.1 0.37361 0.9 0.726899 0.9 0.817915 0.128441 0.626547 0.885759 0.485425 0.260248 0.1 0.676885 0.413974 0.294992 0.648927 0.440017 0.575991 0.73857 0.681997 0.206851 0.455243 0.128727 0.879439 0.9 0.590873 0.114979 0.700169 0.342719 0.370831 0.879707 0.449161 0.639982 0.9 0.1 0.436872 0.771247 0.287854 0.1 0.494544 0.624453 0.349011 0.618161 0.439725 0.805114 0.856061 0.1 0.1 0.489502 0.9 0.9 0.562094 0.551885 0.843461 0.554222 0.562808 0.595189 0.551577 0.269394 0.1 0.858959 0.278686 0.470976 0.381504 0.1 0.587167 0.9 0.9 0.9 0.123154 0.337499 0.47289 0.517356 0.898079 0.9 0.102578 0.677366 0.1 0.388668 0.327928 0.865676 0.406899 0.851882 0.517864 0.300547 0.343753 0.870276 0.9 0.876028 0.403532 0.9 0.714213 0.414314 0.38791 0.1 0.52956 0.9 0.106981 0.33472 0.885446 0.110689 0.662006 0.394158 0.550555 0.610084 0.372966 0.658224 0.473574 0.38865 0.157752 0.493909 0.231653 
0.339212 0.483309 0.875318 0.727533 0.715152 0.9 0.663755 0.509155 0.1 0.563519 0.321723 0.541593 0.128436 0.27647 0.176198 0.87773 0.453026 0.527564 0.866669 0.653932 0.156513 0.1 0.175812 0.788798 0.629311 0.894425 0.309944 0.9 0.9 0.9 0.441959 0.336744 0.31565 0.358918 0.1 0.1 0.243456 0.632526 0.570363 0.43314 0.380888 0.855164 0.1 0.242216 0.19121 0.14837 0.257025 0.715818 0.592542 0.1 0.292697 0.813511 0.384623 0.324614 0.745561 0.798779 0.1 0.157696 0.60125 0.14146 0.863826 0.143195 0.447333 0.226577 0.477809 0.52206 0.249704 0.694534 0.154282 0.872406 0.1 0.459154 0.674523 0.286534 0.781147 0.9 0.384917 0.114187 0.510024 0.1 0.1 0.689013 0.122213 0.309192 0.14428 0.851568 0.195778 0.324795 0.9 0.89377 0.443332 0.65016 0.250238 0.812025 0.189407 0.565595 0.328397 0.246026 0.524906 0.501694 0.133099 0.558139 0.9 0.788527 0.9 0.71516 0.775141 0.282458 0.677378 0.33324 0.404026 0.896973 0.1 0.361492 0.316975 0.188249 0.344126 0.495991 0.414951 0.1 0.473588 0.9 0.9 0.593602 0.783065 0.869473 0.383678 0.1 0.218166 0.707817 0.636908 0.273529 0.47064 0.44168 0.153218 0.124045 0.384698 0.739887 0.481732 0.1 0.105752 0.883338 0.9 0.223112 0.290562 0.163798 0.327622 0.563424 0.666577 0.9 0.68426 0.1 0.731173 0.638621 0.663514 0.524528 0.491195 0.1 0.421552 0.9 0.745084 0.1 0.1 0.157206 0.506222 0.1 0.3273 0.9 0.9 0.9 0.9 0.140536 0.655585 0.73802 0.268705 0.110105 0.899957 0.654616 0.578022 0.562141 0.610585 0.322235 0.6145 0.443603 0.835121 0.569481 0.68815 0.466897 0.493647 0.1 0.345966 0.303311 0.1 0.474843 0.466037 0.680829 0.657211 0.9 0.531687 0.519621 0.753944 0.415277 0.563408 0.421108 0.1 0.844865 0.517867 0.141932 0.512155 0.1 0.480644 0.1 0.292033 0.350454 0.427777 0.1 0.645084 0.1 0.594548 0.313655 0.333694 0.1 0.575743 0.479276 0.406911 0.1 0.346414 0.9 0.9 0.9 0.58856 0.553893 0.1 0.1 0.1 0.376962 0.9 0.576011 0.343742 0.594056 0.565504 0.9 0.762153 0.855711 0.109015 0.17909 0.111493 0.831479 0.514402 0.644568 0.339212 0.483309 
0.878857 0.681934 0.393159 0.237413 0.9 0.56903 0.1 0.661975 0.369552 0.650363 0.401779 0.533357 0.679137 0.611715 0.834603 0.775699 0.1 0.1 0.39574 0.670734 0.1 0.1 0.564393 0.328089 0.321245 0.715728 0.107843 0.624691 0.647361 0.439342 0.399271 0.347831 0.12045 0.5943 0.626715 0.857731 0.345171 0.754419 0.754756 0.55554 0.38203 0.1 0.1 0.1 0.611291 0.9 0.9 0.74597 0.111172 0.23475 0.444424 0.164894 0.258653 0.262001 0.362934 0.55254 0.1 0.47633 0.303721 0.553325 0.9 0.658236 0.8991 0.1 0.37956 0.492906 0.113458 0.548385 0.334043 0.9 0.1 0.757442 0.869992 0.375565 0.9 0.596303 0.179508 0.811092 0.421623 0.19972 0.140333 0.877404 0.45449 0.465209 0.1 0.65356 0.117096 0.1 0.355296 0.439439 0.697428 0.372831 0.809108 0.805518 0.318552 0.400947 0.331782 0.53806 0.860855 0.703315 0.262809 0.1 0.42418 0.344041 0.307974 0.54995 0.897294 0.498105 0.412396 0.271632 0.702353 0.583987 0.1 0.1 0.1 0.272093 0.860728 0.283824 0.426056 0.217077 0.474346 0.148682 0.479621 0.567956 0.9 0.9 0.857852 0.300986 0.374521 0.9 0.9 0.673118 0.896688 0.52605 0.813284 0.423434 0.852725 0.771491 0.775065 0.325335 0.890332 0.618592 0.9 0.148992 0.659557 0.884502 0.410306 0.584882 0.165872 0.9 0.9 0.692271 0.9 0.381088 0.364563 0.815721 0.133848 0.1 0.106326 0.524613 0.9 0.1 0.1 0.878199 0.528842 0.1 0.1 0.432656 0.748424 0.9 0.715692 0.603324 0.564564 0.515243 0.716353 0.211698 0.455147 0.140434 0.822548 0.697075 0.9 0.644541 0.357724 0.82544 0.190049 0.529473 0.864159 0.319192 0.596745 0.122792 0.669085 0.568244 0.1 0.826394 0.548152 0.667207 0.9 0.72867 0.1 0.595541 0.678918 0.660338 0.387961 0.1 0.179237 0.108032 0.383001 0.578612 0.340366 0.228508 0.259803 0.311687 0.874956 0.49748 0.1 0.1 0.1 0.1 0.330295 0.566596 0.1 0.1 0.235028 0.115732 0.9 0.785934 0.9 0.9 0.592332 0.882509 0.485577 0.105375 0.577171 0.847157 0.385457 0.9 0.9 0.725627 0.498544 0.160937 0.146509 0.629728 0.502425 0.1 0.245041 0.561944 0.1 0.276758 0.649755 0.463699 0.878857 0.681934 
0.627055 0.138499 0.862998 0.418829 0.9 0.783219 0.206369 0.379961 0.578436 0.735734 0.460262 0.2807 0.608959 0.725889 0.115467 0.476274 0.495209 0.466855 0.692287 0.541276 0.213804 0.193825 0.533869 0.446095 0.88498 0.670134 0.584427 0.617766 0.9 0.529871 0.283647 0.333079 0.577651 0.353132 0.596686 0.689375 0.9 0.9 0.9 0.6678 0.585308 0.474801 0.858499 0.110228 0.257868 0.9 0.667596 0.752286 0.437073 0.381328 0.302601 0.55314 0.654351 0.702753 0.108674 0.409008 0.354308 0.765248 0.1 0.224597 0.436459 0.273553 0.537555 0.1 0.405473 0.104304 0.603609 0.510809 0.1 0.620424 0.112215 0.557659 0.190035 0.840591 0.789758 0.513447 0.818985 0.503392 0.1 0.310984 0.816965 0.616436 0.854536 0.496634 0.158985 0.185986 0.784789 0.660467 0.9 0.9 0.9 0.245766 0.100235 0.353713 0.338579 0.603935 0.612674 0.843856 0.16058 0.586759 0.646709 0.197651 0.317793 0.793295 0.215732 0.821432 0.336494 0.1 0.321904 0.45754 0.361428 0.254813 0.833865 0.398014 0.535481 0.1 0.40099 0.520075 0.663364 0.355725 0.330455 0.526548 0.506606 0.515874 0.9 0.783392 0.154171 0.482865 0.689368 0.418793 0.1 0.37702 0.571801 0.293613 0.388189 0.614847 0.397924 0.575701 0.890771 0.725394 0.9 0.147319 0.9 0.9 0.50278 0.495495 0.101515 0.9 0.9 0.9 0.140351 0.28371 0.484429 0.646467 0.875801 0.504028 0.368546 0.1 0.849967 0.332474 0.317667 0.1 0.646315 0.9 0.477848 0.874173 0.661865 0.697527 0.434456 0.515278 0.351491 0.475091 0.631059 0.314956 0.305135 0.122912 0.730897 0.338525 0.161807 0.6265 0.259916 0.1 0.1 0.682787 0.74631 0.853071 0.145818 0.282023 0.9 0.871916 0.557283 0.297658 0.1 0.139065 0.222529 0.481785 0.9 0.9 0.1 0.423247 0.399699 0.579283 0.885235 0.163972 0.665259 0.214846 0.287307 0.540245 0.621759 0.234852 0.37105 0.9 0.407935 0.50126 0.417378 0.1 0.38578 0.526401 0.384784 0.384644 0.470557 0.9 0.705803 0.547061 0.9 0.9 0.9 0.9 0.874693 0.151392 0.34371 0.341215 0.524591 0.367886 0.373539 0.449733 0.421846 0.667641 0.859212 0.197913 0.814245 0.501838 0.861326 0.1 0.871854 0.455875 0.30597 0.280103 0.9 0.687015 0.627055 0.138499 
0.65409 0.256874 0.9 0.440718 0.408542 0.833367 0.423412 0.1 0.102741 0.658687 0.540524 0.679925 0.9 0.9 0.1 0.372247 0.447215 0.145917 0.406972 0.344137 0.449263 0.333106 0.509724 0.285014 0.752969 0.9 0.487108 0.544137 0.67089 0.106196 0.1 0.154762 0.440894 0.866526 0.72162 0.610114 0.899361 0.178844 0.65091 0.9 0.729651 0.236482 0.677105 0.51616 0.127691 0.630352 0.146184 0.684724 0.746945 0.404091 0.1 0.1 0.629488 0.648838 0.348414 0.473487 0.62245 0.892677 0.1 0.301062 0.811833 0.146967 0.447477 0.1 0.1 0.1 0.676083 0.9 0.20671 0.460696 0.898344 0.9 0.587169 0.694219 0.61738 0.747721 0.419229 0.568332 0.45132 0.1 0.1 0.497973 0.415343 0.607671 0.343846 0.581873 0.1523 0.746745 0.530917 0.1 0.102551 0.368757 0.199394 0.477431 0.572974 0.343847 0.618833 0.39671 0.265261 0.9 0.754013 0.358564 0.677591 0.607355 0.839595 0.480772 0.243004 0.1 0.126485 0.63958 0.292111 0.1 0.32063 0.545721 0.759952 0.416129 0.415882 0.847928 0.450157 0.823229 0.140404 0.294075 0.286657 0.384743 0.8047 0.9 0.54633 0.442974 0.332459 0.872921 0.259561 0.1 0.1 0.1 0.423216 0.1 0.432388 0.643318 0.153154 0.416369 0.53142 0.461202 0.552548 0.67643 0.1 0.285977 0.181031 0.44354 0.1 0.46742 0.278811 0.346226 0.731384 0.651185 0.630995 0.569752 0.499924 0.146856 0.9 0.863327 0.111503 0.1 0.834225 0.293988 0.236273 0.485025 0.263516 0.583629 0.1 0.378666 0.1 0.54513 0.9 0.688382 0.37791 0.9 0.9 0.596138 0.326658 0.10053 0.1 0.576996 0.471213 0.701545 0.421742 0.105225 0.238765 0.9 0.278695 0.356326 0.797257 0.384521 0.468701 0.832295 0.580695 0.591702 0.341292 0.639689 0.373583 0.373056 0.130205 0.487345 0.9 0.9 0.289799 0.357526 0.847457 0.357276 0.891564 0.393761 0.391194 0.9 0.129817 0.890133 0.622108 0.441988 0.9 0.9 0.522116 0.1 0.100448 0.33362 0.327034 0.538388 0.142989 0.9 0.291775 0.462496 0.506711 0.622979 0.9 0.552275 0.208113 0.807664 0.680231 0.376292 0.111758 0.533641 0.674904 0.876123 0.9 0.9 0.779737 0.1 0.743343 0.441218 0.512216 0.59631 0.286002 0.1 0.65409 0.256874 
0.848798 0.165725 0.9 0.645414 0.835856 0.210721 0.833792 0.453973 0.651891 0.9 0.9 0.9 0.639452 0.66246 0.250724 0.706875 0.156885 0.8482 0.684775 0.123763 0.880292 0.480072 0.281025 0.568764 0.9 0.784389 0.255341 0.143776 0.677692 0.9 0.492555 0.152525 0.844444 0.600472 0.676431 0.705009 0.750609 0.578126 0.154744 0.462176 0.448078 0.1 0.332728 0.143978 0.57336 0.732995 0.9 0.9 0.595926 0.597894 0.864412 0.432194 0.1 0.1 0.116341 0.857224 0.9 0.403079 0.103506 0.571859 0.461689 0.62729 0.898328 0.284387 0.23777 0.416224 0.149529 0.859484 0.1 0.1 0.552341 0.547656 0.296055 0.874294 0.758362 0.9 0.608167 0.565294 0.719735 0.1 0.1 0.655137 0.555785 0.396367 0.81983 0.694179 0.296246 0.846586 0.170778 0.341229 0.451477 0.338562 0.1 0.337811 0.511441 0.367596 0.9 0.552701 0.405421 0.9 0.791522 0.86204 0.690417 0.855842 0.806539 0.318342 0.638287 0.405538 0.873886 0.514784 0.535038 0.843695 0.254717 0.1 0.191846 0.1 0.66056 0.511842 0.9 0.832793 0.677754 0.478693 0.155795 0.845118 0.9 0.646343 0.282395 0.655488 0.1 0.62181 0.749028 0.9 0.513161 0.306084 0.633936 0.266315 0.566034 0.497277 0.460485 0.481434 0.9 0.9 0.470832 0.230706 0.1 0.512949 0.442354 0.676786 0.1 0.37468 0.517289 0.9 0.9 0.635047 0.724478 0.860428 0.203465 0.806099 0.637412 0.417595 0.467326 0.28006 0.105583 0.1 0.512674 0.9 0.298873 0.114744 0.407915 0.868231 0.502359 0.497728 0.9 0.9 0.623628 0.9 0.71671 0.850623 0.669943 0.554232 0.349227 0.132725 0.429766 0.352767 0.631097 0.162142 0.147321 0.84173 0.311029 0.49957 0.22898 0.9 0.9 0.478402 0.9 0.478147 0.169069 0.126909 0.494207 0.602823 0.876372 0.107688 0.1 0.829472 0.147296 0.535691 0.749813 0.574807 0.643108 0.274753 0.345096 0.867163 0.486403 0.715301 0.293274 0.118089 0.861415 0.484324 0.862461 0.347963 0.847362 0.1 0.103585 0.820747 0.526363 0.9 0.382442 0.519682 0.162379 0.817738 0.355103 0.1 0.836042 0.437138 0.899167 0.9 0.9 0.543564 0.61708 0.571399 0.9 0.9 0.540598 0.231817 0.690109 0.654547 0.468655 0.505324 0.1 0.306577 0.848798 0.165725 
0.20059 0.875892 0.9 0.9 0.761746 0.23387 0.554173 0.865467 0.165226 0.745129 0.9 0.1 0.128276 0.770482 0.183243 0.878511 0.365284 0.640202 0.54697 0.217927 0.454167 0.1 0.412124 0.10457 0.9 0.9 0.716876 0.849507 0.153145 0.45907 0.160931 0.401042 0.362924 0.1 0.276117 0.1 0.366476 0.9 0.844556 0.555325 0.643904 0.9 0.526998 0.636282 0.739399 0.554049 0.707867 0.1 0.1 0.216644 0.365183 0.563533 0.307175 0.682093 0.637574 0.13521 0.542961 0.429833 0.825913 0.807561 0.822786 0.168449 0.1 0.25292 0.1 0.506461 0.409157 0.501915 0.377776 0.340512 0.887862 0.100551 0.229795 0.46763 0.744614 0.9 0.9 0.54406 0.9 0.147177 0.507527 0.377427 0.718661 0.808695 0.180677 0.408685 0.866845 0.736113 0.845345 0.9 0.365388 0.765065 0.881551 0.494561 0.1 0.133836 0.88548 0.511795 0.433724 0.535585 0.847858 0.444312 0.360293 0.134747 0.601029 0.272487 0.141345 0.610085 0.668726 0.141871 0.654781 0.468291 0.278262 0.451889 0.310075 0.319934 0.9 0.277741 0.9 0.776478 0.103355 0.1 0.46194 0.10358 0.598636 0.638741 0.1 0.492948 0.1 0.618879 0.9 0.9 0.899242 0.405746 0.133005 0.585914 0.583439 0.1 0.368363 0.321367 0.1 0.113854 0.6022 0.431762 0.543296 0.143273 0.664272 0.554818 0.290674 0.497641 0.362805 0.430654 0.711028 0.897237 0.524813 0.326974 0.447064 0.713289 0.9 0.622769 0.16468 0.867315 0.648371 0.1 0.285653 0.725622 0.820171 0.9 0.892765 0.162079 0.257151 0.844769 0.41576 0.888953 0.406184 0.9 0.851429 0.206846 0.302759 0.1 0.593222 0.628396 0.582067 0.386281 0.547886 0.109618 0.529171 0.222096 0.48716 0.640346 0.857698 0.9 0.401641 0.462464 0.9 0.613295 0.291184 0.584254 0.468553 0.144819 0.9 0.575527 0.1 0.140861 0.428342 0.538832 0.9 0.556878 0.510338 0.296338 0.589493 0.217065 0.834153 0.352371 0.508387 0.455361 0.35128 0.267331 0.682674 0.883701 0.9 0.471984 0.577374 0.186667 0.86811 0.659274 0.640458 0.18871 0.188761 0.127267 0.264804 0.1 0.9 0.34399 0.312446 0.510201 0.698158 0.162717 0.820194 0.383943 0.462488 0.694837 0.475159 0.414123 0.802149 0.226975 0.823895 0.195958 0.286317 0.421347 0.20059 0.875892 
0.88193 0.724572 0.498826 0.889948 0.383851 0.1 0.1 0.590184 0.323119 0.422365 0.864528 0.1 0.56445 0.217263 0.532897 0.589696 0.233089 0.576839 0.9 0.581781 0.273499 0.315075 0.893198 0.1 0.407193 0.9 0.390271 0.732541 0.295165 0.413379 0.877631 0.373598 0.1 0.248406 0.1 0.354048 0.472366 0.294431 0.157746 0.876918 0.717994 0.9 0.145819 0.369181 0.9 0.778471 0.866415 0.1 0.243142 0.621326 0.680459 0.600278 0.9 0.712333 0.722676 0.363783 0.515293 0.1 0.134779 0.876373 0.639394 0.795341 0.138653 0.511911 0.368331 0.40159 0.9 0.9 0.619592 0.15432 0.622852 0.32561 0.9 0.711234 0.704141 0.726805 0.474307 0.506972 0.9 0.643965 0.129989 0.513347 0.307434 0.172016 0.1 0.124566 0.519137 0.8853 0.171066 0.48757 0.692032 0.625223 0.615134 0.863016 0.363716 0.818525 0.383426 0.277389 0.696003 0.834953 0.387423 0.357959 0.1 0.1 0.168818 0.882044 0.9 0.586172 0.458885 0.584698 0.444932 0.462389 0.301112 0.699563 0.612883 0.540407 0.735384 0.105297 0.344351 0.9 0.628712 0.106885 0.573816 0.1 0.9 0.9 0.1 0.19504 0.107657 0.574848 0.187841 0.346341 0.1 0.332457 0.49075 0.241848 0.1 0.389848 0.884799 0.516733 0.1 0.195133 0.1 0.367974 0.891794 0.753652 0.9 0.818083 0.843964 0.165775 0.632131 0.50288 0.1 0.368769 0.682885 0.1 0.287205 0.685229 0.388419 0.400252 0.451619 0.514247 0.732707 0.538083 0.9 0.360608 0.9 0.9 0.753551 0.609398 0.490152 0.813939 0.9 0.600793 0.101018 0.829952 0.449227 0.83766 0.671819 0.1 0.1096 0.374361 0.65494 0.32011 0.692289 0.491307 0.426646 0.84605 0.364087 0.619179 0.384395 0.636504 0.1 0.1 0.370546 0.890386 0.271597 0.146555 0.888324 0.9 0.9 0.590239 0.637768 0.679362 0.165454 0.620678 0.742989 0.435473 0.635292 0.368656 0.585575 0.693171 0.77493 0.27835 0.100559 0.422697 0.705069 0.485564 0.274627 0.12753 0.1 0.598063 0.731022 0.299671 0.539115 0.1 0.394295 0.799235 0.363555 0.266008 0.662958 0.169228 0.839667 0.571753 0.748288 0.9 0.308252 0.381961 0.382795 0.886304 0.9 0.895616 0.77554 0.494955 0.161565 0.684021 0.9 0.830841 0.299813 0.355842 0.88193 0.724572 
0.9 0.798192 0.569491 0.579807 0.9 0.9 0.370421 0.1 0.300783 0.1 0.106687 0.1 0.65603 0.886813 0.9 0.891689 0.339683 0.349408 0.726458 0.1 0.1 0.498318 0.733994 0.1 0.298538 0.628482 0.112513 0.496918 0.1 0.1 0.9 0.9 0.9 0.615003 0.391922 0.688614 0.559103 0.673575 0.761467 0.9 0.9 0.9 0.842889 0.487517 0.768281 0.9 0.371307 0.1 0.1 0.1 0.295829 0.299054 0.578413 0.1 0.453683 0.890379 0.792697 0.472214 0.382388 0.7538 0.599175 0.357588 0.588529 0.518691 0.9 0.1 0.1 0.398532 0.817442 0.787122 0.357964 0.559676 0.697712 0.131972 0.867971 0.547003 0.106188 0.242157 0.599634 0.305252 0.29836 0.898246 0.540956 0.802313 0.227654 0.773657 0.836219 0.9 0.340875 0.1 0.497293 0.180598 0.326298 0.413828 0.372555 0.328704 0.396041 0.537868 0.604446 0.152197 0.451413 0.9 0.660822 0.342545 0.846782 0.832481 0.9 0.186463 0.790474 0.598969 0.207068 0.311663 0.446452 0.667681 0.116304 0.478811 0.574844 0.8524 0.462958 0.9 0.9 0.9 0.9 0.408245 0.340692 0.407705 0.634254 0.747828 0.841577 0.453655 0.844675 0.51944 0.208357 0.574675 0.661583 0.1 0.255675 0.483014 0.320308 0.225125 0.1 0.390009 0.455236 0.501829 0.124633 0.430796 0.209117 0.530704 0.484482 0.407761 0.575999 0.465604 0.375813 0.552327 0.9 0.73878 0.897939 0.52772 0.440333 0.9 0.883612 0.344501 0.336581 0.136454 0.71156 0.1 0.283475 0.1 0.647757 0.471473 0.355438 0.752059 0.9 0.698504 0.323572 0.143884 0.227791 0.545121 0.612155 0.646975 0.879091 0.294274 0.1 0.354337 0.9 0.9 0.1 0.751186 0.383376 0.513054 0.574098 0.376136 0.541087 0.126992 0.247884 0.566946 0.217253 0.434626 0.685151 0.9 0.9 0.9 0.812355 0.9 0.460191 0.203819 0.899232 0.9 0.601028 0.511419 0.556255 0.45652 0.728506 0.567559 0.742978 0.59405 0.528403 0.9 0.454696 0.804098 0.411288 0.873813 0.1 0.1 0.1 0.30801 0.534233 0.40851 0.796012 0.1 0.100826 0.572345 0.255507 0.86712 0.729355 0.541033 0.116055 0.440422 0.475883 0.632295 0.87357 0.230726 0.897916 0.781062 0.598456 0.756263 0.359291 0.115113 0.538409 0.634973 0.9 0.798192 
0.9 0.9 0.147051 0.52025 0.376352 0.745226 0.807904 0.159073 0.869305 0.1 0.878881 0.9 0.889986 0.628943 0.525729 0.12072 0.1 0.896015 0.597926 0.1 0.1 0.533713 0.783211 0.577648 0.302128 0.133757 0.607307 0.9 0.668394 0.551127 0.9 0.395774 0.571354 0.9 0.9 0.9 0.543607 0.76892 0.9 0.469095 0.9 0.9 0.443265 0.701616 0.530529 0.9 0.9 0.593726 0.884079 0.375973 0.580662 0.9 0.89405 0.327165 0.361326 0.333402 0.311057 0.1 0.1 0.143449 0.636976 0.1 0.301461 0.279633 0.9 0.1 0.1 0.534382 0.854128 0.251049 0.875788 0.652247 0.130116 0.1 0.564975 0.552353 0.872017 0.334919 0.117966 0.697441 0.714398 0.593718 0.519662 0.758966 0.836649 0.218399 0.824097 0.138371 0.1 0.1 0.134036 0.745616 0.157355 0.370335 0.1 0.1 0.527314 0.350566 0.552612 0.508694 0.400135 0.474643 0.367105 0.398047 0.681375 0.9 0.9 0.537666 0.157684 0.840653 0.520687 0.890049 0.659164 0.860605 0.512231 0.372529 0.1 0.423135 0.42318 0.139236 0.478747 0.744217 0.9 0.5244 0.213413 0.110235 0.566699 0.897141 0.406088 0.1 0.47107 0.651641 0.51677 0.667735 0.1 0.1 0.494112 0.133603 0.65557 0.706643 0.1 0.1 0.577716 0.571823 0.1 0.121894 0.774501 0.168527 0.444011 0.490148 0.368563 0.872023 0.283879 0.222271 0.558753 0.465694 0.30359 0.1 0.301399 0.601795 0.148738 0.661711 0.337644 0.629006 0.585582 0.39872 0.837636 0.1 0.353323 0.668556 0.848952 0.461239 0.76755 0.563019 0.9 0.9 0.62008 0.860827 0.107896 0.1 0.376009 0.42713 0.1 0.56598 0.666465 0.543004 0.1 0.871476 0.629715 0.407142 0.649565 0.816901 0.261063 0.82137 0.561101 0.684771 0.1 0.436949 0.9 0.546908 0.1 0.690938 0.9 0.9 0.386579 0.799561 0.877404 0.9 0.9 0.9 0.9 0.327428 0.257513 0.146496 0.88633 0.9 0.67981 0.9 0.881896 0.413478 0.313059 0.484773 0.1 0.427289 0.365639 0.594637 0.269221 0.45045 0.1 0.1 0.1 0.148402 0.794288 0.9 0.826707 0.228776 0.844185 0.788311 0.9 0.740336 0.659617 0.861913 0.9 0.9 0.9 0.9 0.9 0.590474 0.820533 0.775667 0.9 0.9 
0.755106 0.9 0.655678 0.61357 0.533696 0.829619 0.20908 0.519351 0.886574 0.137481 0.705653 0.887386 0.173147 0.605908 0.9 0.895705 0.414405 0.9 0.753136 0.9 0.9 0.786848 0.9 0.778891 0.599921 0.631535 0.373235 0.401683 0.491986 0.133641 0.531494 0.691977 0.1 0.1 0.373366 0.617425 0.1 0.443141 0.303902 0.1 0.595053 0.9 0.9 0.626238 0.654833 0.884853 0.736527 0.9 0.767059 0.453824 0.884282 0.620132 0.142731 0.631109 0.462871 0.633979 0.462627 0.573589 0.187847 0.841147 0.9 0.604562 0.667413 0.105736 0.715283 0.125215 0.661644 0.886345 0.690557 0.873137 0.9 0.124155 0.897597 0.9 0.888988 0.539378 0.746261 0.445335 0.348427 0.505285 0.735912 0.285167 0.123369 0.9 0.9 0.451288 0.612959 0.357174 0.1 0.573116 0.226095 0.177785 0.239092 0.1 0.1 0.1 0.172241 0.844377 0.9 0.68548 0.811587 0.9 0.9 0.705327 0.672084 0.613662 0.130676 0.328498 0.1 0.607659 0.889615 0.9 0.846487 0.221068 0.655452 0.792788 0.447033 0.257119 0.153722 0.567109 0.9 0.602136 0.720076 0.328292 0.455865 0.882551 0.362972 0.680329 0.9 0.240764 0.302522 0.557996 0.1 0.1 0.274735 0.9 0.757409 0.399394 0.285586 0.739635 0.876393 0.1 0.611291 0.728645 0.1 0.2667 0.632125 0.601987 0.664415 0.697254 0.302099 0.600088 0.213597 0.103023 0.86992 0.711223 0.1 0.1 0.336735 0.9 0.408247 0.544564 0.492845 0.509522 0.653236 0.658022 0.425589 0.267814 0.1 0.506475 0.1 0.1 0.73629 0.690664 0.9 0.9 0.127929 0.400373 0.590699 0.575219 0.121736 0.822481 0.266903 0.349805 0.1 0.1 0.1 0.1 0.256189 0.355794 0.898488 0.730953 0.810804 0.459719 0.107332 0.532746 0.1 0.496572 0.9 0.336065 0.1 0.103579 0.408495 0.9 0.693687 0.451336 0.9 0.9 0.668617 0.431355 0.547801 0.698554 0.366757 0.636898 0.1 0.417293 0.670955 0.307713 0.460901 0.867139 0.595359 0.41706 0.552895 0.577063 0.9 0.681969 0.123071 0.836038 0.1 0.1 0.29223 0.15785 0.189118 0.64664 0.216549 0.785648 0.9 0.9 0.9 0.718588 0.337098 0.351304 0.478457 0.546338 0.143586 0.593622 0.9 0.9 0.892995 0.438502 0.755106 0.9 
0.2379 0.410085 0.89042 0.590473 0.1 0.117574 0.387896 0.303228 0.158269 0.85083 0.582013 0.35241 0.505868 0.632578 0.355884 0.547037 0.545069 0.124547 0.247566 0.9 0.460766 0.64121 0.568466 0.434543 0.274686 0.472986 0.1 0.1 0.9 0.840188 0.603281 0.544739 0.310339 0.323823 0.131259 0.395929 0.48063 0.593479 0.648176 0.555778 0.404252 0.401199 0.861818 0.19362 0.802323 0.170384 0.46541 0.498941 0.348808 0.674598 0.44298 0.568805 0.416257 0.9 0.9 0.750422 0.385795 0.129116 0.81285 0.352297 0.1 0.377224 0.9 0.433973 0.806061 0.9 0.9 0.343827 0.532411 0.67815 0.9 0.117982 0.9 0.695135 0.147528 0.642095 0.9 0.622463 0.234968 0.1 0.471246 0.599385 0.59295 0.9 0.589959 0.607395 0.625163 0.9 0.71771 0.542862 0.111218 0.879284 0.896103 0.143572 0.356361 0.558767 0.843331 0.414615 0.9 0.666022 0.870166 0.672698 0.634867 0.68599 0.328064 0.685226 0.389709 0.130449 0.283915 0.590682 0.389557 0.651205 0.452481 0.872789 0.662612 0.9 0.53422 0.354332 0.84703 0.456395 0.769059 0.862697 0.360872 0.503281 0.176715 0.530232 0.307518 0.9 0.9 0.1 0.486347 0.756074 0.569563 0.1 0.406924 0.9 0.9 0.9 0.1 0.1 0.577359 0.408579 0.9 0.9 0.293992 0.55821 0.9 0.9 0.9 0.615215 0.1 0.623918 0.606069 0.39727 0.315199 0.590307 0.1 0.425039 0.669366 0.9 0.526113 0.1 0.59247 0.1 0.330438 0.1 0.1 0.1 0.1 0.283371 0.316439 0.655629 0.589846 0.345098 0.637356 0.9 0.690411 0.577107 0.9 0.588148 0.1 0.104013 0.25908 0.7234 0.377963 0.512934 0.368466 0.510008 0.863254 0.114016 0.459038 0.431026 0.1 0.1 0.564149 0.527336 0.335528 0.654684 0.74171 0.468675 0.9 0.86944 0.106748 0.607176 0.328883 0.846935 0.628166 0.9 0.349512 0.371748 0.585344 0.457995 0.399864 0.89581 0.145581 0.82097 0.466263 0.416842 0.384063 0.350247 0.545131 0.738681 0.9 0.795576 0.888261 0.507822 0.190911 0.287725 0.113869 0.819138 0.636459 0.152431 0.86281 0.9 0.667881 0.145905 0.640861 0.369081 0.122618 0.864127 0.706109 0.719501 0.372095 0.1 0.451284 0.562612 0.9 0.881908 0.144417 0.218603 0.2379 0.410085 
0.188926 0.1 0.418253 0.839263 0.474747 0.523101 0.283903 0.564297 0.452389 0.9 0.786739 0.480145 0.621357 0.597269 0.462154 0.450465 0.9 0.591891 0.290538 0.713902 0.342776 0.705242 0.760157 0.88354 0.358934 0.659391 0.881911 0.36471 0.879218 0.242501 0.761923 0.125776 0.1 0.308585 0.840854 0.553833 0.868242 0.147085 0.1 0.299465 0.137935 0.823823 0.826243 0.642668 0.517735 0.24601 0.1 0.413614 0.813295 0.464446 0.1 0.247695 0.137334 0.893816 0.365776 0.32809 0.504926 0.1 0.650049 0.430488 0.101559 0.464577 0.545269 0.1 0.6743 0.517103 0.646906 0.504812 0.626136 0.692591 0.9 0.578038 0.645781 0.603312 0.334518 0.115423 0.9 0.486147 0.477541 0.70643 0.9 0.471999 0.108608 0.9 0.309931 0.407329 0.110135 0.9 0.629716 0.862434 0.33294 0.626796 0.402923 0.841948 0.692245 0.110219 0.314653 0.370265 0.69247 0.898541 0.112839 0.482587 0.603652 0.611977 0.128326 0.9 0.819405 0.881645 0.384775 0.14039 0.574217 0.328627 0.640508 0.9 0.167541 0.9 0.325284 0.266707 0.852152 0.651554 0.1 0.1 0.28014 0.503784 0.766788 0.199818 0.363473 0.376568 0.40805 0.1 0.222384 0.494311 0.654409 0.656744 0.119635 0.650186 0.740264 0.9 0.505127 0.1 0.1 0.273856 0.361673 0.694255 0.1 0.357629 0.700704 0.414006 0.673412 0.473473 0.1 0.676497 0.646347 0.404959 0.1 0.598034 0.439207 0.716393 0.9 0.9 0.86753 0.129154 0.358352 0.496034 0.893687 0.516799 0.1 0.506542 0.394973 0.707557 0.623772 0.515919 0.107215 0.75666 0.155411 0.1 0.354992 0.9 0.566851 0.1 0.314657 0.590441 0.761354 0.880709 0.200321 0.895725 0.543212 0.534566 0.685271 0.40402 0.38385 0.537269 0.48921 0.894969 0.9 0.347593 0.292873 0.121174 0.9 0.749499 0.9 0.581517 0.239278 0.9 0.489558 0.39231 0.109624 0.9 0.279896 0.62083 0.9 0.613128 0.253248 0.614157 0.44788 0.400949 0.44434 0.164986 0.813952 0.316014 0.385626 0.363909 0.735349 0.876381 0.221125 0.518227 0.36236 0.432262 0.626361 0.146474 0.24287 0.463665 0.782267 0.503716 0.482069 0.236944 0.873464 0.530734 0.1 0.1 0.115987 0.844427 0.755511 0.350034 0.438326 0.248809 0.650786 0.141531 0.22421 0.565405 0.188926 0.1 
0.152735 0.872888 0.611346 0.189267 0.571382 0.9 0.449797 0.305267 0.1 0.701106 0.9 0.873956 0.152626 0.248614 0.135099 0.9 0.9 0.120176 0.118142 0.815012 0.184311 0.673815 0.401397 0.497426 0.874263 0.113173 0.476758 0.246174 0.675706 0.570556 0.192078 0.387894 0.592011 0.692819 0.600983 0.199644 0.774813 0.85245 0.587732 0.884802 0.603599 0.494261 0.9 0.806117 0.763394 0.874518 0.728417 0.427638 0.222436 0.669586 0.408701 0.123957 0.444555 0.771593 0.656058 0.482826 0.715834 0.118779 0.673417 0.481966 0.852551 0.874784 0.9 0.454573 0.526874 0.410654 0.62509 0.26792 0.375506 0.1 0.1 0.1 0.569856 0.9 0.9 0.333568 0.9 0.675272 0.703728 0.10532 0.348757 0.301281 0.269974 0.873678 0.114904 0.899257 0.481652 0.9 0.9 0.343012 0.1 0.695622 0.1 0.1 0.238771 0.442034 0.586072 0.859583 0.745819 0.9 0.104805 0.9 0.899284 0.715712 0.747564 0.9 0.9 0.681691 0.463142 0.659717 0.751208 0.9 0.9 0.9 0.778848 0.9 0.668934 0.328916 0.866097 0.756145 0.456976 0.1 0.457118 0.455238 0.187931 0.482161 0.128969 0.526775 0.573409 0.685397 0.471169 0.621475 0.635656 0.468748 0.257886 0.390983 0.328457 0.238834 0.152976 0.630475 0.9 0.722404 0.61924 0.9 0.641172 0.424117 0.9 0.475345 0.623513 0.727925 0.1 0.1 0.735934 0.573501 0.598831 0.9 0.349716 0.587079 0.572486 0.891111 0.557606 0.801544 0.525849 0.9 0.513896 0.718933 0.365205 0.709606 0.1 0.369736 0.588453 0.81168 0.1 0.147847 0.83474 0.741923 0.557576 0.88647 0.234151 0.1 0.607056 0.380826 0.269365 0.497344 0.895992 0.9 0.292963 0.232565 0.511245 0.60626 0.179784 0.823307 0.657792 0.666475 0.9 0.122932 0.284849 0.247191 0.9 0.40431 0.618347 0.314665 0.317706 0.744734 0.353296 0.299586 0.541482 0.9 0.1 0.75612 0.9 0.641633 0.1 0.225606 0.1 0.1 0.1 0.273636 0.38752 0.513012 0.139783 0.319983 0.453772 0.753327 0.83822 0.51415 0.610039 0.377891 0.54317 0.558757 0.508734 0.359382 0.9 0.9 0.9 0.269395 0.1 0.393102 0.102584 0.1 0.140636 0.236069 0.806399 0.449082 0.336397 0.1 0.395213 0.366745 0.431326 0.665106 0.152735 0.872888 
0.852654 0.586684 0.1 0.893348 0.9 0.89284 0.347731 0.457988 0.490032 0.742582 0.705672 0.393774 0.583892 0.691285 0.567917 0.726661 0.129522 0.661372 0.885177 0.533862 0.859362 0.9 0.887111 0.368474 0.9 0.298651 0.630661 0.309399 0.9 0.791346 0.550494 0.1 0.292847 0.782631 0.863521 0.148332 0.618267 0.297665 0.489052 0.1 0.1 0.201185 0.545398 0.757269 0.80729 0.227711 0.351304 0.137222 0.780374 0.514191 0.456596 0.659602 0.293876 0.29829 0.859004 0.129476 0.527789 0.563683 0.359906 0.431463 0.428052 0.9 0.482678 0.537251 0.783944 0.420448 0.677476 0.472368 0.600239 0.236031 0.625698 0.633709 0.43975 0.1 0.362258 0.3512 0.380086 0.670776 0.380105 0.1 0.141724 0.884751 0.9 0.437031 0.1 0.9 0.446188 0.607668 0.600103 0.654945 0.1 0.9 0.668607 0.446857 0.489994 0.608747 0.850437 0.177494 0.1 0.493643 0.336647 0.598161 0.197164 0.759714 0.9 0.546759 0.1 0.1 0.28321 0.527127 0.362679 0.481903 0.318902 0.381883 0.713891 0.476667 0.104192 0.147294 0.161609 0.739266 0.9 0.1 0.624602 0.772519 0.467451 0.122507 0.240634 0.500132 0.263059 0.245053 0.123894 0.593528 0.882751 0.291486 0.369949 0.795437 0.686304 0.516056 0.866804 0.164289 0.846197 0.385504 0.463982 0.382685 0.516299 0.363946 0.788683 0.746501 0.560378 0.9 0.550503 0.484011 0.9 0.104142 0.210331 0.562804 0.351364 0.473452 0.9 0.629094 0.633479 0.126469 0.1 0.662551 0.243662 0.512844 0.551294 0.9 0.1 0.449894 0.879605 0.223245 0.581117 0.414938 0.469107 0.346396 0.611653 0.126408 0.1 0.271008 0.896182 0.701547 0.693603 0.889047 0.9 0.9 0.420428 0.255229 0.320122 0.559634 0.643683 0.14831 0.467791 0.9 0.844966 0.569316 0.55016 0.274522 0.662301 0.531598 0.643823 0.601698 0.513331 0.442733 0.120796 0.853429 0.9 0.727807 0.115057 0.865613 0.9 0.112151 0.565099 0.541456 0.1 0.439476 0.54401 0.48488 0.720915 0.9 0.855747 0.525164 0.1 0.415851 0.505617 0.863774 0.250071 0.744392 0.145154 0.649519 0.569577 0.840236 0.348118 0.1 0.292446 0.272684 0.1 0.159683 0.792604 0.1 0.154007 0.740912 0.234773 0.59068 0.513003 0.234619 0.1 0.1 0.623906 0.9 0.852654 0.586684 
0.144002 0.846649 0.103005 0.9 0.746955 0.239362 0.808581 0.9 0.9 0.454643 0.644692 0.1 0.467866 0.9 0.447779 0.434059 0.1 0.414947 0.590639 0.1 0.415285 0.709446 0.833699 0.853871 0.9 0.9 0.9 0.678144 0.9 0.9 0.326401 0.362492 0.9 0.384797 0.273162 0.567896 0.495154 0.1 0.520272 0.400418 0.428658 0.261148 0.519144 0.845476 0.273049 0.761787 0.422929 0.155149 0.497686 0.834572 0.374763 0.690658 0.526796 0.1 0.59162 0.562965 0.9 0.487421 0.295131 0.9 0.443049 0.507167 0.1 0.280166 0.888741 0.455762 0.9 0.522149 0.371513 0.460536 0.9 0.9 0.618651 0.396645 0.707674 0.88287 0.258056 0.118874 0.1 0.558483 0.866861 0.406491 0.404379 0.544188 0.405362 0.9 0.320458 0.29358 0.388018 0.426703 0.1 0.646085 0.134675 0.251944 0.9 0.9 0.663861 0.859198 0.344752 0.1 0.156108 0.349269 0.81402 0.9 0.650837 0.578252 0.726013 0.859721 0.71135 0.9 0.451356 0.607783 0.1 0.675061 0.403309 0.517617 0.548957 0.573669 0.9 0.9 0.9 0.1 0.616482 0.889985 0.367052 0.542727 0.9 0.9 0.43456 0.310494 0.872298 0.593807 0.517326 0.700119 0.544943 0.9 0.376591 0.348902 0.892 0.1 0.120271 0.283086 0.601527 0.283336 0.128604 0.823645 0.815959 0.731791 0.429643 0.691291 0.599113 0.447793 0.687925 0.263862 0.38997 0.9 0.9 0.375552 0.836415 0.354827 0.480212 0.705373 0.9 0.9 0.466293 0.386894 0.896898 0.9 0.54488 0.807437 0.9 0.555077 0.134817 0.543147 0.829289 0.15731 0.513273 0.644823 0.791473 0.83837 0.523173 0.363983 0.35993 0.124163 0.641817 0.741205 0.1 0.40093 0.155058 0.842921 0.83102 0.495752 0.6295 0.657121 0.427781 0.163294 0.816209 0.441993 0.9 0.507059 0.155705 0.64839 0.120878 0.193235 0.222501 0.1 0.336864 0.749652 0.66545 0.212275 0.638957 0.1 0.49959 0.1 0.125504 0.290273 0.899004 0.290992 0.740738 0.890521 0.180878 0.455975 0.342859 0.681034 0.112746 0.9 0.879175 0.144984 0.216016 0.71817 0.587264 0.441061 0.479939 0.695495 0.554158 0.733264 0.9 0.873195 0.656331 0.58406 0.831283 0.427924 0.594502 0.528695 0.434507 0.884503 0.691663 0.192654 0.1 0.4538 0.144002 0.846649 
0.507671 0.493396 0.1 0.1 0.333138 0.757741 0.234473 0.443269 0.771643 0.707349 0.9 0.262794 0.423853 0.483129 0.1 0.233831 0.275435 0.651095 0.899117 0.380678 0.853994 0.710835 0.856339 0.222706 0.476591 0.52852 0.445188 0.755529 0.899073 0.543037 0.1 0.891769 0.9 0.1 0.1 0.208784 0.1 0.1 0.691219 0.9 0.9 0.546891 0.235338 0.366914 0.817654 0.419747 0.465949 0.392837 0.842691 0.565203 0.524836 0.675042 0.103678 0.407504 0.9 0.688689 0.882619 0.405023 0.332681 0.9 0.9 0.533966 0.876566 0.750965 0.661788 0.9 0.9 0.9 0.1 0.655212 0.762824 0.9 0.34071 0.883275 0.364912 0.1 0.111604 0.805014 0.408605 0.1 0.337986 0.1 0.581935 0.41244 0.403198 0.727146 0.822488 0.471783 0.894507 0.332928 0.316924 0.667388 0.666155 0.1 0.482273 0.398321 0.1 0.480073 0.218249 0.200411 0.124497 0.818949 0.201083 0.367726 0.9 0.532402 0.489666 0.112681 0.38905 0.881541 0.16668 0.566092 0.1 0.9 0.9 0.485831 0.536955 0.9 0.9 0.410052 0.268678 0.1 0.1 0.1 0.310529 0.4966 0.443405 0.498371 0.889842 0.590032 0.64583 0.1 0.58442 0.896038 0.460521 0.497115 0.290584 0.9 0.58883 0.556471 0.9 0.562081 0.388468 0.88696 0.386271 0.128557 0.437896 0.836297 0.146829 0.204238 0.295435 0.299633 0.432878 0.303441 0.330139 0.722105 0.9 0.653237 0.242915 0.753188 0.491963 0.72637 0.9 0.9 0.592577 0.342802 0.426965 0.892515 0.443272 0.846624 0.584439 0.312779 0.391176 0.693855 0.367787 0.873361 0.9 0.714468 0.711025 0.197368 0.785171 0.120638 0.351183 0.363663 0.363199 0.690324 0.1 0.1 0.372337 0.320291 0.9 0.9 0.9 0.9 0.735129 0.44506 0.134257 0.1 0.478237 0.520819 0.9 0.9 0.740608 0.325778 0.670775 0.1 0.195197 0.652835 0.748155 0.849454 0.704298 0.707298 0.893043 0.110786 0.1 0.276178 0.737517 0.111208 0.426443 0.315255 0.306032 0.382898 0.111846 0.370406 0.249022 0.74295 0.9 0.421196 0.9 0.516623 0.9 0.691267 0.463806 0.615943 0.1 0.1 0.636882 0.343989 0.659301 0.46557 0.305578 0.366803 0.1 0.183892 0.441176 0.359763 0.480131 0.266688 0.470095 0.876013 0.507671 0.493396 
0.422161 0.54168 0.251883 0.489528 0.32665 0.39587 0.793204 0.269182 0.618893 0.780871 0.9 0.1 0.432885 0.872846 0.102103 0.1 0.314431 0.862503 0.642181 0.394106 0.427229 0.674617 0.732909 0.774548 0.158694 0.1 0.1 0.410778 0.183653 0.527445 0.3585 0.399074 0.163315 0.591527 0.885576 0.591173 0.9 0.9 0.740344 0.593006 0.587107 0.654186 0.545083 0.1 0.701811 0.61623 0.327169 0.852579 0.711461 0.744826 0.355586 0.9 0.56256 0.894713 0.80607 0.489431 0.134728 0.850123 0.1 0.115545 0.427136 0.388879 0.611276 0.544261 0.150058 0.35168 0.208581 0.853918 0.398958 0.866902 0.498543 0.9 0.598466 0.9 0.9 0.257862 0.595736 0.113952 0.1 0.298682 0.856564 0.42251 0.1025 0.438644 0.417093 0.848044 0.146554 0.425231 0.663049 0.138735 0.496104 0.170212 0.486481 0.271006 0.6561 0.601114 0.69104 0.88936 0.531702 0.9 0.750719 0.9 0.893344 0.370181 0.9 0.774719 0.571964 0.587862 0.853404 0.768897 0.9 0.9 0.112276 0.9 0.439424 0.483165 0.856451 0.558505 0.88398 0.617235 0.460189 0.549212 0.637459 0.1 0.662945 0.527802 0.570713 0.414832 0.329525 0.1 0.316693 0.151875 0.785995 0.416295 0.465482 0.876986 0.143838 0.882635 0.418901 0.103606 0.61756 0.399616 0.826676 0.736759 0.33774 0.196862 0.1 0.1 0.576977 0.153884 0.618875 0.319383 0.54021 0.411983 0.277142 0.441609 0.9 0.866833 0.80422 0.240528 0.79784 0.389854 0.312141 0.698658 0.601308 0.641238 0.530697 0.706425 0.568636 0.170991 0.543135 0.317563 0.306615 0.496002 0.1 0.53824 0.702267 0.367437 0.597204 0.455018 0.413842 0.305381 0.698108 0.9 0.807129 0.9 0.413974 0.555077 0.656082 0.268324 0.9 0.55855 0.548467 0.1 0.149253 0.116744 0.683361 0.9 0.735861 0.442055 0.9 0.50001 0.662114 0.133755 0.9 0.9 0.633344 0.601514 0.1 0.1 0.1 0.404448 0.606051 0.827972 0.424763 0.286649 0.779878 0.9 0.9 0.36581 0.115546 0.67029 0.890542 0.673596 0.686334 0.137344 0.710019 0.612271 0.9 0.49023 0.9 0.698959 0.9 0.749383 0.728529 0.639544 0.643601 0.315911 0.451772 0.626098 0.507177 0.455693 0.1 0.1 0.329836 0.54081 0.273318 0.1 0.295363 0.138207 0.422161 0.54168 
0.491551 0.307533 0.101226 0.630779 0.380167 0.683862 0.323452 0.1 0.255841 0.326466 0.892857 0.1 0.1 0.57205 0.9 0.643454 0.820191 0.350408 0.316264 0.378514 0.709619 0.451388 0.339949 0.140071 0.843384 0.651016 0.1 0.297286 0.854412 0.716184 0.657042 0.771721 0.893813 0.679157 0.562399 0.291427 0.545833 0.712054 0.522445 0.621676 0.121757 0.265011 0.882227 0.1 0.883075 0.756242 0.594423 0.732948 0.9 0.9 0.107967 0.636815 0.329082 0.496237 0.717349 0.323312 0.1 0.9 0.627219 0.869122 0.631535 0.268767 0.632132 0.655437 0.778291 0.231444 0.791903 0.672375 0.80526 0.352443 0.321937 0.9 0.487946 0.154838 0.9 0.441575 0.859702 0.551885 0.9 0.9 0.597207 0.9 0.512068 0.759391 0.424101 0.287323 0.1 0.36039 0.372872 0.50248 0.441287 0.819726 0.9 0.9 0.528339 0.9 0.9 0.411607 0.403772 0.9 0.575259 0.673029 0.681756 0.122304 0.9 0.599001 0.435531 0.548991 0.17947 0.27938 0.518082 0.591001 0.328728 0.886663 0.413373 0.67436 0.360396 0.31195 0.136252 0.520187 0.1 0.358566 0.4334 0.1 0.276824 0.9 0.893539 0.328373 0.288451 0.279092 0.126673 0.814867 0.234429 0.875253 0.9 0.9 0.417242 0.392563 0.470838 0.515527 0.667642 0.812505 0.150173 0.1 0.842415 0.463853 0.591641 0.330581 0.9 0.9 0.9 0.872909 0.171316 0.343061 0.870818 0.399857 0.402108 0.882908 0.766464 0.469011 0.333497 0.659248 0.382527 0.351902 0.471299 0.357 0.1 0.897232 0.697645 0.47348 0.536702 0.33895 0.499496 0.567455 0.247435 0.48206 0.154146 0.824229 0.880707 0.9 0.784122 0.63052 0.728708 0.9 0.9 0.745579 0.386337 0.304328 0.569997 0.132442 0.728935 0.9 0.676747 0.1 0.1 0.245184 0.492061 0.268994 0.280655 0.116197 0.9 0.9 0.387022 0.321075 0.536557 0.606482 0.9 0.47548 0.514592 0.696695 0.310643 0.329742 0.304316 0.153055 0.1948 0.3563 0.879521 0.655982 0.540927 0.408017 0.616724 0.34469 0.300393 0.470234 0.449377 0.463986 0.71219 0.9 0.636847 0.1 0.880635 0.566245 0.9 0.395723 0.9 0.516618 0.874844 0.9 0.9 0.472958 0.499339 0.123218 0.624005 0.852618 0.35019 0.864863 0.26855 0.1 0.571485 0.700623 0.491551 0.307533 
0.554927 0.780432 0.6182 0.507454 0.257474 0.432733 0.425979 0.871497 0.564199 0.302424 0.445961 0.456501 0.560548 0.418504 0.9 0.472607 0.135007 0.717063 0.9 0.725554 0.9 0.630614 0.537172 0.1 0.528144 0.9 0.246645 0.1 0.614367 0.63421 0.4808 0.510593 0.548336 0.180682 0.862125 0.769849 0.523495 0.375894 0.556252 0.170518 0.471834 0.1 0.623529 0.1 0.501438 0.567623 0.616297 0.585003 0.384894 0.431479 0.32947 0.263737 0.1 0.846419 0.475276 0.507675 0.651391 0.744698 0.643388 0.334204 0.396291 0.1 0.9 0.9 0.361567 0.860057 0.741363 0.857596 0.133996 0.345717 0.9 0.753934 0.498841 0.580071 0.9 0.857589 0.180672 0.464073 0.650035 0.475185 0.9 0.9 0.739985 0.9 0.843091 0.112674 0.416716 0.609898 0.681868 0.191187 0.763022 0.197055 0.347199 0.695899 0.116072 0.462999 0.594932 0.66172 0.355849 0.62876 0.1 0.269036 0.375032 0.557791 0.893464 0.34012 0.482223 0.170034 0.555956 0.120638 0.480694 0.613449 0.1 0.119962 0.605795 0.9 0.279186 0.1 0.493696 0.9 0.443704 0.318151 0.113752 0.568948 0.1032 0.1 0.167503 0.624947 0.806983 0.493994 0.437457 0.9 0.7789 0.723747 0.505659 0.62313 0.9 0.893764 0.735475 0.626976 0.1 0.13108 0.309426 0.1 0.27384 0.1 0.1 0.411509 0.363855 0.52846 0.566666 0.685677 0.873793 0.598212 0.341109 0.1 0.625672 0.566283 0.9 0.513564 0.1 0.27929 0.399919 0.667488 0.173009 0.873925 0.480698 0.9 0.879306 0.158631 0.679303 0.852931 0.100006 0.1 0.1 0.464151 0.144591 0.300289 0.9 0.565777 0.733042 0.468816 0.127313 0.661922 0.163133 0.467376 0.9 0.898327 0.9 0.857874 0.461695 0.863308 0.205103 0.682184 0.626482 0.142903 0.474874 0.1 0.1 0.250681 0.359323 0.767166 0.307609 0.519669 0.843208 0.526564 0.885464 0.114597 0.635911 0.9 0.621813 0.354068 0.480941 0.570988 0.164104 0.419047 0.1 0.1 0.306217 0.1 0.9 0.61512 0.149416 0.8346 0.475107 0.862143 0.216623 0.872908 0.101152 0.1 0.389391 0.342422 0.9 0.629499 0.9 0.69742 0.162088 0.722786 0.9 0.707825 0.664358 0.381173 0.1 0.1 0.1 0.349281 0.493307 0.316656 0.441756 0.866663 0.554927 0.780432 
0.460102 0.58857 0.294425 0.877112 0.587473 0.371361 0.856732 0.724434 0.404349 0.221867 0.1 0.268114 0.9 0.9 0.9 0.9 0.675095 0.9 0.739866 0.313259 0.287702 0.842121 0.485486 0.252488 0.148454 0.885825 0.701505 0.450502 0.858673 0.150532 0.652147 0.474044 0.9 0.853297 0.461111 0.343677 0.139427 0.242938 0.146493 0.465057 0.608701 0.1 0.768585 0.506904 0.9 0.712961 0.536397 0.612962 0.517019 0.111891 0.853811 0.763547 0.1 0.237718 0.1 0.1 0.120469 0.893244 0.545018 0.146659 0.811481 0.299169 0.478299 0.9 0.273555 0.721621 0.124278 0.345268 0.1 0.271757 0.9 0.709906 0.439506 0.699361 0.362161 0.402142 0.417657 0.774524 0.88471 0.155571 0.9 0.9 0.9 0.9 0.182536 0.1 0.1 0.295693 0.9 0.561294 0.361301 0.9 0.9 0.708019 0.551462 0.1 0.52918 0.867619 0.542879 0.574567 0.1 0.389589 0.354763 0.441378 0.107582 0.507667 0.801432 0.601653 0.46115 0.711258 0.9 0.457846 0.499254 0.661798 0.409044 0.629941 0.725621 0.43152 0.9 0.749693 0.820764 0.166196 0.447196 0.9 0.852427 0.146891 0.810838 0.413664 0.897389 0.619674 0.877504 0.172541 0.837519 0.346116 0.470652 0.131981 0.855377 0.538959 0.845693 0.330047 0.1 0.554621 0.632849 0.563207 0.431779 0.866305 0.310999 0.1 0.192998 0.101027 0.674577 0.31922 0.335436 0.276039 0.1 0.1 0.283278 0.1 0.494617 0.363342 0.541861 0.419496 0.402191 0.602548 0.645244 0.9 0.689595 0.524432 0.32801 0.544516 0.752344 0.439329 0.294015 0.269218 0.110028 0.625219 0.1 0.294008 0.9 0.492188 0.436476 0.624883 0.616979 0.810037 0.9 0.849638 0.867941 0.173694 0.860773 0.595182 0.409789 0.633291 0.876867 0.9 0.17069 0.422176 0.811946 0.853711 0.1 0.110974 0.421409 0.9 0.475817 0.7096 0.110342 0.367357 0.534666 0.290543 0.617287 0.450278 0.602523 0.15995 0.865407 0.563289 0.805405 0.702935 0.133723 0.842929 0.9 0.1 0.344059 0.35428 0.575168 0.32385 0.1 0.758791 0.9 0.9 0.632518 0.9 0.880715 0.185862 0.573489 0.379764 0.9 0.9 0.701008 0.344427 0.112579 0.37652 0.645405 0.9 0.580009 0.449478 0.271242 0.477599 0.318494 0.388579 0.34176 0.150584 0.460102 0.58857 
0.594263 0.1 0.1 0.495048 0.9 0.9 0.410007 0.520761 0.649797 0.334054 0.515507 0.461762 0.514445 0.483505 0.1 0.291604 0.9 0.430267 0.624327 0.429453 0.1 0.391401 0.857335 0.430163 0.687301 0.336429 0.7018 0.1 0.306449 0.273327 0.9 0.641133 0.441386 0.1 0.1 0.371178 0.825421 0.52337 0.681985 0.679464 0.588155 0.481113 0.9 0.32776 0.834334 0.178124 0.417219 0.75862 0.461969 0.1 0.1 0.629294 0.366105 0.1 0.1 0.161954 0.3681 0.789074 0.431349 0.587879 0.107272 0.358481 0.337116 0.433851 0.374282 0.49959 0.632186 0.365292 0.856793 0.537206 0.9 0.706295 0.88891 0.9 0.9 0.715636 0.146575 0.272938 0.561428 0.41734 0.562087 0.6661 0.135914 0.9 0.852247 0.122761 0.1 0.357041 0.9 0.518727 0.1 0.9 0.9 0.422162 0.445836 0.263543 0.795328 0.209107 0.393178 0.787265 0.516177 0.387638 0.37669 0.43366 0.1 0.1 0.262508 0.147282 0.388127 0.9 0.714817 0.9 0.623406 0.9 0.865511 0.620824 0.9 0.9 0.9 0.9 0.519553 0.9 0.9 0.321369 0.286646 0.284088 0.411956 0.1 0.450326 0.9 0.9 0.1 0.312958 0.181076 0.532569 0.382823 0.495282 0.802984 0.730513 0.887435 0.657724 0.377783 0.684292 0.278051 0.1 0.636928 0.605774 0.1 0.439377 0.524871 0.9 0.9 0.461434 0.8272 0.141273 0.465801 0.325494 0.487169 0.637025 0.593359 0.524734 0.507085 0.663538 0.704981 0.686905 0.334892 0.1 0.1 0.1 0.600931 0.9 0.794012 0.9 0.787875 0.87831 0.9 0.420755 0.644652 0.9 0.856192 0.299595 0.9 0.681329 0.661768 0.9 0.9 0.1 0.1 0.433733 0.84956 0.802587 0.72012 0.460496 0.477091 0.362921 0.1 0.718822 0.509531 0.262737 0.85294 0.1 0.34077 0.59812 0.9 0.1 0.610487 0.9 0.359154 0.446051 0.838305 0.307935 0.470869 0.9 0.841378 0.225316 0.700884 0.621763 0.516715 0.871063 0.1 0.100867 0.511512 0.9 0.568974 0.1 0.340664 0.700652 0.9 0.829747 0.9 0.762744 0.774443 0.163212 0.204548 0.753251 0.350305 0.9 0.608748 0.532201 0.268735 0.489449 0.9 0.763376 0.342888 0.700474 0.9 0.9 0.550928 0.303013 0.734215 0.594263 0.1 
0.142792 0.517079 0.842978 0.460699 0.9 0.721097 0.197914 0.63989 0.65266 0.889093 0.62511 0.784791 0.170731 0.201164 0.1 0.124335 0.872134 0.601689 0.278846 0.258267 0.448712 0.874691 0.613991 0.298342 0.852391 0.607719 0.659041 0.1 0.329033 0.379558 0.560803 0.72132 0.9 0.474685 0.155016 0.828675 0.325503 0.242274 0.498916 0.839282 0.231771 0.833807 0.716696 0.267178 0.110697 0.551823 0.389894 0.857639 0.44828 0.367832 0.284069 0.697847 0.512217 0.9 0.869271 0.389482 0.396262 0.667084 0.434526 0.619717 0.107632 0.882555 0.346408 0.1 0.423814 0.442305 0.9 0.68177 0.702315 0.292488 0.660383 0.858444 0.312388 0.235224 0.1 0.411472 0.878547 0.425419 0.24502 0.358933 0.9 0.574168 0.1 0.305636 0.466145 0.86253 0.603129 0.67124 0.773384 0.9 0.351679 0.819835 0.9 0.725015 0.9 0.379338 0.159299 0.611849 0.119777 0.69159 0.1 0.633701 0.539466 0.346056 0.876837 0.643406 0.603281 0.833504 0.169542 0.84642 0.166511 0.866822 0.485957 0.1 0.173947 0.786498 0.150121 0.648051 0.622454 0.728328 0.685317 0.9 0.666876 0.55636 0.611041 0.433844 0.1 0.598295 0.1 0.270732 0.482768 0.260361 0.854793 0.1 0.448998 0.9 0.637251 0.195774 0.811686 0.720139 0.9 0.9 0.56046 0.293224 0.1 0.536157 0.1 0.1 0.364838 0.758604 0.9 0.9 0.665219 0.654596 0.540475 0.380914 0.9 0.715128 0.1 0.1 0.818449 0.552641 0.439899 0.9 0.498768 0.9 0.83968 0.197445 0.829124 0.77425 0.726115 0.791459 0.653933 0.270762 0.151226 0.716019 0.9 0.478211 0.854719 0.143691 0.1 0.887188 0.201736 0.644171 0.61212 0.872677 0.104892 0.418436 0.428149 0.179318 0.586643 0.498093 0.52104 0.1 0.35229 0.113689 0.9 0.366082 0.1 0.667717 0.1 0.860868 0.538198 0.701298 0.1 0.650912 0.548636 0.1 0.880536 0.624986 0.1 0.1 0.465983 0.499017 0.855336 0.9 0.178447 0.858315 0.598309 0.622081 0.86929 0.1 0.105144 0.444146 0.1 0.554384 0.663343 0.9 0.9 0.749263 0.671386 0.114585 0.51545 0.1 0.9 0.711182 0.9 0.472961 0.69397 0.9 0.9 0.9 0.9 0.381088 0.373109 0.680081 0.481759 0.389516 0.628698 0.878031 0.142792 0.517079 
0.295528 0.304909 0.105405 0.1 0.9 0.678543 0.126009 0.843399 0.540194 0.775585 0.855265 0.246336 0.809264 0.816636 0.813559 0.830406 0.177157 0.564254 0.528084 0.1 0.484819 0.563372 0.503599 0.699115 0.212138 0.824299 0.371375 0.662267 0.86615 0.362341 0.300104 0.9 0.611157 0.487896 0.869265 0.571095 0.1 0.1 0.373755 0.660564 0.825764 0.443622 0.621881 0.653705 0.1 0.426884 0.50758 0.436707 0.826343 0.15346 0.361132 0.476119 0.657486 0.9 0.366685 0.88287 0.9 0.456592 0.567354 0.78438 0.700043 0.9 0.618512 0.322842 0.273131 0.552088 0.9 0.415967 0.555303 0.336776 0.881119 0.468763 0.607643 0.434419 0.1 0.660077 0.9 0.710471 0.151152 0.87768 0.9 0.472506 0.218653 0.628631 0.377787 0.523237 0.423374 0.356293 0.9 0.881559 0.152135 0.583787 0.850049 0.76802 0.875804 0.131061 0.336806 0.882395 0.412186 0.837896 0.110525 0.296439 0.361187 0.668361 0.73601 0.539429 0.472358 0.585914 0.33315 0.480271 0.364799 0.438171 0.9 0.627247 0.899226 0.349975 0.1 0.368802 0.540711 0.131222 0.347504 0.71945 0.57615 0.1 0.485942 0.580514 0.268516 0.9 0.446338 0.595758 0.9 0.550331 0.795925 0.261918 0.283337 0.60292 0.876747 0.627482 0.1 0.1 0.1 0.476904 0.466315 0.1 0.1 0.411838 0.287137 0.304565 0.9 0.9 0.414117 0.258244 0.699072 0.84278 0.463793 0.1 0.606268 0.583459 0.1 0.1 0.114832 0.838332 0.638765 0.9 0.171537 0.9 0.627614 0.787579 0.669577 0.467557 0.142204 0.604125 0.119787 0.493623 0.54271 0.19981 0.9 0.9 0.554432 0.720346 0.9 0.9 0.842499 0.633918 0.647472 0.529663 0.618982 0.39624 0.115172 0.549512 0.471155 0.112121 0.44288 0.1 0.1 0.539349 0.9 0.575706 0.461452 0.55711 0.1 0.583645 0.1 0.1 0.1 0.826526 0.430522 0.1 0.9 0.9 0.9 0.708028 0.65656 0.841931 0.356292 0.432042 0.239721 0.9 0.9 0.334976 0.633311 0.258379 0.362628 0.107508 0.339695 0.526278 0.9 0.432546 0.1 0.430076 0.859035 0.141464 0.884965 0.1 0.332141 0.119125 0.9 0.620409 0.189143 0.877136 0.615832 0.9 0.537703 0.173596 0.9 0.9 0.517657 0.100995 0.86169 0.447419 0.295528 0.304909 
0.402137 0.695868 0.563688 0.1 0.289424 0.52846 0.350665 0.476703 0.86539 0.45032 0.559264 0.677502 0.537108 0.9 0.9 0.47331 0.525227 0.9 0.345957 0.1 0.9 0.9 0.152919 0.9 0.646061 0.813058 0.880436 0.544379 0.161639 0.257826 0.1 0.643559 0.1 0.581374 0.845143 0.325684 0.1 0.168019 0.729354 0.9 0.655183 0.232579 0.682053 0.106161 0.1 0.561854 0.483195 0.645301 0.61075 0.705638 0.748464 0.562405 0.655825 0.9 0.355889 0.414136 0.646389 0.400481 0.858849 0.772695 0.648835 0.9 0.55522 0.622429 0.506826 0.373461 0.875285 0.712222 0.534693 0.660887 0.676057 0.138156 0.83416 0.474063 0.1 0.1 0.141864 0.502552 0.681576 0.68043 0.308119 0.403537 0.122879 0.9 0.463183 0.560959 0.222648 0.117261 0.840821 0.225619 0.605757 0.547946 0.876975 0.247933 0.168317 0.43595 0.477101 0.166218 0.14374 0.164477 0.885196 0.882386 0.122573 0.690185 0.336739 0.1 0.715675 0.401093 0.615218 0.589294 0.9 0.9 0.9 0.137783 0.9 0.405671 0.581227 0.123933 0.354066 0.563964 0.1 0.1 0.1 0.1 0.339307 0.366669 0.550394 0.9 0.507171 0.9 0.9 0.328809 0.671776 0.9 0.9 0.9 0.190325 0.631252 0.377096 0.61397 0.306894 0.381364 0.585786 0.269673 0.403833 0.578793 0.465479 0.25267 0.574926 0.9 0.871726 0.734667 0.811928 0.248349 0.597227 0.386955 0.358827 0.331265 0.10751 0.583982 0.1 0.1 0.1 0.9 0.9 0.9 0.9 0.169736 0.63426 0.297218 0.701191 0.9 0.492154 0.475509 0.274325 0.86945 0.9 0.728707 0.29177 0.53596 0.610683 0.115602 0.1 0.53937 0.172284 0.9 0.9 0.487256 0.203366 0.1 0.255225 0.330415 0.138926 0.260867 0.244054 0.105086 0.242494 0.160734 0.324491 0.9 0.461357 0.9 0.9 0.9 0.447593 0.199625 0.789818 0.570156 0.9 0.150489 0.9 0.567726 0.283759 0.1 0.1 0.353208 0.1 0.119912 0.9 0.347141 0.305413 0.1 0.72203 0.485901 0.296908 0.146833 0.615962 0.567966 0.31475 0.863252 0.649076 0.66786 0.9 0.548981 0.588881 0.30285 0.677017 0.591861 0.9 0.627438 0.683652 0.9 0.191426 0.819155 0.9 0.351734 0.359601 0.1 0.426993 0.243031 0.402137 0.695868 
0.731894 0.1 0.28027 0.543935 0.337261 0.9 0.363276 0.516074 0.749213 0.9 0.365718 0.556414 0.397067 0.9 0.9 0.137012 0.519279 0.785563 0.529031 0.237957 0.566942 0.731203 0.20064 0.482351 0.120979 0.546821 0.611496 0.433769 0.897122 0.9 0.1 0.1 0.1 0.4204 0.892463 0.361541 0.197916 0.134362 0.899926 0.9 0.9 0.1 0.520594 0.286404 0.1 0.429795 0.389674 0.558669 0.135027 0.9 0.9 0.733716 0.590301 0.1 0.1 0.670251 0.737032 0.607392 0.131587 0.562318 0.59755 0.321964 0.722886 0.687138 0.698197 0.470565 0.228168 0.88456 0.729631 0.9 0.9 0.673068 0.118667 0.285956 0.1 0.1 0.832429 0.43277 0.9 0.9 0.370224 0.768248 0.654007 0.9 0.9 0.9 0.629097 0.622955 0.696957 0.617596 0.398803 0.1 0.1 0.1 0.798264 0.789226 0.74493 0.841356 0.602812 0.444617 0.755004 0.499389 0.169599 0.9 0.681253 0.318711 0.9 0.601809 0.700358 0.847087 0.684851 0.9 0.695063 0.300904 0.9 0.579802 0.151998 0.477008 0.33006 0.658184 0.362064 0.674286 0.835146 0.467254 0.789451 0.598935 0.143875 0.479364 0.550402 0.588 0.147779 0.182436 0.1 0.249012 0.11491 0.877781 0.41956 0.11365 0.379314 0.116876 0.9 0.870073 0.180535 0.469274 0.34356 0.830577 0.13227 0.343174 0.527063 0.459858 0.181998 0.822528 0.191089 0.803747 0.407686 0.841846 0.55556 0.35127 0.376334 0.191034 0.819696 0.547743 0.328754 0.148282 0.659217 0.595728 0.9 0.278605 0.528164 0.268414 0.369327 0.524638 0.318047 0.287568 0.1 0.530601 0.320191 0.295069 0.9 0.782486 0.794997 0.863066 0.694348 0.9 0.700831 0.9 0.9 0.3222 0.257609 0.309094 0.39537 0.310798 0.9 0.890487 0.30189 0.636138 0.297251 0.127641 0.848511 0.9 0.331809 0.361515 0.407548 0.683752 0.577443 0.384231 0.207057 0.864077 0.759666 0.1 0.705351 0.513919 0.9 0.415158 0.38173 0.585125 0.227825 0.29098 0.9 0.539904 0.61552 0.331518 0.673233 0.631413 0.106823 0.809282 0.410899 0.445277 0.1 0.324718 0.328245 0.374749 0.584753 0.696486 0.1 0.1 0.261862 0.140878 0.86726 0.1 0.1 0.68296 0.467848 0.1 0.1 0.1 0.564562 0.288003 0.341741 0.584661 0.731894 0.1 
0.9 0.408919 0.56816 0.144586 0.349079 0.9 0.54503 0.386622 0.312787 0.9 0.764604 0.737795 0.659257 0.835769 0.9 0.897891 0.9 0.872612 0.105099 0.1 0.450996 0.605293 0.119512 0.478209 0.630623 0.802965 0.866438 0.144401 0.352035 0.542053 0.1 0.339488 0.876557 0.740671 0.467846 0.319401 0.72496 0.9 0.830544 0.9 0.9 0.525663 0.621832 0.563712 0.306437 0.405972 0.53927 0.106119 0.178675 0.60173 0.29263 0.661925 0.353887 0.279021 0.317066 0.837771 0.167182 0.1 0.1 0.360836 0.61112 0.1 0.5992 0.656508 0.854825 0.236649 0.810939 0.526505 0.157248 0.623844 0.574943 0.896231 0.1 0.1 0.426574 0.4162 0.548288 0.104493 0.632657 0.9 0.794819 0.9 0.580622 0.1 0.142131 0.853068 0.119685 0.110587 0.855864 0.108635 0.511811 0.471294 0.1 0.1 0.155684 0.843322 0.255524 0.17371 0.406112 0.297932 0.781265 0.823146 0.17659 0.872445 0.142995 0.626991 0.515298 0.621558 0.871601 0.169821 0.332138 0.634916 0.894086 0.9 0.718163 0.9 0.714536 0.626232 0.100352 0.593836 0.706667 0.62601 0.145516 0.7294 0.9 0.371043 0.605653 0.146534 0.281806 0.1 0.25063 0.115231 0.1 0.515443 0.1 0.103641 0.302591 0.480421 0.869481 0.1 0.517508 0.312263 0.607829 0.365338 0.176714 0.383609 0.29241 0.9 0.9 0.569504 0.532474 0.601401 0.1 0.76075 0.285578 0.159048 0.1 0.1 0.128292 0.286742 0.351772 0.572688 0.482374 0.350995 0.149339 0.445296 0.645941 0.384293 0.109671 0.408954 0.532737 0.561097 0.542925 0.324062 0.9 0.9 0.467557 0.346263 0.89176 0.42477 0.707575 0.543928 0.9 0.9 0.239297 0.408582 0.9 0.294856 0.366622 0.110465 0.61428 0.696879 0.687985 0.1 0.1 0.887561 0.705831 0.592346 0.446549 0.593813 0.108947 0.820885 0.357129 0.629083 0.1 0.122384 0.515799 0.574951 0.38709 0.472602 0.9 0.151349 0.9 0.885198 0.1 0.1 0.1 0.1 0.44083 0.509108 0.1 0.1 0.34636 0.86314 0.1 0.417639 0.700859 0.714819 0.104107 0.844351 0.529271 0.305596 0.870277 0.686605 0.10151 0.855883 0.778649 0.558766 0.418353 0.1 0.1 0.190194 0.11537 0.1 0.1 0.202879 0.1 0.211629 0.304581 0.502847 0.9 0.408919 
0.671282 0.1 0.343901 0.524232 0.565995 0.9 0.478659 0.657244 0.9 0.9 0.9 0.9 0.573545 0.9 0.685332 0.377041 0.588559 0.104188 0.298915 0.691184 0.297992 0.605387 0.649183 0.429762 0.787839 0.9 0.669768 0.9 0.473786 0.482413 0.400522 0.89835 0.753674 0.625465 0.55991 0.1 0.652871 0.9 0.9 0.707933 0.9 0.899475 0.517861 0.390368 0.688554 0.111402 0.653204 0.413848 0.1 0.1 0.1 0.408934 0.620114 0.9 0.697317 0.527648 0.809146 0.392607 0.319306 0.447698 0.875405 0.727787 0.346698 0.484048 0.465537 0.842847 0.723049 0.125716 0.828299 0.579654 0.739145 0.740442 0.312961 0.1 0.1 0.1 0.384253 0.688198 0.517045 0.530187 0.9 0.845927 0.871066 0.451231 0.641256 0.689912 0.655002 0.648822 0.9 0.147943 0.9 0.9 0.9 0.308391 0.189387 0.354437 0.110236 0.783722 0.402014 0.1 0.382983 0.139235 0.694749 0.741845 0.367261 0.9 0.9 0.670905 0.72987 0.363844 0.1 0.413917 0.15939 0.9 0.9 0.9 0.601977 0.711195 0.48269 0.578918 0.9 0.507332 0.323756 0.703211 0.9 0.550948 0.9 0.9 0.451379 0.319471 0.1 0.85731 0.417064 0.802911 0.671562 0.616491 0.664714 0.523061 0.367397 0.313519 0.9 0.442633 0.87935 0.1 0.37697 0.766923 0.213194 0.9 0.645674 0.544883 0.386843 0.348271 0.1 0.534985 0.184491 0.767246 0.127815 0.1 0.817079 0.664944 0.385895 0.885862 0.555946 0.763474 0.629306 0.123428 0.453802 0.45955 0.677061 0.9 0.810375 0.648306 0.113502 0.566463 0.9 0.513571 0.492088 0.850615 0.397277 0.1 0.557224 0.592565 0.456404 0.733015 0.100846 0.44193 0.71187 0.295077 0.567849 0.662082 0.9 0.9 0.67827 0.396636 0.575362 0.567358 0.411486 0.351662 0.814676 0.30986 0.1 0.727116 0.878597 0.130534 0.345775 0.84217 0.72705 0.9 0.9 0.9 0.9 0.366231 0.508933 0.369074 0.1 0.65077 0.896201 0.9 0.9 0.483627 0.560135 0.716706 0.327687 0.299926 0.1 0.1 0.619811 0.63819 0.317841 0.611207 0.9 0.285759 0.299123 0.695012 0.477842 0.534737 0.575508 0.146439 0.25677 0.35409 0.1 0.142818 0.849885 0.632579 0.520974 0.890557 0.30027 0.388647 0.859439 0.328121 0.671282 0.1 
0.295226 0.1 0.637869 0.1 0.1 0.482411 0.630002 0.537874 0.9 0.536851 0.729967 0.261684 0.1 0.279407 0.736461 0.760038 0.392787 0.1 0.1 0.519026 0.326965 0.875899 0.369816 0.669791 0.9 0.5059 0.124094 0.874498 0.771751 0.702974 0.333158 0.717707 0.840207 0.142809 0.625586 0.113331 0.465848 0.412494 0.493253 0.47123 0.9 0.341412 0.591003 0.127886 0.470702 0.429439 0.9 0.9 0.526919 0.831254 0.515517 0.685781 0.9 0.711137 0.449722 0.836606 0.35245 0.398213 0.696136 0.84886 0.179489 0.896489 0.673246 0.842 0.138884 0.373815 0.867033 0.52668 0.723178 0.520841 0.872139 0.617797 0.708319 0.542591 0.547841 0.271564 0.9 0.482932 0.107657 0.383637 0.426556 0.604375 0.1 0.339726 0.417671 0.449055 0.113392 0.620538 0.9 0.892158 0.612158 0.203382 0.855049 0.237707 0.1 0.830236 0.517785 0.103087 0.372606 0.305266 0.479401 0.390058 0.870923 0.338738 0.881396 0.508782 0.498405 0.9 0.9 0.636116 0.319337 0.294641 0.280595 0.504104 0.583516 0.792586 0.9 0.762049 0.449285 0.9 0.630592 0.188474 0.821422 0.561102 0.230881 0.1 0.458981 0.711227 0.153774 0.793472 0.133233 0.494076 0.1 0.9 0.728863 0.1592 0.263841 0.1 0.1 0.127892 0.9 0.515282 0.429967 0.1 0.774975 0.280202 0.805848 0.9 0.709734 0.368861 0.838515 0.480449 0.280483 0.9 0.870061 0.643774 0.798344 0.407337 0.336437 0.871756 0.225978 0.268914 0.49869 0.361703 0.1 0.231207 0.501131 0.439714 0.488472 0.663712 0.590391 0.303358 0.1 0.109138 0.405191 0.1 0.1 0.297252 0.9 0.739297 0.622987 0.818218 0.159774 0.690648 0.586123 0.118915 0.297926 0.48405 0.494016 0.470117 0.45344 0.718298 0.753424 0.822223 0.180288 0.821382 0.151898 0.481144 0.338491 0.597004 0.327129 0.9 0.9 0.375971 0.873893 0.485383 0.444839 0.9 0.603311 0.433548 0.709308 0.1 0.243121 0.89288 0.9 0.876194 0.110633 0.124953 0.296989 0.545007 0.650682 0.690342 0.128682 0.389851 0.574601 0.288847 0.286116 0.9 0.87729 0.539452 0.509008 0.115224 0.24652 0.504226 0.51009 0.1 0.9 0.885101 0.130163 0.413548 0.306613 0.8675 0.618232 0.51529 0.760084 0.492065 0.389048 0.688156 0.693657 0.637054 0.295226 0.1 
0.109253 0.485504 0.654869 0.1 0.705679 0.9 0.9 0.571907 0.45678 0.460702 0.783648 0.628839 0.891001 0.396823 0.9 0.896238 0.178853 0.834844 0.340497 0.496191 0.708992 0.9 0.858118 0.560637 0.364257 0.354807 0.219606 0.13977 0.891415 0.634599 0.377148 0.352635 0.1 0.1 0.465301 0.885221 0.9 0.43709 0.420532 0.34198 0.9 0.276233 0.9 0.9 0.608487 0.9 0.730433 0.710599 0.67035 0.149919 0.1 0.585582 0.9 0.1 0.1 0.334779 0.292828 0.479045 0.357229 0.34308 0.1 0.677223 0.605064 0.304314 0.617468 0.1 0.1 0.650003 0.53855 0.452903 0.12925 0.360813 0.672108 0.161945 0.220637 0.279958 0.9 0.9 0.9 0.582005 0.1 0.1 0.10553 0.858066 0.11305 0.281172 0.195102 0.498845 0.727685 0.580089 0.741141 0.846031 0.363425 0.333036 0.1 0.145197 0.348858 0.109621 0.679706 0.9 0.660567 0.766654 0.348597 0.403707 0.9 0.554158 0.664925 0.682873 0.518542 0.599798 0.341513 0.496478 0.638101 0.47079 0.469694 0.705948 0.753183 0.696651 0.290635 0.423741 0.313362 0.824702 0.445049 0.473999 0.294453 0.330298 0.5001 0.745766 0.400602 0.39921 0.524244 0.1 0.1 0.858835 0.633959 0.85389 0.504525 0.286152 0.480631 0.87104 0.9 0.9 0.513884 0.501395 0.376687 0.850715 0.416732 0.9 0.678659 0.510563 0.558609 0.886046 0.501904 0.722505 0.469632 0.683507 0.173814 0.889789 0.50789 0.558028 0.1 0.1 0.566918 0.1 0.1 0.20556 0.1 0.460594 0.488296 0.547493 0.492715 0.298831 0.38494 0.9 0.9 0.688446 0.802127 0.1 0.579266 0.600321 0.591357 0.164662 0.305178 0.155588 0.690198 0.9 0.9 0.9 0.741644 0.501218 0.372899 0.9 0.579301 0.124278 0.1 0.707884 0.196524 0.1 0.1 0.708664 0.705141 0.581489 0.1 0.1 0.581384 0.896691 0.726787 0.45471 0.1 0.386949 0.897991 0.763086 0.348136 0.49358 0.9 0.108981 0.251276 0.802891 0.178696 0.817775 0.433464 0.458864 0.897946 0.9 0.581243 0.898274 0.643534 0.647295 0.14174 0.883282 0.461529 0.861245 0.516091 0.441902 0.877544 0.1 0.352823 0.736528 0.418082 0.331513 0.1 0.393572 0.1 0.488803 0.835987 0.156208 0.531738 0.1 0.105347 0.520589 0.109253 0.485504 
0.535958 0.89321 0.531889 0.485509 0.9 0.1 0.1 0.1 0.887286 0.681112 0.894906 0.492429 0.9 0.853582 0.469856 0.370192 0.587946 0.788504 0.714716 0.617706 0.378071 0.829863 0.175297 0.1 0.126614 0.817621 0.1 0.1 0.467897 0.1 0.560223 0.479065 0.1 0.1 0.1 0.1 0.1 0.200719 0.1 0.1 0.867054 0.1 0.429221 0.9 0.9 0.734031 0.109803 0.552646 0.591389 0.685281 0.286345 0.700266 0.69403 0.426157 0.715216 0.616582 0.375728 0.9 0.723793 0.67594 0.1 0.330744 0.291238 0.1 0.307581 0.391137 0.1 0.50444 0.55268 0.323475 0.491582 0.440808 0.395599 0.807146 0.397948 0.231304 0.641343 0.487728 0.748539 0.232509 0.183349 0.110737 0.862758 0.9 0.54525 0.703764 0.575736 0.881931 0.633226 0.34482 0.563672 0.745737 0.561158 0.9 0.9 0.889922 0.431604 0.873057 0.470789 0.9 0.343221 0.865723 0.505699 0.546151 0.9 0.804145 0.684526 0.507021 0.1 0.456795 0.608317 0.477134 0.564611 0.6002 0.334479 0.1 0.386271 0.9 0.898292 0.1 0.1 0.495531 0.688989 0.575127 0.478233 0.487382 0.606693 0.698082 0.565876 0.859706 0.808242 0.736783 0.823205 0.175527 0.223352 0.692222 0.9 0.9 0.110198 0.1 0.395505 0.829692 0.589093 0.9 0.486897 0.9 0.126127 0.896483 0.680273 0.9 0.9 0.777188 0.388177 0.679564 0.413579 0.9 0.245474 0.9 0.700691 0.697444 0.730982 0.362026 0.53266 0.596373 0.51339 0.659665 0.263196 0.511386 0.61306 0.408735 0.539732 0.1 0.1 0.222143 0.16039 0.452144 0.167293 0.1 0.479243 0.716234 0.1 0.300362 0.530286 0.357541 0.173776 0.870144 0.43268 0.318631 0.755243 0.864808 0.136949 0.492927 0.326096 0.42795 0.128275 0.823833 0.354963 0.233777 0.40987 0.9 0.624375 0.112207 0.1 0.652456 0.268854 0.288229 0.316982 0.315216 0.395596 0.629534 0.159445 0.404436 0.12737 0.577358 0.9 0.1 0.355983 0.381396 0.364697 0.1 0.276912 0.412013 0.6759 0.689711 0.9 0.739054 0.523565 0.224006 0.1 0.9 0.339075 0.644136 0.9 0.39315 0.38521 0.1 0.58377 0.695021 0.410027 0.1 0.407191 0.532325 0.457356 0.489806 0.197434 0.325423 0.740478 0.470728 0.628844 0.185172 0.535958 0.89321 
0.572237 0.323953 0.640457 0.508708 0.9 0.151669 0.579159 0.1 0.9 0.9 0.77352 0.862561 0.301968 0.159357 0.858553 0.9 0.9 0.482902 0.812265 0.412395 0.859828 0.529008 0.844173 0.9 0.9 0.538064 0.413628 0.51359 0.615714 0.1 0.539539 0.104689 0.261568 0.368393 0.532513 0.28123 0.456189 0.311863 0.311022 0.391976 0.253119 0.1 0.286685 0.460358 0.123405 0.195915 0.370101 0.892157 0.616781 0.250197 0.1 0.400104 0.63208 0.1 0.290668 0.49897 0.476885 0.621669 0.1 0.1 0.525669 0.735076 0.316137 0.837648 0.196301 0.780103 0.128769 0.457997 0.12757 0.406159 0.9 0.446847 0.376924 0.413225 0.890578 0.584525 0.488107 0.333115 0.485431 0.1 0.589198 0.64389 0.440086 0.354875 0.672765 0.722303 0.652712 0.356241 0.349463 0.820943 0.433763 0.9 0.633208 0.633244 0.9 0.706789 0.445192 0.9 0.284587 0.594324 0.430843 0.341664 0.892238 0.9 0.562108 0.870807 0.605983 0.857178 0.119826 0.1 0.1 0.720566 0.725595 0.497548 0.9 0.43465 0.10175 0.655806 0.729425 0.420577 0.418891 0.1 0.254258 0.140916 0.569702 0.141778 0.81825 0.121598 0.1 0.1 0.591877 0.486236 0.38812 0.53471 0.427982 0.734573 0.576637 0.9 0.693777 0.560095 0.149769 0.835384 0.449511 0.702325 0.296153 0.333917 0.214035 0.379629 0.1 0.855862 0.804257 0.555318 0.120175 0.9 0.747374 0.667248 0.121271 0.617945 0.871214 0.121613 0.616459 0.507134 0.619595 0.890419 0.1 0.1 0.649809 0.550544 0.145311 0.328964 0.1 0.1 0.227702 0.612815 0.846417 0.648542 0.850104 0.111958 0.9 0.9 0.1 0.543403 0.544941 0.130752 0.413899 0.399511 0.740963 0.583231 0.9 0.647846 0.634665 0.527278 0.119451 0.348034 0.4033 0.192422 0.346467 0.115779 0.663949 0.547245 0.680951 0.826706 0.606252 0.9 0.536604 0.320904 0.427916 0.441453 0.371106 0.347313 0.273037 0.486731 0.885342 0.9 0.49819 0.323459 0.373505 0.229851 0.863351 0.336501 0.702233 0.656615 0.9 0.9 0.9 0.45498 0.851871 0.494204 0.434335 0.759146 0.816588 0.198635 0.592213 0.4563 0.1 0.1 0.685977 0.553139 0.465806 0.102323 0.675891 0.9 0.612201 0.641318 0.78898 0.199485 0.862989 0.255841 0.368059 0.6204 0.572237 0.323953 
0.879927 0.428689 0.878171 0.455606 0.704116 0.850053 0.776402 0.1 0.530529 0.712338 0.335522 0.279201 0.1 0.265478 0.508967 0.9 0.9 0.898029 0.164057 0.619145 0.9 0.660821 0.316492 0.758727 0.703921 0.130837 0.860386 0.151613 0.854504 0.492138 0.1 0.235301 0.9 0.895191 0.736137 0.476517 0.868083 0.489718 0.626701 0.372705 0.119306 0.812448 0.66877 0.1 0.282826 0.1 0.1 0.414669 0.825522 0.164125 0.885992 0.9 0.898349 0.1 0.560685 0.591016 0.288392 0.591342 0.555725 0.1 0.1 0.579365 0.459808 0.9 0.493178 0.215115 0.255148 0.446792 0.353233 0.146296 0.9 0.511014 0.12071 0.389399 0.730669 0.460922 0.517758 0.755378 0.720127 0.489065 0.9 0.665898 0.369333 0.9 0.746093 0.9 0.520991 0.9 0.545165 0.1 0.1 0.676692 0.685164 0.461025 0.559606 0.363868 0.461937 0.9 0.78769 0.9 0.9 0.556544 0.503019 0.9 0.11043 0.1 0.388395 0.632415 0.7804 0.115154 0.1 0.88325 0.70367 0.471901 0.624789 0.4721 0.326759 0.1 0.385944 0.885818 0.139684 0.308583 0.667896 0.8953 0.830655 0.25337 0.285963 0.199613 0.1 0.1 0.1 0.1 0.522396 0.548962 0.116187 0.596233 0.595747 0.510072 0.160559 0.509422 0.513339 0.347679 0.398223 0.304761 0.534783 0.1 0.672207 0.8757 0.285557 0.155555 0.843437 0.492599 0.394932 0.638056 0.408129 0.303297 0.864437 0.633823 0.441682 0.1 0.606517 0.529105 0.135457 0.285826 0.1 0.248904 0.9 0.79299 0.603914 0.142845 0.303442 0.234914 0.334172 0.9 0.636866 0.9 0.9 0.270139 0.9 0.320641 0.279974 0.9 0.743538 0.593051 0.457126 0.144246 0.83336 0.372338 0.701772 0.324901 0.303841 0.470032 0.87022 0.480671 0.681799 0.842659 0.75259 0.502388 0.75192 0.393129 0.593009 0.173648 0.59649 0.9 0.9 0.319324 0.772165 0.867546 0.557506 0.548581 0.130059 0.607095 0.592357 0.9 0.378544 0.9 0.864601 0.1 0.397397 0.580064 0.556801 0.623131 0.9 0.408323 0.1 0.568723 0.47029 0.893034 0.1 0.1 0.359886 0.824451 0.4203 0.87071 0.658305 0.301652 0.114855 0.457883 0.360485 0.435319 0.164437 0.420381 0.28448 0.587346 0.479525 0.486054 0.737258 0.322735 0.648354 0.196435 0.879927 0.428689 
0.9 0.9 0.766392 0.9 0.430917 0.113162 0.627933 0.504009 0.198745 0.85607 0.456394 0.451471 0.667209 0.13509 0.655761 0.9 0.712457 0.9 0.5374 0.849593 0.539128 0.732377 0.54541 0.702088 0.434006 0.246092 0.9 0.1 0.433141 0.860244 0.434548 0.1 0.584487 0.178273 0.823204 0.1 0.13027 0.395223 0.683042 0.313208 0.288336 0.152361 0.580083 0.1 0.283395 0.351086 0.11844 0.851651 0.535595 0.474589 0.9 0.9 0.337924 0.387594 0.597751 0.687007 0.575875 0.578368 0.798752 0.840971 0.371273 0.127081 0.897163 0.9 0.447776 0.752936 0.103013 0.358603 0.312338 0.629793 0.650785 0.695164 0.634996 0.416282 0.736746 0.9 0.814988 0.9 0.9 0.27233 0.38688 0.632538 0.114712 0.547301 0.126045 0.60774 0.292677 0.731247 0.255222 0.1 0.640627 0.568161 0.280759 0.611498 0.608915 0.513485 0.480144 0.674336 0.9 0.9 0.405873 0.418631 0.502335 0.9 0.9 0.332336 0.9 0.590183 0.203424 0.857009 0.9 0.528598 0.660343 0.798396 0.227279 0.602014 0.594478 0.376965 0.485713 0.9 0.363208 0.300077 0.359168 0.687605 0.9 0.9 0.125727 0.410472 0.574325 0.84335 0.397172 0.66605 0.52333 0.715139 0.723726 0.263769 0.156809 0.714493 0.83752 0.158735 0.61711 0.878317 0.518589 0.374917 0.674308 0.643716 0.9 0.508322 0.898063 0.459945 0.252336 0.34613 0.6694 0.635617 0.9 0.640646 0.550524 0.1 0.1 0.1 0.1 0.46837 0.86654 0.444503 0.287037 0.564041 0.745381 0.321603 0.443238 0.635829 0.407849 0.1 0.539201 0.9 0.364801 0.312626 0.548668 0.326286 0.689019 0.482867 0.9 0.9 0.9 0.520999 0.587179 0.628307 0.10876 0.103551 0.682991 0.291667 0.135108 0.9 0.790709 0.1 0.209098 0.145924 0.607956 0.1 0.249466 0.135385 0.661425 0.565513 0.112582 0.356843 0.55609 0.450534 0.614374 0.154862 0.848347 0.392505 0.482391 0.633963 0.19673 0.334448 0.1 0.609606 0.127901 0.294618 0.9 0.9 0.623461 0.152558 0.609229 0.46492 0.125773 0.840733 0.512457 0.9 0.1 0.715606 0.870711 0.815885 0.326261 0.126677 0.1 0.9 0.545506 0.714979 0.851144 0.580517 0.843299 0.564356 0.1 0.16646 0.800132 0.323212 0.9 0.9 0.611695 0.711943 0.9 0.9 
0.622543 0.592138 0.691236 0.9 0.525165 0.19345 0.624867 0.643093 0.796481 0.695829 0.280218 0.328828 0.686621 0.338953 0.264554 0.297794 0.1 0.29567 0.599007 0.168309 0.654896 0.694628 0.298007 0.661517 0.828955 0.118723 0.528009 0.562071 0.823391 0.569168 0.897596 0.670734 0.9 0.597237 0.503449 0.382666 0.652475 0.142367 0.856799 0.737741 0.620545 0.214206 0.131742 0.352406 0.524735 0.341292 0.583499 0.677763 0.44907 0.345928 0.710649 0.210013 0.146017 0.837446 0.808609 0.87844 0.140318 0.295124 0.502037 0.168139 0.586706 0.380629 0.650868 0.700438 0.82111 0.161899 0.1 0.633918 0.341478 0.9 0.576474 0.9 0.313054 0.461117 0.357949 0.9 0.783966 0.9 0.590214 0.241244 0.1 0.272349 0.400931 0.1 0.218195 0.194389 0.1 0.444211 0.519617 0.560856 0.484537 0.259606 0.1 0.13182 0.872135 0.9 0.341905 0.842616 0.751708 0.534196 0.795375 0.131059 0.355511 0.140015 0.595434 0.674783 0.9 0.50455 0.394996 0.553454 0.651501 0.609741 0.727077 0.204245 0.756206 0.114903 0.302528 0.883338 0.543775 0.791413 0.609023 0.886205 0.132719 0.457071 0.183023 0.9 0.477006 0.421574 0.67518 0.375036 0.740922 0.662887 0.394304 0.142216 0.557559 0.189691 0.79953 0.646207 0.568553 0.296164 0.1 0.1 0.128307 0.75992 0.20395 0.9 0.9 0.409481 0.762021 0.311054 0.108586 0.277336 0.282596 0.286669 0.9 0.407698 0.1 0.425831 0.647475 0.9 0.643443 0.471198 0.43242 0.150766 0.475326 0.149609 0.302677 0.461068 0.662451 0.786654 0.9 0.737058 0.9 0.9 0.56405 0.1 0.578349 0.515389 0.450586 0.468235 0.827784 0.694233 0.689166 0.112 0.886288 0.707057 0.483628 0.839326 0.110585 0.1 0.704751 0.9 0.619232 0.1 0.1 0.224837 0.291353 0.219643 0.80569 0.833402 0.167705 0.607989 0.657557 0.863436 0.56209 0.391931 0.863227 0.21806 0.735721 0.469574 0.673041 0.499073 0.1 0.430389 0.530936 0.11487 0.1 0.1 0.87241 0.319832 0.254782 0.652817 0.121466 0.9 0.9 0.102384 0.1 0.230219 0.332678 0.836504 0.1647 0.351985 0.536365 0.847325 0.394447 0.88895 0.127398 0.205138 0.354041 0.808884 0.862054 0.887582 0.506813 0.870607 0.347867 0.1 0.884939 0.434219 0.13444 0.9 0.622543 0.592138 
0.690813 0.581226 0.1 0.554693 0.668201 0.280984 0.779464 0.823069 0.22762 0.786869 0.458719 0.639598 0.9 0.679334 0.631119 0.9 0.9 0.9 0.9 0.534224 0.712801 0.314817 0.427822 0.876711 0.453654 0.273629 0.30693 0.400482 0.183058 0.812765 0.80162 0.704322 0.604998 0.83754 0.401362 0.1 0.196698 0.1 0.11594 0.296851 0.105502 0.491003 0.9 0.893707 0.160497 0.511481 0.9 0.13937 0.390535 0.59688 0.598912 0.1 0.784968 0.163058 0.1 0.293242 0.289504 0.437696 0.604439 0.513596 0.331419 0.337906 0.439296 0.627865 0.417408 0.678894 0.848289 0.661576 0.699383 0.9 0.899761 0.9 0.511318 0.9 0.601746 0.658965 0.450813 0.561627 0.588734 0.889704 0.1 0.135152 0.799638 0.1 0.217422 0.1 0.333967 0.632702 0.347194 0.1 0.217873 0.513071 0.493267 0.453337 0.42265 0.9 0.284134 0.152777 0.31453 0.1 0.111187 0.272363 0.9 0.431273 0.160065 0.474033 0.118456 0.520871 0.14884 0.6253 0.497308 0.304333 0.892034 0.447058 0.425773 0.1 0.416964 0.730716 0.804994 0.9 0.819943 0.9 0.41734 0.301671 0.488743 0.652539 0.150935 0.840973 0.778989 0.519463 0.9 0.9 0.839561 0.688651 0.438359 0.843199 0.437744 0.457791 0.557076 0.321485 0.1 0.1 0.456726 0.142216 0.580721 0.9 0.273807 0.119818 0.449166 0.124363 0.824578 0.314037 0.1 0.288227 0.610376 0.542759 0.1 0.498298 0.569055 0.83209 0.161111 0.349244 0.611828 0.844329 0.214566 0.863417 0.9 0.44398 0.396563 0.523565 0.725551 0.674923 0.566212 0.36117 0.599099 0.236165 0.183806 0.809611 0.447193 0.750673 0.9 0.311361 0.1 0.1 0.621777 0.622407 0.5667 0.74695 0.231574 0.1 0.443927 0.388421 0.302501 0.1 0.1 0.445377 0.1 0.146079 0.836737 0.58519 0.495528 0.588689 0.1 0.153359 0.9 0.873634 0.455901 0.1 0.68338 0.718655 0.9 0.769025 0.9 0.9 0.755234 0.549388 0.444523 0.320443 0.356422 0.665828 0.441987 0.857271 0.1 0.768438 0.9 0.1 0.1 0.1 0.216306 0.136346 0.480172 0.733306 0.640812 0.685309 0.855638 0.710128 0.329434 0.368283 0.537882 0.216225 0.842111 0.674448 0.9 0.9 0.51908 0.5534 0.611239 0.9 0.9 0.9 0.690813 0.581226 
0.65623 0.585724 0.12306 0.593174 0.9 0.272266 0.61756 0.162487 0.11284 0.235642 0.828768 0.9 0.9 0.9 0.551869 0.223715 0.152608 0.23298 0.433379 0.114808 0.870079 0.277139 0.1 0.373265 0.9 0.584988 0.393458 0.720928 0.352194 0.123733 0.1 0.11046 0.576612 0.17229 0.888708 0.564595 0.344161 0.489674 0.640963 0.530477 0.647132 0.594297 0.52375 0.533363 0.348378 0.128684 0.618017 0.502092 0.321601 0.141628 0.561056 0.1 0.385514 0.552673 0.480425 0.192839 0.129044 0.797919 0.168965 0.610435 0.884423 0.202875 0.634249 0.54842 0.1 0.484568 0.154452 0.368805 0.126613 0.860647 0.157577 0.714856 0.390295 0.54038 0.164548 0.886677 0.632662 0.846696 0.479928 0.9 0.9 0.860785 0.152017 0.223221 0.638139 0.561279 0.562855 0.709564 0.491751 0.525422 0.399267 0.328432 0.600756 0.342891 0.837507 0.9 0.9 0.853716 0.3779 0.9 0.626668 0.374882 0.610083 0.115797 0.860123 0.806956 0.1 0.368505 0.626161 0.456413 0.29015 0.576094 0.506611 0.431553 0.809451 0.121336 0.1 0.44111 0.716648 0.561604 0.855951 0.363175 0.706926 0.549057 0.448653 0.597942 0.344701 0.305687 0.461733 0.648191 0.1 0.251593 0.9 0.71535 0.380142 0.778152 0.476736 0.363044 0.1 0.1 0.636528 0.543897 0.673847 0.252135 0.888721 0.651407 0.350409 0.812501 0.140769 0.1 0.396862 0.1 0.198167 0.113992 0.602272 0.681607 0.572282 0.167327 0.808601 0.24724 0.691652 0.874113 0.39058 0.760703 0.65006 0.722553 0.588445 0.219426 0.1 0.595079 0.496238 0.839005 0.10556 0.1 0.10193 0.9 0.841004 0.473042 0.880049 0.9 0.424729 0.170946 0.1 0.4569 0.435744 0.630364 0.344273 0.9 0.859945 0.1 0.1 0.518954 0.113247 0.369184 0.450716 0.9 0.104276 0.795064 0.167351 0.188922 0.545735 0.40827 0.1 0.638706 0.551005 0.126029 0.624386 0.351009 0.474221 0.558026 0.409934 0.758407 0.816829 0.381813 0.307212 0.100493 0.1 0.534681 0.121988 0.872246 0.669216 0.318879 0.451205 0.9 0.689856 0.883987 0.674054 0.721696 0.727622 0.654852 0.9 0.38225 0.1 0.1 0.1 0.596439 0.14324 0.628037 0.194447 0.525782 0.413727 0.389483 0.446991 0.1 0.719181 0.676599 0.387427 0.743717 0.456492 0.376183 0.65623 0.585724 
0.849686 0.184724 0.83286 0.327058 0.882979 0.613476 0.9 0.638713 0.393977 0.742765 0.195229 0.289756 0.1 0.1 0.1 0.149341 0.744712 0.215465 0.878483 0.337844 0.518032 0.276974 0.430079 0.283203 0.9 0.82121 0.879947 0.41724 0.134098 0.482328 0.503227 0.686415 0.655573 0.421631 0.9 0.671865 0.9 0.9 0.417754 0.135278 0.855713 0.579326 0.529918 0.9 0.703894 0.367278 0.159303 0.625575 0.570199 0.9 0.9 0.1 0.1 0.486092 0.3 0.1 0.199588 0.387578 0.475898 0.454896 0.9 0.862503 0.225146 0.47076 0.329996 0.123994 0.170923 0.278454 0.1 0.638849 0.464879 0.861838 0.157755 0.9 0.9 0.9 0.420384 0.1 0.469335 0.9 0.9 0.455819 0.1 0.1 0.9 0.449581 0.29038 0.1 0.608188 0.9 0.609678 0.543427 0.9 0.653363 0.141479 0.272115 0.9 0.474411 0.51434 0.858921 0.183519 0.884097 0.9 0.268155 0.782698 0.9 0.1 0.1 0.887338 0.523993 0.1 0.89259 0.9 0.241866 0.156236 0.834918 0.544688 0.425641 0.1 0.205364 0.383895 0.656603 0.771991 0.1 0.525823 0.888794 0.466833 0.38727 0.301518 0.896086 0.397009 0.315173 0.9 0.363994 0.530325 0.568793 0.243011 0.56007 0.66104 0.1 0.17708 0.812181 0.144348 0.1 0.1 0.147505 0.857854 0.756068 0.522813 0.1 0.9 0.9 0.9 0.630708 0.1 0.338442 0.53308 0.508934 0.76477 0.862678 0.423984 0.141976 0.1 0.217718 0.410123 0.699224 0.9 0.62221 0.199423 0.649961 0.733425 0.359266 0.502783 0.874871 0.419247 0.589919 0.144337 0.269597 0.404947 0.633332 0.427742 0.269068 0.450412 0.449055 0.817196 0.710394 0.576713 0.485431 0.131605 0.31647 0.334753 0.588243 0.449444 0.493594 0.9 0.9 0.1 0.671822 0.518342 0.383687 0.289054 0.366266 0.589445 0.717849 0.1 0.1 0.366701 0.1 0.450703 0.675963 0.730591 0.9 0.9 0.265315 0.37361 0.829993 0.9 0.9 0.301924 0.1 0.304372 0.614869 0.685947 0.661535 0.15218 0.45028 0.642796 0.344348 0.1 0.254808 0.650533 0.450301 0.434421 0.349469 0.1 0.662853 0.368285 0.631308 0.9 0.9 0.263451 0.608058 0.9 0.103784 0.816191 0.221626 0.846898 0.9 0.9 0.392058 0.849686 0.184724 
0.407542 0.525555 0.9 0.1 0.104932 0.580488 0.475174 0.29896 0.841124 0.170832 0.446708 0.474133 0.453508 0.613006 0.120994 0.797651 0.420543 0.841772 0.9 0.502957 0.608341 0.5941 0.53152 0.590499 0.785227 0.485471 0.544304 0.716008 0.886794 0.479516 0.9 0.791125 0.125313 0.858524 0.9 0.143114 0.587732 0.388876 0.355144 0.413554 0.555136 0.9 0.9 0.9 0.605032 0.130497 0.9 0.895764 0.19696 0.538949 0.327058 0.553386 0.334725 0.703866 0.238904 0.1 0.331801 0.58749 0.774156 0.1 0.1 0.759346 0.787924 0.172318 0.666771 0.670368 0.329854 0.24022 0.1 0.568234 0.873883 0.625126 0.319201 0.760792 0.57191 0.9 0.865413 0.359471 0.731497 0.9 0.9 0.134604 0.359169 0.1 0.9 0.659415 0.240485 0.1 0.403609 0.9 0.311393 0.43977 0.690927 0.142462 0.400581 0.432683 0.9 0.6914 0.673605 0.162807 0.111865 0.665381 0.581901 0.538172 0.464794 0.9 0.536399 0.1 0.255137 0.379867 0.1 0.1 0.440646 0.424644 0.296588 0.244122 0.123827 0.428273 0.381014 0.490055 0.473104 0.724031 0.87076 0.115978 0.67175 0.54978 0.619566 0.621431 0.1 0.418009 0.613536 0.427888 0.9 0.364952 0.896061 0.338368 0.291234 0.579645 0.58209 0.448223 0.886036 0.645284 0.544475 0.312785 0.110944 0.881098 0.650338 0.273916 0.338259 0.1 0.751465 0.9 0.71258 0.677451 0.1 0.408461 0.152643 0.63248 0.1 0.223409 0.129946 0.825475 0.564934 0.1 0.1 0.485106 0.474218 0.3649 0.1 0.9 0.9 0.129523 0.362534 0.511764 0.563258 0.515971 0.295904 0.1 0.618731 0.727632 0.300127 0.429708 0.729929 0.874598 0.188749 0.679844 0.41462 0.241957 0.450026 0.447469 0.494875 0.49951 0.319363 0.136858 0.485966 0.49956 0.686433 0.9 0.9 0.9 0.777062 0.663833 0.119411 0.272044 0.153443 0.548837 0.706618 0.54057 0.731172 0.44966 0.425379 0.9 0.9 0.187745 0.740192 0.248285 0.671329 0.361067 0.222296 0.225589 0.709137 0.76594 0.690632 0.153993 0.786806 0.404649 0.54449 0.486345 0.113089 0.335642 0.499749 0.843608 0.179427 0.335597 0.1 0.360311 0.146392 0.849265 0.9 0.9 0.336857 0.390651 0.885241 0.263181 0.371885 0.573234 0.306499 0.121173 0.9 0.43508 0.407542 0.525555 
0.822266 0.140984 0.693286 0.1 0.233615 0.335056 0.624119 0.457367 0.703718 0.1 0.47787 0.9 0.519664 0.584406 0.312072 0.638428 0.39424 0.364143 0.373714 0.9 0.564133 0.1 0.118211 0.9 0.896579 0.36979 0.892726 0.814364 0.717639 0.1 0.466727 0.892101 0.1 0.1 0.1 0.374668 0.505511 0.688925 0.9 0.332103 0.663759 0.39005 0.28613 0.35227 0.9 0.564483 0.9 0.518014 0.787181 0.143967 0.1 0.35964 0.297581 0.30967 0.186253 0.1 0.393115 0.131391 0.829544 0.1 0.25251 0.367092 0.149869 0.400915 0.57089 0.333551 0.782456 0.178772 0.88552 0.9 0.493952 0.621428 0.148148 0.584888 0.853686 0.151168 0.175025 0.782493 0.49823 0.9 0.9 0.521297 0.346713 0.401975 0.881866 0.634972 0.460332 0.309088 0.647919 0.510088 0.469271 0.9 0.9 0.56499 0.482874 0.528813 0.9 0.442575 0.633874 0.663608 0.179873 0.832672 0.53523 0.34518 0.540847 0.463988 0.374288 0.634731 0.305664 0.68561 0.680955 0.201162 0.302957 0.12482 0.40899 0.152985 0.478214 0.126377 0.342745 0.40236 0.574713 0.847087 0.498907 0.321862 0.525428 0.896684 0.9 0.351044 0.1 0.43681 0.110164 0.368485 0.461313 0.514415 0.642447 0.15681 0.898976 0.9 0.706515 0.113159 0.668908 0.558859 0.383495 0.147282 0.52869 0.9 0.136339 0.180553 0.118399 0.443944 0.626673 0.589646 0.420684 0.9 0.125043 0.9 0.9 0.9 0.1 0.1 0.278466 0.33799 0.486704 0.866878 0.655433 0.17438 0.817308 0.760102 0.1 0.68164 0.9 0.701713 0.1 0.388025 0.9 0.782781 0.30961 0.1 0.1 0.433064 0.480458 0.666437 0.9 0.9 0.603377 0.9 0.9 0.494818 0.879397 0.167271 0.368568 0.306474 0.314819 0.814575 0.1 0.1 0.9 0.9 0.819196 0.9 0.683757 0.743549 0.688763 0.893647 0.124642 0.545956 0.607251 0.431401 0.586905 0.6494 0.659377 0.164631 0.286757 0.61134 0.157778 0.852072 0.735826 0.9 0.342477 0.50903 0.9 0.722505 0.732589 0.222867 0.641708 0.864966 0.30022 0.470986 0.851417 0.156118 0.331537 0.589843 0.607049 0.161565 0.323547 0.749526 0.596466 0.142556 0.1 0.281241 0.63825 0.879952 0.595271 0.9 0.650487 0.555089 0.748394 0.257566 0.569113 0.128756 0.822266 0.140984 
0.440945 0.60752 0.704255 0.326723 0.420143 0.1 0.602501 0.321596 0.1 0.1 0.9 0.9 0.113542 0.193171 0.661775 0.832234 0.403538 0.672314 0.105174 0.9 0.737349 0.549312 0.711427 0.361301 0.119334 0.484243 0.670868 0.66254 0.64861 0.433053 0.285888 0.360465 0.1 0.875018 0.680982 0.554925 0.1 0.375331 0.863338 0.144616 0.458459 0.685818 0.9 0.646735 0.9 0.565522 0.505594 0.200108 0.381561 0.532816 0.1 0.1 0.302489 0.894363 0.367415 0.317161 0.453518 0.1 0.1 0.1 0.466585 0.280864 0.415439 0.560533 0.237182 0.1 0.160924 0.179235 0.480769 0.103353 0.311193 0.9 0.827375 0.399022 0.604517 0.9 0.8405 0.171139 0.1 0.127101 0.582136 0.112745 0.102515 0.777025 0.219291 0.411296 0.309057 0.523875 0.463129 0.329457 0.727805 0.9 0.593115 0.214788 0.621785 0.642344 0.423634 0.768774 0.9 0.9 0.9 0.499369 0.850722 0.613112 0.618058 0.417616 0.410486 0.488307 0.389303 0.536709 0.494685 0.1 0.615878 0.593985 0.159026 0.600281 0.15309 0.190202 0.422129 0.589304 0.53359 0.172186 0.477913 0.109992 0.292143 0.28881 0.9 0.674971 0.9 0.9 0.585825 0.660665 0.123321 0.377187 0.439748 0.9 0.9 0.9 0.318041 0.277077 0.363406 0.868294 0.51898 0.825001 0.521899 0.567214 0.647399 0.663928 0.685536 0.122961 0.232996 0.330656 0.1 0.9 0.432846 0.42669 0.148779 0.216078 0.1 0.1 0.1 0.677727 0.842433 0.375404 0.120467 0.128562 0.190554 0.840058 0.11773 0.331169 0.299849 0.362771 0.1 0.618945 0.427477 0.598992 0.1 0.1 0.378745 0.847354 0.151756 0.575475 0.273305 0.372917 0.485929 0.702872 0.723009 0.606422 0.9 0.867301 0.814119 0.872483 0.650278 0.629815 0.196187 0.703109 0.9 0.438921 0.659099 0.9 0.70755 0.9 0.391028 0.731643 0.576048 0.657335 0.473326 0.674436 0.734713 0.732807 0.675568 0.865105 0.469668 0.886485 0.11729 0.9 0.56627 0.9 0.582938 0.44521 0.67269 0.347702 0.393353 0.430822 0.881248 0.686674 0.1 0.650515 0.9 0.691551 0.523633 0.542835 0.785809 0.858707 0.400406 0.332893 0.516747 0.637608 0.1 0.1 0.535009 0.71226 0.888761 0.9 0.464613 0.143945 0.871513 0.170414 0.841527 0.442383 0.440945 0.60752 
0.1 0.879759 0.157691 0.425018 0.437629 0.1 0.1 0.342585 0.9 0.702425 0.9 0.720426 0.498136 0.165538 0.809178 0.219802 0.845115 0.9 0.298268 0.445297 0.567649 0.225648 0.371741 0.1 0.241532 0.243051 0.1 0.221728 0.578527 0.570033 0.885339 0.375133 0.391858 0.9 0.9 0.758149 0.1 0.1 0.106245 0.872583 0.767669 0.1 0.561705 0.341697 0.170471 0.379211 0.468631 0.1 0.433201 0.688709 0.501151 0.1 0.9 0.9 0.1 0.1 0.1 0.223749 0.391348 0.869696 0.81829 0.212575 0.1 0.1 0.1 0.1 0.797962 0.296619 0.1 0.1 0.106754 0.861217 0.200856 0.578258 0.279649 0.309657 0.286664 0.634517 0.425767 0.51968 0.467864 0.9 0.589984 0.373733 0.854736 0.822344 0.286352 0.104898 0.1 0.677803 0.9 0.9 0.9 0.1 0.872436 0.156219 0.1 0.842253 0.445462 0.289544 0.9 0.449496 0.110254 0.1 0.230141 0.399396 0.317154 0.427175 0.119982 0.648329 0.1 0.379698 0.738419 0.716165 0.642702 0.691609 0.427161 0.1 0.696978 0.609157 0.72419 0.680095 0.38662 0.650635 0.9 0.33202 0.748674 0.1 0.215508 0.102629 0.22493 0.1 0.566943 0.347565 0.360805 0.9 0.854093 0.560792 0.328399 0.862433 0.416686 0.365273 0.2885 0.1 0.1 0.9 0.715532 0.596259 0.9 0.487687 0.114129 0.617644 0.277933 0.481412 0.327885 0.1 0.505205 0.141236 0.215085 0.868871 0.330677 0.454318 0.182413 0.858042 0.9 0.391525 0.671434 0.746369 0.9 0.9 0.487782 0.318241 0.286071 0.9 0.340847 0.371344 0.699305 0.1 0.9 0.8196 0.661868 0.9 0.506681 0.842026 0.413066 0.74059 0.1 0.1 0.89199 0.501013 0.825746 0.386328 0.9 0.9 0.123844 0.686646 0.409537 0.841185 0.430336 0.346378 0.9 0.9 0.457854 0.302831 0.732685 0.9 0.617977 0.560373 0.893489 0.537272 0.273995 0.615358 0.392081 0.742618 0.531741 0.736544 0.50816 0.680991 0.694697 0.416175 0.149455 0.533131 0.754985 0.848142 0.790552 0.873552 0.601141 0.9 0.745371 0.1 0.108142 0.60278 0.9 0.752173 0.867564 0.706072 0.531603 0.404861 0.185384 0.5427 0.9 0.460485 0.1 0.207373 0.1 0.664824 0.9 0.597258 0.517432 0.651555 0.1 0.879759 
0.1 0.800099 0.281545 0.108754 0.668725 0.9 0.9 0.492236 0.850376 0.127882 0.126894 0.856512 0.9 0.883909 0.671755 0.286133 0.384531 0.840085 0.808696 0.136868 0.198985 0.1 0.371619 0.400328 0.664644 0.348936 0.1 0.1 0.1 0.1 0.56554 0.557545 0.889001 0.9 0.616112 0.567335 0.773869 0.457383 0.1 0.68119 0.605302 0.1191 0.503579 0.607508 0.815787 0.174747 0.823208 0.351604 0.869131 0.782684 0.434454 0.1 0.9 0.9 0.557947 0.502845 0.1 0.611563 0.563791 0.392592 0.636651 0.316116 0.671512 0.596645 0.121878 0.262905 0.374619 0.9 0.852941 0.360008 0.57009 0.529738 0.311937 0.1 0.1 0.273639 0.360034 0.9 0.584439 0.308418 0.69841 0.9 0.404233 0.493794 0.828239 0.9 0.14412 0.862902 0.563247 0.661078 0.280402 0.389351 0.841852 0.12344 0.9 0.860113 0.399786 0.334998 0.867227 0.31507 0.471439 0.537192 0.638788 0.9 0.65205 0.651451 0.108824 0.9 0.68486 0.742593 0.1 0.367742 0.77382 0.581461 0.9 0.581626 0.4162 0.1 0.528278 0.871049 0.763076 0.729826 0.350103 0.629878 0.703925 0.338291 0.554483 0.108351 0.402555 0.441714 0.352908 0.1 0.83459 0.226121 0.765636 0.722293 0.815508 0.126103 0.432912 0.61152 0.9 0.667186 0.9 0.588725 0.142861 0.842108 0.146891 0.586092 0.9 0.72909 0.564427 0.680151 0.461624 0.862628 0.318277 0.1 0.1 0.837865 0.360965 0.616638 0.40146 0.602764 0.569007 0.437664 0.641377 0.568804 0.9 0.543748 0.580827 0.370155 0.146074 0.303199 0.153697 0.866738 0.11738 0.1 0.832247 0.297637 0.9 0.9 0.898285 0.554467 0.426661 0.346578 0.375563 0.9 0.405769 0.497997 0.726947 0.664318 0.1 0.1 0.36053 0.67574 0.476804 0.9 0.213989 0.438178 0.549778 0.7111 0.727919 0.60601 0.267764 0.71214 0.548227 0.380242 0.870606 0.488871 0.569594 0.884262 0.28582 0.375894 0.266764 0.894357 0.622492 0.62063 0.583288 0.1 0.1 0.431882 0.574078 0.198879 0.43037 0.215744 0.844225 0.114735 0.1 0.132916 0.497504 0.5259 0.851222 0.281049 0.1 0.1 0.123051 0.55547 0.436671 0.1 0.1 0.894432 0.9 0.358573 0.230455 0.1 0.1 0.872421 0.718528 0.765364 0.9 0.674649 0.1 0.800099 
0.1 0.738852 0.589918 0.781745 0.9 0.728467 0.9 0.338406 0.20285 0.57369 0.545012 0.420275 0.9 0.705718 0.9 0.312685 0.625661 0.844899 0.223546 0.308106 0.284342 0.340613 0.535174 0.339716 0.297876 0.1 0.1 0.124871 0.826939 0.352574 0.655767 0.686753 0.120774 0.317019 0.421545 0.161827 0.9 0.513921 0.253529 0.1 0.147653 0.792963 0.501474 0.880248 0.700604 0.178877 0.339406 0.175542 0.127869 0.376052 0.652027 0.36348 0.684737 0.292684 0.750926 0.891134 0.457232 0.891511 0.1 0.246924 0.146229 0.559073 0.1 0.398511 0.88526 0.571587 0.387446 0.9 0.142389 0.664725 0.898551 0.119727 0.606397 0.293303 0.1 0.338031 0.522196 0.429533 0.53782 0.661442 0.665678 0.338962 0.1 0.399776 0.57106 0.73347 0.416412 0.9 0.551273 0.46053 0.271196 0.699996 0.133382 0.220748 0.130902 0.1 0.894099 0.465695 0.9 0.823405 0.187555 0.792106 0.139613 0.723781 0.334947 0.1 0.1 0.87669 0.564734 0.6757 0.500892 0.163476 0.834726 0.727892 0.592678 0.514177 0.474901 0.829483 0.483286 0.134876 0.330285 0.713651 0.9 0.45684 0.192394 0.809202 0.642798 0.860293 0.423966 0.496088 0.9 0.359566 0.5779 0.833029 0.233272 0.83089 0.182061 0.177183 0.749198 0.573757 0.899803 0.402705 0.800657 0.9 0.870244 0.515392 0.304309 0.404921 0.49211 0.835305 0.452517 0.747594 0.494589 0.301641 0.1 0.529098 0.119543 0.723556 0.543254 0.426812 0.312627 0.429554 0.9 0.689876 0.402736 0.9 0.616179 0.339791 0.191721 0.440223 0.791696 0.157041 0.535346 0.833387 0.88189 0.593296 0.204792 0.157172 0.1 0.427936 0.1 0.399138 0.154265 0.591381 0.736646 0.369485 0.34827 0.882239 0.192953 0.888553 0.295318 0.342135 0.248988 0.1 0.1 0.562672 0.1 0.751467 0.856734 0.304181 0.177477 0.825091 0.421215 0.684182 0.575022 0.21909 0.489226 0.596983 0.485213 0.520577 0.133395 0.501202 0.11422 0.276847 0.349527 0.733406 0.632696 0.619397 0.579537 0.65313 0.620299 0.776768 0.227925 0.60215 0.9 0.254433 0.327069 0.869892 0.9 0.303656 0.28198 0.1 0.1 0.474767 0.710014 0.810564 0.836002 0.302667 0.372375 0.381982 0.696491 0.574004 0.9 0.742733 0.667451 0.360543 0.425254 0.513259 0.854889 0.1 0.1 0.738852 
0.1 0.259327 0.1 0.853639 0.539064 0.499428 0.9 0.457262 0.781806 0.1835 0.436139 0.878418 0.66484 0.293363 0.681773 0.44545 0.401132 0.118615 0.544112 0.133223 0.617062 0.725665 0.9 0.61204 0.827317 0.374145 0.9 0.894904 0.424706 0.1 0.202443 0.33113 0.244053 0.319584 0.166012 0.564414 0.9 0.850875 0.147141 0.672245 0.9 0.64329 0.608039 0.641907 0.675838 0.521676 0.85253 0.144628 0.539633 0.671623 0.316569 0.285197 0.368871 0.1 0.804039 0.434444 0.405402 0.708684 0.1 0.9 0.700325 0.35941 0.1 0.9 0.755613 0.105368 0.574636 0.720274 0.1 0.700504 0.466099 0.1 0.233604 0.1 0.621862 0.9 0.730629 0.52084 0.1 0.292214 0.275437 0.388451 0.590326 0.569725 0.46305 0.444409 0.9 0.890517 0.222611 0.828611 0.754864 0.894576 0.374487 0.718829 0.826913 0.103713 0.9 0.553631 0.725242 0.153082 0.231879 0.316228 0.1 0.580328 0.41177 0.715274 0.528935 0.110562 0.309764 0.673789 0.451434 0.487762 0.186805 0.820458 0.1 0.512202 0.356754 0.104601 0.421623 0.418508 0.1 0.1 0.415065 0.374991 0.859203 0.411846 0.385591 0.766242 0.9 0.118605 0.9 0.1 0.42977 0.9 0.807851 0.9 0.64765 0.438921 0.857284 0.1 0.1 0.264493 0.657207 0.1 0.296632 0.9 0.741623 0.686221 0.798613 0.181439 0.100042 0.866957 0.162662 0.500468 0.336579 0.9 0.862647 0.747593 0.684777 0.78392 0.9 0.568646 0.877019 0.392283 0.393093 0.661363 0.131871 0.1 0.1 0.80682 0.37469 0.217121 0.345825 0.855175 0.458852 0.585171 0.774702 0.1 0.1 0.624469 0.111783 0.336755 0.575765 0.43106 0.877537 0.112522 0.205327 0.9 0.664396 0.9 0.602853 0.522116 0.424518 0.543229 0.861429 0.9 0.383718 0.800719 0.207653 0.345868 0.814205 0.432409 0.48135 0.171711 0.204477 0.1 0.458619 0.1 0.1 0.617188 0.887762 0.417567 0.864611 0.624679 0.635865 0.9 0.638873 0.9 0.669337 0.40609 0.675804 0.468041 0.809299 0.235346 0.8856 0.685358 0.1 0.1 0.548208 0.1 0.421156 0.329592 0.365901 0.104546 0.433102 0.625753 0.213676 0.882384 0.740354 0.273639 0.519667 0.544022 0.63288 0.390872 0.144285 0.233091 0.386522 0.613206 0.130913 0.1 0.1 0.259327 
0.9 0.9 0.1 0.33159 0.499328 0.107985 0.258135 0.1 0.36026 0.666382 0.539437 0.709527 0.9 0.9 0.430539 0.890102 0.742561 0.1 0.26811 0.295965 0.707061 0.9 0.866808 0.846833 0.14586 0.1 0.592184 0.230849 0.1 0.531469 0.1 0.524689 0.488724 0.101459 0.632124 0.1 0.279954 0.101543 0.219315 0.567094 0.9 0.667131 0.19232 0.629716 0.700954 0.487966 0.756849 0.389666 0.692922 0.899659 0.762916 0.361053 0.9 0.46595 0.200667 0.804402 0.627823 0.724266 0.1 0.736838 0.405446 0.228542 0.381238 0.9 0.42546 0.1 0.124072 0.561682 0.256994 0.283809 0.1 0.1 0.1 0.372719 0.868952 0.796775 0.9 0.575988 0.1 0.452967 0.600535 0.9 0.9 0.434882 0.363782 0.1 0.299333 0.123326 0.804002 0.603497 0.856604 0.399815 0.52125 0.1 0.1 0.1 0.294185 0.135466 0.664917 0.533366 0.512626 0.9 0.644788 0.569969 0.10253 0.507314 0.298025 0.1 0.1 0.502636 0.487623 0.683171 0.410202 0.418368 0.1 0.9 0.506596 0.380177 0.820856 0.388553 0.694478 0.694033 0.460045 0.495637 0.9 0.636192 0.42592 0.377444 0.861089 0.123191 0.896344 0.426023 0.851631 0.685868 0.850955 0.180769 0.1 0.1 0.1 0.1 0.575114 0.732164 0.895354 0.1 0.1 0.9 0.898079 0.579059 0.192228 0.809839 0.9 0.9 0.581607 0.384941 0.328151 0.488393 0.167075 0.746552 0.758712 0.9 0.9 0.590697 0.354491 0.817026 0.1 0.1 0.812549 0.299927 0.195771 0.1 0.429526 0.9 0.9 0.291727 0.110832 0.808985 0.192042 0.1 0.415503 0.368435 0.842895 0.380483 0.144461 0.430441 0.717327 0.386441 0.123399 0.574708 0.420433 0.9 0.518819 0.1 0.412752 0.708061 0.176012 0.635067 0.784258 0.22959 0.615458 0.1 0.1 0.1 0.140968 0.774411 0.490721 0.203656 0.9 0.477109 0.251783 0.414483 0.646841 0.1 0.814139 0.875462 0.690477 0.463629 0.357699 0.63679 0.138105 0.534955 0.530396 0.672672 0.9 0.874396 0.583428 0.9 0.505262 0.365491 0.9 0.27853 0.520246 0.1 0.497393 0.629288 0.9 0.9 0.9 0.9 0.363027 0.1 0.26254 0.1 0.211441 0.156788 0.869755 0.9 0.526964 0.386316 0.548909 0.657568 0.9 0.9 
0.9 0.751116 0.11472 0.854388 0.730723 0.436601 0.1 0.510078 0.879518 0.697522 0.481725 0.297785 0.396191 0.489267 0.1 0.30224 0.442999 0.435797 0.352866 0.707708 0.591536 0.676987 0.897125 0.547109 0.412378 0.455134 0.680626 0.1 0.1 0.609124 0.1 0.459677 0.481827 0.1 0.245079 0.1 0.683389 0.448084 0.59061 0.610163 0.1 0.1 0.853885 0.585393 0.616931 0.1306 0.641198 0.1 0.545956 0.12902 0.871841 0.153317 0.661569 0.727828 0.495524 0.112622 0.1 0.341207 0.1 0.262967 0.1 0.345025 0.645234 0.625025 0.474272 0.1 0.607302 0.403815 0.411418 0.45022 0.9 0.632184 0.608943 0.881656 0.178306 0.295353 0.9 0.770973 0.417264 0.525845 0.888733 0.398599 0.601518 0.448924 0.1 0.220848 0.558343 0.1 0.593396 0.716035 0.510637 0.537243 0.1 0.1 0.228721 0.575128 0.275813 0.845197 0.9 0.679325 0.433545 0.883829 0.403532 0.9 0.550406 0.372814 0.210615 0.46276 0.1 0.472054 0.140385 0.9 0.9 0.665492 0.41984 0.9 0.9 0.875066 0.176027 0.425035 0.785876 0.469936 0.187231 0.802504 0.738243 0.350711 0.567856 0.88189 0.376335 0.447051 0.604665 0.534155 0.40984 0.82854 0.704315 0.7909 0.119666 0.697881 0.392371 0.276563 0.415873 0.421807 0.260239 0.1 0.1 0.596821 0.203396 0.885896 0.527656 0.138466 0.379728 0.42832 0.549493 0.465784 0.278905 0.333252 0.724003 0.9 0.1 0.104384 0.335227 0.704889 0.686657 0.678033 0.514773 0.258818 0.642183 0.596657 0.1 0.1 0.8581 0.465263 0.443501 0.217486 0.484315 0.633845 0.9 0.603384 0.481572 0.429561 0.784843 0.9 0.872093 0.420683 0.253925 0.136835 0.42975 0.213905 0.814449 0.791971 0.277099 0.297621 0.466544 0.9 0.9 0.896677 0.197207 0.373902 0.668848 0.10617 0.495296 0.621601 0.47734 0.158509 0.816186 0.135684 0.556063 0.695275 0.694136 0.1 0.1 0.437762 0.872498 0.18495 0.670977 0.268743 0.1 0.397165 0.301337 0.1 0.1 0.519539 0.474539 0.567549 0.41539 0.464698 0.528995 0.649832 0.9 0.155588 0.86204 0.517357 0.857634 0.398782 0.526029 0.696717 0.594983 0.9 0.412549 0.235918 0.1 0.576368 0.689173 0.899439 0.635803 0.543442 0.247582 0.697419 0.9 0.67223 0.9 0.751116 
0.603623 0.446152 0.447337 0.665587 0.699097 0.1 0.285973 0.576176 0.329988 0.1 0.1 0.1 0.40866 0.615534 0.744612 0.9 0.555626 0.274967 0.1 0.617837 0.9 0.9 0.571663 0.496647 0.383671 0.694462 0.308793 0.175285 0.25212 0.103619 0.1 0.454206 0.575493 0.61384 0.1 0.338346 0.653704 0.348359 0.189475 0.855017 0.392892 0.143833 0.888888 0.9 0.751081 0.737562 0.87915 0.410699 0.851933 0.108333 0.9 0.882944 0.9 0.484833 0.374897 0.210329 0.263098 0.573284 0.463267 0.532294 0.701908 0.614025 0.103541 0.336463 0.312885 0.1 0.719237 0.839694 0.58366 0.694317 0.9 0.9 0.9 0.9 0.9 0.558531 0.626308 0.704246 0.884166 0.648298 0.755029 0.708472 0.503626 0.59394 0.240912 0.71909 0.9 0.410483 0.324266 0.447068 0.1 0.1 0.1 0.1 0.379205 0.365317 0.1 0.102229 0.382011 0.672728 0.6571 0.387734 0.529082 0.617705 0.139335 0.327265 0.302182 0.72352 0.1 0.1 0.336766 0.9 0.9 0.9 0.454587 0.174935 0.509658 0.53791 0.489481 0.9 0.9 0.635317 0.759281 0.261865 0.48019 0.243809 0.381691 0.793257 0.334402 0.71652 0.435426 0.102555 0.1 0.109811 0.57658 0.334317 0.426924 0.896729 0.126623 0.472719 0.9 0.46752 0.352146 0.848408 0.351118 0.9 0.9 0.76391 0.412342 0.435784 0.57028 0.22922 0.1 0.439594 0.256767 0.568809 0.76059 0.624819 0.423774 0.865044 0.497684 0.9 0.9 0.576317 0.9 0.653188 0.738391 0.325227 0.443959 0.694102 0.822631 0.449897 0.1 0.1 0.308736 0.47972 0.9 0.241569 0.1 0.265956 0.724554 0.68453 0.632868 0.574063 0.170976 0.639651 0.463959 0.839886 0.562294 0.9 0.9 0.9 0.684182 0.9 0.427471 0.557037 0.315305 0.164044 0.764511 0.887969 0.9 0.576522 0.355987 0.1 0.645561 0.652859 0.608909 0.548818 0.9 0.692354 0.698564 0.695319 0.505627 0.187377 0.496567 0.612866 0.9 0.9 0.499285 0.404615 0.550342 0.365981 0.282782 0.269055 0.1 0.527017 0.758367 0.629087 0.826567 0.482591 0.657258 0.70788 0.1 0.1 0.891517 0.649816 0.713157 0.494492 0.132808 0.56048 0.16954 0.890228 0.538536 0.567564 0.184261 0.836175 0.293665 0.120083 0.68676 0.9 0.603623 0.446152 
0.458626 0.697993 0.633743 0.332208 0.406925 0.356984 0.863133 0.165142 0.85799 0.557156 0.9 0.9 0.694656 0.9 0.650894 0.362666 0.337195 0.635844 0.1 0.437075 0.668972 0.50816 0.158586 0.830068 0.49466 0.380023 0.1 0.1 0.1 0.510514 0.399221 0.305102 0.45893 0.9 0.685871 0.675321 0.405223 0.614973 0.829854 0.296219 0.267786 0.755962 0.280911 0.832328 0.771268 0.668417 0.154604 0.832218 0.530631 0.274703 0.450035 0.168836 0.9 0.623152 0.832113 0.377686 0.9 0.9 0.353348 0.1 0.553132 0.721168 0.474723 0.9 0.699267 0.1 0.571527 0.185864 0.867977 0.652357 0.250617 0.127683 0.497723 0.435101 0.9 0.119377 0.1 0.1 0.1 0.480494 0.367604 0.654331 0.554987 0.1 0.1 0.525692 0.485446 0.1 0.490761 0.767759 0.211435 0.1 0.483169 0.705114 0.9 0.328567 0.9 0.549861 0.331003 0.628371 0.376209 0.416765 0.709431 0.796326 0.9 0.602113 0.9 0.9 0.515841 0.1 0.484219 0.9 0.74909 0.1 0.1 0.820207 0.665043 0.403728 0.1 0.1 0.335295 0.312327 0.215442 0.7112 0.183145 0.1 0.1 0.9 0.683731 0.322414 0.693227 0.898497 0.717566 0.384728 0.695086 0.601377 0.9 0.75822 0.439568 0.59572 0.9 0.9 0.482084 0.697683 0.848032 0.505643 0.635337 0.619649 0.869885 0.742852 0.594201 0.172176 0.107828 0.702321 0.1 0.31095 0.806127 0.136825 0.218742 0.593409 0.380724 0.9 0.554664 0.1 0.327447 0.328905 0.603586 0.298462 0.1 0.1 0.9 0.9 0.831418 0.300173 0.514196 0.87416 0.720983 0.1 0.360707 0.577736 0.9 0.154298 0.752641 0.24479 0.879961 0.9 0.308975 0.70682 0.9 0.461137 0.355676 0.1 0.368048 0.861629 0.347887 0.576763 0.152208 0.856649 0.9 0.306531 0.9 0.663523 0.191327 0.897694 0.898429 0.775491 0.842626 0.706734 0.9 0.345044 0.250357 0.722225 0.394698 0.1 0.652972 0.374579 0.9 0.88623 0.145177 0.584981 0.435779 0.388639 0.862073 0.751933 0.1 0.105889 0.391894 0.466815 0.880119 0.409354 0.5702 0.860237 0.131688 0.559401 0.717216 0.115902 0.305618 0.617758 0.587397 0.210543 0.825017 0.9 0.895735 0.510461 0.847554 0.75518 0.704566 0.656198 0.614359 0.714232 0.458626 0.697993 
0.660214 0.398732 0.810898 0.288436 0.286992 0.285639 0.574718 0.1 0.612127 0.135697 0.891637 0.802169 0.9 0.810178 0.896214 0.114163 0.351887 0.520708 0.270566 0.405288 0.414441 0.28682 0.627687 0.478501 0.896011 0.451564 0.1 0.411878 0.1 0.51409 0.433114 0.168942 0.615862 0.415739 0.369633 0.167643 0.492229 0.1 0.1 0.1 0.1 0.175631 0.724998 0.229595 0.867313 0.770581 0.1 0.32474 0.260745 0.490698 0.628934 0.684355 0.666572 0.423987 0.1 0.536567 0.875815 0.178719 0.1 0.1 0.607719 0.580851 0.235309 0.486965 0.9 0.629692 0.483513 0.475851 0.674299 0.634844 0.677992 0.891121 0.9 0.625908 0.9 0.653512 0.336176 0.1 0.1 0.599074 0.518741 0.724962 0.365238 0.175331 0.100566 0.425825 0.659028 0.1 0.548725 0.756617 0.113592 0.243939 0.339341 0.418511 0.725422 0.264539 0.9 0.13906 0.57786 0.751258 0.874478 0.45114 0.485805 0.663315 0.9 0.479979 0.40726 0.390708 0.473122 0.515488 0.810997 0.20172 0.274512 0.269306 0.187979 0.536285 0.669846 0.1 0.463738 0.389114 0.894478 0.667132 0.476727 0.263663 0.800639 0.446654 0.360966 0.9 0.628162 0.1 0.562136 0.451832 0.481612 0.1 0.1 0.354433 0.567786 0.531753 0.804024 0.867614 0.155192 0.773247 0.887436 0.270786 0.1 0.1 0.725801 0.890262 0.326991 0.2461 0.1 0.1 0.875591 0.9 0.102863 0.656752 0.161018 0.516506 0.618275 0.748918 0.676045 0.31923 0.1 0.1 0.32972 0.250719 0.678552 0.9 0.672396 0.434764 0.741973 0.72957 0.186552 0.579844 0.1 0.1 0.893903 0.67725 0.123458 0.1 0.884444 0.1 0.156878 0.871911 0.9 0.387702 0.514557 0.101195 0.890947 0.383378 0.853589 0.623203 0.440851 0.135808 0.839354 0.815393 0.370139 0.442816 0.555721 0.1 0.9 0.471977 0.824598 0.9 0.184894 0.832332 0.236227 0.888704 0.732905 0.1 0.1 0.602221 0.384323 0.189833 0.535791 0.304454 0.53484 0.15779 0.398927 0.479142 0.361535 0.3105 0.128639 0.722376 0.52185 0.877556 0.60691 0.870774 0.412938 0.1 0.1 0.136538 0.31972 0.1 0.1 0.3973 0.1 0.220063 0.478209 0.653681 0.514038 0.481381 0.531799 0.674199 0.719053 0.9 0.9 0.338114 0.1 0.426222 0.660214 0.398732 
0.519736 0.832706 0.21616 0.357482 0.67072 0.618284 0.296414 0.105247 0.899804 0.371589 0.264165 0.301158 0.458844 0.385482 0.737897 0.47395 0.565731 0.240241 0.354934 0.892412 0.777829 0.695617 0.646294 0.474961 0.66842 0.679238 0.665985 0.721837 0.1 0.316565 0.196295 0.809403 0.272145 0.268128 0.364 0.83241 0.9 0.542482 0.138781 0.586457 0.106651 0.110166 0.116327 0.460242 0.634771 0.702168 0.1 0.1 0.1 0.215001 0.12645 0.665513 0.131325 0.589673 0.1 0.682297 0.474922 0.836747 0.566947 0.297484 0.340283 0.591434 0.360572 0.48644 0.899779 0.629805 0.406944 0.83937 0.342875 0.429617 0.559703 0.379563 0.561418 0.661834 0.873279 0.194529 0.363247 0.874117 0.290958 0.408031 0.10411 0.196575 0.1 0.277866 0.813024 0.355347 0.1 0.134556 0.1 0.579089 0.549806 0.333505 0.294594 0.872836 0.730997 0.1 0.534445 0.1 0.1 0.684714 0.572088 0.610411 0.1 0.1 0.355696 0.89667 0.401372 0.61823 0.729023 0.487091 0.170786 0.813888 0.791142 0.21544 0.106068 0.67892 0.531894 0.126656 0.9 0.688934 0.745777 0.481692 0.191373 0.817196 0.600193 0.713373 0.102607 0.119726 0.874694 0.343027 0.869802 0.57438 0.9 0.872824 0.590558 0.188129 0.828578 0.9 0.9 0.666682 0.40147 0.887953 0.600098 0.1 0.214856 0.630147 0.890198 0.879885 0.748907 0.9 0.489404 0.433351 0.452142 0.516795 0.493613 0.883416 0.289005 0.574014 0.108729 0.237438 0.9 0.9 0.731078 0.695852 0.888638 0.43994 0.873714 0.691598 0.189391 0.675148 0.322006 0.584074 0.76887 0.765863 0.693531 0.1 0.453656 0.724758 0.833027 0.248445 0.536126 0.340654 0.630164 0.9 0.752039 0.130025 0.871699 0.1 0.741491 0.880512 0.450932 0.511358 0.762694 0.1 0.342048 0.598602 0.310754 0.109537 0.270397 0.490082 0.9 0.509598 0.184308 0.696067 0.387779 0.9 0.9 0.9 0.535889 0.589189 0.1 0.157114 0.861045 0.778511 0.9 0.705845 0.9 0.9 0.9 0.690753 0.653726 0.1 0.1 0.570383 0.1 0.438334 0.223916 0.577542 0.593447 0.469244 0.1 0.524552 0.1 0.1 0.300676 0.539144 0.1 0.1 0.345666 0.594829 0.895852 0.377587 0.578896 0.703932 0.1 0.607905 0.553396 0.893528 0.44558 0.378916 0.519736 0.832706 
0.552298 0.732898 0.852709 0.616522 0.1 0.1 0.1 0.665425 0.566434 0.1 0.343828 0.676659 0.360404 0.571422 0.31978 0.350426 0.9 0.588256 0.9 0.779111 0.9 0.497656 0.540984 0.871801 0.205091 0.848186 0.9 0.683496 0.290853 0.364586 0.825215 0.791635 0.102077 0.690072 0.292036 0.227925 0.838804 0.597797 0.880951 0.528271 0.594264 0.1 0.1 0.9 0.9 0.477728 0.313396 0.719255 0.84797 0.189129 0.392104 0.9 0.697502 0.9 0.702698 0.839774 0.9 0.692839 0.395575 0.162175 0.842104 0.504128 0.9 0.9 0.123847 0.264339 0.1 0.11024 0.676323 0.9 0.523453 0.301518 0.156303 0.544848 0.483918 0.809421 0.137631 0.627283 0.633603 0.9 0.674976 0.130464 0.656589 0.419087 0.1163 0.487673 0.162856 0.1 0.1 0.608423 0.261984 0.1 0.1 0.1 0.1 0.1 0.279475 0.1 0.1 0.1 0.101432 0.597544 0.460267 0.102377 0.234393 0.9 0.9 0.364594 0.515535 0.619593 0.201107 0.440943 0.605707 0.15188 0.657264 0.9 0.620751 0.867542 0.9 0.713082 0.631397 0.13737 0.617812 0.683713 0.1 0.782765 0.878417 0.535357 0.9 0.9 0.76432 0.859547 0.677165 0.164296 0.893626 0.815228 0.227726 0.845498 0.187672 0.479505 0.514408 0.555018 0.824755 0.327203 0.434918 0.563214 0.182891 0.89985 0.692897 0.9 0.675051 0.284424 0.1 0.394483 0.896086 0.110694 0.1 0.713377 0.627857 0.1 0.741239 0.456834 0.887431 0.478113 0.597571 0.859897 0.427644 0.582814 0.866681 0.489447 0.1 0.460369 0.818035 0.17137 0.599929 0.347927 0.705239 0.693588 0.412169 0.315866 0.679075 0.9 0.712767 0.691189 0.321726 0.593939 0.9 0.40635 0.398088 0.629345 0.439184 0.151443 0.895101 0.530714 0.538216 0.472796 0.459591 0.867945 0.120385 0.32606 0.334066 0.1 0.591128 0.283817 0.265583 0.378515 0.564365 0.888606 0.196947 0.880173 0.39861 0.883339 0.813427 0.9 0.535228 0.116899 0.485315 0.520159 0.55845 0.868034 0.123761 0.1 0.1 0.841356 0.562145 0.644337 0.495292 0.88505 0.63979 0.45783 0.229997 0.9 0.68002 0.898955 0.340525 0.9 0.28976 0.722744 0.9 0.378217 0.572289 0.1 0.1 0.276003 0.1 0.617664 0.397728 0.614435 0.122247 0.838431 0.552298 0.732898 
0.562882 0.588054 0.296116 0.325707 0.298101 0.538313 0.346509 0.89494 0.1 0.474007 0.9 0.9 0.37687 0.161938 0.649358 0.686792 0.9 0.739525 0.899742 0.578245 0.829741 0.129991 0.737947 0.9 0.684778 0.160346 0.544301 0.9 0.9 0.107592 0.128448 0.867108 0.658172 0.348048 0.156734 0.756528 0.162795 0.389311 0.735867 0.263098 0.9 0.555901 0.1 0.302844 0.791762 0.9 0.886364 0.606479 0.616001 0.808544 0.1 0.452674 0.9 0.744831 0.389723 0.71465 0.9 0.9 0.689833 0.9 0.9 0.9 0.757376 0.583055 0.2993 0.887882 0.521665 0.276891 0.294869 0.351384 0.459309 0.115495 0.838996 0.584624 0.493256 0.720477 0.311119 0.452356 0.277961 0.9 0.438386 0.163807 0.321817 0.271643 0.1 0.546141 0.18788 0.870353 0.602981 0.674327 0.701178 0.485881 0.558969 0.324321 0.1 0.776025 0.199638 0.576467 0.1 0.458292 0.879279 0.58264 0.76014 0.801909 0.1 0.1 0.606806 0.468626 0.679397 0.9 0.431007 0.846471 0.222218 0.535416 0.251489 0.1 0.313398 0.288756 0.9 0.9 0.9 0.641025 0.480562 0.504459 0.1 0.580558 0.324903 0.289775 0.298172 0.413986 0.629493 0.417027 0.861393 0.347389 0.1 0.136332 0.448479 0.834202 0.449216 0.116296 0.588483 0.854316 0.15219 0.586267 0.643334 0.374933 0.689007 0.9 0.583432 0.650882 0.9 0.512848 0.309991 0.370501 0.9 0.43828 0.8529 0.38035 0.593969 0.255018 0.562266 0.317218 0.515257 0.554475 0.680304 0.69228 0.568553 0.2826 0.39423 0.248353 0.429782 0.880154 0.219469 0.459023 0.669446 0.9 0.892341 0.482237 0.815549 0.474596 0.1 0.760975 0.89678 0.424916 0.1 0.881416 0.741821 0.110047 0.1 0.337 0.340199 0.558379 0.744722 0.722538 0.311608 0.409266 0.518209 0.9 0.677051 0.833608 0.111952 0.1 0.9 0.292211 0.607383 0.447541 0.1 0.595766 0.9 0.9 0.9 0.9 0.577209 0.9 0.351709 0.514692 0.663752 0.9 0.756192 0.675824 0.318429 0.1 0.268137 0.151654 0.892098 0.572169 0.373276 0.340877 0.338837 0.1 0.1 0.3648 0.340768 0.9 0.668468 0.895535 0.431667 0.662772 0.496501 0.304779 0.435656 0.439661 0.1 0.1 0.261271 0.403849 0.663449 0.869281 0.289033 0.448235 0.562882 0.588054 
0.644347 0.9 0.580506 0.278619 0.294793 0.166041 0.413661 0.777762 0.1 0.490199 0.12715 0.32806 0.513506 0.62289 0.378826 0.880766 0.443174 0.680629 0.344679 0.796943 0.216012 0.271364 0.9 0.53688 0.630869 0.470297 0.454198 0.895814 0.9 0.875604 0.440962 0.473118 0.890247 0.105452 0.438491 0.407374 0.1 0.1 0.1 0.1 0.637925 0.1 0.387549 0.179817 0.827702 0.78617 0.125827 0.284355 0.475851 0.401186 0.1 0.569919 0.630366 0.1 0.1 0.342819 0.635018 0.375222 0.139472 0.532169 0.437368 0.680376 0.84937 0.34155 0.623807 0.554113 0.506439 0.71405 0.591235 0.602352 0.9 0.285197 0.760616 0.418817 0.472015 0.571496 0.111418 0.527578 0.1 0.604136 0.9 0.1 0.277443 0.495225 0.260664 0.339285 0.875207 0.9 0.66032 0.1 0.418592 0.140282 0.594139 0.438047 0.311637 0.496008 0.9 0.891703 0.106382 0.508931 0.368853 0.140321 0.792805 0.150333 0.366504 0.278551 0.694428 0.604057 0.9 0.784964 0.107635 0.744377 0.87236 0.446336 0.317787 0.214105 0.580706 0.1 0.1 0.266897 0.1 0.603274 0.468053 0.84523 0.131177 0.646213 0.281435 0.872127 0.582507 0.359139 0.531827 0.899702 0.395747 0.272529 0.12618 0.550868 0.710616 0.843777 0.371114 0.367327 0.632757 0.403909 0.1 0.571884 0.771371 0.52195 0.9 0.516869 0.534516 0.169941 0.715295 0.9 0.657754 0.1 0.615786 0.681111 0.9 0.9 0.626267 0.427457 0.1 0.1 0.330692 0.487321 0.517189 0.376017 0.243169 0.1 0.1 0.403342 0.583277 0.9 0.890438 0.708095 0.492804 0.589641 0.189163 0.187926 0.184499 0.831843 0.346973 0.9 0.748614 0.875628 0.1 0.363709 0.639543 0.887102 0.1 0.265553 0.273008 0.374434 0.494909 0.618257 0.877946 0.9 0.840873 0.166974 0.1 0.172664 0.424728 0.634018 0.9 0.47563 0.300696 0.41213 0.1 0.434729 0.642537 0.375387 0.285505 0.1 0.112392 0.9 0.841814 0.149949 0.291077 0.630707 0.9 0.524186 0.837 0.327584 0.892962 0.327935 0.9 0.687155 0.343406 0.741546 0.727529 0.410114 0.84911 0.45027 0.8899 0.9 0.9 0.171619 0.348498 0.888745 0.641457 0.9 0.364641 0.876762 0.1 0.415715 0.9 0.9 0.529413 0.144001 0.527899 0.454767 0.644347 0.9 
0.858939 0.494049 0.65821 0.557825 0.175557 0.828217 0.488306 0.869299 0.338754 0.298993 0.240683 0.1 0.1 0.1 0.281527 0.434152 0.163513 0.896389 0.448203 0.452457 0.838431 0.530735 0.737652 0.600382 0.468079 0.356384 0.687655 0.184753 0.880759 0.452432 0.426425 0.514078 0.705387 0.1 0.1 0.8468 0.140994 0.476845 0.691334 0.463479 0.66819 0.135795 0.537873 0.814622 0.218483 0.868409 0.451491 0.343648 0.8871 0.9 0.629596 0.635993 0.484473 0.359061 0.365868 0.891819 0.633987 0.135895 0.846397 0.58913 0.379415 0.303939 0.154761 0.147392 0.418183 0.103232 0.1 0.529593 0.730524 0.9 0.9 0.585815 0.896053 0.534668 0.415847 0.116227 0.39186 0.9 0.44904 0.340819 0.840288 0.153606 0.796433 0.454149 0.468446 0.239506 0.229746 0.1 0.230727 0.1 0.672165 0.638516 0.503038 0.752803 0.9 0.9 0.9 0.140676 0.367187 0.571016 0.1 0.280898 0.120427 0.1 0.873655 0.561203 0.10718 0.283733 0.543203 0.584781 0.573578 0.427933 0.695193 0.471439 0.650816 0.117622 0.70815 0.875743 0.332399 0.1 0.1 0.9 0.793313 0.644024 0.64598 0.727319 0.482143 0.659008 0.9 0.9 0.287355 0.9 0.317099 0.354506 0.807276 0.205881 0.802671 0.225817 0.435624 0.355493 0.580548 0.1136 0.592268 0.444078 0.604045 0.424067 0.531306 0.293759 0.500314 0.779217 0.496675 0.513406 0.886026 0.1 0.1 0.495445 0.9 0.445085 0.149668 0.808367 0.366063 0.367512 0.728869 0.568963 0.634839 0.650567 0.744808 0.44691 0.641687 0.369172 0.686666 0.460912 0.485505 0.458417 0.651209 0.155147 0.826393 0.279936 0.325703 0.314323 0.1 0.697988 0.765747 0.9 0.9 0.698833 0.455021 0.9 0.112342 0.539192 0.71675 0.517571 0.871723 0.508451 0.1 0.556066 0.160699 0.61967 0.164777 0.809914 0.200752 0.787399 0.375026 0.404995 0.376396 0.877413 0.516543 0.167308 0.117473 0.883293 0.477757 0.277418 0.527981 0.133046 0.1 0.518157 0.9 0.567249 0.548042 0.1 0.11291 0.22608 0.49444 0.1 0.666221 0.56821 0.669232 0.734272 0.410461 0.9 0.627829 0.392148 0.732508 0.9 0.9 0.9 0.884992 0.421352 0.267487 0.897162 0.320956 0.597155 0.34763 0.892124 0.9 0.436693 0.556219 0.711239 0.887766 0.137672 0.858939 0.494049 
0.343432 0.323031 0.320623 0.9 0.9 0.9 0.708394 0.411369 0.662946 0.470891 0.587103 0.409421 0.238416 0.490957 0.423528 0.153788 0.823726 0.645796 0.1 0.1 0.29304 0.276966 0.1 0.101601 0.62112 0.620813 0.9 0.5608 0.720032 0.68817 0.652545 0.1 0.129037 0.780314 0.137405 0.9 0.9 0.735003 0.360193 0.540009 0.168716 0.785812 0.166568 0.430498 0.383496 0.555595 0.414483 0.213928 0.164001 0.40729 0.438057 0.432603 0.625535 0.531968 0.468703 0.330574 0.1 0.362493 0.9 0.894719 0.149074 0.556687 0.836816 0.155735 0.529316 0.807047 0.14144 0.392021 0.710098 0.319437 0.123324 0.854491 0.285103 0.1 0.322658 0.598069 0.638024 0.7158 0.9 0.675308 0.192794 0.250019 0.135994 0.676397 0.9 0.613883 0.1 0.1 0.158974 0.835525 0.9 0.145237 0.51286 0.86947 0.130415 0.108504 0.9 0.259562 0.387496 0.651628 0.529623 0.470242 0.540338 0.617922 0.647707 0.9 0.29105 0.11677 0.495846 0.35834 0.9 0.755715 0.617823 0.124469 0.426927 0.511814 0.722019 0.59247 0.597547 0.751079 0.400382 0.638408 0.9 0.9 0.551833 0.117225 0.811827 0.491355 0.361021 0.399579 0.1 0.9 0.9 0.65193 0.617998 0.318671 0.741024 0.846895 0.605653 0.196888 0.288846 0.346634 0.9 0.870488 0.43115 0.379113 0.445707 0.1 0.862801 0.19123 0.784774 0.504354 0.676761 0.688743 0.331145 0.107196 0.886818 0.438623 0.513851 0.14404 0.625251 0.697757 0.9 0.648554 0.403743 0.557068 0.878589 0.1 0.474014 0.400555 0.343086 0.666708 0.877158 0.377114 0.551748 0.279814 0.593935 0.123936 0.338916 0.5636 0.1 0.114224 0.9 0.9 0.9 0.370156 0.1 0.802513 0.609675 0.6904 0.877631 0.44783 0.436292 0.847926 0.1 0.70277 0.503822 0.9 0.9 0.9 0.384103 0.196707 0.531868 0.295812 0.375567 0.356536 0.470465 0.112737 0.299086 0.9 0.686636 0.424944 0.10485 0.536893 0.292404 0.118997 0.9 0.409257 0.885302 0.677174 0.9 0.68141 0.117783 0.229378 0.667552 0.114606 0.1 0.1 0.1 0.9 0.156276 0.429924 0.9 0.816474 0.890148 0.430761 0.1 0.332861 0.35266 0.425044 0.136796 0.143396 0.812992 0.38967 0.667766 0.1 0.308892 0.677546 0.436681 0.1 0.343432 0.323031 
0.282814 0.488173 0.616679 0.561936 0.625899 0.616557 0.792435 0.564504 0.553123 0.869385 0.124611 0.475895 0.697233 0.9 0.9 0.60058 0.333392 0.1 0.1 0.39858 0.332325 0.876431 0.80367 0.9 0.9 0.100281 0.5454 0.388968 0.1 0.9 0.685123 0.1 0.310458 0.414202 0.566941 0.9 0.9 0.409758 0.533802 0.519217 0.17032 0.829527 0.9 0.9 0.701881 0.757052 0.501157 0.134457 0.841493 0.580061 0.531849 0.209924 0.420928 0.271286 0.106303 0.326817 0.38402 0.651011 0.738943 0.646621 0.502102 0.410199 0.724813 0.9 0.715823 0.384081 0.827586 0.775569 0.606188 0.481627 0.232862 0.800394 0.242742 0.1 0.682848 0.9 0.9 0.330992 0.9 0.9 0.835018 0.532779 0.1 0.305047 0.9 0.411348 0.467362 0.294227 0.786938 0.501701 0.9 0.562202 0.621132 0.632152 0.41252 0.445361 0.717456 0.400136 0.1 0.419964 0.87911 0.372039 0.1 0.118315 0.528988 0.9 0.145546 0.43621 0.1 0.1 0.550173 0.9 0.577425 0.591619 0.1 0.361788 0.9 0.705205 0.626462 0.89482 0.1 0.408179 0.605843 0.720849 0.9 0.1 0.140605 0.553079 0.504664 0.294384 0.1 0.461779 0.640424 0.175302 0.454118 0.380142 0.885377 0.706207 0.850887 0.104306 0.509303 0.500325 0.9 0.168726 0.1 0.10805 0.357569 0.156046 0.829632 0.1 0.152446 0.782612 0.532132 0.587311 0.573817 0.368854 0.674797 0.9 0.9 0.1 0.1 0.1 0.590908 0.810925 0.119523 0.1 0.253088 0.1 0.576855 0.118395 0.1 0.216099 0.611883 0.848856 0.44102 0.498392 0.163988 0.834702 0.690525 0.9 0.9 0.719753 0.772054 0.299608 0.301832 0.449953 0.505325 0.9 0.345926 0.443625 0.167229 0.350303 0.582367 0.598879 0.304129 0.707907 0.565772 0.548481 0.795797 0.285285 0.598835 0.873273 0.505579 0.1 0.9 0.9 0.744792 0.843082 0.705788 0.442333 0.728784 0.571024 0.1 0.630997 0.708835 0.405372 0.9 0.3444 0.403776 0.282441 0.9 0.496765 0.562938 0.521971 0.9 0.881859 0.235051 0.492935 0.477157 0.9 0.700434 0.196478 0.8528 0.360733 0.1 0.541537 0.1 0.711999 0.611989 0.9 0.1 0.325737 0.476402 0.229803 0.874935 0.1 0.576347 0.9 0.599212 0.830992 0.282814 0.488173 
0.578822 0.9 0.9 0.363863 0.661442 0.143774 0.861844 0.102225 0.1 0.610424 0.255854 0.9 0.9 0.436967 0.652843 0.1 0.1 0.309372 0.822534 0.432505 0.561895 0.389481 0.470513 0.613446 0.483503 0.1 0.602918 0.818696 0.173178 0.9 0.49598 0.372965 0.586023 0.349616 0.566565 0.499388 0.475756 0.513862 0.569281 0.574467 0.115641 0.884579 0.585814 0.101547 0.1 0.18886 0.1 0.323671 0.448496 0.15267 0.528236 0.106793 0.237303 0.115482 0.698935 0.766347 0.250412 0.403537 0.669157 0.244745 0.1 0.1 0.557014 0.9 0.511873 0.206763 0.334071 0.9 0.725996 0.9 0.62061 0.9 0.589395 0.123485 0.9 0.9 0.489336 0.1 0.122013 0.805516 0.219289 0.667552 0.1 0.361606 0.9 0.751963 0.122111 0.1 0.1 0.87403 0.403439 0.329242 0.112918 0.785759 0.210768 0.411748 0.11708 0.365839 0.574108 0.883063 0.282424 0.1 0.687342 0.874522 0.437173 0.673086 0.683386 0.743232 0.63836 0.846069 0.660499 0.741219 0.643681 0.613856 0.1 0.445825 0.43352 0.122933 0.543884 0.619151 0.103619 0.9 0.846856 0.208322 0.9 0.1 0.503453 0.124815 0.45574 0.1 0.1 0.649196 0.425151 0.777437 0.734899 0.552616 0.523402 0.363044 0.299444 0.1 0.301252 0.9 0.9 0.891132 0.520222 0.856996 0.482639 0.765356 0.219992 0.863247 0.376274 0.23563 0.834148 0.408555 0.325854 0.849108 0.590353 0.837768 0.9 0.146597 0.875359 0.9 0.847319 0.208159 0.647412 0.524407 0.648068 0.281485 0.9 0.877311 0.383247 0.130114 0.844341 0.433383 0.1 0.269678 0.225669 0.395027 0.1 0.393624 0.36839 0.613108 0.552969 0.243328 0.100436 0.58721 0.178904 0.615943 0.515455 0.13472 0.604894 0.536029 0.874389 0.690048 0.55882 0.720804 0.257394 0.365421 0.849822 0.1 0.287875 0.400453 0.309319 0.1 0.697911 0.43024 0.277828 0.196616 0.586707 0.519907 0.484636 0.852332 0.153096 0.853773 0.313552 0.23888 0.715954 0.453004 0.880092 0.323517 0.424538 0.55449 0.76607 0.351618 0.31779 0.410895 0.1 0.545544 0.580841 0.15492 0.604311 0.880161 0.544718 0.867719 0.1 0.1 0.216316 0.483162 0.1 0.9 0.1 0.566887 0.875145 0.317601 0.55234 0.1 0.471916 0.349472 0.448764 0.439142 0.578822 0.9 
0.9 0.417187 0.25601 0.257297 0.697024 0.225047 0.765503 0.329419 0.267017 0.425371 0.359943 0.714232 0.410955 0.43915 0.885132 0.609281 0.9 0.887734 0.694028 0.9 0.606449 0.376255 0.1 0.1 0.592399 0.485289 0.419145 0.163676 0.812177 0.9 0.9 0.9 0.325536 0.1 0.1 0.835054 0.561396 0.867031 0.434159 0.646993 0.326617 0.668993 0.411551 0.709493 0.887902 0.291579 0.393137 0.856642 0.378115 0.848886 0.718081 0.68251 0.456746 0.729502 0.9 0.9 0.316544 0.273788 0.1 0.1 0.181636 0.1 0.1 0.435479 0.1 0.266434 0.451899 0.569204 0.137305 0.692699 0.365887 0.561798 0.405416 0.658128 0.328095 0.485763 0.887954 0.686687 0.161724 0.139478 0.515902 0.9 0.9 0.9 0.712948 0.9 0.9 0.879666 0.169809 0.880285 0.102697 0.287469 0.1 0.356284 0.811175 0.296957 0.416858 0.383366 0.9 0.64065 0.1 0.1 0.1 0.522346 0.832745 0.573786 0.9 0.747429 0.117572 0.122289 0.9 0.9 0.9 0.9 0.9 0.58733 0.744728 0.693928 0.536486 0.9 0.682481 0.659082 0.167291 0.644298 0.9 0.173223 0.859013 0.318986 0.425785 0.9 0.9 0.558824 0.85063 0.25048 0.883222 0.9 0.588864 0.746798 0.626887 0.702385 0.735626 0.617706 0.593386 0.701898 0.514978 0.443461 0.178055 0.135538 0.202935 0.672702 0.174488 0.818285 0.488031 0.134025 0.665678 0.41632 0.296502 0.699723 0.653523 0.542176 0.600287 0.572641 0.115515 0.506288 0.62709 0.137033 0.390327 0.303006 0.718952 0.107546 0.1 0.440166 0.664479 0.586898 0.1 0.1 0.1 0.37754 0.201888 0.373567 0.1 0.271541 0.341406 0.618727 0.388642 0.17266 0.842454 0.731344 0.9 0.536038 0.365937 0.412266 0.123497 0.355408 0.143621 0.650812 0.453233 0.366747 0.1 0.1 0.381463 0.1 0.621358 0.1 0.724565 0.812696 0.21606 0.789184 0.341265 0.367125 0.206278 0.514823 0.515253 0.588788 0.1 0.1 0.612846 0.9 0.790541 0.454074 0.519313 0.121966 0.9 0.624354 0.623012 0.870644 0.478445 0.862715 0.464819 0.319919 0.145244 0.714482 0.533735 0.9 0.77776 0.214729 0.737535 0.874725 0.143782 0.874098 0.25596 0.275394 0.476142 0.864901 0.9 0.527246 0.855728 0.482457 0.51743 0.601908 0.9 0.417187 
0.435 0.847426 0.614691 0.387344 0.858115 0.149835 0.314036 0.206659 0.438852 0.510888 0.9 0.9 0.377037 0.689605 0.1 0.128218 0.562345 0.443932 0.86968 0.9 0.614218 0.421644 0.601216 0.485748 0.850714 0.664284 0.856173 0.270535 0.35849 0.882451 0.410596 0.891948 0.77958 0.864351 0.342084 0.699727 0.848296 0.721669 0.83833 0.452983 0.127409 0.867785 0.401501 0.482756 0.582034 0.54244 0.460005 0.337397 0.716896 0.447543 0.1 0.39109 0.9 0.9 0.767096 0.720281 0.455128 0.532439 0.118966 0.522388 0.495427 0.375334 0.519516 0.112845 0.230624 0.867893 0.767102 0.284863 0.48787 0.61637 0.64107 0.70098 0.423908 0.877075 0.167675 0.825325 0.589265 0.576234 0.315556 0.184483 0.1 0.408062 0.689308 0.9 0.313494 0.457672 0.616289 0.728138 0.872744 0.664894 0.328556 0.460722 0.9 0.866837 0.732378 0.240005 0.8557 0.433388 0.464055 0.53931 0.805318 0.1 0.1 0.291943 0.129499 0.310593 0.403918 0.644023 0.827066 0.618935 0.9 0.893257 0.141777 0.509317 0.876145 0.499893 0.880172 0.518461 0.170131 0.854189 0.15004 0.366617 0.199984 0.108231 0.398512 0.874739 0.446292 0.250275 0.292547 0.847589 0.684138 0.342661 0.9 0.888362 0.73426 0.9 0.327257 0.880951 0.511193 0.107023 0.574064 0.325992 0.118046 0.614948 0.861223 0.127079 0.1 0.586009 0.495592 0.160999 0.419331 0.778811 0.477312 0.895813 0.9 0.9 0.644105 0.306734 0.1 0.1 0.101356 0.658107 0.373697 0.9 0.761061 0.86089 0.9 0.9 0.9 0.25717 0.1 0.489886 0.65298 0.221448 0.227283 0.359275 0.311682 0.195721 0.151138 0.798954 0.42748 0.602443 0.602956 0.9 0.4855 0.354231 0.628406 0.105306 0.661668 0.645866 0.302759 0.615356 0.489223 0.543051 0.452817 0.145976 0.439734 0.386984 0.1 0.357151 0.656826 0.159993 0.863825 0.347592 0.359919 0.151413 0.635063 0.681094 0.491596 0.850917 0.425807 0.717696 0.620582 0.9 0.639614 0.847505 0.476705 0.207038 0.1 0.101808 0.868213 0.396449 0.646286 0.492182 0.850988 0.404167 0.455429 0.467522 0.653064 0.660657 0.598302 0.571365 0.664004 0.761418 0.8778 0.153997 0.827712 0.718316 0.521124 0.44579 0.44256 0.1 0.1 0.162653 0.867851 0.701377 0.177769 0.294637 0.869636 0.134306 0.435 0.847426 
0.877819 0.197127 0.207424 0.358344 0.450014 0.867063 0.652678 0.1 0.339327 0.455635 0.556477 0.104489 0.1 0.393667 0.142021 0.761333 0.21635 0.753283 0.491863 0.514518 0.9 0.446563 0.629661 0.839338 0.224098 0.449621 0.121349 0.1 0.587061 0.540542 0.1 0.146939 0.523371 0.352786 0.541544 0.856163 0.139729 0.1 0.158445 0.485074 0.510812 0.723069 0.701601 0.597012 0.122126 0.9 0.643427 0.117451 0.548371 0.122877 0.536307 0.50485 0.472966 0.1 0.370097 0.625534 0.648007 0.566745 0.640133 0.522829 0.9 0.9 0.637956 0.503222 0.1 0.155594 0.461188 0.296184 0.297413 0.630194 0.9 0.9 0.402336 0.477398 0.485579 0.521253 0.365327 0.239334 0.465696 0.129386 0.17082 0.1 0.505397 0.647723 0.415333 0.849322 0.373619 0.1 0.343881 0.1019 0.389951 0.358401 0.9 0.208716 0.768948 0.124859 0.1 0.325858 0.377264 0.411438 0.114043 0.1 0.305422 0.340117 0.638164 0.9 0.747763 0.885516 0.148064 0.340013 0.888456 0.491309 0.43756 0.483904 0.138743 0.816636 0.507704 0.435936 0.798597 0.819432 0.441925 0.317885 0.1 0.330049 0.472823 0.9 0.594766 0.560098 0.309153 0.855603 0.1341 0.131532 0.1 0.389384 0.542434 0.730067 0.264335 0.402822 0.615759 0.447087 0.574666 0.717531 0.65994 0.141396 0.284503 0.9 0.9 0.621837 0.310888 0.635218 0.386817 0.664522 0.1 0.297824 0.145089 0.51714 0.138949 0.582997 0.1 0.342416 0.499345 0.378642 0.549291 0.690063 0.614989 0.129082 0.393323 0.9 0.586019 0.1 0.212559 0.106574 0.882142 0.121849 0.132736 0.112057 0.812108 0.163469 0.490115 0.22021 0.9 0.9 0.9 0.9 0.299021 0.1 0.4585 0.515548 0.680275 0.741509 0.9 0.458062 0.897182 0.471267 0.1503 0.45444 0.694454 0.478521 0.401296 0.284089 0.505245 0.855481 0.440063 0.395568 0.855207 0.558594 0.395155 0.9 0.58475 0.120572 0.1 0.566606 0.9 0.9 0.491215 0.400824 0.82462 0.148445 0.865724 0.68034 0.809812 0.622104 0.179394 0.507697 0.347536 0.1 0.277797 0.871776 0.566479 0.576493 0.174509 0.849161 0.569436 0.415799 0.359728 0.336271 0.184761 0.538326 0.336179 0.569623 0.686654 0.279951 0.1 0.54366 0.173173 0.644456 0.860927 0.175383 0.695902 0.753753 0.877819 0.197127 
0.466672 0.775858 0.173638 0.567253 0.118232 0.305339 0.681446 0.39608 0.1 0.656689 0.529568 0.443512 0.263695 0.718392 0.874713 0.367318 0.293606 0.243899 0.747961 0.127275 0.407748 0.1 0.581244 0.689245 0.863431 0.665142 0.656753 0.564248 0.469856 0.551077 0.1 0.88804 0.456108 0.117309 0.520803 0.594321 0.393965 0.27412 0.814234 0.509413 0.1 0.516104 0.874071 0.343355 0.255423 0.9 0.603583 0.493259 0.148403 0.438962 0.689434 0.449025 0.555237 0.375754 0.853757 0.502943 0.1 0.58392 0.139329 0.392112 0.291669 0.113724 0.362374 0.685677 0.116843 0.845675 0.366501 0.500576 0.302663 0.208325 0.141304 0.273852 0.579224 0.1 0.571743 0.9 0.857281 0.131951 0.542515 0.9 0.529636 0.1 0.251175 0.130791 0.462606 0.38245 0.563185 0.56649 0.9 0.623029 0.1 0.244872 0.700519 0.330494 0.18404 0.845199 0.369851 0.249287 0.548299 0.550859 0.489865 0.610323 0.756447 0.32256 0.523557 0.36575 0.128796 0.477336 0.341969 0.625344 0.452455 0.9 0.9 0.681044 0.1 0.484876 0.9 0.651117 0.217948 0.883087 0.397904 0.1 0.111384 0.136472 0.359694 0.372589 0.9 0.753663 0.447314 0.58374 0.201153 0.1 0.1 0.1 0.291724 0.686825 0.440361 0.350417 0.10792 0.585955 0.191635 0.516251 0.746705 0.871847 0.375618 0.681348 0.434693 0.306115 0.352228 0.416284 0.261887 0.747602 0.393437 0.488734 0.9 0.9 0.655409 0.820487 0.447296 0.253833 0.368565 0.839912 0.305416 0.398475 0.9 0.493022 0.1 0.331206 0.9 0.24161 0.1 0.1 0.9 0.603467 0.1 0.1 0.469656 0.316117 0.439703 0.68503 0.9 0.694435 0.498721 0.231378 0.1 0.213063 0.155636 0.561356 0.184972 0.561047 0.9 0.448074 0.347665 0.136782 0.671789 0.363198 0.726017 0.871247 0.664609 0.553099 0.125377 0.561477 0.761691 0.829466 0.420001 0.638027 0.129821 0.558491 0.12138 0.271139 0.451879 0.9 0.9 0.9 0.219357 0.1 0.273944 0.249195 0.767158 0.455131 0.9 0.766789 0.871958 0.361857 0.820039 0.629924 0.435203 0.659146 0.425199 0.1 0.286434 0.522783 0.538249 0.1 0.405817 0.9 0.9 0.457952 0.391516 0.185628 0.884941 0.9 0.184218 0.878568 0.715278 0.34737 0.9 0.835972 0.556486 0.601121 0.466672 0.775858 
0.41781 0.128997 0.421217 0.297449 0.678238 0.152561 0.846664 0.298791 0.1 0.303293 0.68646 0.63685 0.324232 0.1 0.472141 0.1 0.544603 0.831348 0.175634 0.323295 0.665931 0.1 0.139848 0.406707 0.430362 0.116076 0.48616 0.9 0.668588 0.9 0.346376 0.827188 0.210195 0.560843 0.318656 0.9 0.726791 0.1 0.120322 0.654605 0.363924 0.859899 0.484597 0.582114 0.9 0.9 0.761179 0.558866 0.652753 0.9 0.9 0.473954 0.1 0.1 0.107899 0.513489 0.1 0.524068 0.460903 0.638589 0.425028 0.614543 0.639028 0.492442 0.43722 0.9 0.288899 0.158732 0.825405 0.538805 0.790198 0.339716 0.277233 0.291251 0.844961 0.113142 0.153073 0.489536 0.608934 0.9 0.567468 0.434671 0.376915 0.569613 0.542908 0.348143 0.321263 0.551046 0.9 0.72161 0.1 0.274156 0.520294 0.9 0.792555 0.9 0.612421 0.190068 0.811974 0.700025 0.58236 0.892491 0.9 0.660786 0.162482 0.641831 0.866067 0.356903 0.328802 0.542072 0.120877 0.830842 0.147778 0.518245 0.477847 0.507207 0.9 0.9 0.868398 0.9 0.53079 0.1 0.147503 0.831213 0.9 0.9 0.9 0.602931 0.15366 0.85332 0.336099 0.483505 0.693599 0.1 0.330174 0.9 0.9 0.354904 0.1 0.1 0.772418 0.452553 0.8869 0.9 0.9 0.558347 0.452375 0.744946 0.354891 0.434745 0.556426 0.9 0.632068 0.626696 0.9 0.616632 0.57807 0.741327 0.111202 0.486747 0.570989 0.454744 0.1 0.303204 0.4841 0.479388 0.234474 0.339622 0.733767 0.443901 0.435919 0.632132 0.728919 0.408066 0.621806 0.560544 0.878978 0.1 0.34461 0.324405 0.584379 0.837766 0.309241 0.1 0.459545 0.102732 0.440724 0.183003 0.786455 0.765651 0.72235 0.485467 0.113701 0.681812 0.9 0.622056 0.208736 0.132879 0.815631 0.175552 0.32069 0.366909 0.679778 0.16251 0.586247 0.460456 0.653784 0.704984 0.383084 0.134973 0.884549 0.9 0.13558 0.1 0.1 0.544381 0.330277 0.666742 0.649136 0.287078 0.409951 0.364815 0.9 0.485186 0.15923 0.524931 0.109439 0.380599 0.644754 0.1 0.306124 0.1 0.282025 0.1 0.310256 0.173991 0.438564 0.1 0.688544 0.875567 0.371517 0.632171 0.836792 0.386495 0.896087 0.9 0.87595 0.182713 0.547857 0.517739 0.41781 0.128997 
0.649955 0.262516 0.393822 0.1189 0.9 0.561409 0.490337 0.554184 0.61896 0.894541 0.9 0.9 0.864312 0.284915 0.9 0.415662 0.375713 0.685964 0.339225 0.600538 0.359106 0.328454 0.769552 0.183496 0.259415 0.557284 0.36183 0.868972 0.351146 0.675855 0.827424 0.21625 0.830458 0.372995 0.237613 0.9 0.9 0.627296 0.439547 0.502527 0.478132 0.327916 0.373467 0.457709 0.510527 0.427888 0.9 0.9 0.1 0.246446 0.479814 0.378808 0.485393 0.326201 0.440267 0.66291 0.136035 0.592634 0.599039 0.301328 0.325553 0.463896 0.481094 0.278181 0.640329 0.72658 0.142219 0.498247 0.550148 0.416987 0.189118 0.844453 0.771471 0.48856 0.474788 0.267949 0.838216 0.32878 0.15179 0.875624 0.59572 0.547687 0.1 0.161699 0.848044 0.630524 0.73839 0.867293 0.376198 0.394717 0.24493 0.567508 0.9 0.856706 0.898355 0.579526 0.550556 0.763467 0.239181 0.837254 0.382419 0.184268 0.844693 0.170079 0.550664 0.323423 0.469088 0.441316 0.502597 0.563083 0.29881 0.1 0.1 0.398709 0.1338 0.1 0.13222 0.802281 0.164604 0.36526 0.286907 0.370147 0.854392 0.106994 0.120984 0.669086 0.639411 0.505989 0.58687 0.676844 0.4306 0.11494 0.857017 0.325216 0.1 0.534251 0.641642 0.568084 0.82718 0.10112 0.1 0.275573 0.1 0.371768 0.713884 0.274167 0.413621 0.887348 0.110666 0.420987 0.25255 0.364884 0.683695 0.1 0.407389 0.878822 0.9 0.9 0.383236 0.605632 0.601 0.9 0.607561 0.41711 0.1 0.689147 0.9 0.9 0.411416 0.893915 0.9 0.437705 0.247581 0.134896 0.567104 0.130755 0.322327 0.1 0.895366 0.471504 0.534416 0.138686 0.652615 0.436397 0.320147 0.1 0.279647 0.199423 0.158737 0.573569 0.9 0.752113 0.386618 0.425666 0.10922 0.512735 0.117431 0.1 0.52829 0.327421 0.111659 0.399006 0.9 0.328465 0.5406 0.526131 0.497479 0.9 0.706114 0.31762 0.408898 0.296636 0.438306 0.1 0.554578 0.9 0.385618 0.826042 0.1242 0.280992 0.392777 0.131951 0.9 0.9 0.342295 0.132949 0.50673 0.582648 0.333324 0.1 0.1 0.325777 0.470071 0.846424 0.835422 0.8501 0.355325 0.1 0.780509 0.9 0.500867 0.128562 0.215573 0.1 0.1 0.868239 0.181593 0.302601 0.673451 0.157144 0.649955 0.262516 
0.9 0.611892 0.1 0.560333 0.9 0.546391 0.209982 0.127742 0.546319 0.323764 0.49411 0.881952 0.129877 0.20127 0.9 0.40777 0.405721 0.656514 0.431432 0.896743 0.789988 0.571575 0.166633 0.83928 0.420102 0.130548 0.339002 0.1 0.187423 0.1 0.310457 0.444694 0.9 0.330692 0.1 0.656491 0.9 0.332385 0.663156 0.525979 0.413138 0.1 0.502196 0.467619 0.377771 0.429521 0.9 0.740866 0.1 0.302916 0.675463 0.9 0.9 0.783669 0.9 0.459698 0.863299 0.399507 0.455228 0.1 0.471151 0.703973 0.550899 0.26976 0.1 0.661655 0.882656 0.9 0.880812 0.616037 0.404229 0.4104 0.744216 0.9 0.9 0.1 0.379396 0.70384 0.867074 0.559982 0.878974 0.618935 0.394482 0.87308 0.405755 0.255419 0.1 0.1 0.491404 0.611487 0.32218 0.1 0.460289 0.9 0.335082 0.464397 0.467449 0.14186 0.343676 0.399296 0.747984 0.9 0.738129 0.488108 0.9 0.531933 0.571134 0.26166 0.27529 0.506722 0.643002 0.1 0.1 0.1 0.82309 0.336832 0.304452 0.17632 0.461529 0.9 0.9 0.9 0.9 0.286886 0.611619 0.144905 0.56866 0.139027 0.333797 0.134416 0.504012 0.1 0.1 0.241294 0.526663 0.9 0.726434 0.250726 0.296242 0.860343 0.691939 0.86251 0.166145 0.509515 0.138438 0.1 0.1 0.392466 0.304105 0.520562 0.282919 0.1 0.409546 0.222251 0.28731 0.135296 0.349815 0.1 0.310529 0.661806 0.11272 0.9 0.9 0.281433 0.1 0.455624 0.32447 0.9 0.640647 0.527767 0.683487 0.419846 0.37847 0.867756 0.137776 0.279981 0.1 0.1 0.726322 0.378473 0.487107 0.1 0.417149 0.854099 0.322515 0.680134 0.9 0.708729 0.567676 0.320054 0.539086 0.828912 0.103393 0.286641 0.1 0.164093 0.801922 0.395162 0.872804 0.589429 0.633684 0.777305 0.9 0.130638 0.600075 0.9 0.519563 0.700818 0.891562 0.361791 0.866985 0.439925 0.356047 0.27889 0.371926 0.660555 0.852915 0.411058 0.323901 0.653637 0.561857 0.685607 0.642367 0.581905 0.165273 0.580149 0.9 0.9 0.9 0.9 0.38988 0.652622 0.500845 0.399773 0.627893 0.307992 0.1 0.259474 0.9 0.9 0.626078 0.829658 0.45325 0.765009 0.152415 0.609367 0.423289 0.141358 0.889977 0.9 0.9 0.611892 
0.9 0.38994 0.1 0.692614 0.882533 0.15803 0.507663 0.9 0.9 0.87418 0.651158 0.422029 0.232889 0.377873 0.642234 0.327158 0.57134 0.552685 0.211393 0.1 0.322764 0.470951 0.1 0.412689 0.112624 0.480849 0.548346 0.1 0.380333 0.356811 0.639585 0.9 0.857642 0.709866 0.614923 0.70939 0.793348 0.253972 0.69736 0.520986 0.279155 0.321526 0.879274 0.505953 0.626485 0.604339 0.685688 0.241331 0.126528 0.861502 0.476862 0.475025 0.534303 0.501677 0.889959 0.666497 0.9 0.60173 0.657313 0.393015 0.9 0.341671 0.317162 0.669132 0.123881 0.843386 0.67187 0.872385 0.19165 0.201861 0.415134 0.369605 0.567733 0.414394 0.9 0.1 0.1 0.488519 0.482155 0.1 0.567951 0.9 0.673367 0.9 0.354107 0.622446 0.525711 0.298268 0.312566 0.334786 0.554924 0.275258 0.613653 0.9 0.1 0.612207 0.9 0.549744 0.448315 0.1 0.722808 0.9 0.464015 0.278927 0.335514 0.254095 0.50938 0.281755 0.9 0.9 0.495875 0.316652 0.892166 0.1 0.328688 0.1 0.9 0.891635 0.405788 0.1 0.1 0.1 0.324557 0.735285 0.9 0.349373 0.409134 0.9 0.9 0.9 0.9 0.656707 0.632606 0.34639 0.138072 0.9 0.714574 0.410081 0.1 0.563419 0.415692 0.699893 0.777474 0.462078 0.552886 0.135727 0.326914 0.524965 0.9 0.804695 0.580713 0.1 0.888293 0.9 0.9 0.665674 0.375498 0.26616 0.50499 0.215976 0.1 0.547286 0.9 0.760428 0.868669 0.9 0.566078 0.618742 0.387017 0.670815 0.189733 0.773706 0.459961 0.9 0.1 0.1 0.1 0.457988 0.601015 0.9 0.31228 0.1 0.1 0.1 0.1 0.9 0.9 0.427268 0.133268 0.480444 0.563479 0.12878 0.1 0.477308 0.9 0.9 0.454266 0.495142 0.541506 0.661471 0.373842 0.491492 0.673835 0.507757 0.521348 0.9 0.641784 0.416357 0.383277 0.1 0.441804 0.641367 0.305185 0.507709 0.670724 0.483013 0.442966 0.680265 0.9 0.54053 0.11114 0.43719 0.6348 0.141124 0.833764 0.659744 0.150012 0.314832 0.1 0.488671 0.104862 0.418274 0.127301 0.816964 0.150288 0.527424 0.529611 0.59332 0.9 0.9 0.693873 0.495144 0.50822 0.210575 0.849068 0.470869 0.438601 0.23544 0.102531 0.287533 0.9 0.38994 
0.514818 0.569574 0.494706 0.627097 0.420112 0.443002 0.148604 0.451978 0.111132 0.118446 0.867834 0.309532 0.9 0.9 0.824095 0.570575 0.580277 0.703915 0.51822 0.282259 0.1 0.1 0.212229 0.1 0.551657 0.729297 0.452164 0.632728 0.9 0.32574 0.859752 0.741889 0.9 0.443905 0.354043 0.139006 0.878755 0.449807 0.555307 0.134074 0.481178 0.514299 0.455661 0.548547 0.479113 0.1 0.1 0.1 0.892992 0.745759 0.33539 0.132557 0.872801 0.627358 0.18854 0.453007 0.445595 0.479851 0.296256 0.327387 0.761357 0.1 0.1 0.592448 0.584037 0.555825 0.6166 0.718983 0.840913 0.441269 0.641553 0.500083 0.878503 0.178876 0.857663 0.382148 0.219589 0.1 0.427439 0.1 0.851995 0.9 0.181639 0.899586 0.522841 0.365999 0.350988 0.9 0.9 0.56954 0.404542 0.513676 0.720741 0.394574 0.1 0.389139 0.9 0.9 0.9 0.58199 0.316298 0.72338 0.1 0.1 0.834697 0.127558 0.470071 0.1 0.257162 0.1 0.184261 0.120228 0.886036 0.45032 0.845375 0.437121 0.756017 0.344837 0.343212 0.50263 0.9 0.565682 0.125883 0.542741 0.152114 0.171253 0.129905 0.887455 0.110932 0.1 0.440673 0.442042 0.721045 0.560304 0.437913 0.645844 0.587287 0.117109 0.64769 0.834639 0.192299 0.833026 0.232153 0.840411 0.456244 0.864563 0.355447 0.1 0.350001 0.689093 0.568373 0.22084 0.340657 0.747754 0.9 0.486478 0.882708 0.9 0.120747 0.1 0.812389 0.69534 0.478358 0.60048 0.169947 0.862986 0.345044 0.621736 0.17551 0.9 0.54072 0.195429 0.849514 0.634899 0.1 0.270598 0.568074 0.421269 0.405618 0.894429 0.165945 0.815527 0.1 0.346453 0.650882 0.9 0.738353 0.635078 0.9 0.9 0.706578 0.745265 0.385633 0.1 0.456964 0.610428 0.127209 0.630919 0.410297 0.1426 0.527613 0.1 0.190732 0.627144 0.579002 0.385312 0.843874 0.425046 0.614843 0.246939 0.273738 0.640173 0.252087 0.327234 0.200479 0.841591 0.450411 0.720141 0.543112 0.278946 0.522088 0.1 0.1 0.1 0.325111 0.42482 0.642666 0.468337 0.1 0.1 0.51655 0.69887 0.246768 0.779438 0.331879 0.853335 0.154693 0.1 0.249959 0.690998 0.402636 0.439131 0.483053 0.586937 0.9 0.547878 0.44358 0.274441 0.165889 0.1 0.514818 0.569574 
0.9 0.50578 0.9 0.628229 0.852326 0.735747 0.884997 0.9 0.839454 0.622462 0.677892 0.1 0.316645 0.150475 0.9 0.41609 0.285022 0.1 0.1 0.571127 0.669988 0.493346 0.314479 0.507953 0.9 0.9 0.673466 0.303375 0.873404 0.1 0.1 0.1 0.575183 0.108029 0.567081 0.503014 0.750338 0.617247 0.539521 0.514126 0.104741 0.293778 0.599532 0.502064 0.34868 0.578197 0.879775 0.643635 0.895431 0.139397 0.196648 0.424792 0.548954 0.585221 0.818994 0.511298 0.347788 0.700871 0.588016 0.165231 0.870431 0.676056 0.310724 0.521944 0.9 0.862843 0.195813 0.455077 0.515811 0.491162 0.1 0.632173 0.9 0.641836 0.156606 0.1 0.34492 0.1 0.687439 0.247188 0.156455 0.9 0.654062 0.585593 0.5199 0.622971 0.132279 0.894037 0.557502 0.746494 0.876343 0.331221 0.556946 0.267655 0.85436 0.354067 0.148105 0.9 0.9 0.596789 0.45468 0.9 0.1 0.258639 0.733534 0.333496 0.40572 0.1 0.337684 0.1 0.410885 0.388338 0.1 0.1 0.113644 0.606227 0.834887 0.16841 0.355672 0.3437 0.9 0.509084 0.487458 0.438262 0.573768 0.492659 0.607331 0.732573 0.272806 0.548541 0.294643 0.700335 0.590894 0.437432 0.1 0.290935 0.702575 0.469859 0.468107 0.190219 0.504923 0.9 0.603659 0.711112 0.104262 0.659205 0.45513 0.873991 0.801837 0.9 0.338494 0.526563 0.305962 0.9 0.9 0.826006 0.396372 0.72612 0.575143 0.515909 0.406748 0.842558 0.388264 0.734963 0.408554 0.356594 0.1 0.151486 0.643347 0.615359 0.419146 0.372499 0.425899 0.1 0.1 0.456669 0.716331 0.557199 0.367344 0.52242 0.355545 0.554216 0.118323 0.603709 0.353166 0.168774 0.523194 0.68976 0.74632 0.310332 0.290051 0.885226 0.11018 0.513831 0.713648 0.586046 0.9 0.9 0.720919 0.576119 0.444577 0.1 0.117386 0.858598 0.152814 0.201425 0.424629 0.9 0.9 0.656519 0.308363 0.280914 0.261211 0.447211 0.855326 0.759159 0.449781 0.429247 0.338551 0.322154 0.578936 0.580858 0.299115 0.790274 0.142445 0.1 0.40203 0.9 0.897974 0.1 0.585944 0.344849 0.243248 0.663139 0.1 0.541822 0.855404 0.514852 0.323454 0.653863 0.123341 0.63259 0.9 0.431683 0.171371 0.654344 0.139831 0.506622 0.278142 0.528381 0.9 0.50578 
0.69871 0.1 0.603477 0.239306 0.118901 0.1 0.246288 0.872219 0.248319 0.769536 0.376122 0.421481 0.499913 0.347706 0.9 0.434741 0.878664 0.231563 0.1 0.136775 0.868686 0.9 0.608411 0.9 0.812558 0.686691 0.536714 0.1 0.326013 0.33019 0.898567 0.367594 0.404995 0.560213 0.535815 0.472039 0.608444 0.721495 0.407046 0.738804 0.564127 0.542823 0.264454 0.1 0.1 0.108358 0.454758 0.9 0.466474 0.333677 0.1 0.233462 0.458865 0.561792 0.1 0.28614 0.266326 0.66808 0.393806 0.361825 0.139552 0.147944 0.845747 0.496655 0.692936 0.567495 0.854025 0.321748 0.282678 0.305662 0.1 0.894149 0.9 0.459553 0.866958 0.9 0.527316 0.226747 0.9 0.9 0.658287 0.9 0.1 0.1 0.360381 0.332812 0.387551 0.733233 0.9 0.686426 0.276903 0.142619 0.833521 0.1 0.517053 0.475147 0.570705 0.447137 0.9 0.9 0.747493 0.9 0.641874 0.538416 0.370528 0.420765 0.526299 0.9 0.689074 0.317319 0.684739 0.399657 0.140869 0.846345 0.541385 0.445874 0.233815 0.830177 0.276155 0.1 0.621492 0.48261 0.112877 0.46245 0.672056 0.566799 0.1 0.1 0.1 0.841771 0.155224 0.655472 0.815961 0.621299 0.302352 0.1 0.138331 0.71589 0.9 0.84828 0.136368 0.56708 0.28497 0.1 0.452132 0.815803 0.62923 0.688602 0.77359 0.9 0.715925 0.432198 0.434704 0.9 0.860353 0.215143 0.539117 0.86487 0.342259 0.639032 0.733536 0.306528 0.390074 0.638893 0.9 0.797081 0.719118 0.861204 0.624976 0.59676 0.776918 0.598615 0.357564 0.869175 0.794326 0.740261 0.769088 0.440695 0.464308 0.47711 0.407528 0.351469 0.840387 0.744467 0.192622 0.807887 0.79838 0.9 0.9 0.9 0.50954 0.611086 0.317557 0.844444 0.316563 0.1 0.746045 0.9 0.1 0.344225 0.580155 0.792729 0.9 0.9 0.743016 0.66823 0.600382 0.60374 0.1 0.1 0.121103 0.432493 0.265181 0.1 0.361668 0.470123 0.1 0.1 0.377489 0.770269 0.241808 0.88327 0.495706 0.466312 0.812489 0.776354 0.366896 0.615828 0.687606 0.396546 0.9 0.238344 0.121786 0.82589 0.146021 0.894863 0.69852 0.650051 0.543817 0.79406 0.685599 0.646517 0.38345 0.1 0.659888 0.674127 0.482881 0.767043 0.718534 0.9 0.69871 0.1 
0.642255 0.1 0.1 0.500385 0.880605 0.412789 0.103669 0.742358 0.615277 0.240237 0.89211 0.9 0.866029 0.175123 0.893039 0.569412 0.783579 0.385706 0.337169 0.396177 0.212931 0.564995 0.599056 0.795205 0.307885 0.132132 0.44638 0.1 0.881123 0.267006 0.9 0.611449 0.496027 0.808871 0.140981 0.337707 0.384401 0.213078 0.1 0.1 0.213173 0.1 0.1 0.1 0.1 0.849817 0.67544 0.9 0.360254 0.115418 0.306324 0.427319 0.685889 0.9 0.280519 0.831886 0.152705 0.740078 0.868516 0.189475 0.872947 0.9 0.688062 0.405174 0.704711 0.751041 0.712434 0.14178 0.838481 0.9 0.1 0.276268 0.893983 0.288702 0.467467 0.897991 0.279326 0.127049 0.892928 0.61452 0.100857 0.258583 0.111479 0.584437 0.287624 0.224208 0.647509 0.432198 0.9 0.656408 0.426334 0.868263 0.490718 0.1 0.241589 0.148192 0.823135 0.1 0.339645 0.767811 0.9 0.56913 0.9 0.816512 0.704547 0.393467 0.720416 0.9 0.450921 0.611839 0.530251 0.474106 0.827505 0.665309 0.1 0.1 0.819245 0.9 0.611752 0.721084 0.571512 0.893551 0.728104 0.9 0.9 0.113398 0.1 0.631926 0.1 0.426094 0.454916 0.165067 0.9 0.580828 0.718958 0.626333 0.854108 0.625337 0.529525 0.283565 0.1 0.135125 0.55379 0.11687 0.617005 0.9 0.388566 0.418589 0.73946 0.9 0.280358 0.1 0.675821 0.9 0.187953 0.531439 0.1 0.151925 0.386283 0.1467 0.495078 0.1 0.1 0.36801 0.651872 0.9 0.8775 0.63261 0.508261 0.539056 0.88513 0.710823 0.510695 0.589615 0.69385 0.101687 0.41469 0.1 0.529595 0.163362 0.872394 0.9 0.380181 0.654016 0.832001 0.463994 0.397974 0.9 0.641213 0.848324 0.1 0.161123 0.78102 0.415947 0.41116 0.508609 0.300541 0.426841 0.1 0.683375 0.9 0.9 0.425141 0.48623 0.455754 0.1 0.649743 0.9 0.23896 0.295147 0.781992 0.167409 0.1 0.260334 0.671824 0.9 0.551393 0.1 0.563781 0.261001 0.776795 0.814641 0.373018 0.791046 0.226389 0.618298 0.490348 0.173357 0.1 0.493298 0.9 0.138199 0.271375 0.433288 0.534776 0.9 0.468256 0.249917 0.672125 0.689247 0.514626 0.617242 0.751072 0.456434 0.9 0.554472 0.358219 0.484151 0.64691 0.9 0.642255 0.1 
0.10123 0.882915 0.387989 0.741183 0.661358 0.805308 0.882224 0.9 0.379899 0.894228 0.9 0.660238 0.327877 0.478845 0.565004 0.684691 0.735882 0.317392 0.312194 0.339262 0.752559 0.171063 0.63995 0.9 0.704546 0.869785 0.476768 0.259494 0.848951 0.169236 0.674335 0.693841 0.886385 0.216649 0.303053 0.72904 0.890826 0.413346 0.436909 0.1 0.217981 0.514874 0.9 0.478699 0.1 0.396276 0.158057 0.882906 0.66589 0.461239 0.1 0.492361 0.75098 0.758689 0.314917 0.485778 0.611451 0.684936 0.72423 0.574861 0.732012 0.514226 0.264072 0.652747 0.585202 0.645704 0.428972 0.268227 0.219392 0.9 0.536775 0.34591 0.421566 0.419664 0.716759 0.564199 0.737859 0.886031 0.392237 0.374154 0.520957 0.436722 0.842889 0.428746 0.1 0.1 0.881665 0.80025 0.778127 0.570505 0.394057 0.467935 0.1 0.528647 0.286954 0.524331 0.340165 0.61814 0.9 0.361036 0.548497 0.504916 0.749665 0.9 0.9 0.461092 0.434036 0.69283 0.497813 0.64523 0.1 0.1 0.1 0.9 0.405967 0.1 0.119991 0.357649 0.864226 0.9 0.9 0.420326 0.380884 0.9 0.9 0.504007 0.410563 0.281756 0.1 0.374295 0.603419 0.675902 0.899681 0.310568 0.661362 0.846979 0.829919 0.9 0.604117 0.149647 0.594717 0.611374 0.183763 0.634227 0.737852 0.576604 0.89272 0.805479 0.9 0.9 0.545281 0.562865 0.33779 0.9 0.432702 0.317173 0.404721 0.834296 0.551591 0.494732 0.335177 0.1 0.248181 0.289025 0.327682 0.867507 0.242826 0.862017 0.9 0.740639 0.123647 0.49849 0.530613 0.300053 0.337337 0.2362 0.9 0.317125 0.9 0.534079 0.349416 0.489823 0.289064 0.411842 0.475025 0.642098 0.730063 0.9 0.565131 0.177768 0.416962 0.786366 0.421431 0.567556 0.155864 0.466935 0.525364 0.419026 0.45926 0.418694 0.104217 0.569133 0.1 0.675375 0.865185 0.36689 0.89361 0.832165 0.585856 0.88706 0.541494 0.865042 0.34659 0.563257 0.451832 0.591978 0.404714 0.1 0.540273 0.79438 0.409708 0.9 0.896658 0.577313 0.446297 0.148316 0.8186 0.109102 0.430577 0.516295 0.697263 0.472038 0.116593 0.615354 0.323372 0.1 0.1 0.1 0.70831 0.64986 0.9 0.140014 0.410287 0.3178 0.712686 0.9 0.88748 0.134014 0.871359 0.427707 0.10123 0.882915 
0.347529 0.9 0.620988 0.897787 0.185065 0.426078 0.134535 0.502323 0.107364 0.670102 0.116736 0.1 0.354947 0.437941 0.229907 0.431921 0.653736 0.843306 0.149815 0.431852 0.119508 0.50462 0.745 0.751091 0.457728 0.763426 0.845625 0.266718 0.207621 0.790604 0.461766 0.444052 0.9 0.872826 0.423109 0.841497 0.573778 0.402527 0.532802 0.460955 0.108723 0.601486 0.739666 0.577044 0.1 0.9 0.879438 0.760858 0.841425 0.151104 0.1 0.859707 0.71696 0.9 0.708904 0.103587 0.59059 0.612242 0.383149 0.660964 0.560731 0.582055 0.119687 0.371274 0.620257 0.450364 0.312725 0.132836 0.835828 0.9 0.730934 0.895167 0.538258 0.354748 0.551583 0.431807 0.429231 0.465914 0.1 0.219023 0.59811 0.286299 0.298317 0.20294 0.1 0.1 0.355674 0.9 0.694194 0.556505 0.499501 0.1 0.241068 0.729407 0.569359 0.888929 0.137247 0.9 0.9 0.129917 0.60757 0.685981 0.838187 0.134465 0.100459 0.454489 0.614048 0.43413 0.9 0.833607 0.570017 0.497536 0.101983 0.886298 0.739741 0.300071 0.893777 0.87368 0.165584 0.423363 0.614338 0.608711 0.602288 0.756241 0.41427 0.1 0.535456 0.620777 0.864824 0.569154 0.575526 0.592653 0.111849 0.501619 0.868208 0.24892 0.836793 0.552159 0.547757 0.850611 0.324508 0.1 0.352792 0.381031 0.805719 0.181971 0.55385 0.869849 0.133434 0.572043 0.373292 0.699737 0.357402 0.9 0.543009 0.56927 0.1 0.122237 0.144706 0.110673 0.656216 0.883807 0.796396 0.683271 0.395669 0.610396 0.871509 0.335468 0.146828 0.405476 0.1 0.299247 0.573998 0.62603 0.569111 0.57986 0.9 0.102291 0.393945 0.140318 0.614625 0.732331 0.654416 0.173098 0.519463 0.374302 0.624463 0.721747 0.445809 0.85933 0.702726 0.181145 0.608132 0.634464 0.657692 0.106805 0.1 0.652665 0.303546 0.100761 0.1 0.477298 0.441722 0.663025 0.147376 0.1 0.423766 0.839382 0.110195 0.732424 0.9 0.9 0.447003 0.757693 0.805311 0.225306 0.846025 0.681687 0.714111 0.479798 0.540393 0.60416 0.383731 0.292283 0.1 0.1 0.443658 0.263322 0.86103 0.770217 0.377897 0.115412 0.176005 0.9 0.9 0.48626 0.780283 0.116492 0.278384 0.1 0.9 0.26393 0.1 0.256807 0.1 0.1 0.452175 0.1 0.733162 0.252027 0.347529 0.9 
0.542586 0.736463 0.696785 0.9 0.835261 0.13707 0.168116 0.693977 0.705429 0.696859 0.690351 0.899434 0.615765 0.528428 0.399191 0.426774 0.9 0.806205 0.492653 0.673972 0.103191 0.52939 0.1 0.1 0.569402 0.523241 0.16415 0.442218 0.858165 0.64122 0.709611 0.60808 0.305765 0.464067 0.519211 0.148951 0.495705 0.9 0.724198 0.340488 0.412002 0.52494 0.422866 0.837449 0.1 0.62305 0.494403 0.89474 0.502119 0.887548 0.647445 0.580958 0.50831 0.9 0.576113 0.196614 0.399795 0.776153 0.541068 0.1 0.263271 0.483617 0.865397 0.602585 0.9 0.448954 0.549305 0.360337 0.261484 0.423995 0.660042 0.742732 0.876304 0.107429 0.550077 0.175186 0.549631 0.1 0.1 0.1 0.89885 0.818853 0.513183 0.563967 0.542545 0.1 0.732371 0.9 0.896644 0.406254 0.1 0.1 0.898838 0.9 0.673447 0.698151 0.390637 0.312617 0.127306 0.541935 0.73158 0.9 0.399532 0.55481 0.9 0.9 0.747245 0.503617 0.9 0.9 0.653567 0.9 0.566688 0.170424 0.434187 0.250952 0.300688 0.307792 0.167866 0.1 0.600168 0.421871 0.381668 0.551525 0.296987 0.1 0.217762 0.720052 0.492032 0.318789 0.371396 0.1 0.1 0.575479 0.844624 0.848475 0.618162 0.516895 0.42361 0.551202 0.316504 0.1 0.451132 0.1 0.19145 0.783738 0.294909 0.489452 0.1 0.472795 0.577899 0.9 0.9 0.9 0.452135 0.270378 0.1 0.429624 0.131651 0.386068 0.9 0.467499 0.532692 0.155008 0.84917 0.420094 0.9 0.647335 0.856252 0.358769 0.1 0.30575 0.354048 0.473196 0.348222 0.529891 0.506025 0.540769 0.9 0.52923 0.160907 0.577778 0.552158 0.851977 0.671617 0.87716 0.356211 0.637949 0.432595 0.279915 0.122072 0.356426 0.654837 0.658929 0.453751 0.515483 0.1 0.343602 0.122387 0.800915 0.727307 0.271219 0.259775 0.161991 0.637245 0.534174 0.60793 0.240697 0.1 0.588727 0.880939 0.133438 0.1 0.323124 0.218309 0.542516 0.391898 0.391737 0.493005 0.859712 0.622687 0.546729 0.198413 0.195695 0.22319 0.608249 0.9 0.304873 0.19706 0.811884 0.309328 0.629213 0.117676 0.466533 0.9 0.860708 0.179096 0.323826 0.1 0.1 0.868434 0.164045 0.289238 0.137475 0.330486 0.520709 0.9 0.725311 0.9 0.36911 0.542586 0.736463 
0.9 0.723438 0.683404 0.9 0.519515 0.438936 0.337241 0.425116 0.531266 0.415547 0.1 0.694778 0.821223 0.211058 0.509339 0.1 0.468012 0.677085 0.297909 0.498892 0.654761 0.617151 0.546387 0.1 0.1 0.538841 0.889929 0.9 0.835967 0.436725 0.415283 0.548737 0.216011 0.1 0.536599 0.622902 0.670007 0.892434 0.1 0.1 0.322986 0.313814 0.594733 0.420354 0.305177 0.376495 0.333154 0.719396 0.1 0.490554 0.320796 0.82663 0.208335 0.839889 0.107899 0.1 0.294455 0.899947 0.1 0.1 0.281131 0.545994 0.652159 0.56175 0.652121 0.224358 0.1 0.196011 0.1 0.274735 0.281386 0.391466 0.606915 0.1 0.656011 0.88537 0.436596 0.1 0.574325 0.372255 0.663254 0.894611 0.375413 0.638706 0.721143 0.251772 0.9 0.892188 0.1 0.1 0.1 0.382546 0.656395 0.636994 0.12837 0.335365 0.9 0.269123 0.453316 0.9 0.633988 0.9 0.290486 0.158662 0.849398 0.128302 0.1 0.1 0.119161 0.646424 0.562515 0.639645 0.587497 0.688493 0.409811 0.200549 0.1 0.307636 0.188635 0.1 0.35459 0.30832 0.646251 0.9 0.149505 0.530017 0.329109 0.9 0.9 0.705803 0.876041 0.436366 0.434631 0.290752 0.422565 0.397304 0.270789 0.45624 0.517937 0.27334 0.1 0.1 0.873972 0.805946 0.861371 0.399019 0.138456 0.842932 0.605884 0.226192 0.155181 0.852076 0.636732 0.702208 0.861964 0.641326 0.293545 0.159244 0.346981 0.137941 0.780998 0.4164 0.520422 0.286312 0.637799 0.1 0.697016 0.851703 0.596896 0.1 0.1 0.60626 0.1 0.1 0.432959 0.9 0.506844 0.508898 0.859158 0.202401 0.629396 0.9 0.14018 0.341243 0.46333 0.9 0.9 0.708901 0.140213 0.413047 0.9 0.9 0.9 0.583519 0.113399 0.474564 0.552761 0.752312 0.318222 0.210579 0.9 0.594288 0.9 0.87969 0.782709 0.43706 0.852577 0.320654 0.876249 0.700614 0.44863 0.560516 0.462228 0.485115 0.796481 0.159073 0.299252 0.9 0.9 0.389988 0.340026 0.847388 0.144205 0.1 0.31874 0.322833 0.678728 0.9 0.9 0.1 0.1 0.773595 0.508621 0.130203 0.694364 0.485764 0.384558 0.693412 0.605313 0.259431 0.454673 0.9 0.9 0.886181 0.393018 0.766157 0.9 0.684305 0.669617 0.9 0.9 0.723438 
0.889406 0.129552 0.1 0.1 0.349178 0.703639 0.859428 0.409162 0.648691 0.101298 0.1 0.350906 0.154568 0.806122 0.80856 0.514427 0.555785 0.437533 0.9 0.9 0.465747 0.722271 0.9 0.750342 0.485739 0.9 0.437405 0.144315 0.617968 0.372199 0.1 0.339422 0.403123 0.1 0.384532 0.9 0.896893 0.419971 0.1 0.53875 0.427725 0.1 0.1 0.627329 0.9 0.9 0.315706 0.529129 0.265686 0.1 0.426406 0.702789 0.651627 0.382648 0.330237 0.255067 0.1 0.786347 0.410425 0.824143 0.113641 0.3817 0.296814 0.593007 0.574552 0.536864 0.423487 0.443014 0.9 0.486335 0.122064 0.36291 0.629677 0.1 0.1 0.702434 0.856415 0.394898 0.279705 0.1 0.376158 0.750234 0.852527 0.327783 0.9 0.319071 0.463907 0.130668 0.1 0.851194 0.1 0.1 0.252472 0.387139 0.869737 0.9 0.9 0.333309 0.27839 0.761046 0.867919 0.3576 0.1 0.390391 0.455953 0.246082 0.206599 0.329528 0.542217 0.465284 0.467172 0.1 0.1 0.317943 0.266276 0.125418 0.472873 0.824576 0.175021 0.490708 0.59033 0.236134 0.69559 0.9 0.433026 0.523018 0.889783 0.429499 0.649263 0.1 0.1 0.444245 0.393162 0.258021 0.1 0.601358 0.58186 0.389344 0.866496 0.290236 0.696256 0.371189 0.406147 0.9 0.750017 0.664619 0.823546 0.392278 0.318198 0.104041 0.586851 0.137893 0.300854 0.376807 0.130358 0.895899 0.9 0.894221 0.161633 0.572008 0.893592 0.346678 0.1 0.307859 0.497208 0.353552 0.818275 0.227574 0.524533 0.88071 0.455541 0.396383 0.326863 0.580397 0.328944 0.9 0.332319 0.1 0.131265 0.561437 0.373257 0.9 0.9 0.595996 0.398989 0.9 0.417268 0.130864 0.643837 0.651624 0.9 0.812164 0.9 0.9 0.9 0.467789 0.361066 0.849498 0.698191 0.864733 0.9 0.101747 0.1 0.119628 0.681658 0.346933 0.1 0.1 0.507128 0.34124 0.695479 0.650444 0.196179 0.44689 0.385357 0.436286 0.5041 0.707633 0.655551 0.248758 0.24055 0.569996 0.809867 0.1 0.471888 0.9 0.509736 0.749569 0.864026 0.138492 0.427739 0.635805 0.112871 0.587834 0.773096 0.9 0.9 0.9 0.9 0.4415 0.1 0.617753 0.287105 0.270517 0.103784 0.536491 0.703576 0.650566 0.329456 0.47413 0.889406 0.129552 
0.302733 0.87018 0.603511 0.372022 0.674916 0.104454 0.1 0.543465 0.323173 0.486554 0.279476 0.371523 0.1 0.1 0.1 0.1 0.830172 0.136692 0.639298 0.9 0.661098 0.9 0.36678 0.868618 0.513306 0.9 0.502049 0.685427 0.462093 0.363699 0.266235 0.209643 0.340818 0.87256 0.58415 0.1 0.1 0.581186 0.603066 0.33255 0.112015 0.8806 0.610008 0.289793 0.160143 0.754316 0.500474 0.9 0.855658 0.158696 0.821398 0.519131 0.1 0.1 0.370486 0.445034 0.152327 0.890318 0.298841 0.465854 0.259492 0.538482 0.645714 0.516361 0.414892 0.291109 0.507061 0.546148 0.878682 0.19206 0.59551 0.1 0.100159 0.286683 0.358563 0.1 0.150243 0.9 0.887457 0.103775 0.1 0.888535 0.529228 0.1 0.9 0.896261 0.756148 0.833475 0.704533 0.9 0.308331 0.869857 0.659987 0.9 0.434751 0.1 0.136521 0.851186 0.551091 0.1 0.1 0.249138 0.1 0.13025 0.6085 0.451102 0.264933 0.9 0.334588 0.312432 0.896837 0.360804 0.1 0.320897 0.599733 0.861906 0.242093 0.147293 0.874675 0.9 0.137072 0.1 0.723552 0.75506 0.1 0.1 0.780759 0.1 0.1 0.287055 0.200388 0.114537 0.626141 0.282215 0.1 0.465487 0.691343 0.390386 0.359703 0.1 0.5475 0.283514 0.368672 0.701986 0.667092 0.869589 0.692138 0.828193 0.133242 0.318366 0.755117 0.309741 0.437064 0.49109 0.1 0.530015 0.706453 0.9 0.601491 0.694787 0.365634 0.853268 0.761302 0.857543 0.199156 0.837613 0.476089 0.815408 0.363614 0.738752 0.897166 0.9 0.9 0.369098 0.496855 0.592027 0.229908 0.1 0.428112 0.423175 0.397087 0.283104 0.730797 0.9 0.9 0.714829 0.40066 0.455818 0.620779 0.846876 0.365907 0.9 0.742076 0.155626 0.659071 0.9 0.826832 0.195949 0.581853 0.324075 0.772105 0.497703 0.1 0.651981 0.9 0.662081 0.183023 0.106196 0.701569 0.709797 0.459279 0.161271 0.736982 0.148587 0.1 0.744766 0.9 0.500424 0.339227 0.434503 0.436739 0.536403 0.332889 0.155072 0.580433 0.9 0.1 0.405133 0.224466 0.791527 0.787044 0.780238 0.432185 0.864351 0.521109 0.297191 0.496454 0.74269 0.368334 0.1 0.439657 0.9 0.444019 0.394205 0.869897 0.513407 0.110231 0.726394 0.9 0.466155 0.302733 0.87018 
0.1 0.522564 0.55434 0.569098 0.495344 0.553453 0.1 0.471354 0.432933 0.730103 0.328564 0.9 0.60049 0.694215 0.1 0.1 0.522838 0.375594 0.349808 0.9 0.35198 0.623874 0.302062 0.297712 0.1 0.422707 0.120607 0.9 0.9 0.320481 0.209033 0.135972 0.688112 0.845741 0.602313 0.199055 0.398341 0.716778 0.752052 0.888743 0.482275 0.9 0.574095 0.12176 0.637759 0.692098 0.1 0.155094 0.183739 0.217806 0.204591 0.350857 0.1 0.406726 0.58137 0.141991 0.853791 0.711623 0.127658 0.86929 0.9 0.488812 0.876367 0.711235 0.105685 0.513713 0.9 0.535677 0.336631 0.538709 0.468178 0.670376 0.534935 0.180851 0.651446 0.450059 0.641112 0.9 0.743178 0.79973 0.420693 0.703329 0.390653 0.278315 0.129932 0.1 0.398553 0.16371 0.728956 0.517962 0.138178 0.72116 0.9 0.9 0.434345 0.1 0.460868 0.448424 0.699649 0.623325 0.1 0.1 0.37393 0.656269 0.1 0.157065 0.132933 0.68288 0.174397 0.68101 0.728289 0.50688 0.474938 0.142168 0.837789 0.769586 0.1 0.306936 0.811774 0.9 0.882537 0.9 0.706883 0.9 0.687199 0.141654 0.836134 0.323787 0.481628 0.691338 0.9 0.577712 0.655488 0.469291 0.383013 0.675387 0.643384 0.554455 0.5749 0.630415 0.461682 0.242027 0.327757 0.9 0.356037 0.1 0.556554 0.538634 0.300218 0.407389 0.418827 0.216167 0.264658 0.1 0.1 0.843925 0.101995 0.1 0.244008 0.729244 0.62135 0.364333 0.36131 0.368687 0.653524 0.698918 0.1 0.290481 0.327566 0.592551 0.137132 0.676107 0.9 0.333653 0.522247 0.343072 0.314026 0.1 0.9 0.726359 0.513736 0.310433 0.9 0.755582 0.295488 0.115515 0.681393 0.44229 0.1 0.1 0.1 0.725418 0.388352 0.311999 0.186401 0.866931 0.136903 0.129152 0.343519 0.448078 0.9 0.312663 0.1 0.9 0.65715 0.613782 0.1 0.88221 0.9 0.9 0.665211 0.251765 0.176365 0.549436 0.1 0.397553 0.769225 0.9 0.9 0.9 0.9 0.9 0.527809 0.1 0.384141 0.660883 0.1 0.548587 0.84024 0.551943 0.875327 0.9 0.653724 0.121406 0.672042 0.285651 0.754858 0.875716 0.262673 0.504187 0.9 0.9 0.894744 0.133509 0.58767 0.867985 0.493974 0.409948 0.9 0.384522 0.1 0.522564 
0.442398 0.619516 0.9 0.722587 0.389104 0.9 0.261528 0.236611 0.340563 0.221097 0.1 0.9 0.428766 0.881928 0.303696 0.1 0.646237 0.545128 0.57145 0.635051 0.358906 0.483787 0.723315 0.9 0.436269 0.1 0.14446 0.454837 0.505616 0.333551 0.1 0.853489 0.9 0.9 0.561461 0.328294 0.9 0.9 0.540332 0.218854 0.1 0.588627 0.120556 0.363095 0.446008 0.466478 0.424907 0.14041 0.764528 0.244188 0.789119 0.360683 0.630593 0.489361 0.1 0.1 0.724074 0.414508 0.473595 0.392814 0.638836 0.556987 0.145112 0.524326 0.50549 0.749462 0.9 0.489991 0.553063 0.45691 0.61001 0.603299 0.175717 0.604161 0.157261 0.398925 0.1 0.703921 0.528233 0.203342 0.868802 0.556382 0.277945 0.550617 0.846597 0.475701 0.697886 0.599673 0.9 0.209014 0.753804 0.659328 0.718308 0.11623 0.1 0.299906 0.830175 0.155138 0.597485 0.433993 0.381434 0.236391 0.1 0.422109 0.1 0.299507 0.855399 0.356144 0.827607 0.609413 0.344668 0.711844 0.9 0.568726 0.40223 0.875799 0.119467 0.889437 0.661213 0.85668 0.189979 0.493456 0.472095 0.9 0.703252 0.457251 0.158137 0.413909 0.642868 0.9 0.9 0.132326 0.1 0.878729 0.479876 0.125934 0.215758 0.350781 0.268984 0.184394 0.852428 0.693841 0.9 0.9 0.263489 0.1 0.627512 0.350884 0.1 0.31731 0.186638 0.1 0.848396 0.609019 0.1 0.586618 0.210018 0.1 0.1 0.866277 0.9 0.9 0.9 0.20386 0.811839 0.471998 0.1 0.1 0.605749 0.581832 0.234924 0.449859 0.124041 0.246754 0.329164 0.31864 0.436675 0.1 0.604182 0.536257 0.535885 0.840998 0.767066 0.45541 0.505015 0.661876 0.9 0.9 0.9 0.9 0.701212 0.9 0.891058 0.704067 0.875696 0.712856 0.1 0.1 0.881974 0.67556 0.576416 0.1 0.164445 0.735451 0.368675 0.485136 0.1 0.691856 0.697161 0.752822 0.319916 0.1 0.606642 0.9 0.53923 0.1 0.658514 0.56844 0.9 0.682824 0.522613 0.690886 0.535555 0.368888 0.290888 0.506152 0.1 0.319042 0.652908 0.814037 0.166168 0.266972 0.9 0.342066 0.842192 0.385996 0.666938 0.127905 0.1 0.49073 0.880227 0.421754 0.544833 0.417213 0.22076 0.151026 0.647073 0.879606 0.775234 0.694159 0.442398 0.619516 
0.130572 0.1 0.606072 0.668176 0.526567 0.668899 0.1 0.1 0.505132 0.115053 0.262215 0.591135 0.257991 0.368613 0.831582 0.12408 0.443603 0.865487 0.512248 0.243044 0.167396 0.122601 0.657738 0.486008 0.1 0.382044 0.327987 0.842679 0.21301 0.764087 0.109214 0.568229 0.9 0.613097 0.109933 0.278771 0.371283 0.107578 0.436197 0.1 0.1 0.698956 0.59842 0.439069 0.1 0.466511 0.49085 0.361639 0.611019 0.832138 0.774158 0.638031 0.9 0.413857 0.1 0.1 0.9 0.434635 0.9 0.9 0.327564 0.9 0.413229 0.160495 0.510923 0.692719 0.448936 0.8989 0.9 0.9 0.9 0.141677 0.581468 0.644829 0.423488 0.619039 0.136135 0.843548 0.152803 0.549259 0.9 0.875662 0.406003 0.630119 0.319353 0.429068 0.9 0.10904 0.822814 0.566019 0.236851 0.843665 0.7067 0.446897 0.1 0.223776 0.146435 0.342993 0.309704 0.1 0.275203 0.25088 0.1 0.9 0.9 0.529511 0.642335 0.1 0.437007 0.895451 0.674979 0.245945 0.711352 0.9 0.9 0.9 0.360214 0.713265 0.126964 0.1 0.390728 0.1 0.1 0.254814 0.548365 0.117181 0.458445 0.67438 0.685754 0.9 0.817396 0.858668 0.1 0.802096 0.9 0.9 0.319228 0.574078 0.1 0.550399 0.543763 0.641729 0.883561 0.189156 0.566034 0.840057 0.192071 0.889909 0.656037 0.1 0.1 0.1 0.112582 0.211181 0.388664 0.718225 0.499622 0.850822 0.489963 0.17269 0.594939 0.384898 0.9 0.82911 0.20204 0.852565 0.739197 0.311235 0.64539 0.827513 0.1 0.1 0.405175 0.878888 0.265947 0.110581 0.9 0.264572 0.102174 0.513567 0.387619 0.159185 0.585696 0.651385 0.306976 0.119256 0.414363 0.723435 0.9 0.9 0.720333 0.676474 0.311328 0.640103 0.557066 0.337786 0.451725 0.351524 0.589856 0.1 0.1 0.551841 0.1 0.633674 0.522748 0.448279 0.579602 0.47627 0.693343 0.686659 0.829838 0.1 0.725484 0.706351 0.657959 0.120876 0.593963 0.138304 0.67561 0.652787 0.118721 0.385454 0.452921 0.309509 0.142333 0.821615 0.667822 0.593935 0.334629 0.307048 0.625676 0.47938 0.9 0.881381 0.156575 0.390352 0.301193 0.707277 0.890042 0.9 0.582793 0.762375 0.118111 0.1 0.485907 0.715284 0.234041 0.358212 0.9 0.9 0.130572 0.1 
0.594125 0.412482 0.461166 0.421844 0.391051 0.1 0.1 0.672107 0.39699 0.663548 0.226174 0.1 0.544422 0.28966 0.698327 0.873624 0.9 0.631666 0.685025 0.385374 0.433358 0.665001 0.592528 0.881244 0.627435 0.647334 0.142635 0.553227 0.556028 0.188387 0.586958 0.9 0.63295 0.127955 0.274056 0.1 0.260426 0.401785 0.876934 0.510278 0.1 0.1 0.655413 0.699982 0.253609 0.313448 0.535082 0.378504 0.660719 0.428869 0.560844 0.1 0.1 0.1 0.1 0.611767 0.9 0.1 0.321736 0.583007 0.343348 0.9 0.61953 0.856423 0.159099 0.82899 0.112532 0.320021 0.367813 0.9 0.807185 0.509973 0.9 0.472856 0.1 0.107842 0.63772 0.845583 0.37892 0.45184 0.1 0.135637 0.530854 0.343358 0.181912 0.729001 0.9 0.1 0.840872 0.147089 0.581683 0.28466 0.1 0.308974 0.1 0.1 0.175182 0.2931 0.373904 0.5069 0.1 0.1 0.1 0.9 0.651097 0.26545 0.1 0.232154 0.1 0.548024 0.809184 0.157122 0.446503 0.549829 0.451512 0.705048 0.229033 0.348897 0.780094 0.114376 0.398306 0.49589 0.36967 0.487552 0.89836 0.580187 0.490663 0.141697 0.707822 0.9 0.762493 0.728031 0.128232 0.693316 0.728941 0.697757 0.1 0.702359 0.1 0.1 0.1 0.1 0.29782 0.546985 0.610604 0.621249 0.301454 0.9 0.9 0.111939 0.803152 0.389923 0.622341 0.347488 0.703284 0.560088 0.899949 0.359821 0.635536 0.540075 0.166323 0.288848 0.486191 0.382734 0.1 0.1 0.1 0.1 0.875081 0.146215 0.1 0.1 0.1 0.438092 0.707266 0.703974 0.867179 0.178694 0.481697 0.9 0.300682 0.44124 0.15402 0.9 0.9 0.886601 0.509707 0.700627 0.1 0.10059 0.354655 0.343816 0.451206 0.9 0.604874 0.498621 0.144764 0.543798 0.733529 0.9 0.708949 0.9 0.106171 0.808924 0.462641 0.892505 0.623727 0.297799 0.9 0.1 0.1 0.1 0.553639 0.25993 0.165515 0.31354 0.166524 0.526489 0.317474 0.248571 0.677523 0.700661 0.514132 0.250863 0.473983 0.240055 0.857195 0.698977 0.663862 0.54855 0.672785 0.443003 0.415606 0.737926 0.322059 0.622316 0.601762 0.882596 0.120284 0.487647 0.849808 0.227486 0.527852 0.524943 0.417338 0.70806 0.1 0.463709 0.400743 0.432277 0.594125 0.412482 
0.233426 0.272825 0.319975 0.646803 0.34277 0.1 0.304046 0.9 0.690875 0.9 0.446619 0.1 0.678572 0.739297 0.9 0.355614 0.593799 0.9 0.674014 0.56262 0.9 0.291977 0.1 0.463309 0.9 0.357593 0.87423 0.387431 0.668684 0.438084 0.518101 0.64745 0.810631 0.657215 0.340962 0.121775 0.898261 0.635557 0.125007 0.544398 0.705673 0.429344 0.623701 0.448184 0.266006 0.481776 0.667647 0.834677 0.399226 0.296464 0.37028 0.240035 0.544271 0.532613 0.535747 0.594576 0.9 0.461188 0.847873 0.486532 0.1 0.330766 0.101639 0.652759 0.1 0.53715 0.772003 0.9 0.327597 0.873407 0.619888 0.882984 0.39945 0.222344 0.295352 0.442095 0.802306 0.9 0.338462 0.103915 0.217508 0.627543 0.346906 0.801936 0.43157 0.86111 0.432956 0.1 0.295681 0.1 0.550716 0.313292 0.483642 0.61087 0.123371 0.460865 0.332984 0.863252 0.560973 0.466025 0.58774 0.1 0.352778 0.9 0.442402 0.672487 0.477874 0.156165 0.613254 0.825301 0.238419 0.811461 0.612114 0.344558 0.747894 0.884062 0.137736 0.1 0.145716 0.319591 0.326035 0.586943 0.736772 0.777285 0.422439 0.696867 0.42087 0.459592 0.642822 0.9 0.9 0.432245 0.87134 0.38787 0.310282 0.307191 0.122556 0.869449 0.419776 0.673417 0.668412 0.383547 0.699817 0.312023 0.671435 0.471254 0.126437 0.893713 0.670973 0.1 0.380845 0.9 0.743786 0.115787 0.630659 0.152216 0.725823 0.1 0.636727 0.517531 0.83279 0.682712 0.73521 0.830229 0.1 0.1 0.169702 0.1 0.9 0.589218 0.894759 0.617006 0.849561 0.613117 0.813854 0.662325 0.227135 0.7944 0.593204 0.679683 0.117152 0.9 0.602324 0.9 0.9 0.450413 0.1 0.638824 0.468299 0.572401 0.112625 0.384096 0.411651 0.746649 0.391819 0.380047 0.712304 0.576478 0.506049 0.542396 0.1 0.316474 0.1 0.128061 0.9 0.9 0.70498 0.16321 0.853948 0.41376 0.569712 0.1 0.1 0.39804 0.808592 0.169686 0.702672 0.9 0.592384 0.290114 0.627801 0.742044 0.610776 0.1 0.540657 0.831874 0.451621 0.263419 0.533646 0.893508 0.9 0.572738 0.130526 0.898801 0.712959 0.154973 0.867127 0.54473 0.1 0.688429 0.9 0.899474 0.696403 0.1 0.1 0.585088 0.123354 0.889849 0.649945 0.66994 0.233426 0.272825 
0.1 0.866957 0.441822 0.9 0.9 0.622506 0.1 0.37927 0.556048 0.9 0.9 0.704456 0.817627 0.731008 0.795147 0.573953 0.37103 0.896773 0.434884 0.1 0.668432 0.1 0.1 0.897464 0.9 0.125226 0.877675 0.584062 0.841739 0.174252 0.63743 0.171122 0.801784 0.13681 0.1 0.683029 0.803808 0.1 0.1 0.317105 0.9 0.10722 0.1 0.693589 0.9 0.9 0.34509 0.134002 0.576754 0.653381 0.329994 0.347146 0.891529 0.408608 0.305422 0.643833 0.545126 0.1 0.107799 0.260872 0.1 0.853628 0.496395 0.1 0.1 0.510505 0.9 0.9 0.470701 0.118281 0.1 0.490633 0.177053 0.1 0.1 0.147919 0.863249 0.504752 0.218241 0.562126 0.1 0.441254 0.1 0.146592 0.646614 0.397629 0.627837 0.305146 0.414072 0.862117 0.682795 0.56859 0.692491 0.122888 0.556404 0.765377 0.667876 0.65757 0.557062 0.340152 0.626105 0.644401 0.733549 0.9 0.9 0.9 0.9 0.889797 0.364539 0.15746 0.350703 0.608697 0.553825 0.534486 0.536239 0.434752 0.832708 0.290948 0.533207 0.1 0.1 0.282617 0.74054 0.9 0.463048 0.450853 0.526717 0.1 0.1 0.1 0.459619 0.626545 0.9 0.115444 0.460506 0.676762 0.855857 0.508147 0.499867 0.40703 0.448189 0.1 0.860743 0.1488 0.532691 0.369476 0.352568 0.423367 0.536641 0.1 0.539104 0.617061 0.451793 0.233602 0.506521 0.712901 0.698009 0.122131 0.885205 0.693397 0.367988 0.31661 0.326701 0.146676 0.44875 0.9 0.808727 0.359348 0.314169 0.350132 0.710057 0.895682 0.443875 0.562351 0.9 0.9 0.855153 0.437474 0.275361 0.474196 0.382169 0.9 0.194429 0.610305 0.173025 0.569007 0.555425 0.893843 0.700617 0.554344 0.558244 0.9 0.9 0.9 0.879488 0.328271 0.9 0.748505 0.612936 0.123876 0.1 0.405928 0.874761 0.46792 0.9 0.803155 0.439451 0.602972 0.139231 0.491593 0.133321 0.460243 0.346638 0.294078 0.378919 0.508915 0.9 0.9 0.454195 0.522163 0.448446 0.9 0.493397 0.11717 0.816968 0.584792 0.464683 0.683476 0.251669 0.166567 0.734652 0.46172 0.442784 0.721522 0.9 0.440783 0.435711 0.1 0.1 0.561537 0.730172 0.397362 0.1 0.1 0.566315 0.534123 0.557044 0.620421 0.404972 0.855356 0.1 0.866957 
0.1 0.714147 0.9 0.9 0.301414 0.335402 0.494263 0.508312 0.417926 0.408854 0.9 0.9 0.9 0.745984 0.415031 0.453144 0.9 0.675024 0.892289 0.6066 0.9 0.1 0.591271 0.678504 0.521557 0.348696 0.274807 0.9 0.429115 0.308442 0.621957 0.155045 0.1 0.330911 0.1 0.400794 0.651689 0.634234 0.80189 0.153207 0.9 0.691095 0.1 0.9 0.551013 0.569966 0.236938 0.22088 0.111196 0.323541 0.794608 0.160807 0.413217 0.538979 0.697227 0.9 0.9 0.9 0.747735 0.302656 0.27582 0.417093 0.489568 0.44865 0.641639 0.646602 0.896929 0.486811 0.126134 0.538794 0.694495 0.895472 0.447384 0.9 0.9 0.857967 0.464838 0.1 0.1 0.507253 0.340353 0.880963 0.636268 0.580111 0.545334 0.367325 0.568231 0.351645 0.347097 0.371415 0.642938 0.630119 0.58399 0.1 0.1 0.410358 0.687121 0.9 0.9 0.870672 0.603809 0.466938 0.786217 0.887896 0.36753 0.627108 0.680001 0.742712 0.625124 0.643707 0.411988 0.9 0.706397 0.9 0.617052 0.222105 0.318912 0.1 0.630945 0.532636 0.463136 0.251593 0.245838 0.152782 0.288025 0.376405 0.472199 0.1 0.1 0.372928 0.884467 0.727038 0.764463 0.68651 0.546745 0.1 0.325102 0.35997 0.73384 0.868113 0.1 0.1 0.830669 0.897514 0.9 0.417661 0.1 0.233391 0.525385 0.63027 0.9 0.226295 0.794807 0.104522 0.1 0.33294 0.399235 0.525827 0.519861 0.618988 0.828082 0.318337 0.349107 0.66801 0.9 0.9 0.9 0.331692 0.248615 0.536306 0.1 0.471683 0.630304 0.831395 0.484562 0.528919 0.300924 0.373147 0.791642 0.694243 0.1 0.649178 0.587869 0.194995 0.539276 0.9 0.348542 0.150061 0.48748 0.709894 0.580087 0.447464 0.158601 0.855669 0.333815 0.1 0.641864 0.1 0.348195 0.870344 0.667586 0.407332 0.433864 0.265269 0.36066 0.705769 0.73941 0.558903 0.1 0.503884 0.33434 0.281115 0.103188 0.1 0.326636 0.884974 0.9 0.746172 0.9 0.601213 0.451713 0.398864 0.1 0.492119 0.152428 0.265185 0.653851 0.877815 0.462634 0.870705 0.9 0.9 0.440268 0.37163 0.296894 0.565628 0.1 0.1 0.1 0.328403 0.625514 0.418347 0.630368 0.727709 0.568679 0.9 0.662257 0.480891 0.59487 0.478533 0.1 0.714147 
0.1 0.1 0.750135 0.9 0.375986 0.349324 0.9 0.666217 0.396309 0.725671 0.677546 0.6622 0.17641 0.858782 0.332998 0.339442 0.890564 0.520108 0.661242 0.504018 0.9 0.245039 0.3538 0.452281 0.15309 0.847909 0.166427 0.852529 0.309967 0.143461 0.79072 0.120586 0.1 0.606689 0.1 0.406833 0.201587 0.813439 0.377758 0.316728 0.728094 0.9 0.1 0.9 0.9 0.398173 0.1 0.710095 0.9 0.728251 0.414382 0.825239 0.9 0.562563 0.389721 0.10011 0.377223 0.502642 0.9 0.711985 0.516856 0.9 0.761726 0.708943 0.621021 0.844081 0.331474 0.557838 0.689327 0.498949 0.852727 0.595096 0.299827 0.9 0.384487 0.113156 0.372513 0.510197 0.826759 0.35834 0.205126 0.1 0.1 0.303467 0.556396 0.504904 0.331898 0.120123 0.865503 0.410296 0.646772 0.480364 0.118682 0.314059 0.15296 0.625263 0.338431 0.329612 0.34642 0.179977 0.621769 0.37137 0.479457 0.125378 0.25882 0.874853 0.120819 0.544363 0.48683 0.103022 0.9 0.667003 0.165582 0.9 0.9 0.800712 0.402631 0.355535 0.863033 0.501546 0.573518 0.57305 0.9 0.825769 0.198606 0.859742 0.595416 0.242551 0.409616 0.814242 0.465858 0.1 0.1 0.838292 0.196651 0.394592 0.867469 0.271917 0.111478 0.255476 0.290564 0.9 0.9 0.492942 0.9 0.886762 0.140771 0.28436 0.217796 0.1 0.700047 0.863891 0.690111 0.447101 0.635304 0.566372 0.494599 0.275063 0.9 0.9 0.117605 0.1 0.874209 0.343847 0.1 0.9 0.854236 0.829954 0.402037 0.700472 0.1 0.493103 0.607214 0.233258 0.802905 0.606327 0.1 0.1 0.890317 0.335149 0.1 0.566343 0.196217 0.498517 0.35119 0.88316 0.369922 0.549834 0.103184 0.1 0.463833 0.123733 0.265607 0.4704 0.395152 0.410067 0.384032 0.1 0.229832 0.696758 0.9 0.416825 0.111465 0.656703 0.466021 0.153556 0.274484 0.57651 0.331674 0.335959 0.871556 0.536847 0.815929 0.1 0.1 0.177586 0.891673 0.470812 0.9 0.9 0.577298 0.266925 0.1 0.892582 0.637655 0.582584 0.219191 0.176823 0.572613 0.612842 0.699707 0.779141 0.9 0.8707 0.463195 0.540804 0.1 0.61241 0.1 0.345001 0.861761 0.21364 0.873446 0.9 0.10651 0.9 0.891194 0.153673 0.411187 0.719778 0.1 0.1 
0.404349 0.127814 0.896312 0.9 0.634013 0.110183 0.9 0.468167 0.601816 0.551066 0.129962 0.560898 0.449537 0.465315 0.1 0.456234 0.126746 0.343491 0.839727 0.162024 0.392502 0.732297 0.9 0.623364 0.675083 0.9 0.58642 0.137367 0.534364 0.622907 0.14638 0.617541 0.9 0.9 0.496116 0.519788 0.888978 0.506784 0.9 0.59817 0.132287 0.890769 0.309874 0.529307 0.383188 0.434214 0.1 0.503538 0.782495 0.9 0.501854 0.177757 0.673383 0.477141 0.659675 0.469808 0.326308 0.375346 0.678355 0.872435 0.141312 0.580417 0.761113 0.876851 0.555212 0.348775 0.312663 0.564101 0.597361 0.179387 0.184901 0.49417 0.115334 0.411188 0.117268 0.50383 0.890133 0.324269 0.100435 0.480111 0.306671 0.551901 0.771011 0.885692 0.161044 0.377136 0.453831 0.356391 0.9 0.9 0.495259 0.875754 0.627075 0.164581 0.782739 0.327001 0.228056 0.1 0.750821 0.845166 0.556007 0.9 0.616161 0.524343 0.410218 0.68874 0.1 0.287969 0.841049 0.133572 0.84373 0.205208 0.68768 0.54284 0.215839 0.833491 0.132412 0.464187 0.439252 0.823271 0.591569 0.668742 0.9 0.309071 0.643698 0.731158 0.397721 0.1 0.772501 0.242961 0.81619 0.357499 0.1 0.524881 0.837001 0.529854 0.2488 0.1 0.545077 0.1 0.272474 0.536091 0.382017 0.1 0.1 0.54898 0.849009 0.244735 0.1 0.1 0.1 0.616283 0.842627 0.15254 0.715142 0.591135 0.622737 0.1 0.578172 0.603289 0.341053 0.513748 0.9 0.341635 0.101776 0.9 0.882869 0.387422 0.875461 0.610335 0.305878 0.1 0.151916 0.51577 0.158185 0.228166 0.1 0.1 0.475649 0.1 0.198945 0.694646 0.55391 0.18678 0.506723 0.602653 0.66373 0.438311 0.555573 0.314586 0.9 0.88503 0.9 0.9 0.43926 0.9 0.765025 0.216498 0.1 0.613418 0.9 0.506518 0.707397 0.9 0.323452 0.842128 0.1 0.412137 0.866891 0.563983 0.634622 0.212987 0.345593 0.22021 0.352925 0.86891 0.836421 0.1 0.295941 0.44103 0.311299 0.115784 0.315244 0.310994 0.120682 0.822201 0.152357 0.586199 0.155228 0.162394 0.415415 0.9 0.654051 0.205231 0.842265 0.9 0.137364 0.869506 0.315456 0.1 0.593953 0.826098 0.468593 0.678811 0.1 0.556387 0.740291 0.872452 0.692946 0.9 0.404349 0.127814 
0.9 0.840282 0.336603 0.161936 0.560411 0.420896 0.9 0.690569 0.621912 0.270198 0.533064 0.37774 0.401704 0.453938 0.20297 0.460097 0.356279 0.444569 0.6393 0.82851 0.447485 0.803353 0.684895 0.505957 0.387274 0.449469 0.349515 0.1 0.10831 0.715431 0.1 0.1 0.523815 0.541793 0.260259 0.270307 0.9 0.103749 0.9 0.49408 0.228758 0.608537 0.706176 0.579193 0.104631 0.868531 0.131181 0.378794 0.407884 0.639372 0.358333 0.702626 0.445953 0.1 0.316059 0.9 0.444299 0.678849 0.9 0.628228 0.367812 0.180851 0.589444 0.167572 0.661137 0.829599 0.302824 0.451629 0.1 0.128567 0.820743 0.419436 0.648923 0.730061 0.879368 0.800254 0.711845 0.844805 0.1 0.1 0.428371 0.584409 0.9 0.9 0.5252 0.162032 0.619194 0.164196 0.738474 0.666331 0.619821 0.310181 0.9 0.328395 0.36729 0.433354 0.337053 0.550327 0.878968 0.479267 0.688916 0.9 0.643568 0.458728 0.570948 0.511302 0.239795 0.247446 0.513571 0.394374 0.390437 0.9 0.9 0.162062 0.845142 0.682943 0.293306 0.623278 0.548037 0.156768 0.268683 0.26762 0.392375 0.1 0.627152 0.620982 0.507866 0.1 0.1096 0.387065 0.574503 0.666647 0.420659 0.1 0.338116 0.883554 0.61225 0.396884 0.248097 0.1 0.875782 0.610269 0.9 0.9 0.780669 0.894296 0.566076 0.1 0.292246 0.1 0.1 0.650552 0.554166 0.498409 0.720586 0.1 0.1 0.215725 0.245873 0.286608 0.663604 0.685156 0.9 0.178004 0.577779 0.292701 0.1 0.240252 0.704856 0.39316 0.362017 0.597233 0.827911 0.371525 0.554746 0.6465 0.1 0.1 0.633874 0.506761 0.409148 0.78462 0.232858 0.638689 0.540393 0.9 0.9 0.524664 0.295143 0.124453 0.596881 0.212116 0.708992 0.67193 0.120699 0.542172 0.877226 0.411022 0.652313 0.735534 0.734736 0.1 0.406733 0.663614 0.320994 0.9 0.373459 0.296806 0.1 0.140415 0.825434 0.508492 0.800737 0.1 0.1 0.411621 0.9 0.15472 0.807418 0.275538 0.1 0.541188 0.346693 0.895131 0.415398 0.468715 0.376612 0.502604 0.664816 0.1 0.1 0.473528 0.115263 0.330917 0.203376 0.390867 0.464957 0.530203 0.716962 0.553173 0.49645 0.738929 0.833295 0.594289 0.480228 0.179124 0.891792 0.677717 0.1 0.711351 0.9 0.840282 
0.471996 0.1 0.345881 0.793571 0.582133 0.607933 0.344355 0.289379 0.892108 0.416215 0.717993 0.893443 0.9 0.9 0.418403 0.404633 0.225259 0.287618 0.9 0.841166 0.9 0.869794 0.204132 0.383228 0.192121 0.823863 0.1 0.243386 0.7061 0.9 0.555105 0.1 0.112238 0.9 0.9 0.533808 0.612927 0.1 0.754901 0.431889 0.593427 0.446949 0.436968 0.475864 0.311328 0.9 0.9 0.408202 0.135509 0.86615 0.106709 0.9 0.871794 0.413356 0.452459 0.9 0.367399 0.576536 0.256008 0.1 0.56747 0.834542 0.139954 0.629359 0.840422 0.176211 0.1 0.433288 0.326381 0.864533 0.9 0.869485 0.447513 0.368642 0.423703 0.549165 0.297639 0.267733 0.1 0.2772 0.1 0.250743 0.39768 0.9 0.645499 0.895328 0.9 0.886261 0.427653 0.146304 0.867489 0.135905 0.819803 0.204445 0.578353 0.697535 0.174416 0.813603 0.360293 0.435207 0.686497 0.143251 0.202512 0.1 0.527956 0.640683 0.697652 0.785555 0.9 0.726607 0.1 0.9 0.9 0.513593 0.9 0.521282 0.340936 0.65449 0.480878 0.674586 0.9 0.352828 0.883805 0.78063 0.321646 0.52892 0.514968 0.416374 0.387956 0.825169 0.855902 0.179447 0.803826 0.122563 0.235908 0.472951 0.643078 0.136419 0.249373 0.470515 0.785914 0.448209 0.478542 0.842776 0.884669 0.471343 0.343535 0.146666 0.170184 0.54699 0.132186 0.9 0.9 0.9 0.723467 0.306855 0.308235 0.350828 0.64639 0.723715 0.120476 0.53148 0.9 0.897469 0.664282 0.249006 0.403948 0.364714 0.385249 0.629967 0.9 0.1 0.115601 0.357866 0.9 0.9 0.750442 0.1 0.12674 0.9 0.873896 0.2656 0.828713 0.9 0.9 0.617911 0.150472 0.288737 0.9 0.833442 0.239155 0.834378 0.339922 0.181335 0.858549 0.9 0.468114 0.31754 0.3706 0.688147 0.865949 0.300516 0.677475 0.9 0.62151 0.669773 0.9 0.458729 0.75857 0.842897 0.520137 0.527281 0.137694 0.171096 0.435119 0.1 0.729864 0.580863 0.433776 0.621414 0.468303 0.451466 0.60805 0.9 0.469758 0.557832 0.9 0.9 0.9 0.103693 0.433118 0.9 0.302393 0.212802 0.768402 0.16771 0.718641 0.735115 0.515912 0.609703 0.76143 0.895136 0.365558 0.774884 0.209792 0.635833 0.9 0.9 0.398624 0.255024 0.471996 0.1 
0.550544 0.1 0.553049 0.207749 0.547698 0.591836 0.886829 0.633855 0.655645 0.365665 0.47339 0.134954 0.495244 0.473204 0.106133 0.306962 0.232403 0.51433 0.9 0.882841 0.435933 0.15738 0.744275 0.515712 0.81237 0.720933 0.1 0.340758 0.9 0.585821 0.121376 0.487575 0.671907 0.9 0.685119 0.411246 0.335595 0.623697 0.858608 0.177347 0.83027 0.524641 0.10529 0.489978 0.852923 0.211228 0.831766 0.175396 0.590704 0.9 0.1 0.9 0.186411 0.781761 0.454232 0.883188 0.606935 0.463087 0.210586 0.399008 0.107382 0.354991 0.1 0.86982 0.171121 0.553278 0.252106 0.51744 0.257968 0.287583 0.55528 0.335956 0.60601 0.626676 0.719457 0.668506 0.70201 0.680154 0.689317 0.42263 0.506007 0.896859 0.384791 0.558071 0.745357 0.648005 0.50894 0.330371 0.1 0.609506 0.9 0.158284 0.128021 0.811392 0.174539 0.247505 0.425384 0.324154 0.743955 0.895619 0.527004 0.264974 0.1 0.1 0.895647 0.9 0.777555 0.68665 0.611876 0.459176 0.1 0.1 0.382556 0.415151 0.578621 0.1 0.1 0.1 0.387814 0.150778 0.867055 0.301711 0.43342 0.870594 0.108407 0.29 0.150574 0.584187 0.630724 0.9 0.583672 0.1 0.319491 0.454143 0.121225 0.1 0.456389 0.898613 0.888021 0.149131 0.471548 0.834447 0.15315 0.879544 0.505058 0.708102 0.9 0.514328 0.799223 0.484822 0.443223 0.699311 0.712894 0.9 0.622399 0.641988 0.269132 0.555895 0.404637 0.9 0.424968 0.9 0.9 0.699054 0.387051 0.124581 0.9 0.9 0.893277 0.772234 0.9 0.4494 0.594201 0.1 0.22682 0.138125 0.698127 0.108273 0.330294 0.735081 0.613709 0.847987 0.408592 0.117729 0.885945 0.9 0.848688 0.104807 0.470785 0.377003 0.9 0.9 0.136448 0.865284 0.596065 0.643551 0.89193 0.418169 0.426836 0.729823 0.141318 0.245605 0.351468 0.9 0.431036 0.484524 0.898076 0.114481 0.558475 0.459139 0.890655 0.265784 0.315593 0.229005 0.356421 0.1 0.104008 0.308438 0.247858 0.635551 0.538391 0.219057 0.595403 0.6478 0.116796 0.1 0.403146 0.9 0.574814 0.719903 0.597101 0.669164 0.118544 0.787155 0.615804 0.415985 0.351046 0.429176 0.659223 0.9 0.798352 0.526987 0.1 0.155918 0.626462 0.608858 0.340951 0.9 0.9 0.524284 0.550544 0.1 
0.855804 0.1 0.259494 0.579207 0.337148 0.452391 0.577599 0.661814 0.271854 0.1 0.411176 0.26942 0.113307 0.9 0.9 0.391371 0.293041 0.474626 0.258292 0.130744 0.809562 0.421321 0.215285 0.596278 0.14967 0.361264 0.661324 0.9 0.899085 0.150543 0.370023 0.603489 0.322617 0.593348 0.353219 0.401244 0.152388 0.827106 0.357921 0.221368 0.163972 0.55552 0.59252 0.123272 0.588837 0.419854 0.460698 0.9 0.9 0.675722 0.1 0.889577 0.1 0.166903 0.554999 0.150179 0.484852 0.346777 0.1 0.435576 0.459879 0.513502 0.1 0.759606 0.1 0.350715 0.215147 0.322771 0.1 0.462217 0.547161 0.224984 0.1 0.299941 0.314652 0.654759 0.742102 0.685484 0.620461 0.668118 0.326705 0.664799 0.54607 0.467736 0.889629 0.344513 0.466874 0.419641 0.566853 0.629561 0.756571 0.1 0.1 0.9 0.9 0.382211 0.1 0.1 0.590697 0.402598 0.480057 0.342758 0.444665 0.658903 0.610184 0.753216 0.398468 0.294905 0.369779 0.159144 0.833726 0.754316 0.603141 0.528147 0.111566 0.443914 0.9 0.686839 0.877788 0.428279 0.384179 0.585191 0.544433 0.509186 0.449186 0.48679 0.851233 0.619322 0.582638 0.463175 0.885198 0.143046 0.500711 0.481472 0.825668 0.101899 0.1 0.337117 0.453535 0.506936 0.311042 0.431192 0.280723 0.9 0.898275 0.508832 0.459471 0.612019 0.175061 0.196153 0.117196 0.325488 0.9 0.781458 0.9 0.435977 0.13402 0.46146 0.155524 0.657109 0.1 0.9 0.9 0.646709 0.292661 0.75715 0.9 0.509062 0.124497 0.198667 0.1 0.311513 0.571297 0.337834 0.352251 0.362956 0.783772 0.66703 0.135836 0.661625 0.1 0.303717 0.1 0.1 0.136159 0.874935 0.494018 0.202889 0.460846 0.497941 0.9 0.564717 0.364475 0.870744 0.145672 0.560709 0.582275 0.1 0.1 0.567905 0.23901 0.1 0.89021 0.9 0.390145 0.309933 0.306698 0.1 0.1 0.458677 0.897433 0.162617 0.856523 0.1 0.1 0.869101 0.9 0.5278 0.1 0.381239 0.1 0.1 0.886802 0.491379 0.801339 0.163497 0.834946 0.538612 0.122526 0.84049 0.116012 0.343479 0.1 0.1 0.193358 0.46578 0.354104 0.490515 0.573391 0.538684 0.899201 0.497931 0.50973 0.637791 0.536736 0.63438 0.551427 0.429141 0.280567 0.711573 0.855804 0.1 
0.172324 0.639151 0.544555 0.651187 0.883485 0.46624 0.1 0.1 0.389317 0.1 0.472176 0.482588 0.229495 0.769154 0.9 0.578361 0.121479 0.473306 0.1 0.1 0.148342 0.672696 0.823012 0.536729 0.264424 0.506501 0.9 0.560656 0.105679 0.623608 0.735944 0.9 0.500074 0.34998 0.321156 0.447412 0.715771 0.5162 0.447606 0.30557 0.428747 0.117458 0.738075 0.759574 0.669771 0.723999 0.432484 0.9 0.387186 0.421617 0.1 0.257404 0.13483 0.888144 0.760203 0.507863 0.37695 0.638049 0.1 0.476674 0.433737 0.711938 0.451717 0.866549 0.1 0.708436 0.356961 0.867445 0.153659 0.63367 0.150792 0.614344 0.770079 0.876008 0.467282 0.507215 0.6807 0.9 0.468785 0.9 0.426744 0.367832 0.344791 0.500919 0.343191 0.1 0.102224 0.618497 0.717505 0.131498 0.228823 0.1 0.831227 0.71253 0.9 0.9 0.391107 0.230955 0.772122 0.480374 0.16038 0.842753 0.367259 0.733122 0.9 0.742947 0.325384 0.445496 0.595263 0.545987 0.552482 0.82152 0.172604 0.575195 0.499712 0.437554 0.7084 0.484428 0.166906 0.368905 0.63156 0.385041 0.542078 0.495241 0.9 0.585266 0.431004 0.462516 0.635859 0.1 0.9 0.689779 0.156829 0.172225 0.663277 0.9 0.9 0.9 0.438125 0.528149 0.561287 0.864221 0.51621 0.644293 0.615416 0.835797 0.106673 0.314351 0.4353 0.1 0.602587 0.1 0.462206 0.304873 0.637811 0.57586 0.766701 0.203541 0.856948 0.582874 0.103212 0.891322 0.509687 0.276663 0.1 0.88393 0.359261 0.889308 0.9 0.616359 0.476355 0.377573 0.556473 0.9 0.884961 0.176626 0.9 0.9 0.337464 0.434078 0.1 0.1 0.555166 0.54253 0.412315 0.278471 0.1 0.245556 0.34104 0.9 0.9 0.46365 0.653195 0.434213 0.655539 0.746795 0.378076 0.822483 0.709374 0.129903 0.472667 0.121408 0.465734 0.1 0.1 0.416904 0.234428 0.1 0.369578 0.621373 0.55887 0.483603 0.7293 0.1 0.1 0.291828 0.361252 0.250958 0.437848 0.54072 0.1 0.354606 0.9 0.9 0.713248 0.573059 0.772089 0.9 0.558227 0.47174 0.1 0.262852 0.550883 0.514952 0.459616 0.651696 0.143541 0.652243 0.700642 0.431623 0.367132 0.1 0.1 0.1 0.24241 0.236298 0.329288 0.513836 0.47848 0.9 0.172324 0.639151 
0.439123 0.117967 0.559137 0.84716 0.752469 0.26253 0.657032 0.271157 0.597572 0.746628 0.525888 0.276111 0.339012 0.9 0.9 0.412068 0.538285 0.634731 0.772959 0.9 0.89889 0.9 0.177764 0.1 0.1 0.377599 0.629144 0.481369 0.1 0.630256 0.10867 0.420018 0.668155 0.562338 0.134044 0.389256 0.9 0.9 0.703336 0.451124 0.629022 0.203239 0.673224 0.879545 0.144755 0.55482 0.340544 0.757543 0.180344 0.138806 0.575055 0.126824 0.86714 0.9 0.233405 0.796113 0.159437 0.684339 0.356534 0.427158 0.499152 0.550159 0.657931 0.279619 0.1 0.886714 0.661924 0.9 0.663414 0.385029 0.270914 0.476461 0.486209 0.11628 0.376507 0.688359 0.581332 0.671775 0.498168 0.9 0.632343 0.354602 0.855243 0.586079 0.1 0.1 0.324207 0.336977 0.9 0.89319 0.610499 0.357451 0.360721 0.379763 0.613823 0.463885 0.292325 0.1 0.323496 0.1 0.471294 0.711196 0.430865 0.104467 0.757668 0.9 0.63419 0.458036 0.374404 0.136887 0.120543 0.175237 0.275149 0.156516 0.579986 0.439181 0.1 0.131278 0.468943 0.208495 0.797704 0.343663 0.411534 0.284104 0.65749 0.9 0.788147 0.840072 0.16696 0.1 0.88741 0.767997 0.852449 0.478431 0.597529 0.62099 0.156422 0.352164 0.1 0.548821 0.526318 0.344867 0.64228 0.9 0.35432 0.438176 0.364829 0.505641 0.47901 0.1 0.576372 0.395554 0.307551 0.1 0.654694 0.836712 0.177114 0.378747 0.754465 0.12008 0.458306 0.77709 0.9 0.397799 0.1 0.452099 0.1 0.342416 0.860254 0.191267 0.866557 0.496242 0.394981 0.602411 0.490309 0.604297 0.9 0.9 0.140492 0.368174 0.9 0.757545 0.722784 0.338163 0.725817 0.414677 0.104792 0.769976 0.891452 0.9 0.9 0.479507 0.71873 0.865222 0.9 0.742289 0.2434 0.19472 0.899609 0.232364 0.125106 0.826501 0.803155 0.404309 0.382288 0.202444 0.1 0.299695 0.121399 0.344089 0.627091 0.121508 0.112763 0.429525 0.30518 0.9 0.896895 0.423742 0.694784 0.9 0.364998 0.581462 0.459145 0.9 0.501456 0.26819 0.598214 0.829919 0.250769 0.619359 0.1 0.30588 0.540516 0.763177 0.9 0.9 0.9 0.9 0.33572 0.1 0.21972 0.1 0.1 0.342426 0.529077 0.27155 0.348067 0.535422 0.689776 0.9 0.439123 0.117967 
0.852089 0.727835 0.873181 0.232397 0.881595 0.662767 0.9 0.125054 0.340455 0.890226 0.581451 0.682181 0.637452 0.428046 0.729926 0.558867 0.30099 0.135236 0.623343 0.587082 0.136574 0.711674 0.865072 0.696717 0.1 0.171673 0.376697 0.626642 0.1 0.693348 0.694087 0.896273 0.511679 0.651311 0.861632 0.424304 0.302352 0.701532 0.595919 0.455635 0.605206 0.1 0.233804 0.330613 0.423465 0.9 0.9 0.724747 0.147547 0.422067 0.366271 0.1 0.302727 0.375802 0.845366 0.459366 0.390655 0.110041 0.1 0.590103 0.9 0.754878 0.516871 0.280126 0.343945 0.396842 0.68555 0.619889 0.114171 0.271491 0.125613 0.574057 0.468618 0.344001 0.9 0.9 0.399296 0.9 0.617726 0.410968 0.47843 0.833157 0.678832 0.672593 0.133714 0.344651 0.138495 0.531275 0.627147 0.315539 0.217415 0.438884 0.105499 0.584797 0.9 0.51029 0.9 0.509781 0.1 0.1 0.862439 0.206085 0.59941 0.328804 0.495662 0.684706 0.142906 0.802949 0.664875 0.857702 0.393652 0.812658 0.825577 0.9 0.801616 0.9 0.380474 0.822965 0.579116 0.825431 0.227591 0.583827 0.41011 0.1 0.348512 0.341795 0.533958 0.399396 0.833503 0.605822 0.400683 0.684515 0.879608 0.798519 0.174016 0.347562 0.522607 0.300462 0.1 0.1 0.1 0.38552 0.1 0.787633 0.355481 0.9 0.675606 0.667313 0.9 0.1 0.569135 0.9 0.737212 0.1 0.1 0.105411 0.318887 0.635664 0.375081 0.174475 0.306229 0.681219 0.9 0.142262 0.562805 0.122624 0.246033 0.265281 0.447461 0.406891 0.509505 0.496123 0.9 0.651831 0.111636 0.345166 0.621126 0.9 0.869009 0.588451 0.9 0.593392 0.510503 0.650518 0.571465 0.617755 0.9 0.9 0.153191 0.152636 0.1 0.422966 0.89659 0.183065 0.458678 0.531243 0.116028 0.593672 0.9 0.502871 0.19342 0.534602 0.870068 0.102513 0.1 0.1 0.42114 0.745819 0.9 0.460947 0.316776 0.879546 0.9 0.670863 0.640733 0.575488 0.345443 0.447658 0.491531 0.470331 0.642888 0.705213 0.891602 0.646274 0.710126 0.280976 0.142838 0.79369 0.185982 0.859078 0.490026 0.265806 0.340474 0.371078 0.472647 0.493521 0.558041 0.9 0.322562 0.386406 0.368397 0.487469 0.369907 0.33851 0.1 0.1 0.843468 0.489129 0.427905 0.555027 0.852089 0.727835 
0.168684 0.676128 0.760033 0.9 0.9 0.9 0.9 0.888725 0.872379 0.420831 0.189712 0.1 0.686658 0.564367 0.681861 0.271066 0.499387 0.867234 0.747158 0.9 0.36265 0.1 0.135883 0.482104 0.1 0.1 0.9 0.673326 0.450124 0.742182 0.77404 0.626781 0.388735 0.558162 0.465627 0.391331 0.337089 0.293211 0.335254 0.11258 0.515005 0.493004 0.413423 0.306061 0.174935 0.128595 0.45098 0.749088 0.865029 0.176051 0.499085 0.328806 0.343158 0.9 0.9 0.413014 0.892887 0.9 0.9 0.446738 0.735371 0.788703 0.871864 0.107116 0.249326 0.357421 0.651546 0.574314 0.657868 0.9 0.644839 0.369327 0.489966 0.1 0.55335 0.646528 0.138257 0.9 0.491589 0.1 0.1 0.121191 0.473688 0.470317 0.868018 0.545525 0.621783 0.776713 0.507799 0.531657 0.1 0.25956 0.240277 0.1 0.428784 0.497796 0.603918 0.1 0.1 0.231634 0.9 0.877866 0.520672 0.472917 0.15224 0.824765 0.301146 0.120029 0.89608 0.77368 0.298706 0.132784 0.870904 0.9 0.569001 0.713754 0.320298 0.327452 0.451356 0.9 0.9 0.704423 0.1 0.1 0.819249 0.546108 0.672033 0.459752 0.578856 0.9 0.609578 0.562877 0.798816 0.226506 0.843554 0.9 0.158276 0.171133 0.1 0.1 0.1 0.299244 0.1 0.849276 0.140642 0.717147 0.611502 0.584753 0.9 0.1 0.371674 0.9 0.847636 0.274962 0.1 0.628968 0.9 0.753841 0.1 0.289802 0.623065 0.821764 0.739123 0.512036 0.9 0.720449 0.308273 0.169632 0.789241 0.448109 0.165888 0.859817 0.725076 0.386819 0.9 0.9 0.101076 0.454642 0.512879 0.882051 0.64435 0.710526 0.699466 0.365223 0.11215 0.891937 0.9 0.9 0.528385 0.1 0.1 0.345855 0.9 0.9 0.9 0.9 0.535184 0.129133 0.890455 0.593468 0.64784 0.885461 0.588925 0.272722 0.260554 0.375109 0.296175 0.348789 0.9 0.652362 0.259062 0.408358 0.361819 0.161377 0.591205 0.572385 0.885886 0.610919 0.470435 0.436439 0.702934 0.555441 0.726915 0.59684 0.51467 0.518907 0.328492 0.161609 0.585463 0.367876 0.584889 0.302645 0.1 0.1 0.586449 0.439887 0.575975 0.9 0.658358 0.390127 0.633515 0.9 0.724941 0.9 0.85481 0.421062 0.565457 0.649309 0.188184 0.79158 0.168684 0.676128 
0.38407 0.899399 0.516576 0.884874 0.527027 0.754214 0.9 0.16053 0.101867 0.507787 0.483484 0.255964 0.6188 0.188916 0.541081 0.231193 0.1 0.380397 0.617207 0.659456 0.350792 0.261663 0.57175 0.116424 0.568941 0.15155 0.9 0.697406 0.1 0.111936 0.485996 0.544984 0.146327 0.856231 0.620993 0.43021 0.678593 0.50795 0.6926 0.595248 0.1 0.122367 0.860629 0.9 0.414215 0.444039 0.139268 0.454789 0.9 0.619631 0.1 0.131426 0.834716 0.9 0.478242 0.582211 0.123583 0.316279 0.373113 0.1 0.451338 0.877612 0.779741 0.420727 0.702854 0.357655 0.829333 0.504733 0.70924 0.582224 0.14012 0.82976 0.765858 0.1 0.593283 0.180204 0.481811 0.787956 0.592902 0.459847 0.415715 0.679478 0.61689 0.398143 0.492254 0.1 0.1 0.525753 0.330766 0.467954 0.588286 0.720309 0.355111 0.350353 0.24874 0.117137 0.524157 0.286871 0.357288 0.430589 0.9 0.563939 0.318958 0.579818 0.465304 0.136573 0.598105 0.1 0.721209 0.416333 0.533273 0.1 0.1 0.317675 0.523445 0.580744 0.359516 0.441847 0.110343 0.708626 0.9 0.725148 0.425771 0.1 0.187727 0.558238 0.139593 0.65389 0.9 0.599741 0.121958 0.645148 0.190694 0.383518 0.413643 0.664433 0.348292 0.118654 0.64911 0.313266 0.35268 0.384604 0.329904 0.477791 0.573814 0.9 0.9 0.9 0.48519 0.1 0.56998 0.416471 0.893011 0.1 0.478677 0.9 0.9 0.736587 0.693359 0.684232 0.462788 0.889286 0.529377 0.464028 0.381863 0.856541 0.172518 0.567213 0.239769 0.71505 0.844255 0.458816 0.104942 0.358426 0.9 0.840638 0.33698 0.88279 0.780984 0.752018 0.9 0.411227 0.1 0.683809 0.496894 0.670334 0.656663 0.43992 0.324506 0.284679 0.130611 0.58118 0.333019 0.57898 0.165445 0.537245 0.560442 0.1 0.308488 0.605171 0.9 0.332917 0.1 0.1 0.650914 0.9 0.9 0.9 0.783324 0.625206 0.642271 0.647411 0.100051 0.796728 0.48683 0.49404 0.504029 0.153588 0.823021 0.82317 0.524094 0.1 0.478129 0.687261 0.670521 0.529584 0.241411 0.317553 0.676288 0.504931 0.9 0.577979 0.9 0.898698 0.607524 0.570885 0.9 0.477997 0.52961 0.628228 0.866125 0.398778 0.301626 0.873546 0.159324 0.531813 0.55926 0.649015 0.587286 0.452732 0.38407 0.899399 
0.885278 0.875641 0.856923 0.326516 0.240885 0.1 0.652065 0.831508 0.693097 0.556148 0.444548 0.534883 0.625852 0.761601 0.162782 0.361795 0.387932 0.616526 0.9 0.453739 0.797382 0.136417 0.345924 0.1 0.796924 0.88532 0.63946 0.528995 0.349036 0.84587 0.764856 0.772485 0.704444 0.780362 0.811011 0.17154 0.842417 0.673194 0.9 0.603488 0.1 0.239231 0.162491 0.585873 0.341571 0.320866 0.843745 0.84201 0.9 0.859341 0.175459 0.599507 0.159224 0.528453 0.727949 0.9 0.364211 0.358853 0.438684 0.605895 0.327615 0.114995 0.381022 0.12807 0.694404 0.41232 0.188792 0.487048 0.1 0.1 0.1 0.1 0.473084 0.243927 0.742264 0.879314 0.566127 0.618123 0.639066 0.363405 0.55733 0.719292 0.153683 0.549831 0.422607 0.877046 0.56681 0.603413 0.347675 0.880671 0.467664 0.676796 0.9 0.9 0.70384 0.647941 0.451728 0.848237 0.388727 0.363556 0.890133 0.472089 0.409615 0.430136 0.655375 0.1 0.252449 0.257165 0.767488 0.9 0.624394 0.367339 0.595452 0.714455 0.9 0.9 0.607481 0.51584 0.629084 0.9 0.383001 0.1 0.461701 0.392556 0.821128 0.112994 0.1 0.121031 0.9 0.471971 0.501049 0.9 0.9 0.9 0.29047 0.589913 0.11805 0.436048 0.9 0.898376 0.437606 0.400406 0.1 0.1 0.1 0.1 0.1 0.700692 0.701971 0.620479 0.640001 0.124327 0.6727 0.1 0.376096 0.606125 0.36167 0.495669 0.9 0.356804 0.86726 0.383183 0.157484 0.791911 0.346591 0.376184 0.334089 0.431185 0.843354 0.354302 0.124347 0.190551 0.662733 0.377575 0.276176 0.9 0.460371 0.337191 0.54274 0.107652 0.9 0.336734 0.1 0.61817 0.43305 0.498369 0.386466 0.628984 0.1 0.111294 0.843857 0.9 0.438221 0.153628 0.622147 0.701264 0.46387 0.1 0.1 0.24765 0.511935 0.1 0.397067 0.273875 0.507736 0.597478 0.193565 0.9 0.9 0.743215 0.203567 0.808464 0.111208 0.352174 0.513117 0.470953 0.890493 0.751849 0.14776 0.9 0.890736 0.1 0.850961 0.426118 0.137955 0.556162 0.1 0.572204 0.830403 0.161746 0.735789 0.313589 0.30405 0.293055 0.566697 0.761158 0.9 0.67997 0.734609 0.9 0.555758 0.869337 0.669191 0.518936 0.1 0.271019 0.9 0.882389 0.152124 0.1 0.885278 0.875641 
0.83997 0.709564 0.338179 0.30508 0.357425 0.415066 0.838056 0.17231 0.516669 0.637595 0.51621 0.833361 0.894232 0.175449 0.509336 0.9 0.652329 0.41182 0.686329 0.1 0.154135 0.327264 0.563908 0.330394 0.614425 0.583027 0.367033 0.624649 0.569298 0.302469 0.595627 0.840978 0.9 0.886758 0.166967 0.290674 0.460864 0.884096 0.63122 0.9 0.546531 0.144276 0.550238 0.509365 0.1 0.150977 0.484612 0.887811 0.604278 0.166569 0.779797 0.844453 0.472395 0.466892 0.1 0.1 0.1 0.427044 0.9 0.777455 0.617032 0.492659 0.546888 0.527704 0.489828 0.608369 0.843525 0.807579 0.504127 0.5312 0.516328 0.245562 0.494814 0.342115 0.709513 0.723691 0.39819 0.1 0.469419 0.1 0.229548 0.483893 0.723129 0.710298 0.9 0.9 0.9 0.127848 0.254139 0.749567 0.771765 0.869336 0.341452 0.281303 0.526569 0.741415 0.873935 0.614067 0.40288 0.380107 0.134863 0.1 0.608764 0.653941 0.345482 0.344338 0.355919 0.690312 0.578434 0.9 0.750984 0.72709 0.363921 0.494685 0.524243 0.309148 0.373088 0.348559 0.414567 0.636441 0.1 0.1 0.458688 0.330451 0.515465 0.1 0.1 0.290189 0.602373 0.435222 0.73884 0.716608 0.533078 0.435049 0.379357 0.9 0.770978 0.707582 0.555377 0.365904 0.517932 0.353855 0.1 0.842435 0.9 0.410076 0.1 0.297076 0.9 0.654541 0.9 0.9 0.750557 0.409824 0.191684 0.237286 0.419761 0.234141 0.534776 0.1 0.63025 0.356175 0.58113 0.210533 0.621128 0.1 0.1 0.478231 0.739603 0.638848 0.646181 0.390788 0.9 0.850237 0.164395 0.898838 0.333349 0.327985 0.1 0.1 0.9 0.9 0.9 0.682345 0.403999 0.278164 0.9 0.9 0.463017 0.325551 0.100884 0.1 0.68358 0.67554 0.359239 0.457863 0.89178 0.346882 0.851207 0.689419 0.9 0.685353 0.9 0.9 0.516648 0.1 0.611585 0.9 0.55578 0.894119 0.9 0.430472 0.882733 0.9 0.9 0.1 0.1 0.859785 0.1 0.519834 0.324453 0.1 0.672372 0.9 0.897877 0.9 0.468375 0.632827 0.182187 0.2116 0.332324 0.1 0.1 0.295229 0.886702 0.595496 0.402183 0.656381 0.411668 0.712954 0.539112 0.294961 0.1 0.271415 0.1 0.1 0.539239 0.345219 0.855541 0.641908 0.83997 0.709564 
0.898926 0.409419 0.105071 0.490434 0.294535 0.538601 0.347195 0.353718 0.9 0.64254 0.511947 0.9 0.9 0.451025 0.459242 0.249446 0.104885 0.703551 0.9 0.701479 0.847717 0.1 0.1 0.1 0.1 0.591544 0.353008 0.128397 0.236845 0.1 0.285034 0.888992 0.684529 0.405565 0.418954 0.9 0.9 0.723761 0.311395 0.9 0.47472 0.645618 0.735595 0.29668 0.1 0.1 0.389458 0.405455 0.881601 0.448467 0.156968 0.881278 0.5708 0.1 0.1 0.539547 0.672626 0.493262 0.716634 0.9 0.728282 0.9 0.9 0.326717 0.331414 0.303409 0.146631 0.279937 0.1 0.259396 0.154063 0.23708 0.19819 0.847751 0.5914 0.262648 0.1 0.1 0.506334 0.1 0.429452 0.667674 0.843199 0.155042 0.626866 0.111298 0.671304 0.356199 0.503654 0.435131 0.33463 0.1 0.332721 0.1 0.434646 0.672299 0.510904 0.451676 0.1 0.484625 0.873682 0.337743 0.75 0.9 0.261897 0.330816 0.1 0.370605 0.35792 0.694559 0.547598 0.885648 0.367536 0.421729 0.87335 0.165736 0.398705 0.568455 0.450054 0.9 0.9 0.684609 0.130375 0.396255 0.893257 0.580122 0.1 0.348915 0.1 0.112391 0.767169 0.9 0.490759 0.523504 0.9 0.695329 0.9 0.9 0.117226 0.315568 0.622852 0.450072 0.1 0.155323 0.865039 0.154232 0.1 0.353354 0.644452 0.477098 0.415114 0.579679 0.395251 0.402727 0.110513 0.1 0.1 0.1 0.441244 0.282861 0.259503 0.299718 0.141188 0.667033 0.879675 0.1 0.366749 0.710314 0.1 0.311995 0.155348 0.623028 0.9 0.399424 0.652164 0.695254 0.386424 0.892768 0.1 0.858304 0.400402 0.418203 0.575129 0.615442 0.9 0.672813 0.718527 0.170911 0.601372 0.380515 0.192476 0.1 0.556245 0.54 0.718566 0.468174 0.464585 0.1 0.269595 0.478203 0.503936 0.36513 0.268601 0.418677 0.494941 0.1 0.1 0.9 0.9 0.159919 0.84945 0.1 0.460709 0.469423 0.737403 0.305592 0.1 0.555413 0.384348 0.762135 0.767878 0.684623 0.9 0.390642 0.12504 0.599034 0.9 0.714834 0.583305 0.1 0.1 0.194027 0.315007 0.375741 0.710061 0.9 0.442836 0.608959 0.722802 0.392716 0.646337 0.540761 0.336334 0.120092 0.1 0.1 0.395789 0.105421 0.672593 0.9 0.898926 0.409419 
0.167379 0.696481 0.9 0.680451 0.315617 0.619013 0.345523 0.1 0.681541 0.51562 0.277667 0.151729 0.9 0.9 0.892445 0.428923 0.502801 0.683414 0.650236 0.312541 0.287113 0.1 0.361123 0.324081 0.237197 0.9 0.492777 0.861074 0.9 0.303009 0.297363 0.463181 0.81654 0.131242 0.1 0.341997 0.874727 0.524597 0.296533 0.625745 0.864836 0.697408 0.700817 0.9 0.521343 0.589572 0.242067 0.1 0.350749 0.9 0.350821 0.640231 0.9 0.788062 0.837969 0.209117 0.620606 0.308139 0.148601 0.45802 0.606815 0.444766 0.9 0.631036 0.519484 0.9 0.9 0.398747 0.327821 0.309345 0.83378 0.475283 0.813555 0.633718 0.254582 0.326679 0.1 0.434063 0.475417 0.44465 0.423126 0.710495 0.141779 0.297276 0.516574 0.1 0.466974 0.1 0.422318 0.561111 0.608214 0.145475 0.880968 0.610828 0.647468 0.528567 0.49642 0.594171 0.804064 0.9 0.9 0.668127 0.416381 0.656118 0.334557 0.52845 0.1 0.42307 0.1 0.505755 0.872405 0.556364 0.192221 0.145442 0.783431 0.868444 0.1 0.24564 0.1 0.662129 0.9 0.758827 0.682547 0.709306 0.375455 0.449019 0.1 0.837538 0.177033 0.805535 0.9 0.9 0.654796 0.13136 0.570066 0.1 0.67884 0.716956 0.452447 0.62038 0.176294 0.364025 0.114571 0.42561 0.607645 0.853005 0.372494 0.65936 0.336912 0.315718 0.373154 0.117785 0.788265 0.247118 0.790606 0.392543 0.537873 0.1 0.108448 0.571366 0.208474 0.879046 0.654052 0.732465 0.132367 0.307046 0.745753 0.779567 0.1 0.324359 0.383247 0.1 0.777971 0.597935 0.726706 0.325982 0.651212 0.9 0.10326 0.9 0.269148 0.456517 0.11541 0.230908 0.730204 0.9 0.575004 0.223108 0.133181 0.478731 0.1 0.1 0.550599 0.770863 0.9 0.627023 0.105862 0.560821 0.420395 0.1 0.1 0.879121 0.382329 0.702818 0.616658 0.843042 0.1 0.325006 0.893248 0.1 0.2227 0.237366 0.620933 0.333666 0.44263 0.334686 0.372323 0.9 0.672155 0.379784 0.656352 0.668149 0.53783 0.1 0.432844 0.529623 0.735078 0.625265 0.13549 0.1 0.605869 0.1 0.1 0.136772 0.9 0.63056 0.1 0.1 0.9 0.856757 0.266139 0.1 0.286486 0.812425 0.479129 0.608763 0.165617 0.594149 0.7239 0.889078 0.167379 0.696481 
0.329927 0.663021 0.474899 0.1 0.1 0.31907 0.586534 0.287391 0.450105 0.455046 0.422351 0.388742 0.549358 0.384912 0.1 0.506066 0.428863 0.111413 0.512992 0.602219 0.124675 0.620397 0.520559 0.524004 0.418455 0.722941 0.266299 0.11855 0.493604 0.42971 0.346389 0.1 0.147221 0.624438 0.1 0.1 0.14166 0.860003 0.520268 0.374614 0.358247 0.9 0.9 0.808395 0.454579 0.858311 0.406365 0.815416 0.1 0.753414 0.435075 0.102588 0.49975 0.9 0.853133 0.845434 0.680606 0.10908 0.801771 0.1 0.471748 0.237589 0.29197 0.481757 0.110829 0.394806 0.702876 0.1 0.1 0.157569 0.493897 0.417216 0.1 0.313378 0.219897 0.514313 0.264132 0.472456 0.320341 0.307564 0.356579 0.674143 0.551914 0.701005 0.729743 0.307127 0.597745 0.369527 0.40096 0.49377 0.632407 0.870919 0.845607 0.767952 0.51316 0.811589 0.116457 0.1 0.879779 0.362417 0.344525 0.419112 0.679427 0.509347 0.655781 0.9 0.9 0.9 0.419619 0.330342 0.329456 0.601593 0.214792 0.753317 0.586118 0.716928 0.1 0.1 0.1 0.41201 0.644457 0.699621 0.267659 0.404 0.52279 0.520708 0.280098 0.679009 0.590128 0.17058 0.839566 0.167937 0.488793 0.682158 0.487066 0.1 0.682915 0.477433 0.1 0.102221 0.589029 0.47497 0.87867 0.703214 0.124103 0.367726 0.511265 0.303067 0.445911 0.731199 0.554389 0.1 0.525662 0.822746 0.645775 0.850232 0.512933 0.729031 0.529553 0.203734 0.782884 0.576712 0.1 0.329967 0.256805 0.667504 0.569695 0.9 0.32257 0.44144 0.1 0.101341 0.840337 0.187617 0.866758 0.1 0.424744 0.390627 0.342673 0.876282 0.140625 0.9 0.885622 0.588189 0.666046 0.616714 0.371194 0.1 0.222994 0.14782 0.194614 0.109117 0.589681 0.52232 0.646382 0.9 0.28746 0.129315 0.9 0.521608 0.579346 0.9 0.5528 0.44801 0.112041 0.349155 0.507449 0.474243 0.767366 0.836 0.480356 0.659552 0.756669 0.368604 0.316639 0.531322 0.884306 0.713861 0.708735 0.165955 0.544411 0.159581 0.339049 0.341251 0.641717 0.876636 0.386447 0.9 0.848385 0.12634 0.452362 0.452162 0.137098 0.9 0.9 0.15177 0.232939 0.526697 0.526789 0.165502 0.325373 0.9 0.717402 0.113174 0.329474 0.9 0.675079 0.332327 0.642133 0.620981 0.329927 0.663021 
0.183379 0.687766 0.714178 0.288309 0.669604 0.868889 0.155998 0.610474 0.9 0.583597 0.113824 0.1 0.507854 0.1 0.1 0.870351 0.710527 0.607202 0.9 0.9 0.578365 0.743175 0.1 0.1 0.693698 0.9 0.333111 0.329635 0.491027 0.707673 0.670042 0.1 0.424735 0.464455 0.366962 0.1 0.323058 0.620737 0.708936 0.304952 0.277021 0.8782 0.455315 0.9 0.898642 0.520522 0.754878 0.556063 0.1 0.743795 0.555412 0.681677 0.533334 0.717081 0.756739 0.294616 0.62193 0.1 0.561942 0.106932 0.665936 0.397252 0.231772 0.31912 0.649892 0.715305 0.413858 0.1 0.255816 0.103292 0.457891 0.488577 0.1 0.660086 0.497294 0.851421 0.161693 0.208232 0.47793 0.34351 0.805072 0.172113 0.829509 0.611096 0.754395 0.70678 0.685956 0.499369 0.862993 0.30685 0.627302 0.632117 0.650181 0.9 0.879556 0.513348 0.590295 0.269956 0.474026 0.1 0.390939 0.886197 0.612947 0.429508 0.628795 0.1 0.375542 0.9 0.348579 0.805513 0.106338 0.318444 0.76536 0.259988 0.607412 0.713175 0.9 0.412388 0.1 0.549247 0.714252 0.739269 0.20428 0.316712 0.637118 0.120615 0.535032 0.411241 0.27871 0.1 0.399461 0.576173 0.9 0.9 0.11046 0.535125 0.9 0.408388 0.373185 0.160183 0.133034 0.468336 0.473085 0.158451 0.453886 0.11366 0.625502 0.438694 0.562331 0.847896 0.146372 0.1 0.532862 0.42177 0.399139 0.346517 0.383396 0.9 0.659044 0.572015 0.115385 0.1 0.237268 0.1 0.1 0.361078 0.635383 0.9 0.552061 0.109999 0.1 0.878429 0.698452 0.630517 0.9 0.319614 0.684581 0.530469 0.599374 0.392945 0.301256 0.779098 0.591905 0.793397 0.212437 0.834973 0.320386 0.512092 0.9 0.9 0.149268 0.9 0.9 0.612507 0.891257 0.9 0.9 0.605751 0.891965 0.540828 0.587818 0.113988 0.244135 0.390671 0.559631 0.1 0.537428 0.504761 0.599353 0.379882 0.681985 0.101474 0.1 0.291691 0.863798 0.139034 0.1 0.1 0.717626 0.838592 0.192239 0.883847 0.9 0.9 0.483793 0.797784 0.810389 0.317955 0.363054 0.681885 0.695338 0.9 0.9 0.9 0.31351 0.522303 0.140953 0.675871 0.107687 0.643726 0.142814 0.890001 0.770565 0.1 0.1 0.640877 0.356161 0.206947 0.9 0.865945 0.183379 0.687766 
0.826288 0.160351 0.665827 0.330296 0.70991 0.668592 0.543166 0.873087 0.515585 0.330113 0.816479 0.42384 0.27578 0.1 0.1 0.416124 0.809582 0.126221 0.113099 0.822512 0.219519 0.875956 0.1 0.1 0.500338 0.435429 0.365137 0.375025 0.333793 0.529094 0.310071 0.234665 0.465846 0.125236 0.497843 0.306214 0.667505 0.1 0.285202 0.1 0.284423 0.325706 0.419753 0.578691 0.387145 0.556743 0.9 0.364974 0.605507 0.9 0.358398 0.620452 0.71229 0.424872 0.89059 0.397509 0.597284 0.1 0.652088 0.9 0.826621 0.867709 0.139101 0.184358 0.133643 0.631174 0.60819 0.636691 0.790247 0.9 0.9 0.116887 0.1 0.427291 0.474028 0.617818 0.794438 0.443036 0.69952 0.58786 0.294474 0.1 0.387382 0.838992 0.413031 0.1 0.223355 0.1 0.313226 0.1 0.9 0.9 0.836206 0.145619 0.374862 0.891626 0.9 0.888931 0.730069 0.572329 0.77478 0.607166 0.605527 0.9 0.9 0.1 0.402041 0.9 0.421816 0.285798 0.50084 0.550989 0.369013 0.794824 0.652203 0.616754 0.9 0.9 0.567028 0.171852 0.838752 0.639782 0.1 0.838406 0.779901 0.422013 0.9 0.573256 0.32193 0.473211 0.1 0.1 0.136539 0.662057 0.1 0.109387 0.9 0.396678 0.1 0.219634 0.578618 0.616717 0.9 0.887706 0.516778 0.363639 0.565219 0.412772 0.230502 0.133743 0.425635 0.111486 0.757516 0.748974 0.9 0.57334 0.278506 0.850852 0.181743 0.482816 0.367354 0.283209 0.647609 0.407709 0.10232 0.596742 0.602341 0.899072 0.1751 0.527769 0.1 0.671914 0.401446 0.846965 0.746184 0.713221 0.332226 0.1 0.116314 0.417585 0.424257 0.773622 0.592974 0.157995 0.400158 0.67558 0.655162 0.70734 0.565987 0.886547 0.285307 0.9 0.360691 0.880103 0.403152 0.380869 0.57679 0.898386 0.156169 0.623848 0.533348 0.257976 0.498011 0.665354 0.146048 0.1 0.47847 0.466008 0.306122 0.712502 0.9 0.643551 0.463864 0.626895 0.9 0.9 0.34117 0.488488 0.684281 0.825123 0.4434 0.9 0.615337 0.732294 0.774386 0.9 0.12739 0.360629 0.687665 0.284833 0.1 0.282006 0.509214 0.476547 0.1 0.610161 0.528091 0.619145 0.1 0.875978 0.32892 0.110932 0.492971 0.743086 0.722522 0.415824 0.621845 0.181198 0.854031 0.61476 0.826288 0.160351 
0.720269 0.414145 0.1 0.1 0.306323 0.1 0.439096 0.118047 0.376761 0.445337 0.514894 0.872124 0.9 0.460048 0.491103 0.485301 0.146516 0.586378 0.398278 0.483408 0.896888 0.9 0.1 0.494803 0.342093 0.9 0.642007 0.259447 0.31747 0.606404 0.54833 0.567283 0.164848 0.570499 0.9 0.420018 0.892603 0.368034 0.409902 0.1 0.869578 0.728341 0.159123 0.843366 0.255921 0.598256 0.370931 0.225963 0.339815 0.788232 0.509425 0.1 0.660335 0.702457 0.795277 0.9 0.657666 0.38694 0.122165 0.9 0.9 0.795961 0.596914 0.1 0.378222 0.520649 0.347641 0.384322 0.9 0.806261 0.499845 0.617616 0.591361 0.536665 0.473659 0.724363 0.145695 0.639546 0.140597 0.480338 0.494593 0.610272 0.586226 0.355222 0.293762 0.378501 0.1 0.1 0.850716 0.438822 0.9 0.9 0.160765 0.612775 0.882165 0.602137 0.1 0.130561 0.791051 0.9 0.9 0.316521 0.520623 0.60455 0.9 0.1 0.32102 0.9 0.9 0.390918 0.537549 0.400478 0.1 0.1 0.529905 0.442974 0.573326 0.748563 0.439662 0.267521 0.140226 0.32762 0.1 0.101569 0.1 0.120465 0.624911 0.1 0.1 0.42022 0.1 0.1 0.660039 0.803766 0.674451 0.540883 0.700153 0.116337 0.508406 0.617282 0.47061 0.163742 0.884988 0.568156 0.247291 0.581532 0.9 0.790155 0.374203 0.261374 0.1 0.367972 0.631872 0.394489 0.672362 0.659312 0.343234 0.413308 0.876191 0.608138 0.647263 0.182865 0.648512 0.622483 0.707538 0.511283 0.1 0.616705 0.505301 0.590675 0.1 0.13564 0.596062 0.140297 0.558714 0.9 0.763063 0.445459 0.558217 0.158074 0.639856 0.9 0.626124 0.32322 0.229732 0.1 0.1 0.49995 0.413323 0.107864 0.1 0.268392 0.1 0.9 0.9 0.870865 0.441566 0.899197 0.499754 0.9 0.567399 0.63485 0.886835 0.377576 0.649211 0.491152 0.133543 0.472228 0.104022 0.9 0.701326 0.731804 0.730078 0.257537 0.171018 0.875589 0.407098 0.266476 0.523516 0.9 0.291902 0.613618 0.1 0.322728 0.538821 0.9 0.302193 0.864583 0.9 0.637668 0.656551 0.406056 0.250483 0.689177 0.511093 0.1 0.311113 0.758533 0.54742 0.42424 0.596967 0.185161 0.1 0.399834 0.406296 0.1 0.432241 0.832055 0.561135 0.831669 0.720269 0.414145 
0.398236 0.673558 0.165355 0.824446 0.720328 0.245254 0.721904 0.494646 0.9 0.568728 0.823393 0.199741 0.249824 0.40956 0.1 0.517675 0.234233 0.688972 0.9 0.9 0.9 0.9 0.364967 0.334428 0.127441 0.612053 0.1 0.415785 0.592955 0.880052 0.1 0.1 0.519615 0.134522 0.84898 0.372383 0.436948 0.727963 0.733835 0.229113 0.383225 0.620203 0.330931 0.490584 0.1 0.458695 0.1 0.299118 0.283895 0.9 0.264215 0.1 0.682195 0.571483 0.529062 0.784034 0.271831 0.659394 0.246999 0.759669 0.612804 0.428469 0.70508 0.100499 0.529834 0.732914 0.529432 0.9 0.639519 0.286626 0.1 0.9 0.9 0.58502 0.328112 0.9 0.105902 0.324535 0.277319 0.287089 0.1 0.468115 0.524313 0.859223 0.186142 0.889262 0.669224 0.306967 0.80213 0.858882 0.145984 0.302804 0.394009 0.9 0.590392 0.865085 0.594912 0.9 0.881386 0.113737 0.250133 0.1 0.1 0.1 0.595122 0.306831 0.119907 0.659776 0.646539 0.461721 0.9 0.9 0.9 0.468348 0.739336 0.9 0.465393 0.400489 0.229857 0.1 0.335229 0.338141 0.4575 0.6491 0.151307 0.783829 0.791395 0.68529 0.889182 0.683369 0.864407 0.1 0.593078 0.9 0.324678 0.253855 0.105627 0.313134 0.9 0.9 0.813426 0.875475 0.72863 0.662649 0.361884 0.382527 0.665399 0.9 0.800095 0.874253 0.1 0.1 0.1 0.443323 0.9 0.381394 0.361455 0.640577 0.9 0.358348 0.148008 0.804236 0.526464 0.9 0.717274 0.663052 0.107322 0.839317 0.1 0.120828 0.661092 0.9 0.9 0.358116 0.569077 0.403243 0.656151 0.324464 0.1 0.439311 0.1 0.136688 0.537513 0.379082 0.609692 0.608253 0.494274 0.1 0.247597 0.529622 0.302805 0.397815 0.356363 0.723402 0.329495 0.1 0.437659 0.389323 0.9 0.633039 0.307706 0.660416 0.54475 0.194917 0.122454 0.1 0.466853 0.727018 0.415709 0.640188 0.304436 0.525525 0.9 0.9 0.875482 0.56709 0.466299 0.454315 0.517381 0.626782 0.115146 0.71618 0.1 0.397206 0.503438 0.432096 0.338162 0.178769 0.587645 0.498003 0.771937 0.866879 0.102626 0.219807 0.1 0.1 0.327227 0.720658 0.9 0.6578 0.431509 0.264694 0.18497 0.229337 0.1 0.1 0.559142 0.735608 0.493475 0.118362 0.398236 0.673558 
0.876678 0.57837 0.859244 0.604305 0.888771 0.482114 0.536301 0.587451 0.9 0.313996 0.556618 0.809798 0.56988 0.592261 0.1 0.9 0.409961 0.1 0.547088 0.724026 0.420072 0.9 0.9 0.509619 0.816091 0.658077 0.1 0.511109 0.656548 0.418466 0.1 0.552976 0.897545 0.1 0.139609 0.650745 0.500767 0.612786 0.363706 0.43267 0.841194 0.767182 0.403249 0.41191 0.346542 0.470632 0.308095 0.673514 0.569742 0.9 0.589918 0.866341 0.680603 0.433964 0.322334 0.539257 0.1 0.234029 0.140171 0.694107 0.673784 0.277257 0.341605 0.591491 0.298938 0.391905 0.465872 0.9 0.9 0.701939 0.1 0.77857 0.539549 0.421018 0.128844 0.9 0.9 0.441684 0.643454 0.560981 0.294945 0.204059 0.373954 0.9 0.617754 0.626518 0.54263 0.729482 0.9 0.67953 0.493593 0.624483 0.9 0.9 0.261304 0.1 0.105731 0.650638 0.147446 0.1 0.400544 0.1 0.881859 0.9 0.744432 0.9 0.873784 0.75773 0.417145 0.529049 0.344223 0.633821 0.9 0.566446 0.560213 0.561201 0.1 0.1 0.282987 0.1 0.737657 0.9 0.716772 0.743356 0.511611 0.190557 0.889589 0.779707 0.772357 0.9 0.9 0.217234 0.114609 0.574429 0.264575 0.654506 0.539687 0.1 0.509099 0.9 0.735501 0.708216 0.601748 0.53029 0.284703 0.181274 0.105417 0.424422 0.378775 0.437401 0.451753 0.1 0.1 0.256171 0.9 0.892107 0.349511 0.596843 0.716037 0.9 0.550888 0.453962 0.1 0.565179 0.1 0.350384 0.366514 0.672933 0.490174 0.876092 0.671397 0.266878 0.440565 0.358843 0.702057 0.689309 0.647286 0.808456 0.159106 0.796905 0.153907 0.455137 0.139462 0.402853 0.9 0.9 0.278117 0.1 0.641548 0.869395 0.1 0.191569 0.274646 0.348193 0.8559 0.270748 0.626019 0.256037 0.9 0.1 0.1 0.493473 0.34949 0.596772 0.793249 0.114829 0.23733 0.490736 0.874152 0.473139 0.315669 0.1 0.1 0.457202 0.525865 0.886132 0.49157 0.688381 0.879005 0.192151 0.44198 0.9 0.426332 0.623978 0.131218 0.171357 0.106422 0.649235 0.574378 0.87141 0.9 0.593917 0.406345 0.207961 0.1 0.244072 0.32636 0.378617 0.618972 0.302348 0.688367 0.869986 0.438263 0.634414 0.485213 0.657581 0.701259 0.887465 0.545291 0.500364 0.876678 0.57837 
0.344828 0.275546 0.756933 0.570804 0.585423 0.692379 0.515073 0.865669 0.752693 0.322845 0.467509 0.131918 0.510647 0.636177 0.330528 0.9 0.891644 0.1 0.1 0.686549 0.9 0.415692 0.414932 0.36683 0.162876 0.84911 0.262701 0.694193 0.395809 0.1 0.661531 0.9 0.58474 0.383458 0.388504 0.1 0.312112 0.877219 0.9 0.886807 0.185411 0.50297 0.872755 0.697251 0.1 0.368028 0.463787 0.14194 0.40748 0.619414 0.672539 0.449111 0.1 0.1 0.684124 0.268884 0.1 0.153621 0.773438 0.557154 0.282052 0.506254 0.390967 0.680111 0.1 0.871292 0.747098 0.303153 0.724274 0.668108 0.133197 0.845036 0.3018 0.116192 0.536077 0.365629 0.490112 0.104126 0.431702 0.9 0.858447 0.124051 0.295746 0.849517 0.149948 0.1 0.1 0.1 0.1 0.1 0.636871 0.31983 0.645573 0.1 0.1 0.67563 0.890969 0.844621 0.9 0.573664 0.448294 0.1 0.525914 0.662005 0.318435 0.1 0.13903 0.819583 0.367487 0.408887 0.60601 0.116377 0.451258 0.1 0.1 0.515547 0.1 0.174941 0.732397 0.1 0.324228 0.467478 0.507945 0.883422 0.5737 0.422229 0.646711 0.372533 0.259653 0.624124 0.9 0.657007 0.657634 0.486362 0.295807 0.127291 0.526289 0.421689 0.9 0.9 0.750186 0.519975 0.146172 0.174037 0.549667 0.125951 0.699793 0.64248 0.360795 0.565689 0.9 0.540081 0.1 0.273066 0.49274 0.535674 0.617789 0.170214 0.886547 0.9 0.79748 0.739023 0.610618 0.557798 0.233373 0.1 0.555356 0.754756 0.44245 0.496288 0.561765 0.1 0.1 0.509112 0.407622 0.639867 0.69449 0.115981 0.26738 0.163298 0.581464 0.311159 0.515888 0.642942 0.546694 0.1 0.162403 0.172881 0.291471 0.1 0.1 0.1 0.852568 0.9 0.588419 0.1 0.874203 0.14927 0.889656 0.113424 0.615051 0.4296 0.335448 0.64893 0.188207 0.542145 0.508511 0.857255 0.856113 0.9 0.9 0.451004 0.1 0.414689 0.1 0.469203 0.596508 0.43739 0.756054 0.873734 0.534028 0.9 0.9 0.381158 0.691965 0.470346 0.337068 0.606234 0.639495 0.155475 0.68894 0.436195 0.552613 0.1 0.1 0.652064 0.756738 0.544939 0.485522 0.471176 0.48237 0.440713 0.858018 0.60768 0.669138 0.158747 0.816678 0.448639 0.591492 0.655629 0.344828 0.275546 
0.637597 0.1 0.310237 0.392218 0.633451 0.758724 0.834042 0.527353 0.884941 0.727312 0.683492 0.521033 0.726931 0.9 0.147297 0.511652 0.590343 0.572499 0.1 0.9 0.9 0.13696 0.417615 0.746141 0.173368 0.438495 0.139712 0.849648 0.103375 0.371451 0.9 0.812444 0.459162 0.114721 0.1 0.1 0.830996 0.159823 0.540836 0.797235 0.676225 0.330306 0.138116 0.519824 0.237807 0.307995 0.130098 0.672285 0.871892 0.197555 0.645407 0.9 0.10413 0.1 0.704306 0.399641 0.546963 0.833476 0.219484 0.512042 0.262171 0.1 0.412076 0.750062 0.1 0.512515 0.9 0.130092 0.521376 0.58592 0.703902 0.443892 0.874928 0.9 0.9 0.1 0.396899 0.887328 0.9 0.353312 0.137849 0.456288 0.26589 0.150894 0.531272 0.1 0.409996 0.1 0.9 0.642861 0.9 0.127395 0.56505 0.11825 0.824056 0.9 0.790233 0.9 0.9 0.32022 0.469465 0.707769 0.555064 0.429032 0.645053 0.453428 0.461576 0.116802 0.408557 0.402841 0.408263 0.476487 0.893324 0.596092 0.641246 0.660482 0.518897 0.103144 0.9 0.529706 0.892828 0.631415 0.642521 0.606563 0.9 0.644428 0.363555 0.497267 0.523254 0.36172 0.874738 0.1 0.1 0.403521 0.408423 0.672306 0.9 0.9 0.818818 0.433767 0.215532 0.134986 0.797112 0.13479 0.69811 0.547069 0.810434 0.456227 0.677881 0.652552 0.9 0.614943 0.288631 0.498381 0.1 0.1 0.208808 0.419656 0.657787 0.753574 0.745547 0.516899 0.761295 0.751654 0.856088 0.1 0.514018 0.9 0.850624 0.314455 0.25559 0.218576 0.233465 0.147981 0.323705 0.141329 0.630201 0.1 0.433831 0.522227 0.744811 0.342223 0.1 0.149985 0.843797 0.1 0.1 0.1 0.611925 0.766896 0.89186 0.3852 0.163749 0.588968 0.105017 0.1 0.9 0.630209 0.9 0.80929 0.9 0.1 0.1 0.261812 0.26472 0.386664 0.255846 0.119072 0.548265 0.778599 0.606765 0.295713 0.1 0.61569 0.283651 0.191175 0.852656 0.502762 0.333072 0.489695 0.230775 0.107184 0.9 0.539287 0.865625 0.14095 0.511279 0.657171 0.702759 0.431132 0.482912 0.582259 0.661893 0.502105 0.849384 0.9 0.9 0.1 0.1 0.44218 0.895699 0.588492 0.843578 0.875446 0.34604 0.1 0.1 0.1 0.548636 0.385114 0.637597 0.1 
0.660405 0.565282 0.317634 0.401788 0.760546 0.723995 0.131576 0.375393 0.29667 0.464577 0.222825 0.763178 0.172564 0.9 0.893264 0.9 0.9 0.9 0.312493 0.9 0.625652 0.870581 0.9 0.9 0.123719 0.9 0.9 0.752607 0.270418 0.619576 0.608734 0.752863 0.421107 0.855466 0.1 0.1 0.60787 0.241294 0.596938 0.9 0.833068 0.624183 0.694856 0.727991 0.521872 0.5594 0.625196 0.467053 0.503108 0.83417 0.366488 0.9 0.883388 0.105381 0.763737 0.9 0.9 0.800194 0.63123 0.310509 0.411002 0.273552 0.9 0.734579 0.1 0.118179 0.9 0.666697 0.436818 0.40937 0.612396 0.1 0.1 0.40094 0.9 0.479029 0.9 0.705295 0.9 0.468945 0.463631 0.2699 0.365739 0.366574 0.348746 0.1 0.405211 0.335949 0.85762 0.132666 0.474391 0.361395 0.405643 0.419351 0.145627 0.445203 0.609107 0.1 0.237539 0.1 0.475064 0.889875 0.189213 0.318017 0.354566 0.113952 0.816075 0.321284 0.777536 0.9 0.62927 0.30169 0.1 0.1 0.697878 0.364883 0.1 0.1 0.657548 0.1 0.281301 0.1 0.481081 0.580392 0.623449 0.680778 0.1 0.321142 0.624441 0.401458 0.279079 0.1 0.241159 0.41767 0.627953 0.559701 0.640796 0.546209 0.9 0.404887 0.376796 0.489389 0.716415 0.495632 0.505237 0.488718 0.891128 0.747618 0.613208 0.51482 0.9 0.809764 0.623612 0.437929 0.411821 0.260077 0.102188 0.458413 0.569188 0.794744 0.9 0.9 0.9 0.320756 0.335972 0.519742 0.9 0.9 0.236109 0.561311 0.322904 0.335671 0.1 0.9 0.9 0.70451 0.484325 0.637037 0.539161 0.875725 0.345877 0.390044 0.652958 0.9 0.721694 0.108458 0.235401 0.674006 0.708235 0.9 0.531879 0.647165 0.584383 0.451407 0.9 0.889916 0.9 0.730746 0.9 0.9 0.39758 0.1 0.32489 0.488859 0.1 0.1 0.338819 0.521428 0.9 0.9 0.523677 0.1 0.1 0.263027 0.126455 0.763149 0.509501 0.416511 0.5353 0.150935 0.152919 0.1 0.722702 0.887024 0.627693 0.500213 0.9 0.446784 0.346182 0.672197 0.351999 0.60164 0.9 0.567534 0.188929 0.9 0.794309 0.480612 0.480659 0.649709 0.329852 0.175191 0.800446 0.601054 0.321464 0.868649 0.382194 0.585917 0.332378 0.1 0.660405 0.565282 
0.27513 0.459674 0.539678 0.670317 0.9 0.442182 0.1 0.257827 0.1 0.445084 0.767943 0.201674 0.1 0.1 0.116233 0.874784 0.614801 0.565234 0.570455 0.9 0.582036 0.452943 0.318019 0.9 0.326886 0.646361 0.564565 0.671579 0.628094 0.303591 0.277702 0.9 0.673158 0.9 0.47781 0.554606 0.3588 0.559748 0.846778 0.568034 0.9 0.682229 0.47407 0.117376 0.668751 0.587921 0.9 0.281817 0.1 0.380327 0.1 0.675937 0.776871 0.32368 0.595677 0.136591 0.1 0.1 0.706791 0.603509 0.420451 0.1 0.498722 0.136729 0.852416 0.9 0.693468 0.1 0.509802 0.551192 0.545846 0.464599 0.261237 0.1 0.42508 0.133434 0.531522 0.402741 0.322683 0.617656 0.717982 0.343215 0.384368 0.533374 0.626324 0.1 0.554453 0.574816 0.142723 0.271433 0.373299 0.51479 0.379288 0.896464 0.528928 0.14361 0.866094 0.25425 0.253138 0.349632 0.714544 0.815604 0.842251 0.140862 0.89059 0.296362 0.174823 0.322053 0.66923 0.351127 0.1 0.455153 0.496827 0.552784 0.9 0.359141 0.495486 0.57422 0.9 0.81273 0.89794 0.29498 0.297754 0.1 0.160472 0.811406 0.380717 0.821919 0.160876 0.423868 0.326781 0.8549 0.304681 0.137964 0.844818 0.138015 0.343178 0.1 0.480497 0.1 0.303644 0.610659 0.622747 0.80038 0.202074 0.342528 0.118433 0.754001 0.866734 0.125757 0.530716 0.756571 0.441187 0.9 0.885162 0.55155 0.648623 0.156131 0.389963 0.9 0.68419 0.709332 0.9 0.9 0.762159 0.898552 0.1 0.326757 0.781417 0.622521 0.331584 0.168492 0.1 0.891816 0.152266 0.309129 0.245716 0.317328 0.1 0.247629 0.397004 0.625131 0.117503 0.687498 0.62335 0.809282 0.127731 0.286586 0.1 0.522512 0.141848 0.628984 0.262962 0.1 0.567168 0.203401 0.852638 0.682827 0.307668 0.612846 0.333853 0.547548 0.89274 0.459948 0.305865 0.1 0.693942 0.605697 0.469283 0.9 0.9 0.721824 0.650322 0.878656 0.406008 0.171185 0.636141 0.637652 0.456003 0.859824 0.196763 0.475796 0.534325 0.425674 0.570076 0.1 0.415369 0.508501 0.9 0.579175 0.1 0.1 0.1 0.1 0.518644 0.505935 0.1 0.309558 0.108697 0.341443 0.335128 0.793091 0.254911 0.809648 0.739111 0.554118 0.105657 0.390767 0.1 0.415391 0.27513 0.459674 
0.281987 0.721428 0.691141 0.741475 0.9 0.1 0.1 0.9 0.628493 0.307018 0.16793 0.657117 0.324983 0.538201 0.242066 0.415676 0.9 0.442492 0.634357 0.396592 0.236883 0.860501 0.178733 0.9 0.524283 0.248019 0.350812 0.631807 0.68541 0.547116 0.1 0.700282 0.375526 0.696623 0.51779 0.331977 0.739141 0.583276 0.194031 0.370951 0.9 0.108641 0.252778 0.219222 0.796576 0.57483 0.615179 0.790087 0.890188 0.403821 0.1 0.1 0.247435 0.309019 0.9 0.861588 0.454978 0.302012 0.427154 0.170027 0.867994 0.544579 0.9 0.298098 0.300825 0.402809 0.590679 0.1 0.848349 0.806572 0.522326 0.9 0.9 0.667103 0.280611 0.631366 0.34141 0.844914 0.559476 0.114974 0.281229 0.526511 0.107403 0.578487 0.881148 0.1 0.370572 0.333622 0.451252 0.9 0.400634 0.401532 0.351739 0.316235 0.699692 0.624568 0.656349 0.354438 0.593482 0.622971 0.1 0.1 0.550428 0.1 0.879214 0.856016 0.809427 0.152402 0.549161 0.419826 0.1 0.833089 0.148224 0.318313 0.475378 0.896054 0.603748 0.874329 0.380496 0.883437 0.778716 0.59823 0.351372 0.12141 0.794567 0.175178 0.653231 0.568477 0.373329 0.441947 0.1 0.579944 0.565256 0.580819 0.672663 0.300694 0.52019 0.514317 0.423839 0.1 0.1 0.610317 0.851843 0.225603 0.770234 0.462318 0.1 0.374311 0.303341 0.295343 0.41187 0.9 0.9 0.745571 0.179474 0.887014 0.9 0.847025 0.379828 0.304385 0.30948 0.496192 0.9 0.782111 0.101928 0.422297 0.1 0.452812 0.233925 0.518742 0.627466 0.1 0.19143 0.670213 0.241957 0.1 0.1 0.395373 0.527311 0.346432 0.676855 0.9 0.269535 0.651049 0.689076 0.448234 0.537027 0.497173 0.115488 0.9 0.871028 0.519946 0.383839 0.609632 0.302265 0.450344 0.177312 0.369074 0.200633 0.313868 0.861913 0.9 0.343734 0.1 0.535321 0.560067 0.378451 0.693458 0.9 0.9 0.163669 0.680158 0.9 0.414508 0.43238 0.509072 0.693391 0.869345 0.166242 0.9 0.843141 0.161037 0.248019 0.324697 0.69257 0.529192 0.9 0.9 0.9 0.1 0.1 0.665129 0.111308 0.441158 0.9 0.663188 0.1 0.288365 0.343135 0.107684 0.1 0.560842 0.568091 0.164763 0.669565 0.1 0.531546 0.363188 0.1 0.658979 0.281987 0.721428 
0.230281 0.541697 0.332115 0.573508 0.9 0.312485 0.448995 0.790384 0.516274 0.557655 0.544509 0.524613 0.118831 0.515221 0.279201 0.1 0.9 0.609113 0.172231 0.847112 0.1 0.9 0.897569 0.9 0.9 0.600614 0.364512 0.1 0.427326 0.51164 0.1 0.230408 0.1 0.456074 0.9 0.13911 0.68568 0.38602 0.780298 0.235736 0.840647 0.472031 0.589409 0.1 0.9 0.893355 0.168548 0.647225 0.639633 0.366307 0.616469 0.695947 0.14361 0.614774 0.700898 0.158154 0.208087 0.1 0.122768 0.598118 0.684955 0.320921 0.9 0.750171 0.710998 0.731032 0.895994 0.428607 0.164861 0.597072 0.607832 0.9 0.129449 0.18477 0.1 0.1 0.1 0.110123 0.773981 0.645463 0.463995 0.562979 0.536179 0.512151 0.276431 0.244525 0.633152 0.481311 0.422024 0.9 0.1 0.1 0.1 0.1 0.737466 0.9 0.790297 0.545464 0.435976 0.831208 0.352258 0.9 0.9 0.210579 0.2067 0.874152 0.474908 0.261841 0.1 0.1 0.1 0.552178 0.588594 0.56852 0.13344 0.9 0.9 0.75825 0.333545 0.287277 0.582692 0.542283 0.297507 0.606771 0.641037 0.1 0.503733 0.466039 0.681 0.83626 0.352637 0.9 0.9 0.144042 0.1 0.120317 0.892701 0.532266 0.414195 0.854356 0.577728 0.518566 0.525539 0.112765 0.137429 0.476805 0.1 0.1 0.305722 0.397143 0.307989 0.9 0.9 0.576176 0.43001 0.626178 0.604293 0.158835 0.1 0.29238 0.9 0.240592 0.164454 0.647551 0.311077 0.357651 0.589147 0.216065 0.739438 0.1 0.1 0.369062 0.545898 0.601965 0.63626 0.539674 0.1 0.690582 0.636663 0.331722 0.119561 0.874068 0.1 0.110295 0.488173 0.634108 0.662934 0.154352 0.5837 0.894534 0.532475 0.456461 0.1 0.514387 0.240829 0.397311 0.9 0.896697 0.623966 0.555008 0.113526 0.621744 0.1 0.470522 0.169323 0.649328 0.187842 0.27908 0.502185 0.9 0.627386 0.517189 0.9 0.723387 0.603657 0.363791 0.43237 0.464111 0.302008 0.1 0.299584 0.740282 0.608073 0.322042 0.392373 0.898695 0.668908 0.208069 0.87134 0.273999 0.712822 0.9 0.9 0.9 0.452409 0.1 0.473224 0.578965 0.434619 0.852922 0.489747 0.9 0.50171 0.315602 0.679878 0.1 0.520847 0.126991 0.445768 0.10524 0.230281 0.541697 
0.659224 0.837836 0.120233 0.1 0.738137 0.684551 0.369476 0.603272 0.849057 0.149386 0.383337 0.837647 0.867052 0.9 0.9 0.466859 0.442542 0.1 0.328341 0.897391 0.159883 0.667843 0.305047 0.772244 0.9 0.9 0.9 0.503137 0.8033 0.124502 0.1 0.669056 0.882706 0.330678 0.9 0.718492 0.9 0.120937 0.426933 0.773565 0.190523 0.717007 0.641483 0.1 0.590956 0.585272 0.385332 0.145832 0.615 0.839124 0.202038 0.628706 0.607331 0.271162 0.435479 0.447839 0.105974 0.271811 0.857484 0.9 0.419994 0.1 0.696262 0.379847 0.446487 0.442049 0.139593 0.390274 0.55582 0.444812 0.418226 0.888583 0.26897 0.1138 0.893382 0.9 0.511408 0.509927 0.898788 0.173102 0.32743 0.9 0.9 0.1 0.1 0.18776 0.535368 0.32591 0.4616 0.57159 0.288695 0.822649 0.775447 0.838455 0.315551 0.100844 0.422312 0.430813 0.440936 0.158942 0.9 0.9 0.9 0.190697 0.795204 0.9 0.874927 0.469842 0.362955 0.9 0.579764 0.719261 0.758429 0.511174 0.674542 0.9 0.731592 0.271883 0.196168 0.1 0.881103 0.483926 0.1 0.47482 0.453057 0.307395 0.678793 0.9 0.676607 0.201538 0.838793 0.627722 0.9 0.863597 0.707823 0.9 0.9 0.624838 0.195661 0.325785 0.483458 0.883658 0.9 0.128871 0.32092 0.561409 0.1 0.1 0.813575 0.398348 0.225162 0.784379 0.731745 0.347585 0.231288 0.1 0.616295 0.81106 0.118964 0.37451 0.9 0.114345 0.846238 0.9 0.9 0.625864 0.764308 0.707676 0.116721 0.1 0.1 0.540505 0.9 0.9 0.804064 0.308473 0.533249 0.868339 0.39226 0.442878 0.25962 0.464252 0.29242 0.823005 0.82678 0.486108 0.113565 0.297938 0.392109 0.195695 0.810487 0.375179 0.100027 0.698096 0.232214 0.1 0.323964 0.191896 0.820997 0.595451 0.1 0.880073 0.137192 0.893381 0.9 0.9 0.124786 0.430833 0.864054 0.495499 0.889248 0.139099 0.9 0.1 0.1 0.571127 0.671081 0.269185 0.1 0.1 0.4217 0.9 0.449222 0.579893 0.530336 0.669141 0.77184 0.828542 0.681712 0.6342 0.568168 0.634674 0.635933 0.765297 0.512338 0.448811 0.672682 0.678498 0.884868 0.620644 0.130073 0.9 0.665778 0.9 0.9 0.692285 0.496623 0.642247 0.9 0.475184 0.659224 0.837836 
0.119615 0.141592 0.856344 0.9 0.788325 0.716704 0.9 0.465958 0.381592 0.280271 0.107503 0.809699 0.179644 0.569928 0.394826 0.728239 0.309039 0.1 0.331718 0.39324 0.831384 0.112481 0.1 0.857909 0.853346 0.573076 0.727045 0.654615 0.202012 0.319821 0.1 0.311585 0.473729 0.1 0.1 0.361059 0.9 0.9 0.667818 0.306075 0.273711 0.694651 0.107991 0.361791 0.342207 0.416521 0.12021 0.554806 0.66373 0.653954 0.871115 0.688638 0.518869 0.1 0.579985 0.400376 0.624781 0.283609 0.131884 0.674402 0.632961 0.38986 0.859189 0.298311 0.41537 0.125691 0.381672 0.382715 0.1 0.1 0.461984 0.461479 0.840481 0.702922 0.70342 0.261015 0.13552 0.9 0.9 0.868032 0.513759 0.9 0.472429 0.137946 0.750075 0.178323 0.401183 0.611854 0.429441 0.493137 0.288408 0.181198 0.874976 0.400963 0.262601 0.322681 0.371451 0.770294 0.675304 0.390185 0.898399 0.402364 0.638785 0.652299 0.171795 0.315188 0.106226 0.188704 0.292801 0.887355 0.108465 0.606005 0.721149 0.529117 0.639489 0.733793 0.562381 0.114528 0.241668 0.1 0.669482 0.62626 0.1 0.55082 0.883049 0.537144 0.876592 0.314943 0.260369 0.505485 0.611849 0.123574 0.896799 0.413129 0.9 0.9 0.682423 0.841223 0.213428 0.815624 0.9 0.192987 0.455872 0.562542 0.628971 0.140496 0.303874 0.284968 0.141282 0.600811 0.487159 0.847257 0.411999 0.547969 0.302321 0.134065 0.102541 0.108539 0.353205 0.309057 0.646603 0.1 0.428685 0.626245 0.37392 0.345734 0.524916 0.9 0.374903 0.568132 0.608596 0.198966 0.796765 0.206034 0.9 0.496612 0.352267 0.145572 0.827762 0.556877 0.9 0.433662 0.251613 0.190228 0.851885 0.654325 0.308161 0.1 0.9 0.9 0.370277 0.557928 0.871187 0.757205 0.1 0.213298 0.1 0.524338 0.1702 0.282299 0.263719 0.9 0.499392 0.1 0.1 0.398823 0.575349 0.398087 0.569988 0.599169 0.896432 0.419394 0.871732 0.300968 0.431166 0.9 0.9 0.9 0.9 0.68182 0.607762 0.357885 0.218112 0.445772 0.1 0.39322 0.627224 0.125819 0.1 0.9 0.447483 0.345206 0.9 0.9 0.497241 0.9 0.295007 0.1 0.464651 0.749943 0.591355 0.301077 0.1 0.609133 0.578032 0.611125 0.498414 0.456755 0.450199 0.46952 0.119615 0.141592 
0.631584 0.401308 0.580599 0.9 0.72441 0.372702 0.9 0.681102 0.258469 0.282548 0.1 0.1 0.163987 0.411254 0.1 0.493057 0.478395 0.35113 0.272437 0.1 0.668284 0.41133 0.653026 0.417142 0.844989 0.423264 0.607952 0.421008 0.872902 0.9 0.364794 0.568805 0.363624 0.869961 0.564717 0.818498 0.162122 0.411991 0.68822 0.302918 0.641026 0.741909 0.399676 0.891661 0.157239 0.371313 0.325231 0.670443 0.79117 0.631273 0.783661 0.495484 0.118543 0.41722 0.718376 0.1 0.70737 0.527237 0.32985 0.615536 0.4119 0.646391 0.348753 0.522278 0.621017 0.619824 0.645956 0.59906 0.1 0.231557 0.121316 0.506543 0.170139 0.382132 0.564084 0.32646 0.691738 0.9 0.9 0.689103 0.578439 0.666448 0.130249 0.515794 0.197184 0.802078 0.777945 0.9 0.398649 0.1 0.480805 0.652499 0.9 0.719881 0.36622 0.437869 0.54944 0.875071 0.289061 0.42559 0.309458 0.186341 0.1 0.343913 0.541478 0.674861 0.597534 0.414405 0.612085 0.568332 0.1 0.262678 0.1 0.1 0.1 0.308109 0.120713 0.666104 0.383859 0.350999 0.9 0.9 0.146429 0.865177 0.690633 0.318257 0.43375 0.1 0.259003 0.556421 0.523512 0.444316 0.9 0.697986 0.781998 0.505554 0.427859 0.471837 0.791423 0.261598 0.9 0.9 0.431988 0.1 0.117483 0.327608 0.426768 0.1 0.234609 0.677135 0.416688 0.167556 0.491538 0.470465 0.1 0.1 0.833166 0.415782 0.1 0.1 0.103727 0.581698 0.699361 0.9 0.477023 0.387334 0.354518 0.9 0.9 0.1 0.1 0.581649 0.152308 0.37033 0.753726 0.148785 0.877144 0.227767 0.220321 0.126896 0.9 0.67136 0.326711 0.391616 0.1 0.298875 0.602058 0.1 0.75804 0.890143 0.140685 0.632464 0.611702 0.9 0.585992 0.875496 0.368922 0.9 0.725417 0.1 0.10633 0.709797 0.727538 0.1 0.231186 0.489732 0.279497 0.118481 0.699796 0.474845 0.175751 0.535289 0.228573 0.317741 0.288614 0.35663 0.772447 0.89027 0.488731 0.464309 0.678101 0.512677 0.1 0.1 0.387836 0.630207 0.156182 0.554438 0.56242 0.9 0.686528 0.573652 0.673225 0.569802 0.647104 0.9 0.1 0.1 0.864027 0.84423 0.522779 0.1 0.504347 0.708488 0.660113 0.666728 0.107194 0.309177 0.619136 0.512189 0.631584 0.401308 
0.142864 0.868612 0.549393 0.475138 0.66781 0.594347 0.100146 0.1 0.493572 0.791675 0.695275 0.201951 0.294529 0.433092 0.1 0.226068 0.512079 0.1 0.1 0.1 0.241898 0.596381 0.9 0.744258 0.425843 0.847528 0.1 0.1 0.570176 0.881449 0.422222 0.536542 0.726213 0.9 0.872799 0.52591 0.542301 0.9 0.652693 0.1 0.664011 0.394672 0.45295 0.9 0.892852 0.504131 0.118794 0.382359 0.544584 0.139669 0.486661 0.761887 0.692478 0.439641 0.579607 0.1 0.383151 0.561261 0.138051 0.9 0.507521 0.513965 0.325648 0.355631 0.359612 0.362962 0.675117 0.10215 0.266887 0.345739 0.210315 0.101958 0.638564 0.659878 0.9 0.565339 0.1 0.1 0.1 0.648588 0.356548 0.572862 0.49863 0.1 0.1 0.1 0.1 0.487201 0.649306 0.205619 0.312701 0.304384 0.740921 0.628162 0.48592 0.124356 0.835933 0.414158 0.1 0.260348 0.583745 0.371604 0.285931 0.284306 0.1 0.146337 0.876915 0.1 0.36045 0.9 0.9 0.669461 0.546677 0.444782 0.641779 0.574017 0.526387 0.9 0.9 0.318046 0.126812 0.277352 0.456964 0.819223 0.85909 0.12344 0.9 0.9 0.397821 0.1 0.1 0.1 0.396465 0.32045 0.400729 0.41099 0.557685 0.303188 0.680699 0.810849 0.442033 0.509724 0.503161 0.9 0.9 0.11438 0.390099 0.521336 0.9 0.5327 0.74303 0.9 0.632359 0.423236 0.63201 0.513203 0.593402 0.500829 0.423183 0.9 0.511045 0.557944 0.9 0.9 0.9 0.401719 0.327591 0.448768 0.650269 0.1 0.190848 0.9 0.596803 0.678926 0.747065 0.546842 0.9 0.235814 0.1 0.649676 0.681528 0.9 0.685384 0.308636 0.1 0.467695 0.9 0.628448 0.9 0.328251 0.496335 0.578135 0.684523 0.653119 0.53871 0.635366 0.854984 0.9 0.9 0.660588 0.818689 0.144658 0.492699 0.513097 0.9 0.354299 0.118675 0.552545 0.491184 0.1 0.270895 0.243827 0.717938 0.18048 0.278407 0.104568 0.511844 0.126831 0.707364 0.575331 0.445231 0.412013 0.1 0.1 0.895441 0.73065 0.674097 0.9 0.634449 0.658936 0.523641 0.6145 0.847605 0.837362 0.164652 0.614409 0.227248 0.239095 0.358948 0.704184 0.453395 0.653537 0.9 0.39009 0.825419 0.370055 0.348057 0.457646 0.475838 0.1 0.142864 0.868612 
0.883387 0.267546 0.1 0.559368 0.9 0.767235 0.45326 0.523137 0.434451 0.858401 0.267364 0.1 0.837958 0.496782 0.707125 0.306165 0.57142 0.1 0.1 0.853091 0.824862 0.9 0.373718 0.611436 0.1 0.660366 0.1 0.525293 0.831345 0.16886 0.388052 0.436168 0.422435 0.461853 0.147208 0.204089 0.106064 0.538909 0.875207 0.582356 0.461533 0.1 0.662857 0.51463 0.514931 0.539188 0.567601 0.1 0.600935 0.584489 0.11115 0.34818 0.615118 0.415348 0.9 0.652601 0.1 0.1 0.283105 0.9 0.394914 0.692606 0.446214 0.571235 0.113295 0.410953 0.876606 0.409033 0.9 0.769485 0.9 0.530424 0.882906 0.727643 0.9 0.314215 0.1 0.57261 0.369036 0.661367 0.41322 0.532198 0.826825 0.155604 0.834563 0.9 0.783859 0.887461 0.1 0.1 0.609722 0.405053 0.9 0.1 0.1 0.1 0.567657 0.9 0.426113 0.451572 0.676274 0.433218 0.881078 0.664604 0.9 0.9 0.9 0.1 0.413504 0.396793 0.790711 0.9 0.9 0.696573 0.9 0.720361 0.686312 0.668003 0.566184 0.771731 0.9 0.265983 0.116383 0.582077 0.405132 0.1 0.752073 0.894804 0.10248 0.1 0.334509 0.854363 0.511735 0.1 0.484618 0.472068 0.874126 0.543245 0.477267 0.596847 0.822563 0.315013 0.29926 0.668503 0.9 0.279146 0.292773 0.594747 0.9 0.890239 0.541727 0.702429 0.1 0.529778 0.387861 0.478087 0.641751 0.1 0.26023 0.9 0.121609 0.548695 0.763766 0.696574 0.701192 0.26833 0.152244 0.635146 0.9 0.528155 0.1 0.64192 0.880772 0.530695 0.329457 0.730439 0.717592 0.56232 0.410558 0.696634 0.400424 0.9 0.486455 0.397344 0.417066 0.9 0.9 0.176393 0.883134 0.1 0.1 0.1 0.722325 0.9 0.759904 0.34714 0.194862 0.827596 0.206391 0.863838 0.456054 0.295183 0.585925 0.25506 0.9 0.9 0.848869 0.644462 0.471328 0.311076 0.372531 0.739657 0.250623 0.510728 0.367585 0.466612 0.439717 0.1 0.688287 0.402941 0.30487 0.67402 0.472851 0.1 0.599927 0.271825 0.399109 0.71792 0.1 0.541947 0.651241 0.50413 0.848241 0.420075 0.582669 0.609021 0.137417 0.511596 0.245885 0.66755 0.880888 0.576033 0.478859 0.1 0.1 0.713041 0.617734 0.626208 0.858128 0.382093 0.883387 0.267546 
0.9 0.459186 0.245708 0.598105 0.662868 0.657354 0.385227 0.628354 0.293389 0.109527 0.1 0.1 0.354474 0.727158 0.9 0.549374 0.303906 0.1 0.1 0.254665 0.563625 0.581364 0.297794 0.698234 0.358655 0.9 0.368759 0.264566 0.117752 0.27551 0.531771 0.235513 0.724539 0.9 0.9 0.38812 0.43504 0.1 0.167778 0.662281 0.1 0.1 0.9 0.548536 0.9 0.9 0.167038 0.1 0.799636 0.181039 0.235372 0.516424 0.720363 0.557391 0.340534 0.1 0.441585 0.562971 0.362316 0.719711 0.9 0.9 0.9 0.76006 0.598194 0.651963 0.104102 0.260257 0.844158 0.189205 0.9 0.871197 0.353209 0.889451 0.550546 0.1 0.649605 0.543085 0.1 0.636148 0.68988 0.417454 0.185806 0.253627 0.178503 0.460369 0.465002 0.519241 0.1 0.647852 0.109757 0.1 0.549273 0.121742 0.864786 0.366181 0.686044 0.9 0.621135 0.446595 0.11014 0.508999 0.539932 0.25147 0.480921 0.1 0.283848 0.190684 0.51523 0.45609 0.9 0.360043 0.856522 0.164313 0.659517 0.9 0.539045 0.1 0.465448 0.666735 0.9 0.64302 0.715915 0.528059 0.582213 0.613647 0.894282 0.435772 0.455572 0.414942 0.725493 0.592561 0.874299 0.315776 0.710456 0.471951 0.376806 0.9 0.704416 0.844027 0.463876 0.514433 0.1 0.1 0.641918 0.660061 0.1 0.134578 0.9 0.586957 0.9 0.613072 0.1 0.558045 0.104124 0.669496 0.342006 0.1 0.1 0.713549 0.515928 0.9 0.376161 0.375979 0.1 0.116047 0.774526 0.562726 0.9 0.580365 0.257427 0.305793 0.101799 0.232766 0.521026 0.638409 0.157232 0.507471 0.9 0.9 0.118152 0.7736 0.487673 0.1 0.389776 0.768361 0.9 0.615039 0.748763 0.1 0.392739 0.269254 0.863702 0.774647 0.639502 0.105936 0.554197 0.669777 0.337633 0.656332 0.1 0.657014 0.886401 0.388535 0.866667 0.446931 0.193704 0.9 0.9 0.9 0.869568 0.176851 0.639526 0.36438 0.188829 0.1 0.1 0.1 0.9 0.731942 0.1 0.351286 0.841449 0.149181 0.854003 0.561464 0.133597 0.616916 0.184405 0.507134 0.410015 0.285609 0.139158 0.259949 0.523294 0.170859 0.632082 0.669259 0.10044 0.597431 0.725793 0.9 0.710146 0.361546 0.1 0.9 0.61048 0.202726 0.122443 0.398419 0.9 0.459186 
0.1 0.87416 0.417227 0.698613 0.573034 0.526582 0.360032 0.807801 0.9 0.723616 0.1 0.1 0.130182 0.614723 0.408544 0.869621 0.421984 0.301898 0.502624 0.1 0.1 0.339096 0.386218 0.39959 0.301538 0.9 0.62441 0.41679 0.370814 0.504929 0.68512 0.1 0.44647 0.126426 0.9 0.1 0.490423 0.317012 0.844176 0.504612 0.1 0.1 0.54024 0.101417 0.781951 0.9 0.829219 0.1 0.168832 0.387806 0.1 0.288842 0.755908 0.637119 0.626149 0.1 0.474346 0.364889 0.395208 0.9 0.798554 0.123601 0.1 0.227503 0.191697 0.857303 0.408328 0.578543 0.110954 0.145224 0.1 0.108892 0.251234 0.703862 0.264119 0.1 0.458357 0.222137 0.1 0.541698 0.654279 0.427804 0.84395 0.626824 0.86436 0.559567 0.554522 0.60662 0.695681 0.9 0.517791 0.453738 0.167208 0.606246 0.9 0.313996 0.516867 0.343497 0.899373 0.771117 0.48264 0.9 0.9 0.800588 0.604589 0.277084 0.699549 0.232608 0.502746 0.9 0.9 0.1 0.415332 0.586845 0.572367 0.366834 0.236536 0.131667 0.784602 0.1 0.130706 0.381481 0.545818 0.1 0.1 0.381533 0.486344 0.614173 0.621065 0.36786 0.452631 0.1 0.311854 0.363927 0.9 0.9 0.616016 0.650945 0.1 0.110864 0.62354 0.9 0.1 0.1 0.694164 0.744284 0.371959 0.881714 0.9 0.315666 0.880266 0.150547 0.583395 0.481378 0.242798 0.697358 0.9 0.673853 0.356496 0.644436 0.9 0.9 0.676683 0.25625 0.21283 0.46995 0.404524 0.857216 0.362636 0.456847 0.9 0.9 0.339022 0.168847 0.820051 0.180777 0.640571 0.321584 0.9 0.714194 0.497648 0.9 0.728736 0.1 0.449598 0.9 0.9 0.477308 0.503454 0.328557 0.9 0.556901 0.119769 0.597078 0.713565 0.268449 0.319794 0.883582 0.114418 0.431513 0.428805 0.884378 0.555279 0.604105 0.150538 0.341053 0.882022 0.800524 0.666007 0.776672 0.515234 0.1 0.640119 0.248498 0.226647 0.1 0.1 0.1 0.559011 0.756778 0.264001 0.410838 0.411026 0.243395 0.133517 0.1 0.536035 0.313057 0.1 0.636276 0.777119 0.487962 0.61791 0.1 0.13029 0.577676 0.576656 0.9 0.456711 0.137109 0.717934 0.9 0.379729 0.441117 0.1 0.51017 0.60811 0.382835 0.484181 0.238397 0.1 0.87416 
0.1 0.46912 0.216895 0.640547 0.612579 0.81687 0.157652 0.538939 0.586638 0.71569 0.114409 0.223395 0.795503 0.435548 0.856119 0.537266 0.279806 0.412391 0.632449 0.1 0.400648 0.899983 0.56508 0.559157 0.429349 0.319296 0.9 0.9 0.475647 0.175688 0.830265 0.1 0.435502 0.1 0.864213 0.100602 0.9 0.9 0.64734 0.427309 0.542157 0.605327 0.664211 0.547498 0.883671 0.579033 0.1 0.1 0.822093 0.757496 0.212167 0.382232 0.695868 0.785278 0.867893 0.1 0.136621 0.762138 0.124265 0.499149 0.9 0.896904 0.570431 0.494664 0.805467 0.441375 0.461834 0.645453 0.1 0.1 0.1 0.66645 0.715695 0.656162 0.393469 0.537273 0.346773 0.396487 0.872183 0.153341 0.1 0.1 0.632482 0.861363 0.817642 0.590548 0.9 0.875608 0.576563 0.853941 0.355629 0.443935 0.879663 0.9 0.820986 0.663788 0.290033 0.168055 0.450561 0.421286 0.278628 0.484055 0.181852 0.832005 0.205533 0.453111 0.585822 0.513328 0.86581 0.486631 0.605985 0.1 0.350231 0.1 0.1 0.252354 0.675373 0.838474 0.19338 0.1 0.825067 0.417468 0.461849 0.648912 0.1 0.260938 0.509963 0.438015 0.531634 0.887197 0.9 0.749608 0.394851 0.107065 0.690282 0.639694 0.557242 0.383982 0.1 0.417083 0.808224 0.644098 0.640764 0.234143 0.9 0.708302 0.47209 0.589066 0.61028 0.510051 0.620993 0.613855 0.874637 0.10734 0.325978 0.1 0.420475 0.9 0.485115 0.895852 0.853687 0.312249 0.522011 0.251047 0.287917 0.419794 0.828195 0.9 0.68801 0.878812 0.378791 0.463243 0.575924 0.824143 0.741704 0.315155 0.655435 0.111827 0.866622 0.346417 0.567515 0.576202 0.9 0.491059 0.563621 0.353245 0.509902 0.838303 0.219604 0.815043 0.9 0.9 0.260407 0.311549 0.1 0.428224 0.729218 0.897433 0.386342 0.378388 0.885876 0.776695 0.645437 0.439738 0.570943 0.45989 0.700883 0.35197 0.470088 0.645223 0.534978 0.1 0.1 0.433835 0.606122 0.643049 0.616114 0.1 0.634967 0.701828 0.100489 0.462136 0.54143 0.50974 0.870513 0.746009 0.9 0.545741 0.619634 0.390249 0.9 0.588533 0.9 0.685641 0.851865 0.544412 0.1 0.628323 0.750702 0.543549 0.365121 0.36744 0.661379 0.464763 0.629034 0.431649 0.115884 0.295743 0.666573 0.646404 0.1 0.46912 
0.548128 0.713538 0.1 0.1 0.395272 0.138154 0.488325 0.284716 0.318797 0.499402 0.83937 0.1 0.117375 0.654948 0.646331 0.145835 0.374732 0.483784 0.723172 0.687241 0.690309 0.568686 0.1 0.47172 0.858496 0.299129 0.9 0.702528 0.9 0.873827 0.396373 0.201593 0.600398 0.42542 0.336964 0.1 0.56037 0.88629 0.531 0.659635 0.360524 0.315895 0.9 0.412198 0.140683 0.523964 0.511238 0.385284 0.11224 0.221672 0.261185 0.716342 0.68747 0.353965 0.11955 0.599727 0.499941 0.199337 0.169482 0.616573 0.897943 0.678755 0.710284 0.5322 0.120953 0.1 0.656859 0.688222 0.845183 0.1 0.270914 0.251171 0.409399 0.391752 0.574579 0.509351 0.789522 0.188669 0.9 0.878766 0.345175 0.1 0.593136 0.168437 0.553283 0.9 0.698897 0.154392 0.826416 0.168031 0.680102 0.9 0.656197 0.546262 0.375778 0.641528 0.478152 0.1 0.200386 0.378456 0.374978 0.556836 0.566769 0.816384 0.822748 0.265898 0.190567 0.787702 0.45174 0.1 0.728914 0.641423 0.265005 0.439335 0.690668 0.775377 0.37228 0.591054 0.890401 0.234284 0.596514 0.563471 0.1 0.1 0.1 0.400311 0.9 0.594775 0.545251 0.110274 0.1 0.869168 0.736681 0.598853 0.662351 0.632792 0.9 0.9 0.430818 0.40155 0.888681 0.17279 0.812869 0.164138 0.632455 0.76824 0.9 0.9 0.411052 0.70664 0.370354 0.865629 0.467577 0.320852 0.9 0.456111 0.737892 0.9 0.1 0.367643 0.846369 0.1 0.269205 0.450529 0.9 0.853979 0.237881 0.677253 0.604396 0.546303 0.1 0.54124 0.562314 0.154098 0.605836 0.334971 0.862664 0.5306 0.374315 0.1 0.320974 0.557015 0.9 0.677839 0.817058 0.849531 0.158815 0.536204 0.594412 0.354105 0.686618 0.65327 0.339999 0.1 0.1 0.165855 0.812147 0.227315 0.805157 0.549641 0.726181 0.845353 0.136566 0.335131 0.9 0.652833 0.66834 0.714839 0.1 0.9 0.9 0.507913 0.434546 0.863504 0.1 0.10288 0.688899 0.296113 0.722749 0.560873 0.492666 0.411486 0.18119 0.836384 0.527441 0.349981 0.877629 0.399276 0.561953 0.855043 0.9 0.1 0.756979 0.9 0.633316 0.637125 0.526764 0.111651 0.52947 0.796567 0.886015 0.445313 0.328981 0.305294 0.320706 0.367906 0.49714 0.109725 0.602044 0.365418 0.548128 0.713538 
0.617651 0.706224 0.1 0.194017 0.1 0.1 0.51545 0.664055 0.867568 0.433151 0.81146 0.617509 0.26419 0.304142 0.485493 0.807217 0.430381 0.9 0.583791 0.364048 0.406919 0.870329 0.619808 0.635701 0.275956 0.266138 0.669418 0.9 0.547526 0.356771 0.1 0.254319 0.119576 0.229536 0.446942 0.1 0.236159 0.159265 0.578476 0.185037 0.438753 0.486135 0.9 0.743695 0.710601 0.318438 0.56311 0.1 0.1 0.238231 0.333862 0.498914 0.1 0.1 0.1 0.253832 0.333326 0.823528 0.331207 0.661105 0.150813 0.242718 0.1 0.230268 0.514731 0.52296 0.464135 0.9 0.637013 0.1 0.1 0.1 0.672836 0.888031 0.9 0.431189 0.140125 0.414767 0.477118 0.381497 0.769817 0.9 0.9 0.9 0.9 0.9 0.120419 0.1 0.711359 0.360254 0.9 0.9 0.715771 0.846261 0.1 0.295154 0.373289 0.505975 0.1 0.1 0.603213 0.1 0.1 0.34105 0.1 0.1 0.740278 0.236625 0.51331 0.303545 0.424574 0.346636 0.118093 0.183503 0.361314 0.842728 0.291436 0.380143 0.9 0.114545 0.662028 0.9 0.9 0.373655 0.622904 0.111266 0.507217 0.1 0.565352 0.645805 0.1 0.444999 0.816975 0.419342 0.674472 0.896512 0.470389 0.573557 0.9 0.9 0.9 0.38263 0.450892 0.853565 0.714064 0.571753 0.9 0.9 0.9 0.9 0.9 0.653569 0.745907 0.885647 0.9 0.49914 0.895366 0.622248 0.486668 0.473511 0.342548 0.574785 0.867402 0.191326 0.832611 0.715151 0.78322 0.262712 0.124827 0.817664 0.128977 0.896398 0.460879 0.505362 0.879613 0.1 0.17733 0.9 0.843793 0.125865 0.621196 0.9 0.671804 0.46983 0.674703 0.631708 0.9 0.54341 0.146148 0.212013 0.147323 0.379232 0.9 0.9 0.592872 0.811634 0.558875 0.385297 0.105602 0.50007 0.367758 0.308149 0.422199 0.766386 0.706967 0.475874 0.9 0.880379 0.172357 0.876461 0.9 0.9 0.657228 0.50326 0.339941 0.26093 0.1 0.116129 0.829666 0.276124 0.363756 0.1 0.480475 0.374622 0.1 0.1 0.11646 0.376998 0.541552 0.200979 0.877506 0.1 0.358248 0.528604 0.789447 0.215843 0.858431 0.646164 0.9 0.9 0.554401 0.769277 0.9 0.117211 0.208704 0.13075 0.498798 0.343006 0.3393 0.489419 0.617651 0.706224 
0.898591 0.1 0.1 0.544992 0.336479 0.1 0.124379 0.803259 0.433441 0.1 0.897495 0.677575 0.529611 0.9 0.9 0.406037 0.4641 0.745124 0.392688 0.861051 0.57547 0.105363 0.1 0.86783 0.419819 0.594885 0.131352 0.579152 0.279581 0.642649 0.388906 0.897851 0.9 0.336703 0.445745 0.234227 0.409768 0.460843 0.156419 0.587047 0.589636 0.102491 0.377217 0.163884 0.843172 0.297965 0.318354 0.403059 0.1 0.579462 0.411996 0.62128 0.712782 0.543958 0.373594 0.1 0.283918 0.637391 0.691516 0.507786 0.214344 0.145695 0.211817 0.259443 0.393037 0.726101 0.545917 0.895145 0.376571 0.520969 0.625764 0.855843 0.779221 0.170681 0.9 0.679267 0.300265 0.1 0.1 0.323681 0.765177 0.738194 0.9 0.552086 0.241381 0.467056 0.573169 0.471128 0.1 0.354558 0.135202 0.29829 0.485974 0.420098 0.541949 0.886642 0.143522 0.9 0.651843 0.417454 0.63443 0.299264 0.270142 0.3711 0.370942 0.1 0.170827 0.596636 0.375706 0.248751 0.1 0.12579 0.768094 0.152788 0.603172 0.148381 0.37821 0.382523 0.591238 0.469057 0.674052 0.707993 0.76927 0.265019 0.9 0.301082 0.1 0.1 0.314826 0.9 0.529138 0.799794 0.214027 0.574805 0.3759 0.575269 0.866103 0.376311 0.345325 0.340087 0.541592 0.41253 0.399995 0.546844 0.372519 0.1 0.636374 0.9 0.534854 0.304293 0.401848 0.347123 0.844979 0.163129 0.518469 0.701645 0.508345 0.611273 0.880443 0.769642 0.398769 0.380654 0.713684 0.393227 0.207654 0.800295 0.145767 0.1 0.148105 0.415835 0.340406 0.9 0.685813 0.778905 0.395044 0.1 0.833258 0.9 0.173772 0.295466 0.1 0.460643 0.644512 0.9 0.636829 0.10812 0.676264 0.125439 0.543718 0.705998 0.838946 0.119791 0.136087 0.515867 0.487634 0.153707 0.437931 0.613932 0.1 0.618834 0.148912 0.48723 0.51084 0.760149 0.417561 0.9 0.891442 0.425913 0.744012 0.191912 0.603432 0.9 0.539001 0.27375 0.828231 0.182973 0.312875 0.660024 0.1 0.1 0.408515 0.1 0.1 0.442366 0.555191 0.629135 0.487477 0.1 0.30395 0.710059 0.738487 0.371068 0.31561 0.224699 0.179318 0.431801 0.296445 0.106735 0.689135 0.1 0.1 0.373555 0.9 0.47151 0.632502 0.841635 0.626476 0.9 0.721778 0.730692 0.898591 0.1 
0.409564 0.1 0.469284 0.421663 0.624584 0.118108 0.318307 0.189861 0.80385 0.13055 0.354707 0.107522 0.401853 0.539178 0.723146 0.703924 0.454357 0.589321 0.596877 0.623835 0.9 0.627236 0.1 0.575849 0.616381 0.542785 0.45776 0.369688 0.270726 0.479694 0.418673 0.1 0.553972 0.117868 0.364119 0.24601 0.138877 0.712576 0.241599 0.164421 0.867364 0.657451 0.384024 0.353884 0.1 0.1 0.1 0.591429 0.612126 0.863717 0.157823 0.456573 0.482399 0.1 0.1 0.1 0.645518 0.594928 0.460364 0.1 0.134022 0.776405 0.192342 0.472936 0.1 0.489206 0.853214 0.271491 0.237879 0.1 0.266183 0.15873 0.838635 0.580358 0.638779 0.100493 0.600389 0.77887 0.609835 0.266072 0.658126 0.877128 0.727363 0.1 0.1 0.672949 0.390944 0.670317 0.330239 0.9 0.65815 0.363406 0.864041 0.9 0.9 0.9 0.29292 0.649812 0.13215 0.470613 0.9 0.411154 0.657196 0.783311 0.9 0.39178 0.638694 0.608988 0.1 0.464917 0.682299 0.714945 0.446989 0.479519 0.876041 0.332181 0.267021 0.230479 0.155626 0.350292 0.161901 0.9 0.721723 0.1 0.648998 0.649337 0.864647 0.9 0.372865 0.9 0.422956 0.1 0.277444 0.178043 0.801804 0.429483 0.393558 0.66795 0.9 0.496474 0.1 0.633172 0.334472 0.357766 0.104228 0.230513 0.711964 0.417617 0.607433 0.9 0.9 0.877934 0.715487 0.515334 0.9 0.326702 0.1 0.658209 0.183463 0.431027 0.700881 0.585658 0.490887 0.131432 0.482729 0.539222 0.445859 0.822921 0.173484 0.249822 0.538441 0.249409 0.186074 0.857486 0.667986 0.1 0.1 0.516964 0.488053 0.723075 0.276965 0.336528 0.576218 0.9 0.9 0.347652 0.1 0.1 0.1 0.335602 0.585964 0.9 0.841236 0.1 0.122879 0.385912 0.606169 0.472146 0.48694 0.780276 0.874501 0.9 0.18179 0.875799 0.894248 0.795774 0.179427 0.774622 0.42859 0.439602 0.605291 0.590286 0.826795 0.1 0.558825 0.836147 0.560507 0.586214 0.1 0.596115 0.9 0.636998 0.50358 0.9 0.762119 0.618354 0.404722 0.252781 0.1 0.749143 0.135417 0.867768 0.73501 0.152227 0.630688 0.671029 0.9 0.787886 0.455167 0.1 0.30507 0.1 0.625345 0.360904 0.205524 0.123276 0.194379 0.768296 0.744565 0.253208 0.409564 0.1 
0.490861 0.882193 0.666408 0.534042 0.589989 0.9 0.9 0.640904 0.807631 0.873434 0.585232 0.42858 0.1 0.301102 0.1 0.887152 0.121696 0.444668 0.13883 0.412354 0.71784 0.666964 0.731778 0.9 0.790635 0.103187 0.611877 0.548421 0.237439 0.1 0.205905 0.1 0.9 0.896468 0.590808 0.576187 0.63495 0.48511 0.1 0.400723 0.478589 0.738862 0.86787 0.4079 0.1 0.1 0.209338 0.312444 0.573534 0.434116 0.641581 0.262317 0.12809 0.442728 0.1 0.705813 0.607223 0.845347 0.437612 0.9 0.9 0.706362 0.9 0.79863 0.454211 0.413679 0.306223 0.125043 0.850521 0.417632 0.646567 0.25897 0.163899 0.642649 0.690857 0.198149 0.68632 0.9 0.488468 0.357398 0.279758 0.172573 0.6053 0.311393 0.705315 0.9 0.130373 0.343915 0.558925 0.459064 0.106266 0.37656 0.220401 0.83851 0.348071 0.487155 0.451353 0.512541 0.5851 0.442847 0.9 0.370213 0.745901 0.9 0.9 0.412049 0.149737 0.639038 0.418994 0.525102 0.188226 0.727466 0.867422 0.735093 0.192836 0.525595 0.543642 0.190985 0.777645 0.417892 0.487245 0.9 0.767381 0.568199 0.9 0.858686 0.216815 0.446673 0.456766 0.739985 0.881029 0.461991 0.9 0.551668 0.495028 0.811956 0.141577 0.563485 0.704704 0.512304 0.202176 0.9 0.262674 0.1 0.462994 0.314072 0.595563 0.1 0.394716 0.48016 0.484622 0.105446 0.446864 0.1 0.608726 0.453771 0.1 0.677077 0.878949 0.70651 0.399058 0.666025 0.154316 0.243773 0.428468 0.455065 0.30149 0.601819 0.83331 0.206281 0.837838 0.211962 0.748028 0.152835 0.276215 0.39271 0.371629 0.9 0.697946 0.896915 0.373284 0.123296 0.9 0.9 0.296955 0.423444 0.309009 0.361365 0.1 0.142565 0.1 0.41932 0.102016 0.1 0.798665 0.508772 0.546946 0.118145 0.855016 0.587767 0.123988 0.9 0.661102 0.102536 0.14075 0.8903 0.421669 0.548015 0.658753 0.1 0.210451 0.1 0.120987 0.1 0.89356 0.384866 0.491621 0.350541 0.650481 0.660249 0.610615 0.804488 0.197452 0.483323 0.9 0.9 0.9 0.498159 0.100613 0.835732 0.1 0.361881 0.684638 0.746356 0.405529 0.655429 0.815675 0.892292 0.1 0.541074 0.9 0.389912 0.670867 0.898292 0.498308 0.533883 0.387748 0.9 0.9 0.1 0.490861 0.882193 
0.1 0.75589 0.9 0.9 0.737697 0.868866 0.516368 0.672916 0.646717 0.498864 0.1 0.369907 0.255016 0.369089 0.135649 0.883905 0.302968 0.33145 0.383617 0.120947 0.496465 0.1 0.1 0.160004 0.885473 0.476491 0.9 0.9 0.527271 0.440864 0.289208 0.333513 0.237482 0.1 0.131268 0.788866 0.167651 0.470259 0.56173 0.787831 0.893005 0.708668 0.1 0.1 0.1 0.26405 0.1 0.314334 0.566455 0.606032 0.500353 0.141478 0.663312 0.634159 0.130314 0.51411 0.1 0.137796 0.369233 0.600619 0.671372 0.645327 0.9 0.9 0.86686 0.15995 0.654282 0.870362 0.755131 0.274197 0.705794 0.567773 0.9 0.9 0.671315 0.1 0.154543 0.887054 0.502762 0.616186 0.51452 0.838209 0.792329 0.327855 0.641953 0.9 0.88884 0.688311 0.121264 0.266413 0.324336 0.743988 0.845128 0.421598 0.497808 0.9 0.410517 0.257443 0.626877 0.154004 0.481222 0.382975 0.59345 0.587997 0.242745 0.401707 0.501581 0.43116 0.265764 0.143842 0.832859 0.684055 0.19266 0.713212 0.885198 0.70789 0.783459 0.846001 0.575015 0.848778 0.210205 0.663585 0.533579 0.1 0.1 0.106914 0.803798 0.565982 0.275347 0.58325 0.663083 0.899673 0.9 0.319001 0.282976 0.298779 0.553668 0.9 0.678608 0.9 0.1 0.595906 0.504487 0.107445 0.366177 0.572788 0.657253 0.1 0.367969 0.170149 0.825503 0.611234 0.849995 0.487172 0.585252 0.9 0.431484 0.506577 0.544211 0.664009 0.1 0.1 0.48218 0.1 0.363786 0.881317 0.342193 0.9 0.9 0.9 0.9 0.852021 0.532431 0.478796 0.89811 0.719653 0.100891 0.672652 0.9 0.542284 0.76533 0.682523 0.9 0.732052 0.1 0.548709 0.679885 0.666709 0.877448 0.310737 0.336006 0.1 0.236321 0.1 0.103488 0.562643 0.9 0.377755 0.565611 0.9 0.1 0.382341 0.74604 0.536358 0.710403 0.749839 0.3937 0.898634 0.424827 0.1 0.226459 0.1 0.829849 0.337719 0.9 0.149124 0.691739 0.566331 0.795567 0.728525 0.6639 0.21686 0.743994 0.1 0.33723 0.9 0.692541 0.25324 0.182709 0.102698 0.1 0.377097 0.535409 0.883221 0.101562 0.230505 0.576584 0.337196 0.1 0.9 0.578802 0.306623 0.1 0.439758 0.468013 0.184729 0.359338 0.458828 0.594781 0.227618 0.1 0.75589 
0.59277 0.9 0.536159 0.626224 0.858768 0.193969 0.810157 0.121099 0.122585 0.832444 0.520649 0.662412 0.9 0.658341 0.814361 0.52214 0.9 0.898855 0.45764 0.327966 0.322995 0.491522 0.784242 0.9 0.634899 0.290939 0.1 0.289705 0.473608 0.405963 0.668285 0.9 0.322287 0.1 0.351202 0.114754 0.17154 0.363738 0.315832 0.375369 0.312235 0.9 0.1 0.1 0.359559 0.9 0.411904 0.315097 0.718989 0.9 0.723143 0.9 0.498279 0.502524 0.836354 0.142886 0.640309 0.845034 0.436247 0.1 0.254135 0.1 0.143537 0.57413 0.321179 0.449817 0.786189 0.596486 0.81199 0.167795 0.853792 0.133845 0.9 0.9 0.152049 0.260321 0.823007 0.725353 0.446734 0.596033 0.504577 0.1 0.600953 0.857795 0.583199 0.450794 0.1 0.319781 0.312085 0.508223 0.505513 0.646927 0.658231 0.489306 0.461923 0.832637 0.13813 0.1 0.366174 0.85206 0.1 0.1 0.166106 0.807742 0.13415 0.201811 0.280946 0.9 0.9 0.638025 0.638355 0.389671 0.653849 0.109078 0.359686 0.341796 0.521198 0.515105 0.649847 0.9 0.820895 0.190891 0.598636 0.57882 0.527975 0.1 0.478161 0.584738 0.158376 0.636571 0.623425 0.40186 0.9 0.784843 0.325101 0.1 0.1 0.491847 0.9 0.893545 0.145599 0.443384 0.175504 0.83767 0.743983 0.474013 0.379223 0.321935 0.9 0.885268 0.402002 0.79879 0.223872 0.824023 0.555116 0.617194 0.139025 0.883546 0.432181 0.11518 0.372563 0.102059 0.460456 0.382432 0.9 0.787036 0.442884 0.880885 0.375098 0.373723 0.712328 0.5425 0.9 0.89601 0.495066 0.589522 0.430666 0.783028 0.9 0.445746 0.654028 0.1 0.339231 0.682635 0.11171 0.679208 0.398848 0.1 0.58565 0.773435 0.332002 0.1 0.9 0.734901 0.443132 0.731755 0.668051 0.702655 0.760679 0.9 0.103449 0.364615 0.356817 0.1 0.406212 0.725774 0.606295 0.9 0.509129 0.453266 0.318054 0.1 0.662005 0.668747 0.9 0.687247 0.505001 0.395924 0.840417 0.153067 0.1 0.1 0.122771 0.1 0.841903 0.653057 0.883169 0.554549 0.373994 0.494593 0.378987 0.55739 0.878657 0.761658 0.406662 0.390899 0.377314 0.1 0.230401 0.9 0.630176 0.468803 0.1 0.195526 0.148133 0.820863 0.141232 0.454305 0.386627 0.885321 0.59277 0.9 
0.362063 0.758562 0.437284 0.1 0.281717 0.274559 0.750014 0.61853 0.69107 0.1 0.1 0.64745 0.9 0.597689 0.1 0.1 0.885738 0.365912 0.1 0.474966 0.623831 0.146126 0.65805 0.883933 0.169362 0.662917 0.410413 0.295721 0.709674 0.9 0.73288 0.9 0.711994 0.1 0.1 0.1 0.37859 0.884184 0.637117 0.1 0.1 0.9 0.9 0.9 0.5852 0.9 0.160875 0.293949 0.1 0.1 0.772818 0.9 0.114445 0.477828 0.662747 0.1 0.23099 0.186899 0.317068 0.1 0.1 0.1 0.806968 0.799033 0.286886 0.151915 0.897695 0.575348 0.116584 0.447165 0.72695 0.1 0.405568 0.62959 0.9 0.869372 0.554055 0.884545 0.270444 0.507309 0.879937 0.120187 0.265338 0.1 0.526228 0.898952 0.1 0.585596 0.177602 0.543137 0.679947 0.147315 0.688134 0.757417 0.831127 0.240799 0.838777 0.647593 0.720627 0.9 0.287434 0.3917 0.822038 0.705686 0.9 0.703009 0.469743 0.444418 0.564293 0.748191 0.894391 0.541377 0.698906 0.202119 0.389574 0.1 0.1 0.621714 0.875664 0.285443 0.333922 0.536752 0.48974 0.87724 0.427877 0.278468 0.837369 0.174638 0.839052 0.614792 0.116604 0.1 0.110961 0.9 0.718434 0.1 0.471547 0.12879 0.417874 0.217302 0.822815 0.43847 0.58221 0.59494 0.523432 0.171147 0.603815 0.760425 0.782504 0.590568 0.1 0.1 0.15066 0.462928 0.9 0.65169 0.629962 0.9 0.9 0.549392 0.673629 0.887296 0.762998 0.726403 0.700296 0.527042 0.869166 0.473808 0.527485 0.307676 0.510532 0.531327 0.630368 0.107278 0.1 0.298009 0.294097 0.634605 0.137551 0.1 0.248291 0.1 0.106236 0.501154 0.371411 0.105371 0.1 0.1 0.121868 0.863178 0.649285 0.69092 0.9 0.472733 0.383455 0.620702 0.9 0.317454 0.88651 0.554074 0.456755 0.529569 0.820244 0.307259 0.540343 0.9 0.659269 0.9 0.634618 0.726715 0.9 0.883271 0.813495 0.898746 0.545887 0.332316 0.9 0.692845 0.415844 0.853041 0.682582 0.1 0.53062 0.492134 0.452224 0.1 0.1 0.295765 0.252479 0.9 0.820954 0.707594 0.484151 0.678833 0.15354 0.9 0.723514 0.598783 0.693288 0.472312 0.291428 0.5962 0.354001 0.1 0.489012 0.9 0.335861 0.465639 0.58412 0.70553 0.362063 0.758562 
0.16693 0.9 0.9 0.1 0.1 0.879208 0.393982 0.326999 0.846048 0.1095 0.1 0.388048 0.9 0.1 0.226683 0.640585 0.746512 0.896861 0.1 0.877025 0.669977 0.421887 0.102545 0.103829 0.342397 0.459444 0.428752 0.1 0.1 0.845899 0.548143 0.673935 0.9 0.354324 0.729403 0.9 0.252016 0.112008 0.1 0.1 0.246994 0.14551 0.454314 0.285805 0.271818 0.78677 0.87055 0.9 0.696841 0.1 0.890322 0.421665 0.561925 0.9 0.41118 0.1 0.353323 0.79602 0.195632 0.363091 0.879184 0.525537 0.130505 0.738097 0.9 0.9 0.667754 0.1 0.1 0.710112 0.302578 0.349063 0.9 0.764245 0.596396 0.138598 0.500551 0.546882 0.1 0.277898 0.690448 0.88371 0.557058 0.261093 0.893341 0.9 0.244784 0.36113 0.832737 0.412843 0.670027 0.711044 0.9 0.772024 0.564936 0.597514 0.674197 0.142032 0.890606 0.759155 0.852695 0.116032 0.107952 0.635896 0.9 0.770439 0.9 0.348106 0.386845 0.857812 0.746508 0.879544 0.9 0.264482 0.1 0.666763 0.191584 0.414136 0.1 0.1 0.697177 0.768965 0.862139 0.729885 0.435999 0.37965 0.337058 0.1 0.395664 0.162184 0.668133 0.21064 0.28424 0.9 0.9 0.1 0.554404 0.724109 0.544923 0.865992 0.663321 0.108708 0.722989 0.553974 0.360437 0.78971 0.396655 0.459918 0.414649 0.360757 0.523145 0.1 0.1 0.489093 0.760363 0.508972 0.9 0.18823 0.541444 0.273255 0.304671 0.397006 0.486199 0.472927 0.113071 0.422839 0.611461 0.643619 0.279905 0.1 0.515731 0.840675 0.134003 0.286483 0.414969 0.40337 0.376488 0.67773 0.9 0.636522 0.1 0.527882 0.8281 0.114056 0.1 0.53802 0.556828 0.9 0.632308 0.157749 0.1 0.871798 0.578215 0.501189 0.550758 0.655727 0.9 0.12885 0.393122 0.1 0.279924 0.82842 0.175517 0.334994 0.312605 0.487111 0.734866 0.581538 0.179491 0.590996 0.375743 0.12249 0.258962 0.1 0.1 0.25428 0.682717 0.72071 0.1 0.473385 0.9 0.1 0.370818 0.369159 0.715686 0.803678 0.10954 0.491409 0.127492 0.541057 0.729738 0.30036 0.454379 0.773331 0.563001 0.9 0.321899 0.402363 0.391016 0.34283 0.1 0.727555 0.480044 0.385431 0.9 0.65637 0.584371 0.52405 0.475771 0.563932 0.16693 0.9 
0.782555 0.418807 0.700606 0.423633 0.282666 0.651336 0.110632 0.191067 0.412677 0.836835 0.565405 0.676064 0.622427 0.1 0.481747 0.9 0.584801 0.86792 0.112774 0.532745 0.658253 0.695004 0.9 0.518788 0.361302 0.388634 0.102868 0.528433 0.1 0.187909 0.836586 0.137958 0.588773 0.516705 0.605084 0.875939 0.367141 0.487756 0.1 0.438859 0.535622 0.589094 0.282611 0.1 0.711478 0.732448 0.113361 0.333067 0.597325 0.1 0.784725 0.449402 0.9 0.709475 0.1 0.1 0.1 0.321535 0.826184 0.368185 0.477422 0.661437 0.412497 0.854138 0.455073 0.9 0.9 0.530589 0.524834 0.9 0.1 0.1 0.619915 0.221192 0.13448 0.343053 0.9 0.169795 0.517956 0.632361 0.448681 0.464379 0.1 0.187214 0.1 0.101316 0.358141 0.280143 0.415472 0.200708 0.617017 0.803497 0.9 0.9 0.677012 0.3437 0.9 0.582646 0.719124 0.402357 0.576999 0.688306 0.35525 0.1 0.1 0.511794 0.63208 0.1 0.652946 0.396599 0.575624 0.179631 0.698442 0.9 0.390798 0.712568 0.140099 0.597353 0.107484 0.435563 0.9 0.665748 0.344595 0.9 0.744177 0.862383 0.122526 0.459722 0.567487 0.891348 0.9 0.110712 0.585484 0.327985 0.402162 0.665797 0.9 0.9 0.646653 0.597071 0.109652 0.354968 0.736594 0.9 0.302783 0.1 0.56528 0.346786 0.712318 0.693519 0.798766 0.693096 0.384761 0.897488 0.678524 0.110758 0.9 0.693547 0.597132 0.471532 0.647598 0.447584 0.570387 0.484629 0.592104 0.86077 0.151982 0.519333 0.9 0.733988 0.1 0.1 0.162329 0.786221 0.9 0.598798 0.810856 0.575447 0.9 0.57372 0.1 0.556734 0.405876 0.36352 0.58503 0.9 0.487084 0.581084 0.785489 0.80669 0.1 0.471806 0.393575 0.738718 0.897554 0.16576 0.63551 0.8915 0.589315 0.550978 0.610867 0.731292 0.507494 0.9 0.495875 0.335288 0.378046 0.366352 0.753641 0.344023 0.73737 0.9 0.8617 0.137817 0.32897 0.354531 0.12711 0.881104 0.9 0.816289 0.738593 0.1 0.193344 0.134156 0.691701 0.135374 0.172018 0.567173 0.834519 0.788644 0.9 0.571711 0.511845 0.496936 0.506039 0.9 0.9 0.9 0.169265 0.604019 0.120258 0.881657 0.673294 0.9 0.884156 0.17064 0.162178 0.123105 0.860572 0.390919 0.782555 0.418807 
0.170139 0.112439 0.784938 0.144993 0.1 0.112946 0.385605 0.105666 0.865101 0.57559 0.601818 0.318581 0.1 0.1 0.1 0.9 0.9 0.323919 0.620077 0.1 0.1 0.344367 0.9 0.134526 0.341322 0.1 0.1 0.290563 0.365375 0.856255 0.9 0.606284 0.9 0.680171 0.543835 0.195516 0.59242 0.103259 0.1 0.509825 0.69197 0.795448 0.881015 0.66936 0.9 0.9 0.686787 0.823523 0.18635 0.343971 0.9 0.331708 0.752708 0.690777 0.256989 0.136056 0.843094 0.433928 0.426757 0.1 0.306802 0.355719 0.651926 0.53108 0.87386 0.492124 0.526548 0.641447 0.548771 0.631375 0.269422 0.182003 0.340458 0.1 0.802732 0.392287 0.9 0.443464 0.117735 0.113109 0.9 0.9 0.4049 0.662058 0.571105 0.721372 0.761791 0.452223 0.208055 0.108743 0.551889 0.619987 0.46796 0.323575 0.1 0.345223 0.682254 0.553048 0.1 0.232567 0.1 0.228304 0.514795 0.486458 0.271565 0.396056 0.9 0.311628 0.9 0.9 0.577282 0.9 0.9 0.9 0.53661 0.526934 0.545661 0.45745 0.9 0.9 0.582051 0.524937 0.473734 0.9 0.9 0.601183 0.241624 0.49798 0.1 0.350163 0.9 0.294761 0.523097 0.347653 0.9 0.9 0.732029 0.621692 0.143663 0.60721 0.501025 0.562108 0.511612 0.483178 0.354228 0.1 0.850795 0.132939 0.435573 0.9 0.9 0.9 0.350249 0.531011 0.9 0.177053 0.1 0.120436 0.621591 0.139279 0.436322 0.603281 0.536656 0.773953 0.173849 0.278186 0.671869 0.778999 0.9 0.9 0.392736 0.442834 0.452085 0.9 0.9 0.697124 0.24661 0.827579 0.9 0.5198 0.644084 0.774129 0.377012 0.140376 0.176074 0.368598 0.313037 0.281449 0.3819 0.106486 0.329626 0.9 0.760868 0.725734 0.9 0.632953 0.130847 0.598379 0.520643 0.899789 0.528044 0.9 0.446749 0.9 0.868191 0.357627 0.619555 0.784041 0.237309 0.404991 0.460902 0.703724 0.365663 0.849703 0.790708 0.452234 0.231762 0.119383 0.64297 0.634799 0.101987 0.1 0.629589 0.861836 0.9 0.478751 0.651402 0.815608 0.166891 0.1 0.68507 0.609295 0.809347 0.131235 0.311407 0.899884 0.39711 0.9 0.686383 0.39081 0.352601 0.254714 0.1 0.479159 0.237541 0.794304 0.122508 0.372824 0.9 0.698483 0.170139 0.112439 
0.886658 0.574178 0.210797 0.5042 0.116342 0.538779 0.529078 0.1 0.631335 0.309934 0.599272 0.602461 0.408564 0.848735 0.543052 0.636661 0.881463 0.431128 0.844572 0.374085 0.378776 0.152244 0.867405 0.621653 0.9 0.9 0.9 0.9 0.646505 0.1 0.1 0.483468 0.693553 0.1 0.1 0.668009 0.728202 0.612972 0.9 0.51992 0.9 0.525517 0.11341 0.1 0.502001 0.646884 0.683993 0.506116 0.890588 0.704402 0.682898 0.459025 0.709843 0.532388 0.122007 0.673116 0.47072 0.147354 0.604233 0.1 0.114482 0.660307 0.679488 0.774269 0.9 0.732969 0.556788 0.556388 0.425116 0.513854 0.836524 0.244408 0.1 0.1 0.400887 0.450575 0.750722 0.197101 0.846685 0.726623 0.785646 0.520168 0.135936 0.463494 0.111826 0.26454 0.337165 0.560708 0.37871 0.843227 0.770658 0.410605 0.736233 0.336129 0.276302 0.455397 0.203915 0.63512 0.1 0.438133 0.229521 0.109862 0.546113 0.405311 0.211168 0.115023 0.9 0.1 0.105162 0.72188 0.9 0.9 0.413469 0.897467 0.441951 0.35217 0.285637 0.702948 0.9 0.646082 0.729273 0.553251 0.1 0.53364 0.869765 0.268559 0.1 0.1 0.1 0.216156 0.521349 0.281033 0.330128 0.1 0.55101 0.624499 0.1 0.388027 0.6166 0.298342 0.132357 0.402046 0.1 0.362616 0.52247 0.527349 0.739419 0.708 0.321959 0.558874 0.442095 0.885546 0.144329 0.380991 0.424415 0.140336 0.52243 0.418926 0.182424 0.494637 0.756004 0.684587 0.82013 0.260353 0.834832 0.524538 0.779679 0.9 0.9 0.457356 0.345065 0.9 0.9 0.428171 0.390351 0.521795 0.798798 0.163293 0.193186 0.127165 0.603512 0.57442 0.155628 0.780404 0.122597 0.587304 0.897102 0.588495 0.101604 0.1 0.280489 0.9 0.685679 0.201229 0.887078 0.593509 0.614711 0.710833 0.56354 0.552622 0.262942 0.9 0.461934 0.102784 0.129802 0.873418 0.666957 0.227439 0.803507 0.9 0.339833 0.543956 0.483283 0.40085 0.351813 0.616217 0.839213 0.324727 0.1 0.1 0.371257 0.385006 0.884948 0.177477 0.519269 0.884872 0.746068 0.193349 0.500594 0.305799 0.790782 0.849327 0.170017 0.130873 0.1 0.334187 0.110888 0.646203 0.42437 0.124965 0.588452 0.599972 0.499969 0.204131 0.784671 0.9 0.753211 0.835299 0.441738 0.9 0.886658 0.574178 
0.338079 0.834529 0.864624 0.854451 0.597717 0.805757 0.9 0.322985 0.180889 0.562017 0.304106 0.117123 0.821333 0.506735 0.388222 0.1 0.17409 0.754006 0.1975 0.865685 0.531526 0.600753 0.147624 0.35491 0.700706 0.705966 0.150225 0.8735 0.568119 0.1 0.674067 0.9 0.9 0.622449 0.602723 0.568817 0.448049 0.639112 0.9 0.480481 0.309857 0.248033 0.46719 0.292168 0.5503 0.1 0.353673 0.672076 0.9 0.533063 0.49353 0.239818 0.11767 0.468109 0.575306 0.9 0.407776 0.816404 0.9 0.9 0.895238 0.597148 0.69682 0.727484 0.284959 0.286319 0.398214 0.581501 0.9 0.269971 0.139813 0.269525 0.46059 0.563887 0.479922 0.125694 0.677588 0.9 0.74954 0.607426 0.345881 0.303947 0.865786 0.626247 0.681772 0.545061 0.375995 0.9 0.297466 0.35127 0.86189 0.162967 0.887785 0.588644 0.791047 0.228891 0.788766 0.347763 0.664318 0.733336 0.56355 0.628701 0.165964 0.823724 0.471259 0.550296 0.888233 0.110259 0.37294 0.706066 0.671777 0.9 0.9 0.539192 0.380399 0.635423 0.1 0.693856 0.687669 0.38568 0.879773 0.530594 0.544736 0.692721 0.145702 0.50426 0.9 0.892701 0.785822 0.495012 0.584181 0.306238 0.236988 0.570008 0.345693 0.603288 0.193883 0.243029 0.660673 0.710005 0.854312 0.391535 0.547358 0.9 0.9 0.9 0.638856 0.9 0.545255 0.332949 0.299227 0.560923 0.9 0.9 0.484394 0.810029 0.351347 0.11999 0.503557 0.13149 0.608409 0.321395 0.425205 0.899281 0.9 0.588628 0.489488 0.149362 0.884743 0.110361 0.9 0.754325 0.548824 0.443039 0.63937 0.3411 0.329471 0.262744 0.346077 0.829452 0.628502 0.516699 0.388394 0.539978 0.240896 0.728354 0.325183 0.592331 0.9 0.9 0.650845 0.617768 0.268106 0.846831 0.542513 0.105791 0.437335 0.106243 0.285231 0.284775 0.1 0.277496 0.1 0.525759 0.658637 0.9 0.9 0.886626 0.150789 0.262274 0.843615 0.771717 0.711491 0.300125 0.11278 0.765631 0.236455 0.38715 0.474796 0.1 0.325641 0.1 0.63544 0.503966 0.1 0.10889 0.662268 0.511573 0.139038 0.1 0.864128 0.457368 0.208108 0.1 0.1 0.89344 0.866482 0.241788 0.881237 0.853438 0.307358 0.705833 0.767991 0.862217 0.152831 0.9 0.9 0.197429 0.254873 0.442892 0.338079 0.834529 
0.606214 0.9 0.317126 0.635596 0.166633 0.862581 0.377197 0.353668 0.80109 0.389837 0.600229 0.260475 0.370787 0.569681 0.1 0.1 0.49548 0.152429 0.1 0.9 0.9 0.9 0.757022 0.886787 0.79649 0.638088 0.1 0.106311 0.1 0.306742 0.70436 0.716488 0.291759 0.1 0.380257 0.373944 0.9 0.719155 0.714767 0.879365 0.116606 0.205728 0.130583 0.306801 0.9 0.294218 0.534613 0.565101 0.435495 0.558064 0.392107 0.109606 0.423112 0.226845 0.1 0.316137 0.843979 0.197727 0.360475 0.9 0.476281 0.1 0.605615 0.612525 0.1 0.1 0.824067 0.170663 0.9 0.602163 0.883921 0.9 0.745295 0.1 0.25893 0.615415 0.468513 0.711819 0.298494 0.742853 0.414451 0.63868 0.9 0.9 0.9 0.897469 0.140944 0.631255 0.1 0.489875 0.676154 0.45954 0.630952 0.346158 0.168468 0.638487 0.550126 0.101186 0.848477 0.470939 0.574506 0.788148 0.193294 0.506152 0.9 0.482286 0.124883 0.204328 0.1 0.332063 0.1 0.639626 0.9 0.149719 0.400328 0.723003 0.1 0.601536 0.491028 0.1 0.1 0.1 0.616323 0.798053 0.534063 0.9 0.544268 0.136305 0.815699 0.425956 0.445303 0.433198 0.1 0.67766 0.9 0.9 0.1 0.1 0.313809 0.348263 0.445776 0.481186 0.879305 0.452924 0.523851 0.423819 0.1 0.59127 0.1 0.507896 0.847271 0.172682 0.628165 0.609517 0.845441 0.40084 0.298891 0.367284 0.392498 0.230453 0.793888 0.708299 0.782932 0.9 0.462919 0.783414 0.9 0.555037 0.9 0.119158 0.838999 0.191779 0.53706 0.787509 0.523994 0.20642 0.1 0.600212 0.832415 0.339697 0.1 0.613182 0.48053 0.851021 0.11127 0.294396 0.1 0.519697 0.728926 0.501251 0.749861 0.490741 0.129025 0.514595 0.483238 0.466158 0.355665 0.236763 0.1 0.1 0.41554 0.9 0.391296 0.1 0.76137 0.9 0.468927 0.9 0.382262 0.1 0.1 0.534676 0.9 0.567832 0.294154 0.210501 0.803374 0.428028 0.549898 0.67625 0.755217 0.351829 0.359273 0.9 0.880507 0.666406 0.536052 0.329394 0.827283 0.613114 0.479049 0.38691 0.615901 0.9 0.501284 0.508978 0.712711 0.814334 0.395344 0.1 0.1 0.474382 0.651075 0.9 0.157799 0.9 0.9 0.87658 0.384924 0.476855 0.606214 0.9 
0.397585 0.861302 0.145024 0.67845 0.582261 0.571576 0.1 0.499294 0.32106 0.469785 0.9 0.9 0.333142 0.492669 0.341563 0.794507 0.525402 0.446123 0.116726 0.400026 0.14861 0.576576 0.406547 0.113062 0.561816 0.257541 0.127298 0.851654 0.761059 0.661864 0.160743 0.520812 0.617274 0.1 0.30486 0.290552 0.787975 0.392141 0.869421 0.9 0.726199 0.9 0.866336 0.160358 0.370267 0.128461 0.868137 0.9 0.633743 0.128099 0.273262 0.650563 0.667576 0.634338 0.9 0.386144 0.9 0.9 0.336948 0.658985 0.657973 0.405169 0.105823 0.427418 0.5499 0.465407 0.776588 0.341542 0.819618 0.606117 0.48977 0.530222 0.441087 0.249854 0.53021 0.9 0.315245 0.508339 0.69158 0.9 0.563659 0.9 0.666472 0.275496 0.594991 0.523233 0.525335 0.46297 0.52444 0.897039 0.124981 0.254518 0.314188 0.281312 0.626987 0.9 0.777885 0.34809 0.356868 0.483089 0.1 0.557918 0.1 0.432078 0.9 0.70741 0.2507 0.120298 0.283337 0.789415 0.182664 0.896356 0.9 0.608028 0.167309 0.446738 0.239985 0.661967 0.9 0.698196 0.464197 0.1 0.1 0.676133 0.37806 0.688795 0.619724 0.1 0.195727 0.836815 0.651737 0.145704 0.474037 0.741371 0.603952 0.453959 0.51557 0.868118 0.600499 0.733918 0.9 0.653577 0.637731 0.86451 0.491203 0.541464 0.356097 0.65997 0.283716 0.263718 0.563308 0.619805 0.385147 0.476334 0.583829 0.500038 0.1 0.1 0.608321 0.329602 0.875499 0.415777 0.392096 0.48122 0.1 0.9 0.9 0.567398 0.9 0.420067 0.418961 0.649453 0.163185 0.9 0.60195 0.495729 0.478205 0.9 0.37514 0.67241 0.1 0.661847 0.515153 0.505497 0.160744 0.1 0.1 0.332937 0.152771 0.636443 0.672952 0.109737 0.79104 0.21423 0.480943 0.137063 0.1 0.593883 0.477709 0.1 0.1 0.9 0.869304 0.120805 0.682973 0.500631 0.593962 0.357975 0.395533 0.810402 0.100014 0.523345 0.639663 0.627208 0.9 0.9 0.688466 0.1 0.249921 0.774324 0.730812 0.9 0.9 0.727994 0.125111 0.509593 0.725825 0.1 0.126186 0.331663 0.1 0.1 0.272342 0.9 0.457427 0.807511 0.46788 0.1 0.304182 0.665338 0.895832 0.373324 0.254897 0.605887 0.802097 0.382616 0.352863 0.563789 0.337555 0.545102 0.397585 0.861302 
0.874984 0.37094 0.542283 0.570887 0.758213 0.51915 0.57282 0.9 0.798565 0.676856 0.227149 0.892085 0.761555 0.493115 0.825786 0.204857 0.360525 0.327872 0.884217 0.401727 0.484152 0.111765 0.859998 0.486575 0.415626 0.31804 0.885365 0.768442 0.772859 0.370705 0.59946 0.294972 0.47419 0.41277 0.723257 0.316276 0.899754 0.450891 0.10941 0.562413 0.271576 0.268039 0.703049 0.853003 0.724112 0.490424 0.146419 0.1 0.9 0.9 0.479532 0.396221 0.1 0.3523 0.9 0.573924 0.568455 0.786699 0.271038 0.286212 0.112219 0.9 0.576197 0.530805 0.381707 0.47481 0.634908 0.356733 0.9 0.9 0.873339 0.1 0.1 0.327249 0.171039 0.831935 0.1 0.101078 0.9 0.9 0.11837 0.451078 0.304528 0.1 0.611649 0.144315 0.639498 0.380209 0.9 0.9 0.659537 0.9 0.9 0.348723 0.464624 0.433908 0.613047 0.321387 0.515158 0.496448 0.1 0.438974 0.482106 0.427154 0.885804 0.554547 0.311685 0.840221 0.625956 0.227358 0.815259 0.738758 0.642322 0.154836 0.847912 0.455391 0.115992 0.570651 0.682046 0.165992 0.507872 0.37195 0.1 0.536753 0.624261 0.615245 0.883778 0.482351 0.813272 0.524234 0.9 0.9 0.754201 0.404557 0.335535 0.60886 0.9 0.643731 0.541442 0.568994 0.755945 0.345916 0.298932 0.427132 0.397452 0.153042 0.682939 0.694718 0.67887 0.573199 0.64913 0.449061 0.892346 0.9 0.9 0.628162 0.353413 0.787956 0.9 0.100619 0.253588 0.648414 0.1 0.1 0.1 0.484129 0.584785 0.1 0.1 0.253674 0.596242 0.781709 0.63289 0.860511 0.131601 0.1 0.126305 0.866442 0.737029 0.9 0.5248 0.391939 0.231896 0.369721 0.26091 0.122825 0.881561 0.641053 0.9 0.9 0.765924 0.103191 0.755275 0.846958 0.230795 0.827945 0.536944 0.810921 0.186802 0.348572 0.1 0.654354 0.392716 0.529324 0.653609 0.432271 0.686935 0.629644 0.430056 0.428756 0.493967 0.9 0.798545 0.709108 0.457709 0.9 0.9 0.399209 0.534634 0.9 0.315642 0.464513 0.9 0.9 0.302289 0.1 0.858216 0.753038 0.889842 0.9 0.141201 0.792802 0.636618 0.466851 0.511586 0.221864 0.779633 0.36073 0.844358 0.419214 0.587172 0.303117 0.1 0.268991 0.108107 0.438832 0.344462 0.9 0.9 0.9 0.874984 0.37094 
0.1 0.626417 0.110482 0.554979 0.9 0.898766 0.371611 0.9 0.9 0.573604 0.832828 0.518245 0.869139 0.462586 0.697777 0.591056 0.741848 0.481586 0.894344 0.390772 0.870398 0.1 0.666987 0.9 0.660379 0.9 0.9 0.558896 0.9 0.685735 0.541637 0.1 0.455108 0.605959 0.649777 0.45355 0.546112 0.888078 0.300432 0.370019 0.335243 0.1 0.66732 0.36173 0.523575 0.439576 0.839237 0.327448 0.9 0.9 0.622195 0.570441 0.1 0.180602 0.646984 0.69514 0.2815 0.405294 0.310207 0.1 0.1 0.731202 0.314255 0.666502 0.401619 0.842197 0.252806 0.817132 0.9 0.42033 0.32043 0.274778 0.394687 0.156438 0.464955 0.106882 0.323597 0.477854 0.346975 0.323801 0.395067 0.9 0.9 0.541589 0.100508 0.295036 0.424338 0.366348 0.9 0.689012 0.396581 0.140486 0.495807 0.576029 0.783767 0.838151 0.681843 0.766175 0.703521 0.441864 0.1 0.9 0.799785 0.587258 0.129322 0.317128 0.604253 0.554363 0.9 0.870665 0.687308 0.469945 0.886655 0.462345 0.9 0.9 0.877394 0.451835 0.303018 0.605789 0.1 0.69976 0.68467 0.546022 0.328002 0.451943 0.397141 0.826698 0.360393 0.1 0.376081 0.412194 0.105846 0.1 0.1 0.1 0.510143 0.626653 0.485924 0.48289 0.568994 0.1 0.708365 0.440069 0.574858 0.708533 0.476352 0.404995 0.111757 0.601309 0.1 0.1 0.444668 0.9 0.706709 0.702353 0.421424 0.9 0.770591 0.535916 0.1 0.1 0.1 0.1 0.210535 0.1 0.138385 0.689381 0.702511 0.59811 0.277904 0.371386 0.837717 0.186297 0.62064 0.437779 0.68497 0.161267 0.86548 0.9 0.9 0.1 0.1 0.280235 0.9 0.9 0.9 0.374518 0.739321 0.736661 0.9 0.867494 0.711714 0.9 0.9 0.9 0.823341 0.20609 0.598075 0.712299 0.744296 0.9 0.9 0.629246 0.9 0.777711 0.9 0.749993 0.9 0.9 0.684054 0.768661 0.9 0.9 0.890626 0.778239 0.651021 0.82512 0.103687 0.438476 0.496781 0.890856 0.328126 0.265708 0.680802 0.1 0.168449 0.620343 0.380342 0.9 0.337576 0.165069 0.854583 0.406255 0.580993 0.694577 0.154983 0.537876 0.569854 0.869413 0.447839 0.100133 0.43713 0.307773 0.1 0.423028 0.1 0.62655 0.416199 0.1 0.1 0.626417 
0.166288 0.316465 0.1 0.587113 0.500467 0.382333 0.408213 0.612386 0.392316 0.663274 0.690956 0.1 0.1 0.338818 0.79413 0.172998 0.9 0.366096 0.131105 0.222417 0.646872 0.569379 0.525044 0.566715 0.145463 0.456542 0.369892 0.443467 0.602654 0.262676 0.494806 0.425989 0.553786 0.667384 0.116498 0.860409 0.1 0.557443 0.498186 0.299386 0.352146 0.240222 0.420155 0.416813 0.47555 0.310809 0.613946 0.319114 0.705664 0.646978 0.506316 0.348395 0.159526 0.121382 0.85058 0.40083 0.533525 0.145878 0.775346 0.14869 0.365214 0.459765 0.546627 0.871706 0.125639 0.690423 0.760131 0.189282 0.1 0.390881 0.438848 0.48079 0.643781 0.9 0.9 0.100608 0.271883 0.398895 0.477868 0.821673 0.204887 0.872649 0.382644 0.271856 0.1 0.280432 0.577371 0.652492 0.444052 0.456381 0.776306 0.9 0.9 0.388625 0.888136 0.173448 0.9 0.694481 0.1 0.1 0.1 0.628119 0.544538 0.9 0.581957 0.417981 0.9 0.9 0.79603 0.515306 0.801157 0.895519 0.458821 0.1 0.1 0.44872 0.39959 0.547004 0.10017 0.673592 0.129991 0.857031 0.712696 0.859547 0.132127 0.407309 0.1 0.1 0.175051 0.1 0.1 0.440771 0.9 0.597034 0.378064 0.380081 0.1 0.25026 0.414192 0.884006 0.653431 0.1 0.60396 0.1 0.1 0.652208 0.52899 0.511524 0.347042 0.638719 0.331895 0.370462 0.607421 0.890385 0.484927 0.762765 0.410954 0.466423 0.885581 0.71363 0.565635 0.1 0.1 0.42565 0.724329 0.514067 0.83623 0.822657 0.66147 0.390899 0.536891 0.403735 0.437105 0.220877 0.481282 0.63415 0.9 0.1 0.1 0.279619 0.754875 0.365471 0.530884 0.350473 0.308082 0.127305 0.1 0.661943 0.494838 0.852559 0.537652 0.129994 0.1 0.617564 0.556205 0.700444 0.187559 0.341669 0.546941 0.9 0.671315 0.168468 0.270917 0.1 0.406604 0.892736 0.643153 0.324721 0.9 0.750949 0.459708 0.606041 0.120436 0.1 0.1 0.378633 0.1 0.1 0.1 0.405897 0.174149 0.57719 0.553682 0.1 0.288349 0.1 0.839251 0.513835 0.510666 0.390226 0.332383 0.211387 0.486803 0.598999 0.399481 0.89998 0.548362 0.865293 0.154382 0.397522 0.682275 0.47112 0.141135 0.697803 0.497198 0.1 0.1 0.578485 0.331877 0.341189 0.166288 0.316465 
0.112402 0.9 0.495085 0.406828 0.860978 0.403112 0.744698 0.421446 0.634834 0.135616 0.556786 0.2444 0.731972 0.842224 0.183772 0.20044 0.9 0.147082 0.445446 0.5896 0.601813 0.689745 0.314265 0.284339 0.865652 0.623522 0.804282 0.201259 0.824548 0.121371 0.455849 0.9 0.9 0.9 0.1 0.9 0.452418 0.888259 0.302845 0.1 0.867699 0.9 0.447363 0.632702 0.757433 0.424629 0.9 0.614228 0.567573 0.427384 0.106128 0.1 0.278536 0.32091 0.41501 0.115197 0.9 0.210418 0.16778 0.61525 0.452351 0.57143 0.545512 0.374208 0.524257 0.630061 0.230419 0.830721 0.567666 0.344844 0.12776 0.509962 0.1 0.378516 0.422234 0.9 0.896214 0.306285 0.453496 0.444008 0.655772 0.63806 0.539132 0.896341 0.9 0.9 0.9 0.886525 0.129811 0.1 0.570513 0.65229 0.615942 0.290446 0.9 0.308655 0.890679 0.100282 0.1 0.527456 0.374125 0.107045 0.1 0.601312 0.546831 0.511129 0.477555 0.471322 0.801586 0.9 0.9 0.554572 0.486314 0.383588 0.450169 0.457002 0.333365 0.462016 0.395136 0.519721 0.519098 0.1 0.1 0.313237 0.189889 0.10399 0.388605 0.245169 0.1 0.591905 0.889058 0.524391 0.876214 0.209784 0.81201 0.506898 0.454056 0.407718 0.9 0.339839 0.33417 0.662429 0.9 0.654827 0.105489 0.291803 0.1 0.441094 0.9 0.677689 0.862389 0.467923 0.482303 0.115316 0.680742 0.892372 0.1 0.1 0.1 0.144098 0.9 0.9 0.592892 0.721284 0.9 0.590337 0.128639 0.364218 0.159012 0.826366 0.753201 0.319626 0.650528 0.429056 0.16682 0.886989 0.9 0.255437 0.271745 0.609694 0.742828 0.314496 0.1 0.292212 0.468716 0.77731 0.1 0.441887 0.1 0.1 0.6334 0.863922 0.1 0.338193 0.503974 0.9 0.845991 0.616759 0.349621 0.9 0.567979 0.837451 0.337259 0.1 0.427095 0.33902 0.1 0.288885 0.506614 0.288721 0.1 0.243237 0.450875 0.107585 0.438641 0.9 0.9 0.603228 0.397648 0.169321 0.76556 0.238824 0.8646 0.9 0.480466 0.363755 0.743917 0.476422 0.856908 0.1 0.331508 0.414015 0.12835 0.572378 0.594312 0.582095 0.9 0.746422 0.852937 0.462591 0.9 0.9 0.594582 0.481266 0.1 0.1 0.275816 0.140142 0.753744 0.9 0.112402 0.9 
0.35949 0.9 0.490453 0.400621 0.253755 0.147823 0.855322 0.107622 0.193344 0.259747 0.639613 0.312921 0.9 0.413527 0.603112 0.80049 0.9 0.498032 0.204057 0.842687 0.529489 0.733858 0.388414 0.489188 0.9 0.9 0.63012 0.657871 0.667733 0.462208 0.359043 0.56939 0.532052 0.711096 0.1 0.724911 0.899665 0.9 0.868255 0.1 0.112036 0.49635 0.353592 0.162082 0.831028 0.163373 0.885904 0.9 0.686101 0.171185 0.544487 0.159458 0.79503 0.17636 0.526673 0.715216 0.9 0.1 0.357466 0.655258 0.606239 0.750863 0.199918 0.1 0.474952 0.360634 0.558359 0.570156 0.1 0.548467 0.628813 0.361845 0.1 0.1 0.426444 0.9 0.387573 0.299565 0.612576 0.1 0.326422 0.418504 0.1 0.151712 0.518403 0.782866 0.89799 0.673702 0.799479 0.322575 0.154106 0.420265 0.135727 0.276542 0.612824 0.593938 0.560098 0.284146 0.224728 0.74082 0.9 0.868455 0.158498 0.799225 0.201398 0.454974 0.757795 0.435291 0.9 0.513726 0.440936 0.1 0.886703 0.59919 0.253174 0.502847 0.323859 0.1 0.875415 0.1 0.436409 0.1 0.624999 0.595098 0.350288 0.232566 0.377527 0.9 0.516333 0.520482 0.620746 0.388823 0.529748 0.628728 0.417423 0.48978 0.302639 0.121336 0.846994 0.137244 0.549821 0.270031 0.319776 0.547912 0.893575 0.516199 0.1 0.108378 0.594038 0.878594 0.433465 0.1 0.1 0.1 0.616892 0.42361 0.384361 0.876686 0.30132 0.873065 0.563948 0.9 0.404761 0.867932 0.637394 0.571131 0.386791 0.9 0.597563 0.45893 0.871977 0.297437 0.563877 0.1 0.665652 0.491771 0.673044 0.697295 0.511266 0.337685 0.762491 0.868776 0.372454 0.772305 0.9 0.196573 0.1 0.330953 0.886688 0.358028 0.123328 0.415639 0.231583 0.376156 0.38342 0.749469 0.174847 0.689052 0.581245 0.698538 0.112176 0.568033 0.869494 0.694865 0.668871 0.665434 0.1 0.254355 0.452285 0.71865 0.426594 0.315178 0.596274 0.63505 0.130782 0.49864 0.704433 0.324181 0.74261 0.731351 0.682863 0.806128 0.429563 0.891064 0.44457 0.543358 0.596651 0.363053 0.418063 0.1 0.1 0.488184 0.597991 0.1 0.1 0.310275 0.788873 0.37311 0.605007 0.295035 0.1 0.1 0.522884 0.671918 0.748732 0.518204 0.1 0.546326 0.9 0.9 0.35949 0.9 
0.728838 0.576528 0.257238 0.259704 0.1 0.894297 0.665302 0.432388 0.110284 0.633217 0.9 0.715935 0.753228 0.1 0.1 0.504969 0.490682 0.672926 0.831349 0.536105 0.648426 0.459 0.1 0.378913 0.149477 0.282157 0.9 0.9 0.325302 0.296973 0.284337 0.10454 0.812019 0.653574 0.387843 0.831615 0.553929 0.9 0.475166 0.432098 0.668328 0.387246 0.263016 0.408864 0.524326 0.183665 0.159634 0.9 0.9 0.884423 0.518976 0.477254 0.451323 0.334089 0.160535 0.375647 0.666621 0.1 0.327332 0.9 0.437238 0.483635 0.105988 0.165193 0.1 0.292263 0.155006 0.490062 0.33343 0.507489 0.1 0.107816 0.862253 0.271938 0.523252 0.441183 0.506614 0.539225 0.337505 0.380057 0.489082 0.577831 0.114011 0.811702 0.1 0.1 0.113362 0.787216 0.181556 0.47031 0.809315 0.585437 0.871743 0.9 0.715593 0.1 0.314856 0.9 0.682893 0.522301 0.524456 0.715784 0.456956 0.537281 0.79152 0.197018 0.74668 0.39717 0.631875 0.117239 0.806168 0.120185 0.750582 0.894971 0.109804 0.9 0.9 0.1 0.898108 0.1 0.539074 0.650927 0.62101 0.561713 0.563287 0.30814 0.632942 0.764757 0.1 0.302577 0.31752 0.576471 0.9 0.9 0.9 0.9 0.894916 0.740414 0.319809 0.61746 0.864131 0.152704 0.866025 0.657934 0.9 0.9 0.593353 0.8239 0.168563 0.39288 0.9 0.557349 0.1 0.487149 0.296412 0.618281 0.884764 0.9 0.42222 0.9 0.379575 0.660358 0.51424 0.309574 0.558395 0.467492 0.127504 0.537289 0.326384 0.300212 0.240148 0.1 0.370712 0.121003 0.633132 0.433331 0.878464 0.385648 0.368475 0.887094 0.602212 0.406592 0.579484 0.695686 0.9 0.842228 0.29837 0.661156 0.9 0.670454 0.495597 0.124536 0.213344 0.109093 0.410156 0.886936 0.632045 0.526878 0.505545 0.9 0.9 0.587884 0.108523 0.280615 0.764943 0.725136 0.660302 0.5908 0.192565 0.876056 0.642082 0.601851 0.281066 0.340543 0.265587 0.1 0.126397 0.548251 0.786321 0.9 0.287689 0.496685 0.837411 0.652494 0.529448 0.341249 0.419274 0.328237 0.9 0.887226 0.1 0.650667 0.537876 0.1 0.1 0.276612 0.9 0.700879 0.9 0.9 0.676307 0.471521 0.669871 0.9 0.687405 0.129819 0.1 0.840159 0.704306 0.835898 0.728838 0.576528 
0.746066 0.758896 0.457432 0.704081 0.1 0.835717 0.186923 0.9 0.650814 0.174468 0.596966 0.271709 0.345325 0.609759 0.383511 0.310605 0.382311 0.297481 0.1 0.123908 0.894854 0.9 0.133787 0.623 0.85731 0.109293 0.502142 0.537497 0.860901 0.338929 0.29103 0.1 0.113693 0.9 0.894445 0.167492 0.628843 0.9 0.1 0.392848 0.9 0.802328 0.504916 0.346145 0.473576 0.1 0.474069 0.9 0.447872 0.753645 0.860225 0.372527 0.44994 0.139069 0.80106 0.371473 0.109328 0.387118 0.9 0.9 0.693395 0.294806 0.9 0.643617 0.116582 0.731169 0.893175 0.721996 0.588796 0.1 0.1 0.488435 0.9 0.723866 0.9 0.32296 0.574674 0.456657 0.1 0.1 0.1 0.1 0.283689 0.654131 0.1 0.1 0.1 0.279472 0.539606 0.898913 0.164312 0.198248 0.1 0.135079 0.853893 0.107926 0.849238 0.9 0.9 0.567964 0.9 0.9 0.111526 0.615729 0.656585 0.9 0.9 0.286099 0.314962 0.1 0.388093 0.308495 0.368668 0.551267 0.1 0.474256 0.734729 0.1 0.601194 0.274097 0.131286 0.644734 0.513113 0.341466 0.873631 0.583587 0.459383 0.624616 0.42116 0.235578 0.1 0.259093 0.237096 0.151966 0.865929 0.821884 0.151961 0.891168 0.1 0.329198 0.1 0.356239 0.690865 0.362016 0.9 0.9 0.755414 0.749223 0.841046 0.452242 0.846038 0.169202 0.1 0.497774 0.35389 0.888495 0.15177 0.640279 0.539045 0.537458 0.899467 0.735726 0.702801 0.1 0.69945 0.800807 0.850205 0.834542 0.621737 0.1 0.1 0.625943 0.437034 0.837241 0.131957 0.291521 0.715183 0.9 0.9 0.626608 0.186454 0.872282 0.691698 0.321336 0.408531 0.134433 0.1 0.549081 0.711062 0.673859 0.133707 0.568627 0.43181 0.9 0.867393 0.140294 0.601356 0.747725 0.9 0.470749 0.697048 0.108378 0.1 0.122148 0.845704 0.10232 0.423462 0.521678 0.85401 0.435997 0.1 0.1 0.291402 0.856812 0.503897 0.724843 0.842439 0.640029 0.407971 0.60511 0.317086 0.359554 0.366885 0.58123 0.280873 0.105469 0.709305 0.9 0.9 0.68649 0.275373 0.612453 0.627714 0.348431 0.653367 0.547577 0.434051 0.107522 0.1 0.468038 0.472118 0.329601 0.53966 0.889854 0.172888 0.875854 0.579739 0.130144 0.525879 0.881433 0.746066 0.758896 
0.491574 0.9 0.494815 0.673163 0.1 0.1 0.652975 0.9 0.9 0.876211 0.571189 0.507302 0.291449 0.284103 0.1 0.689657 0.416934 0.109375 0.198598 0.833957 0.489883 0.775139 0.9 0.502897 0.725274 0.433525 0.495442 0.318968 0.445122 0.257954 0.115444 0.8265 0.281626 0.434021 0.689252 0.218807 0.593058 0.389549 0.1 0.49597 0.303416 0.622883 0.103224 0.53295 0.865343 0.101703 0.260408 0.435943 0.251658 0.490252 0.41868 0.52562 0.267836 0.1 0.1 0.1 0.55892 0.600195 0.291961 0.140448 0.841099 0.416412 0.849964 0.141038 0.657786 0.628803 0.349811 0.406931 0.9 0.527148 0.874676 0.124024 0.1 0.873463 0.694615 0.1 0.145383 0.892975 0.445524 0.358479 0.450994 0.777457 0.9 0.816492 0.81798 0.16815 0.602623 0.518818 0.710643 0.9 0.55406 0.575637 0.274497 0.455513 0.687249 0.1 0.1 0.1 0.456813 0.848703 0.55158 0.335355 0.103847 0.555284 0.362209 0.715636 0.756448 0.436478 0.579577 0.326738 0.617825 0.129078 0.877256 0.842349 0.879153 0.9 0.9 0.514938 0.459176 0.603168 0.388994 0.131407 0.1 0.659141 0.623403 0.883318 0.9 0.577756 0.9 0.271934 0.402096 0.4606 0.525249 0.432591 0.153427 0.856528 0.356161 0.9 0.108681 0.856127 0.144045 0.814193 0.1 0.1 0.784117 0.9 0.9 0.616487 0.464862 0.353937 0.15478 0.80828 0.439839 0.402447 0.7332 0.9 0.277535 0.524612 0.420525 0.108569 0.687306 0.9 0.553007 0.247002 0.550649 0.541864 0.142413 0.71429 0.450954 0.263632 0.638964 0.539591 0.274877 0.766574 0.582918 0.9 0.701928 0.536243 0.520194 0.110653 0.881566 0.757963 0.12104 0.236763 0.162493 0.590598 0.272588 0.379541 0.27239 0.635101 0.497116 0.877785 0.726878 0.9 0.353276 0.1 0.516425 0.348627 0.9 0.9 0.610022 0.615975 0.506853 0.667963 0.502106 0.1 0.642547 0.134171 0.548374 0.258361 0.303392 0.367739 0.1 0.35461 0.644406 0.256177 0.200892 0.831723 0.580494 0.329011 0.555721 0.116978 0.232824 0.26429 0.1 0.379822 0.527009 0.701106 0.88851 0.492252 0.56968 0.391594 0.1 0.1 0.1 0.492544 0.1866 0.789316 0.707847 0.601877 0.11078 0.832129 0.116714 0.293065 0.214211 0.9 0.484783 0.236887 0.71326 0.131993 0.491574 0.9 
0.1 0.9 0.678844 0.282007 0.301451 0.1 0.812845 0.231004 0.44742 0.562648 0.509226 0.638638 0.55348 0.595252 0.10284 0.597678 0.591933 0.840798 0.419212 0.746551 0.663752 0.483768 0.9 0.1 0.270619 0.388779 0.356713 0.887631 0.610895 0.890364 0.364008 0.72739 0.558611 0.150574 0.868554 0.1 0.299517 0.580922 0.290428 0.871703 0.1 0.646078 0.43759 0.685189 0.504357 0.458615 0.505071 0.880465 0.484758 0.731882 0.524916 0.258445 0.1 0.367283 0.199919 0.416727 0.9 0.56525 0.363179 0.342001 0.427021 0.659444 0.111142 0.1 0.9 0.8733 0.123609 0.1 0.574021 0.356676 0.9 0.705082 0.1 0.425208 0.466333 0.414108 0.9 0.9 0.365065 0.383971 0.690371 0.9 0.637904 0.9 0.450073 0.6711 0.369694 0.259935 0.361991 0.720267 0.60871 0.628111 0.477363 0.65649 0.680271 0.350062 0.487096 0.692473 0.482206 0.1 0.1 0.395628 0.776041 0.229133 0.696122 0.413349 0.607162 0.661999 0.508419 0.822368 0.1 0.1 0.718868 0.597906 0.119609 0.1 0.468329 0.301716 0.359294 0.690382 0.134095 0.836609 0.462286 0.519774 0.510631 0.166981 0.88422 0.151072 0.896607 0.340891 0.389403 0.891593 0.652779 0.301419 0.1 0.557435 0.54956 0.597967 0.256337 0.9 0.465018 0.358628 0.1 0.19573 0.9 0.150547 0.335734 0.415479 0.459636 0.630224 0.237303 0.510723 0.577846 0.668635 0.871415 0.415353 0.620354 0.716403 0.40525 0.560344 0.1 0.603096 0.569181 0.686584 0.9 0.640936 0.179289 0.451199 0.286468 0.41737 0.56532 0.668623 0.679277 0.680196 0.862945 0.751649 0.636599 0.305707 0.1 0.1 0.9 0.45299 0.430177 0.580315 0.859566 0.526352 0.771262 0.649009 0.110937 0.1 0.253827 0.210408 0.858812 0.9 0.885507 0.646341 0.572715 0.1 0.1 0.753575 0.524841 0.643332 0.535293 0.324745 0.203146 0.532496 0.9 0.9 0.894759 0.18355 0.8284 0.759867 0.458727 0.43901 0.342576 0.496765 0.858189 0.110912 0.1 0.1 0.304843 0.460067 0.269919 0.1 0.360067 0.179315 0.885607 0.9 0.400237 0.9 0.80454 0.9 0.587393 0.356728 0.1 0.9 0.884289 0.15546 0.762052 0.599114 0.1 0.671992 0.436119 0.530589 0.276692 0.702159 0.115349 0.1 0.88606 0.304849 0.1 0.9 
0.1 0.446808 0.320898 0.234037 0.506084 0.1 0.366058 0.722306 0.241535 0.821233 0.69881 0.69479 0.348103 0.72607 0.556708 0.196541 0.661886 0.553747 0.730629 0.882345 0.131792 0.205661 0.556185 0.468584 0.85641 0.649509 0.469999 0.9 0.886373 0.633549 0.127631 0.618124 0.102032 0.337569 0.9 0.56845 0.518505 0.114541 0.370263 0.677881 0.1 0.1 0.462289 0.466334 0.712274 0.109755 0.594802 0.57028 0.5689 0.414155 0.5263 0.687809 0.584104 0.112185 0.1 0.609553 0.686443 0.596315 0.543859 0.567467 0.313175 0.561724 0.352133 0.307479 0.893959 0.450743 0.831661 0.541317 0.450375 0.208237 0.283289 0.572083 0.294232 0.570653 0.1 0.1 0.784563 0.713677 0.557092 0.338911 0.1 0.1 0.1 0.653557 0.1 0.311559 0.433361 0.717094 0.9 0.9 0.433763 0.31247 0.409268 0.711647 0.542086 0.42362 0.1 0.449297 0.9 0.474397 0.555836 0.1 0.199014 0.835165 0.9 0.124556 0.886325 0.720316 0.885933 0.494379 0.1 0.85368 0.525475 0.304084 0.696707 0.492985 0.451487 0.10159 0.27892 0.488634 0.1 0.674657 0.709888 0.469626 0.447126 0.31553 0.9 0.33989 0.804212 0.9 0.9 0.435779 0.105659 0.819416 0.375757 0.846383 0.113154 0.1 0.626755 0.9 0.563791 0.678124 0.889669 0.115844 0.9 0.681368 0.499974 0.471748 0.9 0.9 0.9 0.9 0.526147 0.647563 0.444458 0.773288 0.169424 0.205128 0.287569 0.834904 0.10479 0.1 0.190291 0.346464 0.869323 0.472219 0.1 0.1 0.598674 0.9 0.9 0.102121 0.472035 0.869067 0.128659 0.362608 0.556144 0.713181 0.672477 0.444323 0.570607 0.618304 0.291164 0.1 0.340716 0.626722 0.9 0.545394 0.768342 0.123277 0.314448 0.838328 0.365434 0.38822 0.13935 0.2695 0.9 0.384112 0.22935 0.526288 0.1 0.294915 0.666866 0.555545 0.132135 0.882141 0.9 0.759064 0.625683 0.610113 0.15768 0.1 0.357727 0.332661 0.125682 0.69441 0.9 0.1 0.1 0.649572 0.279877 0.377683 0.683701 0.446546 0.9 0.891185 0.775849 0.709854 0.290654 0.876555 0.316353 0.396315 0.116433 0.806914 0.104524 0.337596 0.692023 0.1 0.89067 0.379894 0.648779 0.130048 0.348898 0.129622 0.332701 0.646603 0.826225 0.401575 0.74611 0.853113 0.1 0.446808 
0.274978 0.9 0.39145 0.198833 0.745289 0.9 0.860515 0.234804 0.808077 0.349794 0.405969 0.1 0.1 0.46068 0.453032 0.830012 0.60059 0.247077 0.1 0.295198 0.352293 0.600211 0.385587 0.867556 0.114315 0.1 0.1 0.9 0.152626 0.302567 0.633776 0.539778 0.1 0.1 0.746902 0.9 0.9 0.771624 0.9 0.9 0.887429 0.388474 0.892561 0.170287 0.835419 0.394627 0.9 0.433319 0.586458 0.1 0.4888 0.106661 0.624925 0.9 0.9 0.864092 0.111012 0.129875 0.584693 0.348505 0.311106 0.485215 0.882277 0.519203 0.537903 0.571722 0.446885 0.474965 0.374996 0.262905 0.364044 0.316589 0.574121 0.39103 0.347235 0.441904 0.592449 0.353148 0.698538 0.3679 0.314354 0.36859 0.32903 0.132323 0.20468 0.300692 0.895955 0.498298 0.297789 0.656687 0.61508 0.578235 0.1 0.477064 0.101407 0.403916 0.1 0.439968 0.9 0.530419 0.704625 0.408044 0.81557 0.44079 0.606035 0.266122 0.783108 0.332603 0.506668 0.543857 0.558233 0.9 0.9 0.9 0.9 0.247975 0.120363 0.63632 0.608193 0.540354 0.295853 0.309483 0.1 0.427503 0.83997 0.30104 0.833427 0.16402 0.612819 0.77132 0.617535 0.392081 0.1 0.415653 0.730906 0.803091 0.504102 0.59808 0.882862 0.123909 0.1 0.613864 0.9 0.1 0.545663 0.70931 0.371638 0.682085 0.619426 0.9 0.394852 0.846401 0.307214 0.302453 0.233693 0.135923 0.394729 0.1 0.1 0.164419 0.842879 0.622083 0.617413 0.86821 0.162041 0.42614 0.601356 0.61802 0.9 0.766998 0.607348 0.1 0.294389 0.589923 0.26449 0.897697 0.470641 0.469175 0.618517 0.865534 0.560358 0.728441 0.765812 0.574338 0.161261 0.878342 0.9 0.59374 0.176441 0.9 0.9 0.9 0.540429 0.504651 0.872614 0.675842 0.9 0.515494 0.315507 0.844253 0.283914 0.893654 0.9 0.48612 0.506656 0.249161 0.386145 0.890659 0.747351 0.9 0.9 0.1 0.570783 0.635206 0.884696 0.701843 0.679732 0.59487 0.279666 0.737973 0.612617 0.1 0.603209 0.328655 0.572151 0.590461 0.876652 0.423168 0.1 0.1 0.198285 0.319373 0.1 0.277826 0.716541 0.636075 0.420418 0.1 0.518849 0.1 0.883334 0.40352 0.361226 0.344538 0.105852 0.184725 0.123691 0.575748 0.9 0.525896 0.274978 0.9 
0.148764 0.9 0.895588 0.146915 0.465471 0.756318 0.528113 0.528838 0.9 0.680438 0.9 0.9 0.9 0.650221 0.552202 0.394092 0.652703 0.146867 0.404716 0.557748 0.573617 0.886461 0.120476 0.47349 0.1 0.17191 0.1 0.9 0.681476 0.478459 0.522577 0.283794 0.417781 0.272626 0.41106 0.853061 0.190581 0.658488 0.622506 0.9 0.511108 0.479025 0.9 0.396555 0.1 0.429949 0.812028 0.683325 0.605121 0.320272 0.323218 0.1 0.1 0.440168 0.635756 0.194239 0.535278 0.843715 0.132632 0.225467 0.361211 0.524701 0.621286 0.748624 0.9 0.9 0.764334 0.9 0.645144 0.29449 0.669728 0.144976 0.576601 0.6608 0.560423 0.638641 0.102124 0.344142 0.505539 0.675237 0.670031 0.9 0.9 0.647455 0.305029 0.468 0.9 0.88695 0.423844 0.870116 0.166405 0.57969 0.474591 0.684468 0.457193 0.289426 0.458396 0.1 0.1 0.1 0.496392 0.830547 0.416061 0.1 0.567674 0.9 0.9 0.693361 0.283906 0.304878 0.432918 0.9 0.1 0.1 0.588805 0.453697 0.539878 0.615398 0.339202 0.83843 0.540763 0.508161 0.58229 0.889515 0.312295 0.1 0.149447 0.656449 0.238154 0.387785 0.9 0.68703 0.251329 0.271736 0.806961 0.885971 0.329332 0.583412 0.498562 0.454302 0.869008 0.9 0.413707 0.1 0.1 0.1 0.490593 0.685941 0.579483 0.760959 0.550464 0.176429 0.234157 0.351926 0.873287 0.460468 0.323324 0.1 0.213622 0.456903 0.534634 0.1 0.1 0.692901 0.454598 0.9 0.579856 0.676853 0.661113 0.87043 0.190911 0.468261 0.9 0.667677 0.597102 0.9 0.566092 0.109819 0.552905 0.353627 0.861775 0.339411 0.277051 0.128681 0.374137 0.396652 0.669003 0.9 0.457174 0.896399 0.44425 0.9 0.1 0.496552 0.672487 0.489957 0.486377 0.121419 0.183666 0.1 0.1 0.452449 0.652966 0.112555 0.887594 0.360916 0.9 0.702193 0.409229 0.599123 0.888828 0.313337 0.674972 0.260601 0.431189 0.29924 0.499009 0.1 0.111397 0.9 0.9 0.442723 0.9 0.9 0.9 0.603979 0.440857 0.526041 0.686397 0.564514 0.721594 0.9 0.9 0.458405 0.9 0.9 0.747726 0.717239 0.523727 0.1 0.335542 0.409429 0.348289 0.147711 0.567861 0.793592 0.240113 0.270593 0.889493 0.353646 0.148764 0.9 
0.786317 0.15911 0.518731 0.894295 0.710464 0.9 0.399099 0.380078 0.499348 0.1 0.323824 0.434696 0.486919 0.1 0.320387 0.138879 0.9 0.9 0.282794 0.270539 0.349267 0.653614 0.183952 0.1 0.364651 0.518899 0.243891 0.338018 0.870515 0.543556 0.9 0.799364 0.539311 0.426379 0.555625 0.352843 0.194927 0.139495 0.602964 0.765383 0.179257 0.809553 0.320998 0.484602 0.1 0.581467 0.630458 0.1 0.55878 0.840144 0.492263 0.843819 0.497364 0.647693 0.9 0.855741 0.1 0.280853 0.1 0.1 0.698694 0.9 0.887071 0.386677 0.363807 0.570206 0.534646 0.608722 0.531631 0.1 0.401722 0.514782 0.137245 0.513638 0.1 0.338024 0.199193 0.677693 0.422439 0.750589 0.608228 0.803802 0.625572 0.111529 0.351096 0.719084 0.9 0.70402 0.893361 0.9 0.677708 0.678325 0.9 0.753522 0.822565 0.134613 0.234569 0.452241 0.638129 0.9 0.638495 0.128281 0.45711 0.66568 0.707625 0.623031 0.190611 0.862384 0.451296 0.496753 0.648464 0.9 0.287753 0.272974 0.134026 0.498066 0.165206 0.829526 0.1 0.156522 0.89516 0.9 0.717847 0.677628 0.546654 0.541172 0.706915 0.9 0.134996 0.410325 0.625841 0.697432 0.501576 0.102439 0.444754 0.294594 0.659893 0.522625 0.103156 0.1 0.139015 0.833938 0.172847 0.127461 0.1 0.1 0.867662 0.25702 0.1 0.1 0.338204 0.850607 0.9 0.9 0.646075 0.553943 0.420633 0.395539 0.316734 0.596337 0.9 0.9 0.258871 0.387096 0.1 0.723713 0.634525 0.750918 0.296481 0.823603 0.839531 0.384807 0.587211 0.892824 0.604198 0.718332 0.123329 0.330779 0.9 0.1 0.378661 0.233102 0.1 0.26443 0.122304 0.601831 0.9 0.64175 0.1 0.101549 0.1 0.876184 0.1 0.385759 0.20477 0.1 0.1 0.9 0.9 0.418158 0.615407 0.9 0.620457 0.275605 0.705719 0.329611 0.9 0.9 0.595942 0.852952 0.148155 0.1 0.274265 0.1 0.369844 0.354703 0.719774 0.274597 0.897697 0.838761 0.494818 0.1 0.606606 0.584487 0.623498 0.880592 0.81678 0.607199 0.728967 0.751471 0.9 0.513974 0.578385 0.586865 0.627967 0.44363 0.9 0.659808 0.277068 0.383564 0.50198 0.360464 0.444468 0.642422 0.527698 0.9 0.1 0.1 0.106246 0.1 0.786317 0.15911 
0.383933 0.466505 0.1 0.668514 0.55223 0.873566 0.382057 0.1 0.587397 0.34606 0.551128 0.342101 0.862459 0.251968 0.569439 0.9 0.9 0.742401 0.349973 0.348919 0.1 0.701202 0.12142 0.302737 0.60126 0.410832 0.526191 0.638296 0.474707 0.463444 0.307177 0.52806 0.111218 0.32296 0.397595 0.396585 0.340813 0.583498 0.693962 0.9 0.9 0.292405 0.1 0.876496 0.507404 0.696674 0.873905 0.362873 0.395492 0.172483 0.559519 0.59771 0.9 0.9 0.9 0.648511 0.1 0.344703 0.298071 0.618324 0.9 0.600392 0.313743 0.863154 0.9 0.599336 0.38597 0.298587 0.270167 0.1 0.193908 0.312307 0.29682 0.442734 0.254128 0.84032 0.1 0.1 0.1 0.548905 0.313258 0.672349 0.163198 0.177441 0.698363 0.9 0.9 0.9 0.439195 0.224118 0.436734 0.292785 0.786812 0.621289 0.159846 0.676847 0.251761 0.537812 0.14302 0.435699 0.637013 0.26212 0.627094 0.166837 0.597472 0.9 0.9 0.819218 0.9 0.880641 0.416074 0.346702 0.645146 0.490092 0.417982 0.411086 0.386772 0.376433 0.288499 0.636116 0.619647 0.709331 0.9 0.44903 0.345965 0.1 0.1 0.655105 0.68407 0.236342 0.120322 0.447144 0.53718 0.672712 0.497828 0.110741 0.524371 0.48818 0.825504 0.635584 0.305147 0.442185 0.791739 0.186473 0.588018 0.362122 0.575983 0.1 0.651168 0.779357 0.89567 0.460736 0.548594 0.9 0.766112 0.867657 0.180146 0.823041 0.517383 0.736543 0.154858 0.458496 0.329276 0.512987 0.337181 0.9 0.843591 0.9 0.271053 0.627179 0.590035 0.48885 0.103852 0.333465 0.661096 0.719347 0.633853 0.306816 0.9 0.352335 0.150841 0.585903 0.667505 0.553883 0.449846 0.500846 0.371503 0.546151 0.32647 0.84102 0.356501 0.492934 0.373991 0.482803 0.14047 0.512482 0.467304 0.9 0.576953 0.55052 0.680436 0.840972 0.209615 0.515879 0.403203 0.824022 0.553026 0.872534 0.134371 0.26013 0.213005 0.126988 0.813804 0.137467 0.539038 0.501758 0.444485 0.1 0.9 0.9 0.9 0.279833 0.229329 0.396331 0.84396 0.537166 0.845356 0.317755 0.237271 0.469276 0.9 0.886696 0.434373 0.123971 0.470098 0.640436 0.9 0.9 0.579875 0.1 0.106997 0.825979 0.1 0.18473 0.831502 0.9 0.522515 0.458575 0.860471 0.42356 0.383933 0.466505 
0.854736 0.472573 0.1 0.547284 0.893455 0.159862 0.625188 0.1 0.455292 0.577461 0.9 0.886007 0.639167 0.391089 0.54112 0.511142 0.29191 0.104575 0.514589 0.34895 0.1 0.632538 0.359698 0.109805 0.509179 0.9 0.489078 0.44632 0.405833 0.642795 0.1 0.1 0.178887 0.295562 0.483288 0.133102 0.19838 0.386275 0.275874 0.671553 0.869668 0.171056 0.445588 0.584324 0.4932 0.1 0.126765 0.880428 0.384975 0.475555 0.239964 0.40924 0.344891 0.621132 0.541474 0.784956 0.512548 0.1 0.122548 0.9 0.9 0.330623 0.1 0.104784 0.498278 0.545739 0.314985 0.779319 0.8619 0.526808 0.510829 0.86398 0.752454 0.885851 0.423326 0.223814 0.103403 0.304869 0.1 0.355911 0.1 0.295282 0.856678 0.407403 0.884163 0.378339 0.141871 0.511658 0.363568 0.1 0.438607 0.27746 0.466354 0.50614 0.33079 0.891778 0.117322 0.596167 0.619765 0.1 0.1 0.1 0.9 0.642413 0.11734 0.373764 0.888057 0.386935 0.673463 0.151952 0.639766 0.729754 0.360884 0.478155 0.12646 0.1 0.813988 0.188707 0.617859 0.415719 0.1 0.1 0.593891 0.673305 0.73146 0.894396 0.678533 0.9 0.569649 0.493391 0.811444 0.717861 0.542177 0.809263 0.412137 0.67002 0.132761 0.306374 0.135208 0.9 0.497618 0.699077 0.718696 0.551834 0.477447 0.634763 0.863828 0.357298 0.661846 0.560286 0.734129 0.9 0.725532 0.409522 0.47258 0.487445 0.219053 0.1 0.321868 0.9 0.529721 0.14011 0.351802 0.179889 0.892258 0.9 0.9 0.9 0.210128 0.188407 0.829379 0.746612 0.705656 0.384181 0.407483 0.142698 0.826082 0.289292 0.559724 0.665604 0.787483 0.371028 0.425092 0.606377 0.595793 0.891708 0.195847 0.81733 0.146274 0.378746 0.609379 0.643846 0.377591 0.16407 0.633821 0.413569 0.890164 0.725723 0.312545 0.304021 0.582059 0.246791 0.764488 0.625549 0.395076 0.384374 0.585474 0.546676 0.463771 0.1 0.1 0.362401 0.429068 0.422824 0.168531 0.846565 0.437438 0.1 0.873804 0.538976 0.491972 0.433888 0.119649 0.880612 0.738785 0.831146 0.359434 0.504113 0.568601 0.477139 0.9 0.327827 0.536251 0.9 0.645337 0.1 0.1 0.39576 0.584048 0.613207 0.545278 0.659999 0.1 0.737997 0.176122 0.379055 0.888758 0.549352 0.497026 0.710395 0.854736 0.472573 
0.110387 0.130038 0.869028 0.775441 0.9 0.1 0.358147 0.430225 0.465624 0.385623 0.528757 0.1 0.1 0.274696 0.232866 0.286424 0.689537 0.704458 0.875713 0.337696 0.356282 0.1 0.114746 0.448782 0.468616 0.876757 0.205026 0.892364 0.585708 0.114057 0.689577 0.709034 0.129987 0.506356 0.630299 0.876049 0.704666 0.845642 0.368031 0.1 0.165006 0.822541 0.330553 0.308037 0.275957 0.476178 0.504343 0.894233 0.345631 0.390547 0.12297 0.63167 0.475486 0.350839 0.349576 0.875334 0.32027 0.386658 0.870323 0.9 0.492821 0.577865 0.599238 0.430799 0.1 0.1 0.447201 0.846 0.177389 0.770497 0.9 0.368692 0.699817 0.333459 0.516982 0.146805 0.799247 0.131884 0.1 0.1 0.358449 0.287144 0.9 0.9 0.54082 0.115627 0.885155 0.780678 0.42907 0.648111 0.693151 0.679698 0.340589 0.351048 0.279684 0.538344 0.516714 0.603997 0.421909 0.610507 0.392088 0.372494 0.860601 0.392205 0.526908 0.41193 0.367108 0.348884 0.550152 0.261631 0.549983 0.881947 0.531882 0.425295 0.803635 0.1 0.425734 0.856355 0.9 0.740876 0.611383 0.515601 0.562074 0.9 0.9 0.77626 0.499401 0.402218 0.464637 0.874576 0.171376 0.855513 0.186931 0.809457 0.162762 0.679506 0.437498 0.344328 0.1 0.875072 0.67748 0.750951 0.799398 0.212511 0.9 0.9 0.117157 0.320989 0.899541 0.117442 0.1 0.467365 0.578616 0.561677 0.453362 0.392539 0.260858 0.1 0.859602 0.752967 0.9 0.9 0.581519 0.9 0.9 0.737629 0.660696 0.320445 0.1 0.827851 0.380628 0.663172 0.560908 0.288588 0.88704 0.460367 0.136278 0.1 0.9 0.9 0.213887 0.873447 0.475165 0.519205 0.515425 0.9 0.9 0.779771 0.88189 0.692619 0.470528 0.887053 0.692138 0.886954 0.796378 0.466715 0.582094 0.559435 0.620203 0.596633 0.476229 0.805774 0.463747 0.773448 0.163397 0.1 0.469159 0.308472 0.1 0.264413 0.253578 0.1 0.108746 0.717599 0.615281 0.640631 0.727563 0.53313 0.323223 0.691649 0.385317 0.608068 0.53999 0.9 0.537222 0.445971 0.253398 0.196978 0.816771 0.143661 0.668893 0.262611 0.160626 0.851075 0.10244 0.196065 0.1 0.61306 0.502748 0.132952 0.9 0.9 0.256398 0.154156 0.579281 0.865524 0.667054 0.37567 0.560472 0.865856 0.110387 0.130038 
0.1 0.608716 0.78773 0.1 0.1 0.1 0.112742 0.800876 0.388695 0.785669 0.10585 0.257347 0.854961 0.3478 0.475244 0.898633 0.886804 0.149834 0.102384 0.9 0.9 0.464362 0.859239 0.549233 0.269552 0.603601 0.855074 0.9 0.332948 0.1 0.734409 0.9 0.733468 0.557242 0.9 0.785352 0.580125 0.19428 0.583605 0.874891 0.9 0.731989 0.13179 0.594683 0.135428 0.477365 0.599623 0.159176 0.522327 0.76968 0.869422 0.489895 0.115778 0.645165 0.861529 0.508212 0.306861 0.848692 0.358166 0.539483 0.9 0.9 0.417024 0.610951 0.425004 0.280856 0.288764 0.1 0.26096 0.9 0.896639 0.120966 0.650793 0.149549 0.9 0.732144 0.611398 0.56471 0.657181 0.1 0.386116 0.566356 0.610256 0.466686 0.409231 0.403809 0.9 0.640034 0.269144 0.1 0.1 0.1 0.1 0.447872 0.684142 0.64888 0.680106 0.1 0.681254 0.896213 0.155555 0.576999 0.143155 0.845199 0.719593 0.16685 0.44307 0.393993 0.578165 0.363252 0.407933 0.107374 0.9 0.9 0.549853 0.333444 0.389262 0.469649 0.9 0.685801 0.544686 0.9 0.9 0.681916 0.517934 0.610436 0.233621 0.1 0.740781 0.9 0.1 0.9 0.621463 0.38126 0.629699 0.40105 0.358168 0.313366 0.499008 0.161302 0.639871 0.881433 0.219576 0.540998 0.9 0.526189 0.1 0.30322 0.9 0.9 0.883475 0.478502 0.888717 0.9 0.1 0.368216 0.497813 0.246988 0.531198 0.294732 0.297379 0.562029 0.129698 0.9 0.9 0.875032 0.1 0.283872 0.1 0.750049 0.381739 0.9 0.742229 0.348188 0.596616 0.706033 0.883082 0.583414 0.9 0.71982 0.46175 0.9 0.139196 0.389351 0.845342 0.230463 0.6321 0.395753 0.355646 0.356336 0.526019 0.659347 0.9 0.784674 0.467309 0.884003 0.695443 0.509656 0.151759 0.644949 0.426714 0.545664 0.507763 0.239558 0.818815 0.103502 0.882061 0.730401 0.731499 0.897757 0.469166 0.310713 0.877012 0.577264 0.591942 0.681402 0.597097 0.359803 0.1 0.9 0.604192 0.650439 0.506753 0.592188 0.421681 0.859707 0.477777 0.824729 0.654514 0.476653 0.774703 0.9 0.885193 0.499044 0.1 0.874833 0.561301 0.9 0.579206 0.307191 0.761507 0.9 0.557958 0.61584 0.404389 0.143382 0.257698 0.1 0.531602 0.37572 0.1 0.608716 
0.853027 0.559151 0.732195 0.348289 0.429867 0.1 0.289772 0.147091 0.427796 0.132145 0.1 0.510928 0.478022 0.1 0.355933 0.1 0.1 0.862287 0.342955 0.9 0.9 0.9 0.559511 0.289156 0.108218 0.830385 0.516254 0.509041 0.1 0.364288 0.624692 0.219871 0.832171 0.489125 0.502834 0.431429 0.607383 0.857862 0.397139 0.166887 0.892835 0.520492 0.662601 0.503747 0.410847 0.140543 0.38533 0.621241 0.9 0.724288 0.654803 0.876482 0.495143 0.1 0.111908 0.58738 0.844303 0.544503 0.1 0.1 0.890992 0.9 0.375265 0.652002 0.447677 0.681473 0.1 0.1 0.546724 0.473244 0.148389 0.429848 0.9 0.9 0.9 0.470128 0.1 0.236731 0.1 0.1 0.9 0.817119 0.848865 0.692865 0.794975 0.121925 0.124359 0.827215 0.498247 0.342031 0.863591 0.373544 0.217567 0.222172 0.138928 0.62196 0.9 0.136263 0.653743 0.641569 0.57964 0.882914 0.12143 0.558429 0.9 0.811076 0.222503 0.788433 0.13858 0.1 0.841633 0.112094 0.9 0.9 0.736622 0.9 0.9 0.9 0.612978 0.355673 0.30688 0.568493 0.719503 0.517661 0.70389 0.714108 0.275686 0.748505 0.9 0.9 0.362048 0.496097 0.875721 0.49434 0.9 0.689241 0.367234 0.1 0.61693 0.537036 0.225939 0.612309 0.597892 0.164157 0.435318 0.515964 0.891618 0.282884 0.43267 0.530881 0.671209 0.546667 0.129347 0.277495 0.1 0.9 0.9 0.482549 0.697459 0.723312 0.38701 0.1 0.16541 0.355227 0.478031 0.284538 0.1 0.859753 0.326915 0.609894 0.46136 0.41227 0.281281 0.1 0.505602 0.650725 0.692179 0.606753 0.9 0.1 0.1 0.544333 0.598072 0.303075 0.743598 0.835895 0.161925 0.533723 0.42749 0.824587 0.516184 0.761918 0.9 0.683663 0.1 0.483368 0.866143 0.112841 0.192036 0.129533 0.639212 0.670469 0.651344 0.884221 0.9 0.1 0.577296 0.634267 0.659231 0.546171 0.592057 0.9 0.9 0.375914 0.1 0.523582 0.301732 0.223418 0.231996 0.610294 0.144014 0.553746 0.46143 0.9 0.322851 0.509895 0.353134 0.314048 0.503388 0.683944 0.330659 0.111706 0.511814 0.846139 0.127285 0.383216 0.1 0.648428 0.9 0.76741 0.13187 0.611952 0.649987 0.866123 0.115715 0.580882 0.511278 0.340074 0.9 0.759385 0.853027 0.559151 
0.1 0.386167 0.9 0.724611 0.74948 0.365306 0.855311 0.248019 0.150833 0.206061 0.431987 0.46266 0.325528 0.491042 0.869756 0.300375 0.1 0.894818 0.101866 0.11735 0.486192 0.705791 0.1 0.471756 0.347161 0.704988 0.809057 0.381331 0.256622 0.628419 0.21653 0.510273 0.13207 0.1 0.399813 0.847922 0.400378 0.360696 0.1 0.284423 0.689999 0.587539 0.9 0.872321 0.198949 0.612299 0.279641 0.227717 0.591082 0.386238 0.36005 0.1 0.116906 0.336266 0.563463 0.453787 0.175001 0.396744 0.654527 0.234938 0.156682 0.9 0.9 0.345076 0.113219 0.318985 0.241132 0.435745 0.65223 0.528836 0.734869 0.313069 0.102568 0.629268 0.274631 0.1 0.413727 0.401879 0.382083 0.1 0.9 0.735452 0.215211 0.788457 0.258922 0.597973 0.418263 0.136431 0.1 0.1 0.543126 0.294328 0.106704 0.463157 0.580063 0.15031 0.9 0.851253 0.640228 0.494775 0.447467 0.468239 0.841412 0.512054 0.101011 0.146679 0.513229 0.614876 0.416737 0.1 0.503392 0.382462 0.762414 0.654593 0.348836 0.895472 0.514585 0.710731 0.1 0.53874 0.9 0.63563 0.868302 0.1 0.122576 0.648789 0.252131 0.9 0.748829 0.9 0.381596 0.1 0.1 0.295919 0.514779 0.31779 0.368239 0.1 0.736501 0.884496 0.141492 0.16792 0.427795 0.874165 0.9 0.696563 0.9 0.40161 0.293493 0.145747 0.887307 0.339663 0.667763 0.873292 0.388992 0.775982 0.568954 0.581477 0.63326 0.265073 0.301196 0.1 0.287625 0.473132 0.427969 0.730151 0.706087 0.805369 0.9 0.510591 0.688812 0.156554 0.549355 0.1 0.120173 0.558879 0.771598 0.9 0.9 0.1 0.1 0.849473 0.546476 0.645004 0.726677 0.783886 0.409334 0.351831 0.355742 0.124445 0.518484 0.650977 0.16558 0.710969 0.309424 0.474108 0.60466 0.1 0.297172 0.47688 0.547553 0.141882 0.505296 0.353529 0.139188 0.572039 0.9 0.895461 0.728487 0.824472 0.20384 0.537519 0.709042 0.497245 0.233315 0.391108 0.361159 0.677991 0.6218 0.757375 0.5871 0.330591 0.47852 0.897022 0.148749 0.626065 0.353848 0.553845 0.9 0.531119 0.1 0.455841 0.584885 0.715033 0.88094 0.712576 0.279227 0.715882 0.710087 0.9 0.557583 0.680314 0.443884 0.356883 0.1 0.717606 0.657404 0.433511 0.459861 0.344774 0.1 0.386167 
0.1 0.609843 0.9 0.635907 0.345386 0.24611 0.1 0.304161 0.802759 0.164357 0.671387 0.483861 0.886561 0.531837 0.162657 0.1 0.331445 0.778481 0.9 0.862408 0.433879 0.498155 0.1 0.516328 0.406581 0.813484 0.229294 0.538244 0.116675 0.130526 0.813326 0.757143 0.770136 0.870505 0.27487 0.110235 0.1 0.381331 0.323263 0.147159 0.552156 0.1 0.394563 0.488322 0.634608 0.571306 0.496443 0.1 0.330213 0.504408 0.891931 0.783514 0.79435 0.139893 0.260718 0.3883 0.857092 0.404019 0.1 0.1 0.491065 0.9 0.9 0.399385 0.827516 0.111622 0.518346 0.841589 0.624258 0.9 0.893821 0.115655 0.1 0.386432 0.563192 0.736362 0.860105 0.191752 0.848971 0.340984 0.632428 0.9 0.9 0.629972 0.829106 0.409309 0.899449 0.899602 0.702589 0.9 0.85117 0.15606 0.638479 0.732354 0.567074 0.548439 0.884252 0.173323 0.409292 0.428353 0.9 0.491344 0.531452 0.9 0.9 0.866925 0.783545 0.858408 0.180341 0.396181 0.274358 0.541581 0.349996 0.19896 0.1 0.328744 0.489255 0.9 0.1 0.1 0.696065 0.130297 0.383542 0.448937 0.878087 0.9 0.104583 0.9 0.9 0.500332 0.171228 0.591181 0.1 0.640152 0.685303 0.9 0.606594 0.460493 0.859825 0.808805 0.804376 0.121879 0.200387 0.288658 0.385932 0.324844 0.585484 0.820792 0.446409 0.609831 0.9 0.160859 0.827226 0.394348 0.568879 0.863404 0.136578 0.569479 0.561219 0.1 0.136615 0.886104 0.733705 0.1 0.49284 0.390663 0.1 0.153056 0.803769 0.150588 0.763915 0.591762 0.152007 0.1 0.874911 0.567707 0.402837 0.445103 0.471495 0.54462 0.1 0.338274 0.749033 0.9 0.605811 0.413694 0.875644 0.74101 0.9 0.420656 0.681365 0.163254 0.179183 0.488871 0.315703 0.769454 0.868131 0.413375 0.9 0.9 0.551299 0.596452 0.548115 0.643142 0.657524 0.461895 0.1 0.162008 0.872354 0.615206 0.76288 0.173606 0.708038 0.623596 0.1 0.377377 0.896968 0.9 0.161663 0.808512 0.434824 0.882874 0.9 0.616123 0.358371 0.129922 0.258915 0.448572 0.561762 0.1 0.275088 0.9 0.9 0.731385 0.633986 0.58809 0.222493 0.664658 0.687423 0.1 0.216584 0.531611 0.164942 0.787531 0.245677 0.28046 0.289497 0.1 0.102065 0.391287 0.1 0.609843 
0.513231 0.9 0.9 0.843246 0.166105 0.152073 0.294712 0.634891 0.483324 0.458991 0.627836 0.289893 0.261478 0.106211 0.797147 0.504093 0.889874 0.674988 0.541287 0.125572 0.1 0.647948 0.106702 0.448482 0.845042 0.618907 0.398008 0.189721 0.81906 0.613613 0.432337 0.409109 0.53673 0.336739 0.1 0.697706 0.470296 0.492384 0.491215 0.859505 0.9 0.1 0.1 0.214415 0.259243 0.1 0.608182 0.15435 0.535435 0.364418 0.379712 0.843549 0.196775 0.303053 0.326753 0.872709 0.9 0.9 0.9 0.776865 0.461342 0.354942 0.102628 0.1 0.656885 0.352924 0.879741 0.198373 0.645585 0.34551 0.132914 0.666392 0.264573 0.1 0.869406 0.609414 0.344441 0.62915 0.782595 0.9 0.9 0.160553 0.847536 0.11782 0.397042 0.1 0.1 0.275798 0.9 0.9 0.170717 0.3976 0.322357 0.1 0.561891 0.9 0.608341 0.35129 0.1 0.284159 0.658631 0.1 0.1 0.1 0.237488 0.148656 0.502427 0.550704 0.623806 0.38889 0.464685 0.642477 0.37377 0.230562 0.692892 0.658774 0.417134 0.732874 0.889475 0.363947 0.690731 0.9 0.701912 0.1 0.11557 0.354418 0.1 0.677284 0.699829 0.165209 0.792912 0.471561 0.297482 0.880978 0.524221 0.430166 0.16073 0.774272 0.180947 0.580506 0.462495 0.355168 0.447834 0.628068 0.598645 0.100153 0.239185 0.184619 0.822615 0.306982 0.521537 0.470786 0.311971 0.255794 0.614727 0.41822 0.54115 0.575587 0.110698 0.295122 0.9 0.9 0.713438 0.105302 0.806544 0.158816 0.483242 0.825928 0.221932 0.460618 0.668991 0.52326 0.848964 0.106805 0.9 0.727624 0.270038 0.339098 0.841078 0.153309 0.452203 0.282151 0.694967 0.736231 0.476165 0.297147 0.1 0.1 0.9 0.123287 0.323299 0.662792 0.1 0.159218 0.837345 0.9 0.158471 0.357697 0.879017 0.40646 0.88058 0.617402 0.670121 0.9 0.751101 0.622471 0.541293 0.842049 0.9 0.292767 0.132651 0.392391 0.654845 0.650379 0.1 0.1 0.140591 0.262165 0.1 0.125824 0.261826 0.532854 0.9 0.437502 0.477038 0.524386 0.460108 0.56661 0.875797 0.374258 0.890164 0.868963 0.9 0.509404 0.555494 0.634959 0.1 0.1108 0.56632 0.1 0.47627 0.637525 0.402758 0.174125 0.388583 0.612738 0.137684 0.417568 0.9 0.291622 0.513231 0.9 
0.845919 0.392319 0.638989 0.168708 0.7969 0.124279 0.657393 0.9 0.460411 0.613092 0.587077 0.39641 0.1 0.1 0.1 0.1 0.361518 0.561295 0.291963 0.655943 0.348616 0.756807 0.899252 0.660562 0.601775 0.870779 0.136146 0.387714 0.292953 0.659939 0.805256 0.887908 0.146003 0.466835 0.153619 0.837446 0.805595 0.874383 0.755658 0.127976 0.370067 0.361189 0.443588 0.456103 0.529718 0.544921 0.641543 0.797198 0.206077 0.846888 0.676324 0.459683 0.502707 0.430981 0.1 0.1 0.378497 0.428277 0.472396 0.595957 0.128983 0.282905 0.436543 0.132959 0.867617 0.738716 0.9 0.480458 0.585816 0.652781 0.667085 0.9 0.1 0.1 0.355299 0.59583 0.715505 0.9 0.573119 0.9 0.826495 0.1 0.285392 0.305591 0.583156 0.427345 0.335138 0.1 0.740837 0.9 0.731521 0.882839 0.1 0.312655 0.9 0.9 0.9 0.9 0.447826 0.473354 0.546855 0.1 0.31843 0.558875 0.394095 0.610009 0.32036 0.1 0.705578 0.9 0.9 0.586591 0.831155 0.192238 0.9 0.690326 0.480394 0.273047 0.736578 0.266313 0.129664 0.429828 0.1 0.274673 0.9 0.9 0.111366 0.724167 0.735177 0.591745 0.38712 0.266716 0.853363 0.807295 0.869168 0.1 0.277949 0.116673 0.1 0.131537 0.777513 0.13415 0.477905 0.9 0.193383 0.245023 0.610487 0.56115 0.599567 0.384058 0.852639 0.710659 0.9 0.9 0.9 0.683077 0.897751 0.163811 0.329846 0.590616 0.712638 0.779363 0.9 0.52236 0.47899 0.708553 0.70703 0.780119 0.893806 0.9 0.835122 0.9 0.9 0.378149 0.9 0.9 0.670736 0.493788 0.608742 0.22422 0.725716 0.555314 0.9 0.597822 0.54607 0.6811 0.1 0.408587 0.9 0.5405 0.1 0.53108 0.330735 0.80648 0.163962 0.602826 0.655305 0.9 0.471369 0.569465 0.677298 0.1 0.441476 0.628585 0.379623 0.390534 0.480818 0.2161 0.802491 0.129643 0.202109 0.655451 0.516604 0.128225 0.189331 0.134223 0.798998 0.51256 0.481649 0.627003 0.1 0.471334 0.299908 0.325825 0.366178 0.443583 0.864749 0.1 0.1 0.264605 0.821027 0.9 0.477809 0.313951 0.42198 0.9 0.665661 0.9 0.9 0.570229 0.827366 0.117675 0.12744 0.426515 0.371927 0.473865 0.510801 0.367396 0.890684 0.191068 0.845919 0.392319 
0.621918 0.217625 0.1 0.1 0.535773 0.1 0.1 0.672585 0.473666 0.869602 0.636541 0.876991 0.320785 0.842312 0.741131 0.868689 0.811013 0.567058 0.468368 0.798585 0.681331 0.668679 0.307435 0.129068 0.892562 0.9 0.39445 0.862624 0.1 0.347928 0.655969 0.7439 0.532368 0.9 0.783565 0.283742 0.774004 0.207649 0.856412 0.356559 0.1 0.343396 0.1 0.260562 0.311601 0.838318 0.1 0.1 0.324305 0.724227 0.898039 0.104713 0.223342 0.1 0.217351 0.166885 0.108616 0.514424 0.103849 0.336787 0.863997 0.669979 0.155373 0.376204 0.636352 0.9 0.624191 0.465796 0.846839 0.527396 0.712666 0.9 0.781194 0.858284 0.1 0.112744 0.661675 0.374851 0.1 0.1 0.884217 0.9 0.327283 0.1 0.106912 0.559092 0.361557 0.1 0.293031 0.46737 0.498597 0.286436 0.1 0.491168 0.783385 0.632396 0.432026 0.410862 0.111941 0.360893 0.880699 0.781229 0.369829 0.628449 0.662501 0.491066 0.615647 0.495101 0.9 0.760267 0.65886 0.715406 0.777339 0.877634 0.9 0.741552 0.449928 0.416653 0.9 0.812805 0.848809 0.442845 0.1 0.862627 0.9 0.845264 0.495007 0.374537 0.24997 0.555807 0.634273 0.1 0.404145 0.9 0.661455 0.111066 0.426332 0.34449 0.456406 0.256179 0.101511 0.1 0.1 0.9 0.853761 0.134104 0.509578 0.461989 0.514728 0.402048 0.1418 0.25837 0.9 0.137354 0.1 0.9 0.9 0.585423 0.197575 0.1 0.109891 0.882196 0.346643 0.526496 0.9 0.9 0.561503 0.410537 0.333402 0.134177 0.583318 0.499839 0.175586 0.61159 0.381455 0.116777 0.9 0.9 0.494744 0.312017 0.413662 0.63754 0.611756 0.329015 0.9 0.68477 0.1 0.9 0.460078 0.309005 0.1 0.57731 0.255957 0.305638 0.1 0.201314 0.285783 0.679032 0.537026 0.553671 0.673238 0.249484 0.106141 0.785254 0.158696 0.355087 0.9 0.885223 0.163867 0.3271 0.116944 0.420388 0.138702 0.614922 0.9 0.9 0.550206 0.9 0.9 0.9 0.297033 0.9 0.483281 0.446306 0.158294 0.436424 0.786851 0.311778 0.1 0.370205 0.9 0.9 0.629107 0.9 0.686837 0.61208 0.331134 0.659277 0.499664 0.358282 0.147965 0.592291 0.789093 0.194492 0.275916 0.680113 0.167998 0.652351 0.772077 0.866614 0.621918 0.217625 
0.9 0.9 0.599842 0.86155 0.453027 0.26409 0.313277 0.608425 0.651041 0.291909 0.458212 0.307163 0.1 0.359249 0.835045 0.585426 0.877122 0.497047 0.9 0.9 0.157506 0.781694 0.177681 0.275413 0.63205 0.318533 0.1 0.411343 0.21295 0.532215 0.33074 0.111001 0.447025 0.9 0.273514 0.712726 0.422865 0.236798 0.601546 0.9 0.509559 0.896116 0.334132 0.541664 0.1 0.1 0.1 0.1 0.603066 0.898247 0.9 0.636856 0.596179 0.1 0.1 0.334652 0.2999 0.123662 0.581792 0.614293 0.71334 0.9 0.570898 0.191579 0.857586 0.748376 0.105219 0.1 0.105471 0.462623 0.1 0.52689 0.514544 0.278967 0.124677 0.540461 0.436925 0.363266 0.552898 0.1 0.150837 0.648195 0.68327 0.885459 0.9 0.623763 0.129208 0.1 0.705687 0.9 0.9 0.427722 0.880016 0.590078 0.593605 0.647116 0.312555 0.601162 0.899476 0.270896 0.183043 0.862486 0.9 0.595801 0.192167 0.101151 0.299414 0.57002 0.327101 0.100016 0.63121 0.485834 0.655083 0.470845 0.346723 0.469264 0.1 0.436701 0.77896 0.896649 0.393888 0.494901 0.239687 0.1 0.1 0.749478 0.9 0.356046 0.350882 0.645121 0.643362 0.380352 0.58191 0.433981 0.140876 0.826226 0.463797 0.354656 0.508109 0.688868 0.271251 0.1 0.1 0.888153 0.656041 0.355163 0.555585 0.687255 0.84322 0.372337 0.355596 0.116358 0.723842 0.687563 0.300822 0.9 0.556879 0.1 0.135424 0.851931 0.739667 0.9 0.384623 0.357968 0.296916 0.336739 0.226534 0.652292 0.595365 0.656488 0.463949 0.9 0.878138 0.616229 0.846457 0.556463 0.9 0.436005 0.116644 0.652973 0.605019 0.716085 0.9 0.404582 0.431399 0.1 0.180666 0.9 0.246022 0.46536 0.878171 0.9 0.1 0.1 0.288546 0.449377 0.496295 0.51926 0.1 0.1 0.273484 0.407395 0.1 0.124762 0.877423 0.9 0.638688 0.9 0.469633 0.73273 0.571401 0.173253 0.316366 0.567036 0.502325 0.9 0.709684 0.694889 0.9 0.9 0.12725 0.728543 0.894777 0.368466 0.80753 0.291319 0.598188 0.512416 0.713246 0.752706 0.672694 0.9 0.263907 0.685816 0.1 0.109785 0.629788 0.597124 0.1 0.1 0.405457 0.63794 0.200491 0.828298 0.353064 0.646018 0.683949 0.9 0.31162 0.648302 0.9 0.9 
0.590411 0.89471 0.495008 0.389495 0.1 0.1 0.714886 0.794704 0.9 0.475253 0.703746 0.1 0.1 0.864352 0.46383 0.803597 0.615631 0.425013 0.9 0.9 0.1 0.134748 0.818288 0.437975 0.645165 0.573297 0.408379 0.854821 0.1 0.34424 0.219061 0.477025 0.1 0.725239 0.814479 0.24496 0.816395 0.666297 0.9 0.703069 0.129365 0.724876 0.853694 0.331546 0.428314 0.1 0.1 0.1 0.426608 0.167132 0.851793 0.620685 0.123129 0.684054 0.9 0.9 0.38751 0.32505 0.705685 0.557257 0.653242 0.887487 0.169012 0.647294 0.774579 0.9 0.866426 0.481974 0.615157 0.9 0.265761 0.632517 0.5738 0.111636 0.768637 0.118311 0.116553 0.794515 0.221507 0.516752 0.883644 0.1 0.1 0.133949 0.868193 0.187943 0.782235 0.239583 0.504789 0.669371 0.700906 0.137324 0.642887 0.832571 0.9 0.413468 0.699435 0.9 0.9 0.39434 0.578649 0.251544 0.837492 0.338006 0.168411 0.797854 0.494108 0.289213 0.736509 0.592637 0.743356 0.726465 0.752394 0.9 0.734416 0.63403 0.1 0.623788 0.9 0.580472 0.35511 0.589797 0.570004 0.1 0.293171 0.566537 0.476157 0.1 0.344783 0.378759 0.365561 0.1 0.387013 0.412476 0.4714 0.537215 0.246297 0.882891 0.729054 0.9 0.617321 0.473672 0.625826 0.451306 0.422571 0.54658 0.9 0.511511 0.132834 0.835334 0.171791 0.433225 0.424452 0.766876 0.542554 0.782842 0.263906 0.13731 0.783691 0.7766 0.370704 0.35726 0.880764 0.764358 0.560493 0.302173 0.343308 0.707788 0.435688 0.862937 0.797027 0.9 0.563205 0.386479 0.359981 0.875236 0.9 0.256942 0.370107 0.1 0.1 0.548173 0.697095 0.375201 0.331128 0.162867 0.1 0.51043 0.411507 0.858099 0.327807 0.647385 0.1 0.1 0.482186 0.64479 0.391363 0.72065 0.519922 0.566341 0.717063 0.306635 0.457226 0.295979 0.725221 0.7588 0.140312 0.683237 0.87431 0.672822 0.8484 0.792484 0.137827 0.41298 0.371351 0.448211 0.685274 0.497234 0.1 0.1 0.339369 0.300187 0.732514 0.567227 0.313259 0.1 0.361419 0.625338 0.9 0.9 0.372265 0.567289 0.134347 0.9 0.9 0.855822 0.596545 0.156805 0.439032 0.552094 0.641095 0.367872 0.504633 0.9 0.822479 0.886152 0.410213 0.488821 0.322727 0.291476 0.590411 0.89471 
0.832957 0.170137 0.371562 0.9 0.420208 0.605011 0.5089 0.295365 0.513677 0.782324 0.9 0.54512 0.61782 0.9 0.353069 0.171899 0.839115 0.9 0.701093 0.617971 0.189819 0.237881 0.523961 0.1 0.1 0.717119 0.50073 0.448142 0.1 0.848284 0.313668 0.579686 0.1 0.512034 0.57014 0.443314 0.335582 0.1 0.9 0.751222 0.9 0.776284 0.369363 0.38174 0.686204 0.643892 0.600698 0.560785 0.614262 0.211004 0.137335 0.857746 0.537478 0.704446 0.9 0.626936 0.416287 0.389543 0.142075 0.528811 0.379976 0.278553 0.1931 0.527612 0.788328 0.709111 0.119816 0.1 0.9 0.9 0.754428 0.655904 0.664034 0.1 0.1 0.298094 0.670048 0.785221 0.821098 0.530211 0.9 0.1 0.217629 0.470496 0.63997 0.189753 0.1 0.1 0.511435 0.1 0.645325 0.884253 0.380009 0.9 0.484722 0.116452 0.64691 0.565524 0.127477 0.416307 0.580988 0.776633 0.189144 0.1 0.768348 0.401908 0.368636 0.683006 0.9 0.311997 0.108012 0.725931 0.300835 0.423529 0.354013 0.886009 0.624296 0.419125 0.877577 0.2843 0.38615 0.609821 0.287765 0.521363 0.583006 0.695849 0.612631 0.1 0.267834 0.759641 0.6602 0.73367 0.622669 0.9 0.9 0.502021 0.105487 0.324218 0.240085 0.9 0.64901 0.342739 0.669131 0.9 0.801046 0.895248 0.9 0.380069 0.104525 0.9 0.518348 0.599248 0.478893 0.866116 0.162933 0.854239 0.64073 0.808977 0.181913 0.9 0.679491 0.865262 0.645095 0.325111 0.574274 0.574012 0.891071 0.733374 0.798623 0.207895 0.419055 0.548685 0.236484 0.1 0.285552 0.125247 0.1 0.1 0.408487 0.2417 0.1 0.9 0.9 0.509105 0.648897 0.146907 0.332128 0.433364 0.846419 0.608267 0.108342 0.473424 0.429711 0.645073 0.777236 0.1 0.1 0.588438 0.608226 0.14903 0.485369 0.104585 0.488629 0.859589 0.451691 0.9 0.876375 0.488408 0.1 0.394208 0.632206 0.193903 0.269267 0.607725 0.427577 0.137911 0.590833 0.9 0.444883 0.45857 0.489182 0.562653 0.9 0.9 0.275272 0.700129 0.9 0.464866 0.427163 0.642243 0.319463 0.157993 0.661847 0.9 0.9 0.165479 0.724116 0.850387 0.630923 0.686611 0.27017 0.357969 0.9 0.70552 0.854383 0.439176 0.629461 0.540691 0.305037 0.12708 0.832957 0.170137 
0.460268 0.878443 0.803417 0.9 0.779187 0.712995 0.283879 0.1 0.301493 0.630659 0.131585 0.1 0.496056 0.131022 0.1 0.257332 0.187727 0.663124 0.133537 0.220386 0.132972 0.9 0.9 0.1 0.210151 0.510955 0.588874 0.600256 0.569464 0.589482 0.3908 0.1 0.492307 0.286891 0.1 0.390888 0.885242 0.284713 0.550641 0.281557 0.9 0.709333 0.275625 0.639684 0.845296 0.569016 0.9 0.9 0.260844 0.1 0.1 0.3905 0.9 0.9 0.439646 0.311997 0.361209 0.9 0.9 0.9 0.543096 0.342555 0.1 0.129459 0.49642 0.1307 0.415597 0.457293 0.446539 0.17391 0.645343 0.460224 0.664129 0.1 0.1 0.514097 0.535876 0.9 0.581069 0.654225 0.9 0.475547 0.176692 0.868103 0.475741 0.371599 0.101361 0.663125 0.434099 0.104162 0.678813 0.9 0.450466 0.890431 0.153312 0.885243 0.9 0.646089 0.500781 0.444949 0.614395 0.368549 0.842301 0.438166 0.434219 0.792179 0.169529 0.643226 0.813204 0.52257 0.35408 0.698161 0.1 0.385769 0.577085 0.608158 0.9 0.9 0.332522 0.338284 0.9 0.9 0.273056 0.428851 0.853772 0.477237 0.404117 0.611091 0.102723 0.723403 0.310798 0.672789 0.104364 0.105512 0.194574 0.394413 0.835074 0.337193 0.1 0.644975 0.778896 0.3957 0.526957 0.9 0.867913 0.173525 0.283313 0.725253 0.871135 0.559417 0.171894 0.863769 0.588331 0.351349 0.207771 0.378667 0.883954 0.553399 0.1 0.893297 0.31552 0.397655 0.65313 0.281052 0.477937 0.841993 0.731912 0.268707 0.109115 0.543422 0.164435 0.82129 0.165264 0.354005 0.831161 0.9 0.566834 0.13806 0.590988 0.686278 0.538125 0.736809 0.572725 0.1 0.1 0.617748 0.521667 0.866562 0.299626 0.601926 0.822619 0.5759 0.895223 0.557726 0.9 0.292585 0.306351 0.468827 0.601473 0.393147 0.186883 0.419819 0.517112 0.327812 0.1 0.280721 0.309771 0.609843 0.354466 0.861528 0.43496 0.851084 0.778651 0.710251 0.179575 0.855484 0.521381 0.536063 0.773837 0.620721 0.161851 0.520532 0.343475 0.859575 0.1 0.103462 0.267031 0.477466 0.474627 0.897973 0.202235 0.481734 0.397172 0.560377 0.9 0.387999 0.674366 0.1 0.1 0.1 0.1 0.366316 0.9 0.9 0.1 0.1 0.676909 0.632491 0.574783 0.413162 0.460268 0.878443 
0.1 0.638749 0.586379 0.274871 0.641273 0.9 0.686703 0.1 0.616533 0.775759 0.654957 0.101535 0.255035 0.571966 0.52683 0.9 0.872816 0.638796 0.9 0.9 0.9 0.9 0.734562 0.1 0.1 0.474263 0.700128 0.582994 0.9 0.1 0.1 0.1 0.696055 0.789781 0.31041 0.400962 0.640115 0.102852 0.433566 0.346946 0.69278 0.378097 0.347851 0.880056 0.229419 0.678832 0.9 0.9 0.35578 0.9 0.771541 0.31174 0.887733 0.576909 0.391421 0.854017 0.104007 0.1 0.323011 0.1 0.106136 0.493237 0.1 0.787315 0.461175 0.35073 0.324849 0.1 0.397668 0.881961 0.411214 0.1 0.115745 0.513281 0.1 0.1 0.448223 0.9 0.89611 0.817189 0.9 0.85182 0.838671 0.694154 0.387503 0.348025 0.389349 0.473012 0.339705 0.838995 0.489934 0.433091 0.501786 0.528754 0.334832 0.9 0.9 0.719899 0.9 0.350691 0.491423 0.1 0.515515 0.627952 0.886649 0.72974 0.682857 0.343205 0.528005 0.731795 0.1 0.467134 0.483682 0.1 0.1 0.887437 0.389367 0.588088 0.303148 0.545447 0.564656 0.67503 0.132533 0.822434 0.311117 0.445475 0.88156 0.1 0.1 0.653476 0.428684 0.584027 0.9 0.884826 0.1 0.612924 0.651138 0.9 0.889352 0.147857 0.595974 0.1 0.470385 0.113539 0.1 0.533906 0.1 0.323124 0.378321 0.29063 0.9 0.87715 0.822154 0.16173 0.582032 0.1 0.445444 0.511649 0.307964 0.535917 0.279314 0.761193 0.896782 0.159051 0.598665 0.201246 0.651156 0.373852 0.1 0.683598 0.458407 0.703558 0.600875 0.210285 0.842851 0.849301 0.738576 0.823742 0.240299 0.811421 0.116007 0.141132 0.587732 0.1 0.1 0.451778 0.412577 0.553298 0.1 0.547924 0.146669 0.327524 0.421858 0.1 0.427094 0.1961 0.1 0.240046 0.46245 0.146107 0.816386 0.192876 0.898763 0.632358 0.1 0.588524 0.519725 0.777463 0.475833 0.716015 0.681257 0.659109 0.751041 0.556658 0.722585 0.9 0.1 0.1 0.403704 0.193427 0.576692 0.617522 0.386455 0.292611 0.513381 0.842525 0.50445 0.656902 0.148834 0.9 0.806033 0.138571 0.1 0.690361 0.727449 0.135476 0.356584 0.286638 0.9 0.9 0.877351 0.574101 0.601697 0.673816 0.1 0.276604 0.569152 0.127343 0.346921 0.1 0.1 0.638749 
0.371716 0.539897 0.445545 0.1 0.447357 0.9 0.9 0.470792 0.9 0.9 0.638168 0.854939 0.559751 0.384052 0.871242 0.9 0.63657 0.760625 0.9 0.464415 0.318591 0.452314 0.1 0.384725 0.68411 0.707685 0.473042 0.281983 0.9 0.632462 0.456526 0.374284 0.273236 0.9 0.617838 0.627252 0.733889 0.417865 0.126424 0.511779 0.373161 0.570593 0.533453 0.9 0.869031 0.454631 0.899436 0.492848 0.124344 0.759255 0.9 0.376175 0.106276 0.1 0.831094 0.9 0.687727 0.255859 0.1 0.57381 0.893096 0.602485 0.1 0.123598 0.424649 0.660942 0.645664 0.183111 0.1 0.9 0.9 0.412846 0.512762 0.322036 0.329882 0.44173 0.587192 0.294398 0.1 0.690763 0.9 0.9 0.143269 0.1 0.9 0.9 0.205129 0.592268 0.283907 0.372531 0.249036 0.1 0.879072 0.367832 0.249812 0.441625 0.9 0.9 0.617997 0.109322 0.870766 0.417964 0.479939 0.378288 0.746712 0.9 0.9 0.272573 0.184069 0.825315 0.148987 0.9 0.9 0.221986 0.1 0.9 0.1 0.2935 0.574981 0.453526 0.618206 0.9 0.54412 0.552641 0.247008 0.74825 0.9 0.119876 0.618002 0.535031 0.294059 0.604724 0.9 0.693682 0.1 0.639242 0.514629 0.9 0.9 0.524602 0.879143 0.1 0.531065 0.608952 0.294096 0.635071 0.46233 0.51451 0.813524 0.201646 0.888866 0.520571 0.189895 0.34652 0.127612 0.173291 0.198163 0.1 0.444046 0.896616 0.588366 0.621433 0.683072 0.468705 0.413558 0.491366 0.399259 0.9 0.487516 0.321315 0.292441 0.387274 0.405545 0.830943 0.145937 0.49242 0.587603 0.644502 0.895758 0.597193 0.675819 0.800619 0.213579 0.560859 0.344657 0.1 0.838974 0.541246 0.210417 0.462165 0.48624 0.729312 0.1 0.1 0.390268 0.392574 0.691944 0.616118 0.264374 0.233702 0.9 0.57862 0.566752 0.1 0.386651 0.666274 0.73916 0.9 0.380019 0.651228 0.482533 0.110801 0.541525 0.530256 0.816769 0.9 0.707797 0.643154 0.516304 0.802581 0.234168 0.828478 0.720191 0.269541 0.1 0.1 0.567686 0.758214 0.662982 0.882321 0.197285 0.466932 0.42821 0.626094 0.790881 0.844916 0.408333 0.404779 0.830677 0.572596 0.125076 0.259755 0.567608 0.733313 0.743594 0.457075 0.635015 0.422185 0.117444 0.1 0.371716 0.539897 
0.1 0.1 0.462473 0.1 0.24442 0.171869 0.70125 0.18801 0.878 0.9 0.581139 0.461894 0.464546 0.25684 0.130191 0.749978 0.9 0.894108 0.448712 0.1 0.107538 0.9 0.802665 0.9 0.476917 0.422966 0.432048 0.507569 0.577226 0.9 0.9 0.403737 0.1 0.41145 0.491641 0.42029 0.542599 0.325279 0.372961 0.536233 0.1 0.124531 0.897124 0.509262 0.457483 0.1 0.302244 0.332605 0.818873 0.643951 0.307091 0.1 0.476163 0.1 0.176921 0.875757 0.568895 0.602611 0.441803 0.9 0.58241 0.328498 0.377918 0.651266 0.689349 0.888441 0.1 0.1 0.1 0.590081 0.626047 0.133289 0.554102 0.514139 0.580493 0.11324 0.550114 0.88797 0.330376 0.562634 0.459398 0.666322 0.6245 0.1 0.646832 0.9 0.868026 0.112278 0.434975 0.305607 0.1 0.1 0.567633 0.450276 0.672707 0.302929 0.315051 0.884427 0.443934 0.303802 0.461067 0.1 0.390235 0.121637 0.458896 0.1 0.1 0.1 0.763425 0.652769 0.487895 0.413393 0.15922 0.204356 0.421519 0.650925 0.113616 0.361654 0.893644 0.621977 0.751928 0.9 0.625052 0.388526 0.294203 0.35213 0.662211 0.396264 0.120757 0.1 0.690263 0.578519 0.116306 0.225365 0.616194 0.548906 0.379193 0.9 0.664772 0.282904 0.377689 0.259073 0.558218 0.477823 0.492571 0.1 0.1 0.585316 0.574968 0.853395 0.298464 0.113515 0.83142 0.9 0.598173 0.1 0.1 0.210275 0.522946 0.346557 0.265253 0.426975 0.875769 0.448933 0.588735 0.562357 0.9 0.9 0.520797 0.447317 0.156491 0.684919 0.751177 0.9 0.1 0.324111 0.864706 0.455959 0.859392 0.360522 0.302485 0.123714 0.389753 0.222097 0.804594 0.1 0.1 0.1 0.299054 0.676258 0.438266 0.587192 0.1 0.276373 0.887112 0.763388 0.9 0.9 0.551157 0.330752 0.470116 0.649038 0.1 0.1 0.502994 0.296118 0.423505 0.555915 0.463486 0.449818 0.753131 0.699707 0.590111 0.338458 0.888679 0.579413 0.413925 0.1 0.557279 0.827366 0.617385 0.156234 0.345106 0.9 0.364832 0.259164 0.482286 0.265499 0.1 0.1 0.430638 0.591329 0.885673 0.573821 0.670446 0.496355 0.681329 0.115912 0.863646 0.343534 0.492296 0.610665 0.1 0.1 0.9 0.9 0.644379 0.455028 0.877458 0.325131 0.1 0.1 
0.430248 0.447582 0.501753 0.594841 0.743819 0.870958 0.9 0.822793 0.156736 0.405884 0.353457 0.9 0.9 0.152543 0.223366 0.633285 0.118648 0.143196 0.898096 0.726733 0.9 0.9 0.9 0.841352 0.876226 0.556163 0.1 0.9 0.9 0.35478 0.461274 0.135882 0.608328 0.9 0.881068 0.524303 0.9 0.685968 0.319677 0.883298 0.12179 0.488227 0.9 0.144288 0.446988 0.163858 0.858726 0.668607 0.410346 0.686393 0.465764 0.1 0.720696 0.432126 0.882312 0.686983 0.9 0.9 0.472898 0.650264 0.338219 0.879753 0.9 0.9 0.9 0.744872 0.381094 0.601337 0.516775 0.541128 0.648198 0.54814 0.140872 0.472163 0.78452 0.651883 0.597744 0.571633 0.517707 0.868131 0.446529 0.9 0.9 0.1 0.252453 0.762753 0.702736 0.129236 0.60913 0.187887 0.844181 0.837418 0.213583 0.655324 0.9 0.9 0.485771 0.261982 0.612539 0.9 0.700235 0.338506 0.643887 0.9 0.735696 0.509593 0.468864 0.328852 0.225157 0.828059 0.288424 0.446973 0.849828 0.174393 0.455466 0.131559 0.819388 0.297596 0.390364 0.619384 0.446739 0.159418 0.573594 0.593557 0.879114 0.49661 0.417986 0.481781 0.551869 0.1 0.415134 0.447457 0.291093 0.120187 0.21976 0.102339 0.492122 0.818343 0.541621 0.600118 0.699277 0.668168 0.183028 0.532098 0.886014 0.61349 0.669224 0.9 0.9 0.9 0.460236 0.281451 0.1 0.141404 0.798056 0.1447 0.467702 0.357385 0.407837 0.267244 0.486069 0.673716 0.829254 0.89448 0.86238 0.217357 0.856523 0.507388 0.855501 0.646817 0.849648 0.558905 0.36993 0.890171 0.1 0.183992 0.682609 0.825959 0.210626 0.445578 0.844975 0.496262 0.775097 0.873023 0.650896 0.558777 0.1 0.1 0.1 0.393559 0.358558 0.427311 0.1 0.1 0.369279 0.886415 0.137874 0.232924 0.389543 0.9 0.791001 0.29557 0.451838 0.1 0.304669 0.511186 0.38566 0.89045 0.43851 0.319613 0.278715 0.290833 0.723765 0.1 0.267936 0.316573 0.696895 0.249594 0.403822 0.9 0.662699 0.570074 0.423002 0.9 0.754297 0.600564 0.820572 0.9 0.875885 0.127684 0.64928 0.665694 0.449762 0.21757 0.746061 0.64491 0.9 0.1 0.499911 0.25908 0.403622 0.783173 0.456181 0.1 0.885604 0.757803 0.494462 0.612484 0.9 0.739352 0.430248 0.447582 
0.129584 0.9 0.475272 0.144179 0.389864 0.379481 0.84453 0.506294 0.272983 0.600587 0.1 0.762231 0.9 0.9 0.366715 0.756926 0.9 0.9 0.9 0.353416 0.603082 0.546405 0.454201 0.472917 0.34426 0.866681 0.1 0.254629 0.586842 0.613678 0.9 0.895247 0.493358 0.373602 0.139467 0.861003 0.590106 0.1 0.279158 0.9 0.689998 0.410627 0.625045 0.597829 0.28343 0.838195 0.446871 0.155875 0.6472 0.374683 0.403542 0.367224 0.9 0.9 0.9 0.103604 0.668466 0.9 0.348429 0.325781 0.480981 0.287919 0.21215 0.1 0.506421 0.413962 0.852133 0.199617 0.280687 0.223791 0.1 0.105789 0.529809 0.595801 0.774068 0.9 0.581733 0.12183 0.853465 0.416826 0.403152 0.456422 0.675355 0.271922 0.123592 0.466478 0.513403 0.825872 0.610173 0.584011 0.106272 0.12494 0.844809 0.332704 0.1 0.476051 0.52054 0.1 0.569276 0.9 0.354802 0.442506 0.130307 0.851068 0.178009 0.895156 0.661466 0.738311 0.863149 0.664824 0.1 0.419312 0.9 0.9 0.652031 0.1 0.40285 0.1 0.9 0.9 0.823771 0.873338 0.9 0.683444 0.339173 0.1 0.1 0.786284 0.155398 0.649161 0.9 0.346954 0.359739 0.808046 0.187372 0.355388 0.698527 0.70057 0.253565 0.573178 0.433009 0.398754 0.839515 0.336989 0.174086 0.511241 0.411785 0.600715 0.6181 0.45323 0.375294 0.409605 0.309834 0.33683 0.149462 0.464672 0.46745 0.248332 0.427205 0.541712 0.829154 0.446208 0.625568 0.145326 0.132071 0.789964 0.802166 0.9 0.729926 0.9 0.492486 0.1 0.189953 0.40085 0.323356 0.397149 0.874575 0.887031 0.823725 0.637488 0.183717 0.232417 0.1 0.42863 0.687237 0.104416 0.1 0.1 0.304132 0.491476 0.643092 0.351111 0.654269 0.415308 0.465452 0.9 0.288252 0.1 0.706955 0.9 0.88965 0.176576 0.774661 0.161068 0.479841 0.417918 0.497823 0.496902 0.120126 0.362673 0.1 0.1 0.899423 0.226419 0.555241 0.514813 0.375949 0.625121 0.714325 0.597482 0.1 0.433184 0.9 0.9 0.9 0.399351 0.699359 0.131696 0.381623 0.456558 0.1 0.396933 0.577671 0.100261 0.528642 0.235404 0.435148 0.1 0.665926 0.495157 0.592236 0.9 0.727029 0.358332 0.1 0.308342 0.855423 0.579574 0.9 0.683077 0.129584 0.9 
0.650094 0.9 0.9 0.867517 0.36714 0.490962 0.179064 0.524622 0.139303 0.205954 0.119654 0.81541 0.425202 0.594023 0.102332 0.725058 0.830984 0.775444 0.406574 0.310018 0.684894 0.9 0.718806 0.892734 0.277726 0.649808 0.343878 0.1 0.317364 0.432904 0.1 0.466789 0.444866 0.896024 0.323907 0.720973 0.583508 0.379771 0.444281 0.7107 0.626517 0.45328 0.599977 0.860354 0.145673 0.574326 0.723215 0.9 0.363884 0.116841 0.142986 0.1 0.137436 0.888852 0.9 0.341656 0.557267 0.336986 0.496798 0.83668 0.79588 0.524348 0.338435 0.1 0.457982 0.587454 0.9 0.834011 0.164149 0.265112 0.632898 0.651223 0.698001 0.279747 0.712751 0.9 0.9 0.507369 0.70407 0.1 0.557772 0.9 0.369764 0.614735 0.813061 0.418063 0.823821 0.534479 0.460913 0.444792 0.314717 0.229231 0.9 0.659888 0.364153 0.400366 0.365268 0.219509 0.379787 0.445791 0.483881 0.1 0.1 0.249964 0.321593 0.749434 0.1 0.1 0.340604 0.670918 0.40193 0.845994 0.702485 0.596831 0.455569 0.50211 0.720135 0.49972 0.867381 0.43323 0.871367 0.36774 0.578545 0.9 0.9 0.873932 0.262695 0.1 0.1 0.650034 0.576159 0.684093 0.672391 0.790538 0.829242 0.109634 0.398318 0.118853 0.1 0.671204 0.882305 0.467522 0.538061 0.551007 0.842741 0.1 0.1 0.618902 0.602652 0.831822 0.142393 0.319873 0.279186 0.524974 0.166133 0.135636 0.447727 0.386678 0.371193 0.559513 0.164886 0.80868 0.518533 0.851083 0.517076 0.437379 0.9 0.9 0.47108 0.9 0.657336 0.258531 0.387718 0.291877 0.729296 0.371993 0.408438 0.824071 0.158995 0.708064 0.87896 0.157113 0.1 0.1 0.687927 0.313531 0.1 0.182901 0.722651 0.558642 0.9 0.9 0.499695 0.214218 0.614181 0.9 0.558676 0.528485 0.9 0.9 0.605532 0.494889 0.2476 0.815985 0.9 0.9 0.344605 0.1 0.704197 0.551868 0.9 0.627498 0.636955 0.131872 0.651318 0.449664 0.374659 0.865583 0.669063 0.1 0.341186 0.4714 0.9 0.805903 0.707847 0.523307 0.75255 0.226487 0.139262 0.564542 0.229255 0.521881 0.368021 0.359927 0.402217 0.1 0.427573 0.646919 0.431257 0.1 0.165467 0.39327 0.9 0.9 0.343375 0.448868 0.393132 0.524295 0.482085 0.9 0.650094 0.9 
0.149581 0.671863 0.577556 0.224132 0.249589 0.313981 0.411795 0.434762 0.816614 0.737846 0.875258 0.184036 0.1 0.206341 0.341852 0.566642 0.9 0.770906 0.622271 0.273022 0.1 0.501947 0.1 0.347854 0.1 0.508955 0.848517 0.451383 0.454527 0.570673 0.1 0.859402 0.35132 0.674761 0.101152 0.495113 0.9 0.698731 0.866945 0.814942 0.410632 0.658085 0.9 0.671791 0.874982 0.338946 0.1 0.862404 0.220713 0.745355 0.121237 0.1 0.270056 0.16371 0.315494 0.42187 0.563832 0.321289 0.666255 0.223861 0.89404 0.9 0.87579 0.342385 0.506413 0.168068 0.895364 0.613506 0.824066 0.666909 0.244586 0.1 0.271113 0.200016 0.643431 0.144304 0.553531 0.9 0.9 0.568637 0.659237 0.9 0.609323 0.1 0.159664 0.777862 0.552818 0.667254 0.257281 0.219906 0.679106 0.1 0.102657 0.692495 0.465406 0.789268 0.878811 0.371206 0.233623 0.695932 0.9 0.546903 0.822957 0.135869 0.64301 0.645069 0.304089 0.303419 0.344853 0.399094 0.813372 0.144803 0.1 0.349051 0.1 0.250909 0.42435 0.449747 0.197995 0.538334 0.757544 0.752995 0.9 0.9 0.525797 0.361572 0.58118 0.425279 0.540147 0.876543 0.129662 0.387676 0.507615 0.9 0.6538 0.1 0.60662 0.868374 0.465414 0.1 0.1 0.204873 0.1 0.337447 0.695823 0.300008 0.545263 0.12555 0.855228 0.716731 0.623154 0.633752 0.354609 0.464241 0.538228 0.873219 0.746485 0.1 0.263228 0.289811 0.1 0.476889 0.658525 0.515121 0.427778 0.317819 0.601423 0.134596 0.166888 0.1 0.109549 0.312298 0.36228 0.329357 0.597078 0.110062 0.468741 0.317429 0.1 0.489534 0.9 0.838036 0.123094 0.202152 0.339495 0.447557 0.1 0.106135 0.583123 0.545765 0.378044 0.788228 0.864157 0.1 0.249615 0.402069 0.473672 0.839182 0.46542 0.73423 0.863784 0.592909 0.832804 0.525406 0.705259 0.663526 0.362006 0.359576 0.9 0.581056 0.9 0.740591 0.464221 0.873084 0.9 0.711066 0.342481 0.183057 0.643192 0.100984 0.553709 0.182764 0.884212 0.571349 0.1 0.1 0.838907 0.744757 0.805093 0.377088 0.357799 0.898248 0.778974 0.306625 0.244566 0.592213 0.9 0.7216 0.887291 0.707008 0.1 0.730994 0.526495 0.590359 0.610546 0.475026 0.1 0.117901 0.606444 0.9 0.149581 0.671863 
0.63849 0.9 0.876114 0.202913 0.836379 0.9 0.867501 0.835862 0.155121 0.1 0.9 0.884227 0.373783 0.113234 0.446757 0.32284 0.667732 0.473124 0.12318 0.836357 0.334157 0.50893 0.379739 0.873049 0.143844 0.381595 0.203775 0.578942 0.43528 0.1 0.1 0.382949 0.108427 0.888426 0.476169 0.152195 0.899532 0.396182 0.189942 0.859922 0.501038 0.9 0.9 0.782899 0.9 0.429541 0.1 0.675307 0.853961 0.158026 0.392726 0.250857 0.60917 0.84319 0.36592 0.520216 0.415465 0.257649 0.388277 0.66841 0.459279 0.385351 0.147502 0.469359 0.450785 0.683602 0.669511 0.207515 0.13046 0.65993 0.141603 0.508089 0.53139 0.101941 0.428363 0.422294 0.556758 0.482461 0.1 0.464145 0.534619 0.653896 0.867622 0.1 0.394732 0.11537 0.627533 0.9 0.336285 0.1 0.553632 0.701166 0.377683 0.769403 0.342253 0.9 0.664427 0.838308 0.104497 0.587904 0.686667 0.271129 0.303286 0.27578 0.380502 0.64627 0.9 0.854051 0.208404 0.788078 0.568926 0.45782 0.504909 0.346668 0.468843 0.1 0.306933 0.29238 0.81932 0.63486 0.357909 0.402941 0.366563 0.675804 0.329505 0.530081 0.532617 0.735475 0.53744 0.563585 0.382271 0.304839 0.659884 0.697843 0.522537 0.1 0.324557 0.452981 0.877577 0.350643 0.290156 0.47793 0.9 0.892256 0.790387 0.43147 0.871777 0.1 0.639736 0.687916 0.751983 0.879065 0.122585 0.1 0.465631 0.515445 0.599355 0.1 0.1 0.21877 0.490167 0.615182 0.500848 0.1 0.22136 0.1 0.291835 0.556347 0.397754 0.1 0.856259 0.691608 0.677128 0.694142 0.568456 0.368869 0.1 0.42919 0.418731 0.681927 0.1 0.1 0.485986 0.297412 0.1 0.1 0.643807 0.865529 0.180482 0.836612 0.104728 0.539835 0.575513 0.447998 0.9 0.9 0.496734 0.139363 0.401798 0.840903 0.298084 0.294566 0.706796 0.816999 0.147609 0.188987 0.1 0.1 0.640814 0.635357 0.9 0.9 0.85848 0.558574 0.112211 0.825317 0.707993 0.857681 0.9 0.62044 0.83031 0.882972 0.395069 0.274515 0.229117 0.1 0.185246 0.797972 0.190526 0.438134 0.864343 0.506154 0.733501 0.474794 0.277803 0.9 0.720185 0.389513 0.123633 0.350747 0.1 0.878693 0.407237 0.874502 0.451383 0.489987 0.9 0.888181 0.337069 0.681314 0.63849 0.9 
0.606737 0.147709 0.343193 0.792841 0.184907 0.346419 0.594953 0.422948 0.709791 0.468367 0.756393 0.6157 0.9 0.9 0.473178 0.599487 0.439509 0.398187 0.1 0.424393 0.346832 0.362708 0.280966 0.736588 0.673135 0.129994 0.569348 0.158267 0.701433 0.328146 0.1 0.233646 0.393041 0.404813 0.133863 0.481569 0.72055 0.706254 0.9 0.478405 0.284884 0.602072 0.107077 0.263788 0.507719 0.515269 0.83316 0.9 0.9 0.1 0.290155 0.1 0.417341 0.67337 0.798583 0.137606 0.640437 0.614736 0.284838 0.413604 0.1 0.285761 0.639863 0.510647 0.694028 0.723361 0.102831 0.309747 0.522529 0.9 0.9 0.734158 0.658726 0.9 0.858545 0.1 0.338027 0.807346 0.1 0.107771 0.871139 0.420629 0.30029 0.319261 0.819873 0.1 0.463059 0.739252 0.868549 0.620743 0.151922 0.881713 0.136254 0.669913 0.392985 0.715602 0.463655 0.452692 0.1 0.1 0.413275 0.9 0.728986 0.9 0.817508 0.61944 0.119242 0.116023 0.414663 0.151221 0.1 0.42869 0.517834 0.369671 0.730487 0.483795 0.43338 0.1 0.1 0.356513 0.81232 0.328922 0.300209 0.9 0.889593 0.638294 0.638752 0.460706 0.1 0.646838 0.47263 0.424237 0.603128 0.273976 0.319616 0.413786 0.9 0.390926 0.542036 0.46551 0.4835 0.548507 0.9 0.190338 0.878214 0.648735 0.632914 0.414914 0.9 0.687217 0.747497 0.74537 0.863676 0.9 0.616335 0.89117 0.564533 0.1 0.349633 0.55166 0.9 0.9 0.9 0.465258 0.1 0.272525 0.9 0.9 0.620212 0.403099 0.492351 0.121081 0.862196 0.438878 0.321375 0.7829 0.180002 0.650986 0.380058 0.895132 0.46121 0.1 0.523754 0.463327 0.790072 0.1 0.34913 0.544429 0.233206 0.622084 0.1 0.1 0.399652 0.10382 0.592013 0.586667 0.463666 0.54488 0.514145 0.137804 0.1 0.1 0.1 0.1 0.344079 0.495356 0.852739 0.451058 0.1 0.1 0.414173 0.532875 0.180717 0.850026 0.1 0.134303 0.784325 0.441577 0.655034 0.151993 0.879686 0.9 0.284736 0.339267 0.1 0.9 0.867606 0.612077 0.412087 0.441807 0.577149 0.55677 0.541133 0.60285 0.590584 0.9 0.1 0.449195 0.359787 0.265808 0.561959 0.78505 0.9 0.758709 0.579863 0.9 0.9 0.49757 0.1 0.554281 0.606737 0.147709 
0.6609 0.842818 0.441144 0.708625 0.657223 0.3451 0.120942 0.274686 0.883675 0.661311 0.9 0.430562 0.247365 0.385677 0.334325 0.31772 0.9 0.714342 0.489877 0.476681 0.461011 0.403751 0.19286 0.119222 0.219099 0.1 0.466454 0.392373 0.672327 0.163021 0.382865 0.341922 0.9 0.9 0.885485 0.698702 0.254556 0.12134 0.866547 0.137572 0.471966 0.698517 0.514443 0.643356 0.147416 0.844457 0.208313 0.849502 0.627757 0.547522 0.420334 0.117685 0.9 0.606756 0.147553 0.1 0.737128 0.645236 0.511455 0.582846 0.5844 0.1 0.9 0.640401 0.9 0.727477 0.232851 0.327782 0.647416 0.168282 0.361853 0.399362 0.9 0.9 0.159858 0.1 0.640024 0.199238 0.1 0.346409 0.759864 0.493372 0.419444 0.564146 0.201187 0.494974 0.9 0.875216 0.168451 0.386464 0.525689 0.894762 0.441932 0.41771 0.386045 0.35196 0.1 0.651755 0.57931 0.9 0.9 0.9 0.377663 0.744061 0.872361 0.476778 0.673496 0.635287 0.597595 0.647721 0.124616 0.226345 0.278082 0.473116 0.9 0.366161 0.161557 0.699649 0.313804 0.1 0.176182 0.835501 0.9 0.620846 0.1 0.359892 0.888818 0.320664 0.1 0.46845 0.322878 0.853753 0.517611 0.454332 0.608024 0.402564 0.9 0.469982 0.851058 0.427594 0.1 0.1 0.669507 0.441805 0.568353 0.654958 0.9 0.582713 0.421914 0.107567 0.689636 0.606419 0.133629 0.687768 0.23397 0.249932 0.1 0.1 0.465325 0.161862 0.610574 0.9 0.1 0.1 0.245332 0.646214 0.439033 0.1 0.1 0.408596 0.524717 0.26903 0.497385 0.245139 0.591923 0.24755 0.770487 0.649465 0.494764 0.456604 0.59775 0.427838 0.876906 0.69599 0.142261 0.23078 0.800265 0.141997 0.371301 0.528706 0.222534 0.1 0.334911 0.217643 0.1 0.638283 0.890372 0.56435 0.820919 0.9 0.866359 0.374926 0.184586 0.383268 0.637874 0.859627 0.513765 0.531775 0.263235 0.159961 0.793151 0.139582 0.327255 0.9 0.9 0.405639 0.183057 0.690946 0.577373 0.409572 0.392455 0.9 0.422613 0.628276 0.1 0.472434 0.421748 0.846951 0.1 0.101365 0.874007 0.9 0.358387 0.100961 0.346125 0.9 0.124327 0.622495 0.557252 0.466367 0.662744 0.387129 0.444139 0.1 0.217086 0.310011 0.547136 0.294027 0.1 0.11942 0.6609 0.842818 
0.251558 0.1 0.1 0.9 0.697273 0.353761 0.883528 0.734827 0.493196 0.9 0.775946 0.637621 0.1 0.114884 0.662534 0.1 0.6699 0.38046 0.432396 0.511969 0.614387 0.9 0.699054 0.876274 0.315019 0.204177 0.1 0.310516 0.423861 0.836203 0.777545 0.267979 0.9 0.743906 0.301634 0.670037 0.1 0.178422 0.50861 0.312152 0.1 0.1 0.1 0.1 0.247836 0.9 0.187317 0.129184 0.1 0.632058 0.624224 0.68112 0.704177 0.143571 0.414397 0.1 0.391904 0.614059 0.461818 0.671622 0.504838 0.103305 0.9 0.652066 0.82533 0.17945 0.271218 0.866941 0.511458 0.57904 0.270659 0.487482 0.9 0.536306 0.526429 0.1 0.364228 0.816423 0.1 0.43295 0.675538 0.551266 0.280069 0.481089 0.872874 0.745889 0.44991 0.303171 0.393912 0.768496 0.868604 0.209654 0.866528 0.9 0.601851 0.580733 0.1 0.9 0.520179 0.432078 0.543361 0.78666 0.869673 0.408738 0.168481 0.479526 0.546061 0.436571 0.517253 0.669041 0.838268 0.103255 0.207121 0.1 0.488661 0.126126 0.87171 0.9 0.255902 0.444409 0.563754 0.170525 0.432728 0.508084 0.1 0.1 0.268026 0.1 0.862983 0.711954 0.421821 0.435761 0.444794 0.417527 0.691424 0.663509 0.9 0.191758 0.108914 0.383718 0.717585 0.1 0.586604 0.897882 0.27638 0.1 0.1 0.1 0.103148 0.191524 0.553582 0.712431 0.477062 0.9 0.401564 0.479104 0.820817 0.552072 0.577783 0.819579 0.440004 0.859394 0.117582 0.610793 0.345382 0.9 0.461176 0.1 0.1 0.579698 0.660902 0.9 0.685163 0.123895 0.9 0.855812 0.444162 0.816392 0.187244 0.230897 0.155275 0.431948 0.173173 0.568334 0.526151 0.387911 0.1 0.53561 0.89873 0.538484 0.364791 0.194098 0.471197 0.498879 0.1 0.698284 0.457895 0.484316 0.9 0.471408 0.1767 0.493373 0.414648 0.9 0.682574 0.294494 0.751015 0.9 0.211042 0.814446 0.417514 0.265514 0.33329 0.461329 0.9 0.9 0.9 0.9 0.551987 0.9 0.553954 0.848272 0.202653 0.895127 0.341797 0.134419 0.636127 0.720529 0.473811 0.610631 0.306552 0.541619 0.16429 0.401858 0.524634 0.9 0.671741 0.362935 0.9 0.864476 0.12583 0.1 0.1 0.343558 0.531714 0.1 0.303224 0.364047 0.139235 0.677204 0.251558 0.1 
0.1 0.289311 0.432229 0.9 0.356694 0.258031 0.632571 0.763449 0.9 0.9 0.406606 0.1 0.389432 0.868889 0.9 0.1 0.157036 0.826768 0.129774 0.1 0.1 0.238847 0.483846 0.607006 0.297308 0.642444 0.104741 0.268159 0.466253 0.422621 0.852021 0.1 0.517752 0.354018 0.1 0.867535 0.583063 0.646414 0.58791 0.525693 0.466345 0.1 0.456936 0.9 0.9 0.591775 0.119212 0.827809 0.370951 0.139467 0.895094 0.436649 0.436812 0.347709 0.132363 0.565288 0.253907 0.1 0.82073 0.817994 0.405481 0.702416 0.9 0.832563 0.282371 0.776861 0.705313 0.707515 0.630276 0.331554 0.1 0.262131 0.355455 0.581022 0.292737 0.1 0.244279 0.360296 0.1 0.561279 0.512225 0.124791 0.9 0.9 0.473995 0.119323 0.494993 0.647751 0.123726 0.438431 0.553867 0.314087 0.356184 0.454642 0.27455 0.421074 0.430256 0.9 0.1 0.1 0.206846 0.299268 0.434494 0.570604 0.835963 0.659163 0.635355 0.112737 0.9 0.9 0.780076 0.483442 0.865156 0.715387 0.370572 0.321083 0.756198 0.9 0.117193 0.884024 0.454259 0.401225 0.27492 0.60481 0.9 0.570022 0.870242 0.386304 0.455408 0.1 0.460123 0.6592 0.339619 0.693142 0.372731 0.1 0.287614 0.1 0.24879 0.29307 0.898296 0.1 0.674469 0.819729 0.731028 0.1 0.1 0.465443 0.819384 0.109535 0.343941 0.311493 0.645444 0.62661 0.889141 0.596138 0.209641 0.724411 0.9 0.624398 0.815074 0.547983 0.232175 0.1 0.1 0.583425 0.267841 0.499918 0.711864 0.593084 0.759301 0.6737 0.631481 0.423593 0.523358 0.417219 0.463029 0.705142 0.844759 0.519134 0.612388 0.351732 0.541693 0.542281 0.766179 0.455882 0.102655 0.86578 0.312389 0.1 0.371683 0.1 0.520659 0.638685 0.144282 0.596963 0.374335 0.399923 0.257152 0.1 0.86296 0.9 0.751487 0.530841 0.513186 0.251095 0.9 0.9 0.893242 0.822479 0.407738 0.514596 0.106668 0.1 0.1 0.9 0.524824 0.349975 0.61375 0.776078 0.345797 0.113165 0.892043 0.9 0.9 0.9 0.563199 0.119719 0.34958 0.9 0.275496 0.310397 0.796749 0.192895 0.643488 0.347406 0.291443 0.548084 0.366621 0.111778 0.404942 0.632853 0.562864 0.509604 0.762881 0.625494 0.323048 0.286932 0.853148 0.9 0.1 0.289311 
0.674065 0.844417 0.225359 0.884916 0.781453 0.665436 0.1 0.123468 0.497844 0.411993 0.331588 0.34232 0.399675 0.123379 0.642761 0.690522 0.894521 0.9 0.674861 0.36599 0.539274 0.427721 0.705575 0.361655 0.1 0.130117 0.375663 0.1 0.1 0.480866 0.397021 0.1 0.36677 0.467746 0.1 0.1 0.241847 0.1 0.313287 0.9 0.589276 0.549993 0.158582 0.861839 0.9 0.864161 0.683828 0.661274 0.730443 0.400213 0.9 0.416945 0.871455 0.755201 0.597919 0.9 0.735958 0.1 0.170925 0.9 0.637719 0.3687 0.1 0.148019 0.7194 0.190268 0.141673 0.1 0.243051 0.498147 0.9 0.692486 0.1 0.1 0.660817 0.9 0.899996 0.420347 0.522928 0.640483 0.746715 0.518626 0.9 0.677193 0.106326 0.470816 0.615571 0.9 0.610039 0.710255 0.680342 0.4508 0.9 0.896605 0.45051 0.9 0.9 0.628327 0.1 0.1 0.164275 0.851401 0.898426 0.324749 0.1 0.471219 0.1 0.1 0.9 0.764472 0.680723 0.58516 0.199573 0.559264 0.329558 0.327206 0.307371 0.855907 0.373051 0.9 0.491232 0.139044 0.182948 0.604067 0.9 0.621432 0.515365 0.64265 0.331848 0.451001 0.863306 0.441458 0.390869 0.660577 0.576097 0.429944 0.1 0.640953 0.512823 0.123712 0.389494 0.287885 0.679891 0.693629 0.9 0.135733 0.754961 0.122522 0.1 0.296582 0.863991 0.635015 0.371577 0.1 0.289315 0.282528 0.841699 0.70854 0.894703 0.112996 0.129765 0.857979 0.503071 0.550299 0.366062 0.1 0.1 0.606478 0.9 0.542073 0.664951 0.416245 0.646973 0.578228 0.887782 0.646079 0.656243 0.9 0.715199 0.65224 0.130188 0.512945 0.359982 0.537775 0.806157 0.542875 0.741694 0.648183 0.275874 0.671079 0.695661 0.390117 0.572066 0.329196 0.812135 0.186301 0.364336 0.865331 0.731807 0.201669 0.461322 0.439293 0.536776 0.1 0.858065 0.512646 0.721103 0.648419 0.454369 0.421426 0.329618 0.646755 0.866134 0.649247 0.1 0.659776 0.41248 0.827198 0.481639 0.471741 0.591196 0.1 0.9 0.142674 0.452109 0.722866 0.325798 0.650761 0.716487 0.9 0.1 0.1 0.394723 0.530263 0.393579 0.289508 0.1 0.1 0.866059 0.498598 0.49965 0.203235 0.124229 0.498398 0.9 0.334128 0.173949 0.1 0.130338 0.617978 0.674065 0.844417 
0.9 0.661896 0.771815 0.381129 0.272584 0.222227 0.112632 0.834132 0.1 0.1 0.1 0.452444 0.660777 0.398517 0.739703 0.742812 0.531352 0.711503 0.32241 0.893334 0.9 0.375104 0.482478 0.9 0.649536 0.56721 0.161752 0.624749 0.390149 0.651438 0.543266 0.1 0.188884 0.571624 0.371475 0.482147 0.70445 0.408471 0.487412 0.9 0.526888 0.544197 0.255899 0.178449 0.829389 0.215949 0.839592 0.516437 0.864154 0.110524 0.436234 0.686474 0.609793 0.9 0.550746 0.198538 0.429706 0.666564 0.870736 0.9 0.449634 0.552843 0.870543 0.566009 0.200581 0.204607 0.1 0.681303 0.734829 0.60533 0.724374 0.234376 0.1 0.1 0.357199 0.1 0.1 0.179654 0.505241 0.108246 0.40302 0.889417 0.9 0.9 0.76936 0.411823 0.1 0.201147 0.176665 0.795198 0.203991 0.422964 0.466451 0.1066 0.1 0.46646 0.434586 0.239703 0.254336 0.139561 0.754817 0.126797 0.414846 0.82316 0.1 0.566993 0.1 0.206851 0.9 0.649298 0.233376 0.134398 0.478224 0.1 0.1 0.357565 0.4322 0.173658 0.548717 0.573533 0.195849 0.519146 0.159796 0.480504 0.747365 0.1 0.1 0.1 0.374065 0.393879 0.1 0.228998 0.41673 0.505555 0.229574 0.449646 0.1 0.400808 0.651277 0.824352 0.217809 0.762267 0.187404 0.686769 0.9 0.184813 0.179044 0.431647 0.384229 0.622896 0.124322 0.419018 0.429616 0.317104 0.846365 0.345852 0.44759 0.1 0.408122 0.872346 0.484475 0.543715 0.123927 0.870682 0.12678 0.223854 0.342701 0.1 0.534297 0.1 0.1 0.516625 0.1 0.202522 0.397165 0.9 0.503818 0.44208 0.527683 0.729402 0.224412 0.560169 0.15305 0.673405 0.872296 0.190469 0.851675 0.339175 0.238534 0.340506 0.151699 0.703251 0.893898 0.102133 0.707145 0.9 0.458596 0.159714 0.806316 0.1 0.1 0.1 0.585673 0.1 0.326936 0.1 0.134078 0.632583 0.51435 0.583976 0.537127 0.658488 0.388234 0.677708 0.345489 0.135924 0.793871 0.514414 0.361071 0.113892 0.664388 0.538475 0.9 0.608762 0.678272 0.620932 0.41926 0.112012 0.615411 0.497551 0.1 0.613503 0.586447 0.9 0.9 0.9 0.833262 0.105674 0.533067 0.374211 0.605919 0.114433 0.868681 0.9 0.74536 0.398951 0.128217 0.57351 0.715341 0.528972 0.9 0.661896 
0.75546 0.692659 0.165307 0.653123 0.352175 0.606653 0.9 0.9 0.1 0.1 0.644273 0.588901 0.9 0.584436 0.435915 0.782066 0.695108 0.841994 0.10891 0.373834 0.9 0.105261 0.20871 0.760742 0.47207 0.270894 0.40606 0.353932 0.623713 0.372292 0.723185 0.687145 0.13614 0.894001 0.543608 0.390527 0.487216 0.446178 0.302984 0.522758 0.579624 0.1 0.1 0.50287 0.646241 0.37963 0.409566 0.321667 0.424909 0.398494 0.578351 0.380039 0.545244 0.875761 0.225564 0.723957 0.161534 0.481766 0.371103 0.9 0.9 0.9 0.748847 0.9 0.840052 0.229112 0.1 0.3676 0.648478 0.464167 0.893099 0.342592 0.429588 0.892188 0.9 0.1 0.22136 0.111533 0.468028 0.66021 0.532012 0.1 0.1 0.1 0.850231 0.108223 0.1 0.137135 0.57385 0.39049 0.89227 0.580324 0.298289 0.553494 0.419589 0.130496 0.874433 0.581679 0.412913 0.391709 0.136266 0.1 0.84324 0.538612 0.1 0.64338 0.472891 0.496584 0.888575 0.139656 0.1 0.274016 0.1 0.1 0.346757 0.106645 0.434087 0.423374 0.1 0.150426 0.762327 0.215358 0.525651 0.195088 0.674569 0.1 0.1 0.538543 0.719855 0.50303 0.102092 0.640589 0.741318 0.883118 0.337193 0.669688 0.536062 0.709322 0.148795 0.427001 0.664437 0.410085 0.69331 0.9 0.468277 0.35807 0.850597 0.9 0.697475 0.128861 0.1 0.532849 0.1 0.687855 0.752877 0.865867 0.9 0.684097 0.593403 0.653287 0.288676 0.621734 0.438083 0.9 0.618652 0.606625 0.690901 0.1 0.511326 0.853688 0.535387 0.281285 0.1 0.249015 0.1 0.582401 0.484562 0.106576 0.371382 0.383807 0.1 0.541969 0.846274 0.374259 0.313861 0.439294 0.327888 0.1 0.328181 0.757514 0.895668 0.648464 0.448483 0.210051 0.553116 0.9 0.894985 0.283404 0.107863 0.316467 0.122769 0.49087 0.637715 0.33077 0.9 0.766373 0.820561 0.515199 0.694095 0.468633 0.697769 0.9 0.9 0.686238 0.186896 0.1 0.1 0.437369 0.271968 0.488357 0.254191 0.1 0.1 0.583722 0.454129 0.625287 0.674504 0.258091 0.9 0.736983 0.598383 0.177649 0.317012 0.288907 0.541715 0.260262 0.163132 0.340031 0.71299 0.9 0.9 0.443492 0.754718 0.877726 0.196327 0.882708 0.9 0.3653 0.375686 0.229172 0.75546 0.692659 
0.653605 0.893993 0.312428 0.715224 0.539795 0.9 0.9 0.582658 0.714284 0.618085 0.589957 0.342033 0.826924 0.140137 0.511 0.9 0.517005 0.148124 0.581356 0.470154 0.593096 0.329416 0.312291 0.620834 0.327565 0.147409 0.878401 0.756091 0.508607 0.532163 0.448813 0.751909 0.445676 0.716185 0.526804 0.851589 0.681629 0.436803 0.445995 0.589187 0.9 0.1 0.690459 0.9 0.145372 0.278016 0.659773 0.650822 0.433398 0.378971 0.1 0.1 0.711536 0.43185 0.513956 0.168559 0.470938 0.642121 0.852395 0.9 0.1 0.332674 0.684089 0.610784 0.137841 0.1 0.585912 0.689969 0.479313 0.1 0.299074 0.384246 0.1 0.123306 0.250487 0.276347 0.381718 0.872006 0.9 0.699644 0.363379 0.1 0.62246 0.1 0.465074 0.425992 0.348055 0.817608 0.152532 0.1 0.9 0.317449 0.419542 0.639469 0.870753 0.525262 0.647239 0.547535 0.261042 0.153686 0.489239 0.574662 0.601178 0.6814 0.650182 0.661763 0.168567 0.852589 0.784467 0.9 0.616205 0.1 0.1 0.304501 0.165942 0.43005 0.873468 0.481182 0.469367 0.889444 0.648017 0.283676 0.178984 0.843831 0.9 0.9 0.539794 0.65035 0.4967 0.750715 0.717015 0.112762 0.333085 0.388603 0.629951 0.111687 0.1 0.793987 0.838473 0.800206 0.753074 0.622256 0.841365 0.709982 0.112399 0.873128 0.410548 0.875749 0.398481 0.712577 0.726226 0.736087 0.142879 0.9 0.648542 0.196823 0.856779 0.349532 0.842139 0.350473 0.1 0.630531 0.252552 0.519319 0.80215 0.17002 0.381357 0.1 0.669463 0.560672 0.858878 0.475552 0.1 0.573861 0.24905 0.1 0.601364 0.467507 0.168375 0.85223 0.371435 0.9 0.684322 0.496321 0.640774 0.425317 0.64957 0.532869 0.558266 0.623096 0.801707 0.529893 0.26642 0.1 0.1 0.1 0.125226 0.393913 0.342436 0.9 0.886658 0.165908 0.240226 0.127589 0.9 0.573884 0.174274 0.357396 0.1 0.1 0.265812 0.537602 0.9 0.9 0.117766 0.622693 0.263701 0.624441 0.199093 0.866339 0.365816 0.889704 0.503043 0.60655 0.9 0.587266 0.608004 0.132156 0.879809 0.20067 0.9 0.873459 0.1 0.123911 0.806274 0.146192 0.604169 0.113075 0.405843 0.9 0.396428 0.602089 0.466499 0.293256 0.468046 0.550728 0.9 0.887965 0.255345 0.1 0.653605 0.893993 
0.1 0.105952 0.1 0.852154 0.744979 0.723402 0.168973 0.604143 0.820458 0.9 0.602556 0.883521 0.129199 0.439817 0.9 0.9 0.558418 0.370314 0.752855 0.674769 0.1 0.1 0.887599 0.758226 0.677204 0.838425 0.67223 0.9 0.9 0.336791 0.393711 0.9 0.49317 0.441477 0.872743 0.153323 0.131919 0.887667 0.9 0.9 0.9 0.472109 0.9 0.9 0.9 0.9 0.831864 0.489401 0.339441 0.48534 0.1 0.36297 0.715957 0.1 0.109429 0.302752 0.9 0.664056 0.236559 0.822116 0.1 0.495553 0.854164 0.644331 0.9 0.699648 0.714325 0.153825 0.67109 0.490166 0.147973 0.516142 0.1 0.873189 0.622186 0.9 0.9 0.433524 0.3712 0.294337 0.9 0.582797 0.681037 0.595117 0.680072 0.9 0.9 0.69353 0.52315 0.1 0.575977 0.555965 0.627788 0.35921 0.161204 0.407545 0.134152 0.87335 0.626802 0.827099 0.508583 0.561605 0.525449 0.497335 0.495645 0.126839 0.354613 0.477634 0.407242 0.764426 0.690382 0.269487 0.277836 0.45913 0.84886 0.1 0.371182 0.844075 0.714553 0.9 0.9 0.257733 0.431552 0.559065 0.611388 0.719584 0.9 0.817214 0.577971 0.583462 0.609009 0.1 0.1 0.1 0.515579 0.565149 0.317127 0.807344 0.235724 0.624979 0.721349 0.748606 0.9 0.1 0.1 0.893451 0.1 0.42733 0.665149 0.701259 0.294089 0.641093 0.866276 0.745862 0.144352 0.433452 0.493288 0.1 0.417298 0.9 0.681229 0.9 0.180494 0.538415 0.224972 0.411257 0.422932 0.390501 0.525128 0.386838 0.15072 0.243171 0.1 0.1 0.364561 0.245467 0.866912 0.531489 0.504033 0.694478 0.130946 0.896864 0.288367 0.1 0.487388 0.483907 0.723788 0.851051 0.66742 0.9 0.9 0.205526 0.856196 0.9 0.856252 0.122634 0.423153 0.256816 0.527851 0.157481 0.5716 0.656252 0.385215 0.657121 0.9 0.701014 0.894522 0.694803 0.113179 0.510594 0.472824 0.289358 0.446539 0.681703 0.4429 0.83578 0.137835 0.1 0.801622 0.733496 0.123706 0.9 0.9 0.9 0.9 0.693854 0.12478 0.481987 0.9 0.639916 0.623494 0.540411 0.513029 0.861109 0.377362 0.281247 0.597774 0.225703 0.126157 0.695271 0.828136 0.626213 0.895084 0.286714 0.328198 0.319099 0.353787 0.437248 0.396513 0.2633 0.1 0.105952 
0.351534 0.9 0.402057 0.104538 0.628964 0.678632 0.571022 0.668924 0.320428 0.278572 0.147092 0.872251 0.13702 0.331632 0.153307 0.726022 0.702184 0.222612 0.499333 0.655601 0.57963 0.469368 0.9 0.9 0.9 0.322201 0.266383 0.37686 0.539041 0.423805 0.669054 0.753068 0.361796 0.241608 0.9 0.9 0.859779 0.739589 0.553206 0.132887 0.9 0.744422 0.9 0.174318 0.178038 0.147627 0.9 0.9 0.359209 0.361747 0.482974 0.161629 0.667019 0.552878 0.865883 0.670988 0.764457 0.296259 0.820763 0.41057 0.55085 0.61802 0.20432 0.9 0.887159 0.183786 0.896676 0.655677 0.688251 0.536615 0.855467 0.645126 0.1 0.9 0.715729 0.490389 0.9 0.645921 0.324508 0.296115 0.9 0.9 0.334731 0.680249 0.421134 0.160881 0.289452 0.1 0.434637 0.319262 0.358818 0.18391 0.880338 0.514014 0.9 0.9 0.481449 0.735151 0.495757 0.107193 0.1 0.446803 0.755159 0.352467 0.273202 0.458426 0.737145 0.195993 0.1 0.1 0.419584 0.1 0.1 0.71506 0.9 0.507121 0.860112 0.314874 0.543357 0.404089 0.528599 0.1 0.336991 0.475943 0.531864 0.225481 0.426029 0.9 0.9 0.9 0.123363 0.1 0.343507 0.868521 0.470822 0.602569 0.435816 0.166676 0.815463 0.574792 0.25386 0.386691 0.655004 0.209696 0.1 0.530792 0.631778 0.9 0.748738 0.250186 0.317208 0.241152 0.35653 0.632015 0.624623 0.818007 0.879202 0.126551 0.656618 0.9 0.9 0.9 0.825502 0.499827 0.804609 0.463389 0.881715 0.328376 0.518556 0.9 0.9 0.642912 0.1 0.565198 0.822267 0.136994 0.1 0.479937 0.103526 0.9 0.752054 0.443335 0.1 0.1 0.127579 0.867409 0.893627 0.187592 0.854727 0.650112 0.9 0.886339 0.615158 0.719778 0.285232 0.250785 0.1 0.1 0.562821 0.517748 0.1 0.486108 0.178835 0.1 0.1 0.1 0.403345 0.136813 0.47635 0.598896 0.876603 0.4299 0.1 0.1 0.319224 0.231406 0.753016 0.11722 0.1 0.714875 0.684582 0.9 0.620805 0.298938 0.682953 0.820975 0.56699 0.9 0.9 0.139373 0.330504 0.109621 0.604986 0.573096 0.294401 0.692424 0.651217 0.679524 0.853862 0.321176 0.164705 0.716667 0.658407 0.133289 0.779041 0.108367 0.282887 0.594292 0.381035 0.409049 0.351534 0.9 
0.10008 0.9 0.36343 0.1 0.749698 0.834012 0.207116 0.589117 0.146969 0.379466 0.9 0.812609 0.829424 0.168814 0.33411 0.710711 0.604478 0.36433 0.886937 0.7443 0.163287 0.612755 0.9 0.9 0.744456 0.343771 0.505332 0.9 0.76923 0.865179 0.135725 0.306325 0.811037 0.361034 0.43972 0.61851 0.163696 0.342838 0.447971 0.275365 0.9 0.338752 0.9 0.855479 0.311137 0.333804 0.523301 0.9 0.601009 0.473068 0.677496 0.560822 0.159868 0.539144 0.674278 0.765399 0.861327 0.103023 0.791345 0.669773 0.9 0.811298 0.9 0.9 0.192296 0.243024 0.5539 0.363489 0.755218 0.884296 0.619407 0.502555 0.1 0.474092 0.412317 0.413436 0.9 0.9 0.4245 0.50255 0.377311 0.893658 0.314052 0.395934 0.647024 0.837715 0.139716 0.54086 0.9 0.9 0.325474 0.9 0.693328 0.1 0.817745 0.9 0.543426 0.310739 0.105333 0.250095 0.30707 0.58397 0.9 0.471456 0.1 0.39315 0.843689 0.139164 0.1 0.221973 0.571387 0.414436 0.290557 0.9 0.9 0.9 0.62984 0.1 0.363614 0.542277 0.9 0.621973 0.458127 0.700469 0.862307 0.349415 0.435329 0.468124 0.559397 0.637599 0.646022 0.899661 0.270263 0.642351 0.391207 0.400166 0.9 0.297607 0.381591 0.1 0.549513 0.849462 0.633528 0.727787 0.697323 0.436974 0.612476 0.473216 0.345752 0.114685 0.888333 0.422587 0.696642 0.433492 0.104093 0.604589 0.684763 0.522132 0.1 0.2218 0.159796 0.61068 0.15464 0.305588 0.403501 0.452716 0.754319 0.259834 0.699759 0.1 0.313291 0.336772 0.1 0.665981 0.232602 0.771562 0.188831 0.808529 0.100433 0.577593 0.9 0.15023 0.838274 0.677305 0.448788 0.118873 0.274077 0.226636 0.553514 0.246333 0.485687 0.755588 0.9 0.511828 0.1 0.218092 0.100745 0.858211 0.592114 0.835068 0.165914 0.590077 0.100392 0.1 0.469247 0.336238 0.9 0.636275 0.114226 0.1 0.396733 0.876875 0.312033 0.223545 0.615237 0.875101 0.37297 0.787879 0.16941 0.652742 0.140407 0.468757 0.517851 0.1 0.112624 0.619401 0.252012 0.102838 0.68882 0.712983 0.9 0.74737 0.409084 0.113592 0.9 0.891721 0.489569 0.887986 0.73361 0.457936 0.9 0.9 0.447873 0.215434 0.1 0.1 0.1 0.425427 0.838468 0.1 0.10008 0.9 
0.9 0.778832 0.9 0.621241 0.426319 0.156257 0.564997 0.205063 0.82225 0.645903 0.9 0.352018 0.700885 0.647955 0.338917 0.9 0.644751 0.83338 0.499666 0.550716 0.9 0.9 0.9 0.9 0.9 0.863409 0.458256 0.586729 0.100877 0.535363 0.520554 0.591723 0.17413 0.471342 0.399554 0.593396 0.592544 0.163535 0.589585 0.589745 0.664801 0.564048 0.878289 0.358326 0.250638 0.252445 0.238188 0.876479 0.147636 0.529197 0.449202 0.1 0.308712 0.353112 0.872363 0.250359 0.114708 0.305309 0.895554 0.319337 0.751329 0.548319 0.9 0.9 0.8715 0.359293 0.565238 0.613566 0.35883 0.359076 0.248785 0.13564 0.652456 0.332428 0.242205 0.1 0.520652 0.575227 0.848031 0.747863 0.1 0.439794 0.695674 0.486949 0.592365 0.760282 0.66227 0.9 0.139289 0.461271 0.167921 0.865868 0.145162 0.1 0.63461 0.13495 0.306154 0.368969 0.649435 0.7247 0.500908 0.115836 0.645524 0.314485 0.444999 0.814694 0.595154 0.787583 0.469512 0.276821 0.696469 0.535286 0.621189 0.5563 0.891894 0.309833 0.10726 0.443549 0.130212 0.1 0.1 0.1 0.1 0.181649 0.14655 0.638275 0.356302 0.394796 0.1 0.1 0.1 0.615243 0.119122 0.896145 0.9 0.530584 0.9 0.418133 0.415635 0.23343 0.624356 0.151181 0.583903 0.438503 0.541784 0.628782 0.650797 0.649778 0.368796 0.650239 0.9 0.479423 0.9 0.9 0.690364 0.9 0.7938 0.877384 0.499514 0.818355 0.837012 0.725485 0.370686 0.125587 0.425492 0.440863 0.584729 0.384343 0.686157 0.1 0.503253 0.367991 0.1 0.324449 0.657144 0.840425 0.864734 0.471511 0.347441 0.350549 0.9 0.370133 0.781483 0.9 0.296658 0.379606 0.739097 0.866599 0.404832 0.295431 0.685059 0.407365 0.837126 0.161952 0.2644 0.476844 0.54189 0.9 0.9 0.48509 0.80425 0.604265 0.60678 0.163877 0.641041 0.511163 0.817787 0.713908 0.718981 0.264659 0.9 0.803133 0.61819 0.677098 0.588121 0.9 0.1 0.425423 0.870515 0.503824 0.580083 0.609391 0.668137 0.546335 0.645691 0.105456 0.1 0.317527 0.9 0.9 0.69213 0.9 0.459628 0.402675 0.9 0.172664 0.834403 0.804255 0.867657 0.740696 0.9 0.9 0.463832 0.532728 0.576405 0.88112 0.463479 0.52453 0.395462 0.277887 0.9 0.778832 
0.9 0.644018 0.575069 0.628653 0.721777 0.628252 0.9 0.62564 0.642628 0.538518 0.570379 0.1 0.880474 0.516447 0.1 0.768867 0.243086 0.103017 0.385536 0.1 0.9 0.9 0.768088 0.479521 0.9 0.393098 0.815932 0.338752 0.514025 0.859499 0.317387 0.416801 0.619204 0.9 0.9 0.417696 0.584396 0.643148 0.1 0.1 0.27341 0.672298 0.121544 0.19193 0.208096 0.248705 0.1 0.493293 0.224265 0.49025 0.538371 0.1 0.317903 0.389371 0.607475 0.317991 0.508284 0.563758 0.492561 0.105795 0.555894 0.629766 0.526301 0.353058 0.553376 0.391507 0.667836 0.136319 0.1 0.781786 0.114102 0.384063 0.535104 0.262502 0.680345 0.686721 0.493125 0.591616 0.174109 0.621433 0.136804 0.882523 0.9 0.474297 0.236622 0.527128 0.792537 0.9 0.1 0.127629 0.778743 0.862781 0.9 0.355085 0.120228 0.376292 0.78804 0.687227 0.503582 0.9 0.632462 0.499535 0.367937 0.126561 0.577598 0.203407 0.742409 0.240481 0.630618 0.150755 0.873301 0.9 0.9 0.9 0.472881 0.1 0.35507 0.155926 0.836217 0.570515 0.349156 0.862792 0.380432 0.281559 0.312561 0.402439 0.578251 0.1 0.1 0.1 0.1 0.654469 0.484772 0.614403 0.9 0.283625 0.579955 0.719945 0.45334 0.410308 0.856008 0.369058 0.348104 0.822225 0.301669 0.704336 0.9 0.696258 0.890726 0.9 0.275706 0.1 0.890636 0.60521 0.387522 0.360343 0.815898 0.136229 0.467919 0.830374 0.21645 0.466524 0.682309 0.497979 0.175467 0.443756 0.899504 0.689837 0.323442 0.246704 0.1 0.1 0.513919 0.372205 0.9 0.9 0.9 0.889342 0.527504 0.9 0.9 0.647406 0.9 0.9 0.147963 0.317001 0.1 0.140045 0.402792 0.545009 0.9 0.451417 0.154825 0.502587 0.1 0.1 0.1 0.122995 0.9 0.366105 0.4087 0.860853 0.725342 0.788867 0.173618 0.544274 0.654264 0.1 0.430334 0.153924 0.9 0.519378 0.753518 0.894966 0.357083 0.9 0.288206 0.427013 0.9 0.775664 0.9 0.9 0.365586 0.1 0.587018 0.384519 0.2492 0.72478 0.494485 0.1 0.1 0.681269 0.9 0.754894 0.615384 0.1 0.349515 0.320809 0.144198 0.851231 0.535007 0.1 0.329338 0.283306 0.890777 0.707109 0.261664 0.1 0.1 0.24645 0.9 0.644018 
0.9 0.101888 0.117874 0.886677 0.619156 0.295537 0.551342 0.1 0.344837 0.718572 0.726112 0.254158 0.482374 0.431109 0.218822 0.9 0.694836 0.370675 0.617061 0.102141 0.372887 0.1 0.401684 0.268045 0.624502 0.599506 0.480195 0.700964 0.897703 0.43583 0.648149 0.859174 0.574521 0.7121 0.9 0.159947 0.889014 0.42389 0.1 0.165099 0.131989 0.857114 0.445977 0.67165 0.3348 0.634411 0.557185 0.82043 0.163862 0.222037 0.1 0.353783 0.341543 0.542588 0.667466 0.803254 0.17532 0.1 0.593046 0.879704 0.41739 0.364853 0.9 0.9 0.9 0.788132 0.9 0.836232 0.1 0.106634 0.1 0.260029 0.1 0.530434 0.9 0.454543 0.271986 0.531105 0.33856 0.363054 0.646104 0.606738 0.633783 0.1 0.1 0.29032 0.9 0.315019 0.27789 0.518127 0.207025 0.580887 0.9 0.138426 0.448239 0.9 0.9 0.541567 0.760107 0.9 0.66061 0.9 0.374512 0.612381 0.549234 0.203669 0.159112 0.603261 0.782766 0.540503 0.10505 0.425153 0.131739 0.63818 0.48962 0.128869 0.9 0.484323 0.444566 0.230626 0.1 0.577584 0.9 0.890261 0.703954 0.492152 0.9 0.563899 0.9 0.6081 0.458522 0.644415 0.588597 0.719531 0.371455 0.1 0.1 0.557562 0.677254 0.738901 0.178604 0.605772 0.253253 0.363111 0.437122 0.664499 0.554439 0.343122 0.369003 0.866884 0.681167 0.271058 0.464103 0.504042 0.295358 0.1 0.1 0.1 0.421154 0.19267 0.467071 0.159903 0.558864 0.312686 0.79944 0.108154 0.345213 0.9 0.554076 0.9 0.622527 0.643276 0.725774 0.9 0.9 0.191672 0.624497 0.421103 0.538658 0.9 0.290632 0.1 0.1 0.693813 0.859802 0.458227 0.646269 0.864057 0.428986 0.312477 0.9 0.111157 0.256222 0.592639 0.261024 0.1 0.495519 0.512915 0.9 0.12735 0.407272 0.636692 0.9 0.363688 0.367665 0.702626 0.396442 0.1 0.102561 0.882654 0.9 0.394689 0.1 0.1 0.1 0.9 0.5502 0.686764 0.858287 0.9 0.9 0.769484 0.836487 0.326285 0.258243 0.310815 0.42585 0.9 0.9 0.387503 0.862478 0.484739 0.9 0.799059 0.550241 0.384421 0.46551 0.899 0.478614 0.681847 0.875075 0.509259 0.853333 0.112132 0.634075 0.9 0.877113 0.148458 0.575939 0.764328 0.9 0.101888 
0.647833 0.9 0.9 0.69823 0.265625 0.419607 0.476988 0.1 0.631191 0.49907 0.402988 0.602694 0.155797 0.805515 0.116189 0.659193 0.9 0.479065 0.356694 0.849265 0.9 0.157989 0.9 0.522243 0.129682 0.875753 0.639544 0.9 0.721702 0.566746 0.483544 0.148224 0.464232 0.581644 0.9 0.769035 0.9 0.367869 0.9 0.718545 0.654895 0.355485 0.46339 0.846098 0.279649 0.44217 0.539818 0.145625 0.853535 0.713213 0.104576 0.9 0.9 0.9 0.525484 0.179135 0.778036 0.1 0.1 0.52022 0.669284 0.578798 0.627864 0.29224 0.148102 0.316049 0.101751 0.1 0.641776 0.9 0.892594 0.540911 0.1 0.203004 0.375777 0.304695 0.643962 0.9 0.489829 0.668278 0.666223 0.55419 0.65594 0.599201 0.525384 0.1 0.9 0.386809 0.374925 0.9 0.815974 0.187035 0.445981 0.521656 0.344224 0.617925 0.9 0.317038 0.69234 0.652934 0.107242 0.520502 0.142878 0.132908 0.698655 0.552822 0.378816 0.437461 0.537663 0.9 0.1 0.237617 0.36615 0.749001 0.9 0.9 0.9 0.9 0.339235 0.111177 0.592905 0.327981 0.217071 0.189543 0.880736 0.516514 0.811917 0.9 0.9 0.547931 0.574562 0.9 0.9 0.774346 0.1 0.592319 0.423711 0.469522 0.169981 0.9 0.425606 0.124249 0.1 0.848112 0.9 0.172786 0.828006 0.770189 0.855657 0.212367 0.873287 0.691997 0.375429 0.187985 0.821262 0.262368 0.578041 0.588415 0.156582 0.241208 0.151809 0.489918 0.391385 0.1 0.391199 0.48922 0.885917 0.683707 0.19004 0.857786 0.615296 0.522723 0.1 0.667922 0.551263 0.899327 0.9 0.244656 0.636044 0.9 0.437113 0.36868 0.56009 0.714905 0.557884 0.349407 0.1 0.1 0.1 0.1 0.461835 0.265459 0.666023 0.9 0.397985 0.1 0.2993 0.338426 0.677005 0.347058 0.1 0.368042 0.895296 0.284936 0.1 0.338173 0.263118 0.837768 0.52055 0.9 0.9 0.9 0.280791 0.349614 0.705283 0.9 0.9 0.757157 0.9 0.9 0.9 0.389612 0.170075 0.431889 0.249034 0.511068 0.521958 0.627128 0.734891 0.341372 0.9 0.9 0.665292 0.849398 0.387818 0.62202 0.1 0.543693 0.687402 0.604777 0.452515 0.459116 0.679534 0.63048 0.894187 0.39982 0.550852 0.54942 0.103872 0.333426 0.647833 0.9 
0.61856 0.745555 0.305161 0.1 0.340275 0.895593 0.662502 0.1 0.1 0.525414 0.111354 0.610937 0.462084 0.36367 0.391263 0.613903 0.872681 0.170887 0.190178 0.162343 0.539838 0.9 0.9 0.500882 0.216329 0.316733 0.1 0.313652 0.628025 0.69839 0.1 0.41319 0.468734 0.334713 0.523813 0.646233 0.163145 0.1 0.890641 0.300984 0.775825 0.878957 0.895603 0.209076 0.149121 0.350562 0.9 0.1 0.334389 0.1 0.226452 0.9 0.1 0.1 0.320605 0.275377 0.488271 0.453341 0.469722 0.1 0.3204 0.533287 0.620274 0.662658 0.860511 0.189803 0.35381 0.1 0.1 0.34887 0.427178 0.81708 0.280531 0.1 0.108188 0.345778 0.478908 0.9 0.566728 0.840178 0.210366 0.67072 0.702302 0.216281 0.79139 0.1 0.411097 0.328901 0.586513 0.9 0.54757 0.794725 0.598553 0.9 0.557006 0.442623 0.9 0.130785 0.335554 0.154539 0.350498 0.587866 0.163825 0.531704 0.9 0.152341 0.1 0.306847 0.1 0.54924 0.1 0.1 0.349147 0.885367 0.122863 0.1 0.130835 0.542714 0.445495 0.505487 0.596356 0.69617 0.525317 0.868672 0.64247 0.1413 0.333871 0.546907 0.172058 0.689123 0.787037 0.511601 0.583642 0.897122 0.1 0.418185 0.86801 0.336373 0.684529 0.9 0.813399 0.855687 0.1 0.169375 0.885338 0.248271 0.354132 0.9 0.9 0.648702 0.491458 0.358501 0.460175 0.894079 0.428006 0.1 0.9 0.787896 0.627861 0.11752 0.493363 0.51761 0.540981 0.1 0.259985 0.730526 0.50405 0.346622 0.790297 0.161501 0.300732 0.593661 0.1 0.374717 0.850568 0.9 0.513887 0.110985 0.633189 0.524888 0.613547 0.157786 0.665442 0.112962 0.1 0.110186 0.171771 0.115163 0.8144 0.1 0.1 0.385696 0.598183 0.702823 0.495816 0.9 0.500862 0.878558 0.152334 0.355575 0.1 0.26045 0.111209 0.249666 0.553924 0.886456 0.1 0.1 0.1 0.9 0.665581 0.724542 0.1 0.385336 0.855743 0.159163 0.49407 0.226554 0.125664 0.353338 0.365815 0.336319 0.868237 0.76985 0.1 0.37486 0.594018 0.501898 0.370338 0.644775 0.9 0.500484 0.1 0.129006 0.597716 0.542865 0.1 0.709239 0.694484 0.181037 0.540235 0.406199 0.9 0.699696 0.781592 0.721464 0.9 0.298476 0.1 0.1 0.61856 0.745555 
0.382934 0.565641 0.1 0.361927 0.9 0.792879 0.9 0.301552 0.392394 0.9 0.643249 0.471774 0.9 0.413829 0.876806 0.1 0.1221 0.592955 0.139178 0.569445 0.179409 0.848514 0.485306 0.777514 0.685657 0.320583 0.1 0.678105 0.460978 0.614861 0.1 0.64773 0.269157 0.1 0.1 0.17109 0.818053 0.1 0.422584 0.277861 0.817923 0.221028 0.620887 0.806293 0.422945 0.569386 0.9 0.341375 0.392276 0.1 0.1 0.460751 0.1 0.395651 0.308065 0.720796 0.776882 0.337172 0.460398 0.169822 0.813366 0.69476 0.847731 0.173877 0.775196 0.885292 0.432664 0.4865 0.1 0.678001 0.898156 0.186175 0.640359 0.482499 0.823295 0.140007 0.117402 0.858421 0.462231 0.497518 0.821437 0.634504 0.9 0.855436 0.145188 0.1 0.718936 0.883447 0.343765 0.354889 0.831984 0.406621 0.89417 0.9 0.501173 0.696216 0.9 0.649987 0.464738 0.835197 0.491233 0.171287 0.792472 0.379095 0.602331 0.826266 0.43233 0.543277 0.612171 0.9 0.9 0.568873 0.418414 0.726666 0.52182 0.499846 0.853096 0.336536 0.342084 0.149218 0.390336 0.387312 0.37315 0.422116 0.149678 0.798139 0.1 0.1 0.498326 0.57719 0.9 0.1 0.564372 0.77772 0.368543 0.234214 0.613293 0.677067 0.759065 0.3633 0.525 0.804218 0.9 0.9 0.593124 0.2999 0.479512 0.383268 0.546875 0.9 0.457596 0.1 0.298579 0.89292 0.494811 0.362001 0.791521 0.573166 0.401184 0.388688 0.9 0.425011 0.501517 0.465933 0.147721 0.9 0.9 0.652719 0.589404 0.588901 0.81259 0.171062 0.365968 0.636586 0.178155 0.826872 0.198056 0.38993 0.343561 0.459382 0.517478 0.648592 0.617209 0.603848 0.580195 0.851378 0.107003 0.271995 0.559638 0.430529 0.663233 0.601961 0.831888 0.247951 0.151869 0.86503 0.175018 0.9 0.623557 0.628591 0.443784 0.531885 0.666324 0.9 0.385464 0.800798 0.658708 0.369945 0.293322 0.9 0.9 0.704454 0.672394 0.465256 0.475451 0.204254 0.496338 0.47503 0.502118 0.192127 0.778102 0.470207 0.544741 0.663204 0.528292 0.586865 0.669819 0.650077 0.422586 0.283093 0.354216 0.882631 0.9 0.9 0.9 0.155468 0.527423 0.61143 0.588907 0.835224 0.615647 0.425424 0.660143 0.339633 0.876803 0.125079 0.54719 0.407246 0.398259 0.1 0.382934 0.565641 
0.1 0.882015 0.1 0.1 0.507787 0.640027 0.829882 0.9 0.9 0.9 0.9 0.813221 0.9 0.9 0.9 0.507694 0.330951 0.382489 0.501084 0.9 0.694177 0.107975 0.1 0.637576 0.334836 0.568025 0.118749 0.717261 0.865855 0.633117 0.1 0.380321 0.459056 0.1 0.47232 0.874954 0.9 0.373094 0.9 0.723115 0.411767 0.80684 0.55531 0.147119 0.6195 0.489101 0.612853 0.16598 0.822065 0.1 0.1 0.492314 0.308459 0.316441 0.293412 0.542321 0.9 0.431354 0.150264 0.78347 0.146636 0.1 0.303877 0.381342 0.334794 0.780269 0.412714 0.1 0.1 0.428227 0.9 0.376296 0.336941 0.450866 0.548908 0.867 0.9 0.143945 0.102371 0.621061 0.309562 0.1 0.368557 0.516051 0.401701 0.61073 0.9 0.451818 0.1 0.1 0.215848 0.1 0.36704 0.513859 0.556249 0.622373 0.246759 0.149718 0.631972 0.354923 0.42089 0.604947 0.720075 0.654259 0.1 0.1 0.660345 0.1 0.317446 0.9 0.834752 0.422744 0.1 0.118296 0.852395 0.508975 0.829442 0.893391 0.9 0.868648 0.108898 0.1 0.1 0.356592 0.406267 0.657494 0.104852 0.603004 0.742388 0.9 0.9 0.104387 0.464941 0.660492 0.9 0.586136 0.71583 0.63423 0.690034 0.9 0.573291 0.402037 0.396976 0.518554 0.545708 0.396583 0.9 0.357832 0.335059 0.749049 0.302198 0.339077 0.9 0.367148 0.826288 0.394853 0.896551 0.9 0.155191 0.506411 0.682324 0.9 0.649766 0.109684 0.495536 0.59673 0.699266 0.302115 0.216835 0.373842 0.141214 0.639275 0.878565 0.576806 0.200561 0.477849 0.837273 0.148439 0.62611 0.145951 0.9 0.9 0.596464 0.748037 0.122859 0.348475 0.1 0.1 0.170527 0.102477 0.58808 0.898256 0.150044 0.248051 0.824203 0.730705 0.724112 0.753854 0.9 0.889174 0.1 0.1 0.707967 0.9 0.658808 0.9 0.351014 0.43277 0.1 0.12482 0.605343 0.191348 0.839909 0.352447 0.842519 0.124203 0.524704 0.9 0.32277 0.636532 0.201179 0.873824 0.602098 0.126005 0.1 0.621901 0.9 0.9 0.427829 0.743462 0.833328 0.55229 0.885602 0.519629 0.408529 0.37957 0.440008 0.656666 0.862152 0.569934 0.641121 0.5414 0.517509 0.60005 0.9 0.320697 0.891729 0.42752 0.241384 0.1 0.1 0.882015 
0.331927 0.838049 0.374154 0.880561 0.426238 0.1 0.651757 0.785482 0.9 0.535079 0.147523 0.583274 0.180288 0.392719 0.180477 0.311402 0.1049 0.1 0.846448 0.845664 0.649662 0.336196 0.415033 0.457786 0.592361 0.340291 0.9 0.9 0.511557 0.803709 0.1 0.1 0.68018 0.457495 0.1 0.1 0.69853 0.695349 0.9 0.644045 0.265585 0.1 0.248996 0.287536 0.603332 0.412521 0.747834 0.627544 0.598877 0.468626 0.478289 0.197227 0.879162 0.9 0.683686 0.451291 0.333223 0.443914 0.376573 0.588998 0.453233 0.453367 0.688029 0.287225 0.1 0.697452 0.461716 0.605598 0.540311 0.390827 0.346085 0.898432 0.492566 0.524071 0.1 0.118617 0.9 0.74202 0.894413 0.534723 0.310484 0.367632 0.650911 0.282643 0.363833 0.362819 0.77178 0.607444 0.650081 0.1 0.1 0.1 0.654014 0.9 0.445197 0.741586 0.614234 0.9 0.456555 0.1 0.118009 0.66891 0.9 0.73179 0.164201 0.125397 0.650315 0.345219 0.822286 0.733102 0.724784 0.1 0.1 0.335201 0.506718 0.425825 0.623489 0.1 0.1 0.395506 0.366637 0.256337 0.49013 0.1 0.128086 0.890856 0.9 0.787496 0.659431 0.429091 0.9 0.893002 0.9 0.9 0.554882 0.311204 0.873825 0.366804 0.471838 0.9 0.9 0.1 0.1 0.1 0.572773 0.425663 0.559399 0.284485 0.598696 0.692026 0.567976 0.131742 0.9 0.1 0.1 0.1 0.151904 0.9 0.893944 0.9 0.346147 0.760669 0.698141 0.210423 0.580152 0.31724 0.454144 0.567073 0.629338 0.9 0.398018 0.548804 0.18577 0.408595 0.647561 0.678118 0.9 0.332199 0.866507 0.544723 0.9 0.634926 0.483567 0.9 0.688526 0.638363 0.9 0.870625 0.621532 0.664956 0.714128 0.9 0.564792 0.368433 0.1 0.1 0.592681 0.536113 0.745128 0.396722 0.299615 0.250427 0.9 0.513605 0.589415 0.602149 0.1 0.498881 0.867265 0.9 0.9 0.887387 0.599376 0.432011 0.690321 0.219372 0.121732 0.558584 0.111928 0.56946 0.399257 0.806509 0.522454 0.814846 0.117863 0.410176 0.163205 0.9 0.9 0.870171 0.152578 0.183266 0.135199 0.1 0.593635 0.738552 0.722103 0.691532 0.344451 0.582928 0.627406 0.303867 0.422565 0.291791 0.568848 0.1 0.455268 0.745099 0.718345 0.578066 0.331927 0.838049 
0.1 0.86376 0.149789 0.498181 0.302662 0.167301 0.432134 0.260298 0.1 0.599424 0.400958 0.320157 0.536011 0.175324 0.796629 0.57328 0.815183 0.218682 0.123925 0.499192 0.508817 0.451607 0.759918 0.1 0.551282 0.364424 0.9 0.455058 0.827705 0.167367 0.395431 0.252665 0.1 0.58546 0.732248 0.380626 0.899805 0.162594 0.562903 0.9 0.760278 0.1 0.1 0.462316 0.266745 0.112756 0.819633 0.176451 0.324489 0.107283 0.71096 0.843989 0.572272 0.588823 0.829494 0.205592 0.661488 0.751695 0.47918 0.612309 0.88338 0.171767 0.896963 0.8933 0.629608 0.658892 0.335725 0.500571 0.9 0.9 0.42858 0.561075 0.1 0.485804 0.1 0.235176 0.640064 0.1 0.361403 0.1 0.1 0.1 0.889798 0.582503 0.533785 0.9 0.659112 0.394863 0.575554 0.233784 0.9 0.590736 0.268933 0.753189 0.635736 0.876433 0.525481 0.898498 0.25107 0.268201 0.817224 0.604803 0.9 0.891151 0.148784 0.763377 0.250026 0.576967 0.155331 0.481033 0.877987 0.138574 0.479146 0.794254 0.603867 0.161815 0.598949 0.386164 0.362988 0.236207 0.590195 0.321946 0.9 0.9 0.880978 0.54382 0.61417 0.394998 0.381185 0.878829 0.555874 0.132892 0.407434 0.42795 0.101553 0.393207 0.468794 0.1 0.169276 0.469381 0.670719 0.101521 0.434992 0.119657 0.713036 0.341985 0.299067 0.391656 0.757198 0.610954 0.643561 0.394556 0.9 0.46902 0.263517 0.9 0.9 0.9 0.128824 0.272183 0.737336 0.749867 0.376132 0.1 0.1 0.442738 0.590139 0.639997 0.623641 0.9 0.1 0.315807 0.817256 0.674409 0.452837 0.70564 0.9 0.66522 0.132834 0.633072 0.396131 0.647087 0.1 0.1 0.185026 0.489535 0.894244 0.166914 0.322802 0.134094 0.205744 0.178249 0.866189 0.696947 0.28353 0.1 0.119644 0.869696 0.726967 0.61971 0.9 0.74524 0.9 0.665944 0.46099 0.390484 0.415539 0.351661 0.159805 0.510793 0.155153 0.273691 0.312146 0.309809 0.466979 0.511209 0.708883 0.418194 0.452926 0.144725 0.454291 0.9 0.332421 0.467652 0.45266 0.655646 0.396083 0.677582 0.542185 0.140879 0.279952 0.474357 0.82176 0.102401 0.218252 0.302957 0.558676 0.638971 0.689971 0.51078 0.371333 0.890334 0.9 0.471112 0.154099 0.171953 0.171306 0.869599 0.731941 0.532285 0.1 0.86376 
0.1 0.454571 0.450535 0.118147 0.1 0.1 0.61855 0.574049 0.241751 0.866074 0.102227 0.1 0.1 0.29495 0.465564 0.575841 0.131495 0.1 0.130504 0.361336 0.869048 0.17749 0.884446 0.106386 0.346893 0.9 0.9 0.126654 0.391564 0.1 0.274839 0.897142 0.50649 0.782554 0.9 0.580156 0.9 0.501381 0.1 0.1 0.503961 0.321544 0.1 0.640762 0.627849 0.479791 0.365202 0.673818 0.520356 0.513511 0.9 0.551614 0.636247 0.861407 0.628783 0.803961 0.689555 0.406489 0.1 0.1 0.526394 0.155303 0.1 0.154668 0.9 0.9 0.573435 0.893953 0.653827 0.777526 0.868101 0.1 0.1 0.9 0.758788 0.697314 0.470654 0.1 0.398591 0.1 0.505234 0.387865 0.48193 0.189591 0.3263 0.870891 0.187879 0.786735 0.395863 0.1 0.9 0.9 0.412339 0.9 0.9 0.55406 0.820503 0.563479 0.231921 0.343903 0.13138 0.1 0.51416 0.235408 0.1 0.390922 0.791887 0.60685 0.30701 0.301978 0.582994 0.883898 0.799531 0.874855 0.15892 0.837922 0.9 0.423633 0.848249 0.112529 0.489467 0.763202 0.9 0.9 0.758733 0.896564 0.380883 0.546798 0.360526 0.540886 0.131494 0.375412 0.662302 0.544294 0.635678 0.757146 0.9 0.5703 0.1 0.270726 0.9 0.569661 0.160405 0.620744 0.606534 0.351027 0.573747 0.435757 0.578562 0.506212 0.507653 0.1 0.259753 0.514904 0.1 0.863372 0.523903 0.401734 0.465557 0.719323 0.9 0.555233 0.295737 0.490447 0.112695 0.857513 0.365517 0.9 0.580158 0.396926 0.1 0.445671 0.125701 0.274781 0.273135 0.654441 0.709375 0.9 0.1 0.318204 0.31655 0.628325 0.395049 0.41761 0.116838 0.415207 0.470725 0.526206 0.9 0.9 0.408726 0.700416 0.519598 0.531838 0.384145 0.531956 0.580974 0.57033 0.492876 0.1 0.9 0.69274 0.693619 0.166988 0.9 0.9 0.763707 0.617758 0.9 0.9 0.858834 0.133177 0.349827 0.321651 0.668039 0.656042 0.630975 0.1 0.1 0.372427 0.101699 0.557213 0.251134 0.523763 0.1 0.547835 0.116186 0.622739 0.163766 0.531867 0.845457 0.106723 0.341888 0.565553 0.334726 0.249746 0.480688 0.137259 0.818236 0.583084 0.859975 0.699556 0.619683 0.455007 0.834041 0.511656 0.816722 0.646371 0.485983 0.100672 0.1 0.454571 
0.1 0.256018 0.343414 0.882765 0.9 0.431358 0.476413 0.109998 0.1 0.439689 0.305154 0.244812 0.1 0.572803 0.447808 0.629214 0.610887 0.230223 0.1 0.492383 0.9 0.698603 0.9 0.641858 0.138802 0.894742 0.352288 0.545798 0.1 0.191741 0.347014 0.775581 0.537821 0.610326 0.659067 0.377819 0.1 0.1 0.378954 0.1 0.596723 0.853181 0.298274 0.530686 0.501734 0.641687 0.148299 0.884861 0.1 0.292047 0.551284 0.889069 0.9 0.517662 0.585732 0.193934 0.187438 0.1 0.586233 0.292508 0.25724 0.1 0.1 0.696771 0.66541 0.672181 0.317996 0.659872 0.9 0.713324 0.701629 0.380425 0.490536 0.9 0.9 0.9 0.7082 0.116889 0.9 0.724802 0.413559 0.510725 0.677579 0.430524 0.850961 0.60263 0.291506 0.138195 0.458184 0.1 0.479185 0.773942 0.106424 0.479478 0.649452 0.649433 0.388693 0.861752 0.448242 0.111368 0.450654 0.1 0.33347 0.1 0.1 0.241198 0.164224 0.64922 0.393451 0.1 0.523566 0.800099 0.443743 0.406565 0.1 0.412486 0.9 0.45832 0.45339 0.41783 0.503431 0.881713 0.364412 0.466719 0.494597 0.753037 0.332481 0.648554 0.572586 0.711621 0.551775 0.211629 0.598448 0.115355 0.35356 0.8929 0.447519 0.36552 0.558468 0.710594 0.442787 0.101833 0.455978 0.9 0.460492 0.615833 0.255199 0.283668 0.119008 0.606357 0.704432 0.536287 0.620941 0.844967 0.101197 0.1 0.626242 0.385205 0.671866 0.37783 0.1 0.412795 0.519565 0.752718 0.512384 0.780315 0.643463 0.893184 0.1 0.1 0.638523 0.618722 0.293064 0.232993 0.468203 0.678839 0.9 0.706894 0.128997 0.839522 0.489561 0.758199 0.37828 0.186168 0.525949 0.474462 0.1 0.442335 0.9 0.9 0.738045 0.877134 0.322202 0.1 0.570436 0.9 0.854266 0.166172 0.615518 0.1 0.331053 0.46077 0.704888 0.53558 0.675749 0.1556 0.301221 0.599181 0.89532 0.464277 0.542669 0.287069 0.155515 0.865128 0.488089 0.745371 0.439589 0.454789 0.1 0.303893 0.345095 0.856691 0.179555 0.573157 0.118553 0.612536 0.511877 0.9 0.9 0.322954 0.116543 0.171647 0.647556 0.9 0.892313 0.41378 0.104566 0.1 0.15869 0.885712 0.581135 0.486355 0.324113 0.616315 0.505147 0.654112 0.546737 0.804995 0.418239 0.442821 0.1 0.256018 
0.1 0.170232 0.312726 0.518131 0.9 0.747793 0.49934 0.638393 0.1 0.502317 0.9 0.713678 0.36837 0.899744 0.167704 0.326013 0.856872 0.146401 0.198744 0.511931 0.728351 0.515025 0.100967 0.1 0.290562 0.500531 0.1 0.526335 0.1 0.1 0.233506 0.458746 0.402839 0.532713 0.9 0.277843 0.329157 0.292815 0.119131 0.286294 0.89055 0.132697 0.1 0.270888 0.816724 0.359746 0.51686 0.9 0.404541 0.849916 0.390599 0.1 0.451504 0.394067 0.151695 0.551069 0.1 0.1 0.323562 0.101984 0.363804 0.467872 0.63171 0.658902 0.150295 0.569536 0.855822 0.468735 0.837868 0.112738 0.676068 0.899636 0.147992 0.645813 0.131736 0.9 0.9 0.636301 0.628365 0.354333 0.521362 0.9 0.428112 0.892675 0.490668 0.506522 0.629044 0.455637 0.561088 0.110767 0.517598 0.9 0.504294 0.111488 0.659843 0.612707 0.646551 0.753085 0.884623 0.644979 0.684626 0.584769 0.495212 0.671776 0.340574 0.553768 0.471274 0.320997 0.225526 0.1 0.505133 0.669476 0.156561 0.895454 0.664467 0.592891 0.377062 0.375805 0.153628 0.83048 0.51775 0.600702 0.835591 0.152403 0.622638 0.570026 0.672893 0.368456 0.311981 0.55614 0.163059 0.764969 0.204014 0.496113 0.572372 0.506528 0.1 0.113984 0.707535 0.462354 0.298341 0.274789 0.115206 0.362861 0.138616 0.865679 0.159983 0.382941 0.282434 0.114232 0.373224 0.853206 0.588116 0.139271 0.829013 0.307824 0.712991 0.625197 0.714164 0.878246 0.284361 0.757704 0.9 0.427928 0.35941 0.46402 0.879816 0.616128 0.476402 0.646714 0.9 0.9 0.84714 0.101226 0.282443 0.170901 0.817565 0.441787 0.440041 0.391118 0.360755 0.889791 0.369182 0.75559 0.17767 0.128192 0.105686 0.852894 0.9 0.788747 0.690476 0.211361 0.436084 0.557628 0.534841 0.9 0.179897 0.335297 0.414871 0.525556 0.109743 0.181637 0.420661 0.125148 0.299595 0.616963 0.297339 0.233571 0.1 0.738987 0.608971 0.40781 0.623304 0.9 0.321772 0.708462 0.147843 0.327699 0.651558 0.872905 0.1 0.438921 0.871628 0.780649 0.885997 0.592052 0.563554 0.147399 0.9 0.9 0.529853 0.1 0.1 0.1 0.138039 0.402749 0.682561 0.482557 0.673341 0.9 0.297805 0.27343 0.306746 0.895199 0.103661 0.461584 0.623282 0.180127 0.816828 0.37718 0.1 0.170232 
0.74715 0.1 0.718074 0.662825 0.577188 0.457891 0.657024 0.582575 0.280027 0.377799 0.62523 0.554093 0.392868 0.9 0.818204 0.1239 0.366792 0.545671 0.1 0.518785 0.844148 0.350324 0.31233 0.1 0.657589 0.1 0.25894 0.56517 0.423716 0.35713 0.598563 0.107953 0.414924 0.465744 0.754818 0.151984 0.803404 0.542775 0.56981 0.1 0.721968 0.288429 0.557264 0.1 0.115339 0.508557 0.271368 0.459001 0.217685 0.326174 0.9 0.202033 0.504453 0.344518 0.228058 0.16454 0.360055 0.613563 0.740131 0.9 0.886427 0.577616 0.88318 0.577865 0.829277 0.742184 0.561916 0.62252 0.126822 0.1 0.9 0.9 0.446618 0.500201 0.1 0.559168 0.121288 0.226792 0.1 0.395603 0.522054 0.9 0.666756 0.9 0.400792 0.801132 0.166175 0.690286 0.553973 0.854017 0.677318 0.486672 0.396987 0.554914 0.860249 0.360377 0.27794 0.362976 0.1 0.434797 0.592317 0.9 0.473254 0.883851 0.463424 0.369341 0.586732 0.602648 0.638167 0.469275 0.1 0.1 0.523421 0.619053 0.228194 0.826729 0.606196 0.245261 0.533775 0.1 0.1 0.253887 0.628549 0.524189 0.731161 0.586616 0.834786 0.226805 0.820501 0.9 0.467601 0.462999 0.662457 0.806867 0.38726 0.227359 0.1 0.862014 0.9 0.655463 0.550976 0.9 0.710247 0.1 0.553884 0.9 0.858759 0.315349 0.1 0.428897 0.407908 0.197483 0.580737 0.1 0.714746 0.52773 0.499051 0.60878 0.521253 0.485351 0.406415 0.9 0.9 0.155675 0.60047 0.324191 0.420055 0.869129 0.344288 0.214346 0.588622 0.635185 0.15644 0.272332 0.891335 0.896486 0.232399 0.5895 0.112526 0.1 0.29904 0.497808 0.228457 0.205662 0.304675 0.16586 0.439454 0.107293 0.568633 0.1 0.529083 0.764467 0.169293 0.341163 0.125837 0.697549 0.581658 0.580109 0.621542 0.9 0.659852 0.111324 0.569026 0.871356 0.486798 0.453738 0.714329 0.513324 0.1 0.882376 0.626267 0.481138 0.383173 0.899989 0.543757 0.828208 0.819222 0.155861 0.9 0.564244 0.1 0.279835 0.538226 0.264953 0.658021 0.664449 0.9 0.303179 0.338602 0.503583 0.1 0.1 0.624214 0.733852 0.846157 0.1 0.1 0.655729 0.622203 0.366729 0.498312 0.337263 0.658136 0.9 0.24734 0.307446 0.641931 0.240554 0.338234 0.483149 0.74715 0.1 
0.862535 0.313477 0.708686 0.469496 0.1 0.582518 0.747198 0.267597 0.298091 0.871877 0.366481 0.855587 0.611138 0.285887 0.128968 0.655995 0.9 0.700785 0.1 0.503655 0.149545 0.682766 0.481367 0.350665 0.895089 0.1 0.451558 0.398012 0.57751 0.367112 0.720804 0.50629 0.637382 0.454786 0.9 0.515582 0.164118 0.739886 0.9 0.421145 0.609806 0.1 0.339052 0.31781 0.29857 0.360906 0.1 0.243589 0.1 0.1 0.840155 0.160272 0.810598 0.435741 0.400853 0.872781 0.619007 0.882808 0.122706 0.242682 0.13249 0.867013 0.821952 0.817779 0.545669 0.612173 0.443834 0.517452 0.359752 0.398785 0.836155 0.187197 0.336327 0.1 0.413353 0.685943 0.52314 0.408943 0.1 0.547631 0.599123 0.9 0.734579 0.446719 0.193875 0.130629 0.177137 0.65729 0.1 0.431301 0.823633 0.357613 0.268092 0.598168 0.207865 0.505973 0.43296 0.446154 0.11168 0.9 0.9 0.9 0.866975 0.338906 0.1 0.391763 0.9 0.710895 0.856881 0.110918 0.243421 0.481026 0.889205 0.173209 0.716564 0.223183 0.177349 0.1 0.9 0.369121 0.359623 0.9 0.63428 0.635833 0.610979 0.605764 0.454729 0.745409 0.213038 0.421752 0.872029 0.140103 0.385015 0.873129 0.334271 0.417983 0.219219 0.253264 0.1 0.1 0.215117 0.443287 0.545589 0.1 0.429174 0.454375 0.434896 0.545742 0.496765 0.383796 0.882588 0.858018 0.174603 0.467474 0.604697 0.638004 0.161344 0.839962 0.710415 0.353999 0.309696 0.523032 0.410765 0.517341 0.433574 0.531594 0.132217 0.584273 0.800026 0.197258 0.594842 0.156565 0.440605 0.343598 0.179344 0.896992 0.9 0.583679 0.49648 0.394447 0.686273 0.500196 0.455087 0.784099 0.213943 0.793619 0.598555 0.122985 0.829145 0.295853 0.425294 0.200678 0.684309 0.9 0.65477 0.1 0.579748 0.9 0.693729 0.348183 0.126325 0.401797 0.456181 0.584239 0.9 0.624841 0.521166 0.601636 0.1 0.1 0.143464 0.859006 0.63249 0.460067 0.678864 0.575911 0.440646 0.249052 0.713065 0.1 0.451203 0.302092 0.40827 0.237644 0.240386 0.125033 0.438081 0.756365 0.880063 0.104938 0.1 0.832213 0.647107 0.547004 0.553277 0.375334 0.1 0.1 0.1 0.260961 0.1 0.1 0.1 0.74887 0.39754 0.714957 0.404716 0.676852 0.1 0.1 0.862535 0.313477 
0.106958 0.34627 0.9 0.758724 0.344387 0.345925 0.557371 0.302248 0.397468 0.686502 0.246073 0.101016 0.315365 0.6346 0.39486 0.559148 0.751965 0.507835 0.714781 0.9 0.535764 0.878994 0.708803 0.9 0.671067 0.111542 0.620432 0.576116 0.182869 0.478142 0.360327 0.64288 0.885006 0.146176 0.419178 0.1 0.398488 0.9 0.607827 0.9 0.75112 0.679937 0.9 0.9 0.504648 0.339789 0.450207 0.285506 0.632014 0.229122 0.13455 0.176043 0.171029 0.637468 0.122631 0.791437 0.747558 0.797671 0.472764 0.880968 0.337998 0.787358 0.556373 0.202408 0.81069 0.132789 0.369819 0.283283 0.184899 0.809587 0.15702 0.597981 0.604342 0.1 0.606572 0.1 0.308512 0.130577 0.228154 0.1 0.352534 0.461427 0.490958 0.476889 0.302399 0.489891 0.282712 0.103186 0.325375 0.662458 0.207102 0.613007 0.514797 0.672005 0.844161 0.476626 0.625521 0.299318 0.655412 0.664059 0.202749 0.894514 0.478279 0.602921 0.1 0.1 0.784149 0.402381 0.315347 0.1 0.559115 0.566678 0.570557 0.1 0.20557 0.814963 0.618829 0.361216 0.9 0.872594 0.194394 0.871185 0.660783 0.557078 0.546626 0.586787 0.889815 0.373154 0.836241 0.686434 0.9 0.883825 0.565972 0.36549 0.50222 0.631419 0.347155 0.388148 0.1 0.486249 0.467931 0.558905 0.1 0.1 0.515308 0.314236 0.837064 0.35842 0.487886 0.876499 0.119402 0.602309 0.758654 0.847859 0.126548 0.317409 0.362626 0.1 0.495942 0.258176 0.63433 0.414708 0.1 0.223388 0.681575 0.807747 0.875201 0.1 0.166253 0.791175 0.70329 0.583219 0.438737 0.704716 0.636999 0.12698 0.9 0.619693 0.361482 0.455448 0.469661 0.473184 0.9 0.348668 0.236757 0.122125 0.55683 0.687805 0.123598 0.1 0.13965 0.660999 0.540729 0.1 0.1 0.106358 0.864028 0.9 0.261259 0.123928 0.590827 0.9 0.722146 0.1 0.548938 0.447078 0.1 0.399377 0.1 0.391526 0.858664 0.792396 0.9 0.9 0.885478 0.376737 0.863326 0.491415 0.1 0.1 0.487793 0.183021 0.81504 0.115958 0.296384 0.857946 0.287997 0.295936 0.669756 0.456169 0.315956 0.422094 0.298455 0.1 0.446579 0.9 0.605859 0.566417 0.276571 0.653849 0.1 0.1 0.375472 0.845728 0.151771 0.241177 0.138727 0.888639 0.898921 0.1 0.106958 0.34627 
0.703367 0.8791 0.570581 0.490638 0.703724 0.623406 0.770608 0.319822 0.1 0.1 0.590709 0.44039 0.206605 0.142916 0.245365 0.9 0.73358 0.48898 0.679079 0.735583 0.622555 0.192982 0.587428 0.737774 0.434448 0.842552 0.714728 0.182612 0.87296 0.78547 0.483679 0.330332 0.663296 0.9 0.9 0.327438 0.675945 0.608241 0.59538 0.9 0.689557 0.368305 0.26702 0.1 0.355913 0.55978 0.9 0.1 0.115759 0.52381 0.725607 0.757302 0.564249 0.435846 0.522411 0.9 0.286821 0.225041 0.1 0.209075 0.1 0.626459 0.572291 0.564936 0.689685 0.32508 0.9 0.426967 0.852978 0.554263 0.1068 0.691999 0.9 0.437999 0.725176 0.1 0.1 0.553644 0.278638 0.1 0.165281 0.1 0.9 0.9 0.418731 0.444602 0.9 0.639691 0.677977 0.9 0.9 0.683219 0.667432 0.388837 0.376211 0.400999 0.664901 0.372902 0.710397 0.729887 0.855977 0.9 0.471155 0.668051 0.350232 0.101505 0.866655 0.506342 0.805722 0.1 0.461978 0.1 0.1 0.34933 0.849861 0.597003 0.738601 0.643505 0.135318 0.393891 0.584253 0.158587 0.1 0.362375 0.455089 0.458209 0.9 0.27651 0.693291 0.553168 0.9 0.583794 0.477923 0.318842 0.174803 0.856568 0.599719 0.863419 0.353503 0.351952 0.1 0.694549 0.430636 0.1 0.1 0.318672 0.691335 0.630301 0.158095 0.681251 0.132666 0.866964 0.9 0.165409 0.227195 0.411327 0.453 0.115734 0.581692 0.103289 0.591602 0.643682 0.4904 0.173573 0.9 0.753259 0.9 0.534072 0.600823 0.367425 0.9 0.678725 0.135222 0.351188 0.757265 0.143403 0.853297 0.502922 0.865997 0.9 0.102533 0.1 0.896485 0.115676 0.1 0.1 0.471093 0.667136 0.25199 0.1 0.886828 0.9 0.9 0.422138 0.134542 0.81557 0.18302 0.1 0.338855 0.831593 0.370607 0.358012 0.586886 0.301805 0.583294 0.440071 0.333449 0.513855 0.628063 0.324788 0.457284 0.9 0.326504 0.226755 0.164737 0.337598 0.468074 0.416901 0.112877 0.519932 0.77971 0.865058 0.62759 0.475701 0.380724 0.575715 0.360781 0.508968 0.654776 0.567957 0.513533 0.9 0.9 0.1 0.220157 0.520803 0.527719 0.577854 0.1 0.248755 0.879927 0.452275 0.1 0.176482 0.555618 0.185628 0.412891 0.221372 0.584324 0.746205 0.703367 0.8791 
0.138365 0.447616 0.84013 0.220596 0.811453 0.163217 0.507505 0.680454 0.617414 0.112654 0.578655 0.578913 0.1 0.833089 0.141656 0.493016 0.441832 0.1 0.661274 0.396432 0.709784 0.847899 0.546011 0.385889 0.1 0.1 0.491841 0.646924 0.9 0.347604 0.1 0.494635 0.706376 0.9 0.607713 0.634239 0.864535 0.141418 0.249641 0.688225 0.181163 0.804534 0.378769 0.267854 0.585454 0.497889 0.795123 0.1 0.59091 0.521897 0.540457 0.355813 0.395715 0.12738 0.653247 0.527941 0.1 0.1 0.197767 0.1 0.333983 0.395884 0.50389 0.1 0.1 0.1 0.704811 0.1 0.275056 0.175584 0.773663 0.526489 0.853724 0.143311 0.672417 0.489235 0.637831 0.52712 0.626679 0.307801 0.1 0.1 0.685915 0.453056 0.120506 0.412972 0.9 0.376193 0.562076 0.164487 0.373852 0.102737 0.392656 0.1 0.240929 0.509138 0.326976 0.84008 0.737943 0.505204 0.1 0.559258 0.9 0.9 0.699722 0.583286 0.484617 0.285362 0.107385 0.1 0.650078 0.1 0.1 0.471603 0.60491 0.297083 0.9 0.583687 0.516403 0.560187 0.739803 0.845998 0.598735 0.1 0.122088 0.883975 0.639966 0.309697 0.858955 0.355317 0.747726 0.9 0.772161 0.686451 0.9 0.539455 0.345274 0.340155 0.878903 0.445963 0.229405 0.64944 0.535953 0.366996 0.1 0.10832 0.518641 0.137997 0.420157 0.340247 0.570088 0.128105 0.291144 0.361988 0.210499 0.298163 0.410936 0.870433 0.550317 0.182162 0.1 0.235702 0.156083 0.84451 0.9 0.108584 0.377858 0.305 0.220276 0.102701 0.627037 0.572887 0.814369 0.213952 0.886669 0.841007 0.408727 0.406148 0.167653 0.740521 0.678836 0.719371 0.9 0.9 0.1 0.1 0.271086 0.469915 0.9 0.746048 0.681631 0.129403 0.9 0.9 0.9 0.9 0.872153 0.286748 0.255281 0.288411 0.428872 0.9 0.735287 0.292713 0.112586 0.535228 0.356522 0.305144 0.161653 0.240414 0.129841 0.897903 0.1 0.1 0.84124 0.367797 0.210779 0.1 0.626068 0.222081 0.851061 0.527534 0.34074 0.9 0.376937 0.132906 0.887203 0.430422 0.398102 0.102392 0.563412 0.9 0.9 0.280644 0.1 0.123141 0.865856 0.518923 0.382078 0.113367 0.773407 0.64741 0.116279 0.831134 0.822126 0.815447 0.215065 0.745048 0.250043 0.809687 0.138365 0.447616 
0.198827 0.305655 0.768614 0.869334 0.593025 0.414702 0.391944 0.827364 0.711407 0.878843 0.9 0.513149 0.112727 0.9 0.666752 0.102404 0.393947 0.252081 0.230115 0.269444 0.9 0.345725 0.133946 0.468409 0.115299 0.223013 0.519937 0.308164 0.280513 0.589595 0.1 0.604134 0.9 0.9 0.536226 0.453362 0.463308 0.636992 0.469408 0.9 0.510103 0.323071 0.495007 0.705778 0.27546 0.143954 0.844048 0.624471 0.451061 0.1 0.889478 0.328888 0.48716 0.9 0.9 0.660669 0.234271 0.446833 0.894854 0.471014 0.15023 0.843328 0.128347 0.1 0.852354 0.65982 0.511216 0.1 0.477155 0.849395 0.126875 0.1 0.1 0.452072 0.9 0.41245 0.653551 0.803117 0.9 0.112563 0.9 0.9 0.436633 0.443267 0.847823 0.305185 0.1 0.1 0.633032 0.9 0.656488 0.636214 0.9 0.698051 0.780292 0.667899 0.406812 0.448585 0.9 0.898421 0.339485 0.9 0.9 0.433174 0.43769 0.706222 0.671296 0.105524 0.494669 0.625249 0.303503 0.451914 0.522375 0.610384 0.899371 0.46637 0.9 0.9 0.528444 0.516738 0.887594 0.138477 0.103186 0.669395 0.9 0.9 0.529885 0.334085 0.319732 0.275629 0.313886 0.462411 0.242401 0.1 0.9 0.710522 0.855897 0.577306 0.738243 0.510619 0.254581 0.9 0.9 0.9 0.542779 0.65834 0.273461 0.321342 0.654268 0.714977 0.774342 0.505723 0.899494 0.9 0.400228 0.856473 0.9 0.765894 0.223918 0.1 0.1 0.390553 0.546332 0.378352 0.603338 0.443594 0.9 0.518257 0.144077 0.531062 0.1 0.287044 0.745851 0.833888 0.131712 0.115579 0.559539 0.414025 0.380346 0.404169 0.1 0.33156 0.9 0.9 0.27387 0.277677 0.61933 0.163773 0.9 0.9 0.300465 0.1 0.408971 0.9 0.397073 0.1 0.31975 0.366925 0.561196 0.248127 0.117099 0.627935 0.520583 0.724722 0.534246 0.678442 0.846872 0.432403 0.844221 0.476429 0.66659 0.9 0.598865 0.695071 0.9 0.9 0.9 0.618528 0.9 0.83471 0.626583 0.280565 0.842265 0.9 0.153066 0.253348 0.9 0.387175 0.657487 0.520433 0.659395 0.703962 0.231466 0.104552 0.39699 0.725351 0.782673 0.325694 0.154596 0.526582 0.758679 0.9 0.476439 0.466676 0.484775 0.421759 0.247931 0.496575 0.802484 0.455101 0.198827 0.305655 
0.466227 0.1 0.32738 0.572129 0.479635 0.394196 0.835223 0.203394 0.87532 0.616714 0.9 0.125212 0.532826 0.421522 0.9 0.363509 0.729777 0.87792 0.103105 0.451825 0.9 0.62632 0.789805 0.494117 0.86758 0.261071 0.679021 0.861837 0.613948 0.9 0.268519 0.101725 0.1 0.630519 0.66911 0.606642 0.886362 0.63746 0.645546 0.9 0.115868 0.488756 0.9 0.793288 0.9 0.854622 0.2145 0.542841 0.859708 0.110894 0.9 0.731757 0.741245 0.9 0.9 0.633982 0.1 0.625143 0.61515 0.571023 0.593408 0.9 0.622355 0.659661 0.530287 0.306496 0.283437 0.399012 0.9 0.9 0.431416 0.888213 0.518946 0.395057 0.678083 0.363562 0.31534 0.9 0.9 0.14317 0.9 0.9 0.791837 0.688948 0.873181 0.716213 0.401671 0.853101 0.530431 0.9 0.457384 0.151911 0.634332 0.17523 0.614009 0.115883 0.516971 0.861501 0.679492 0.479281 0.846492 0.9 0.410202 0.389245 0.292014 0.1 0.697599 0.594332 0.9 0.706725 0.686374 0.9 0.669972 0.453645 0.597552 0.372116 0.372293 0.9 0.361341 0.711431 0.9 0.691017 0.72106 0.639914 0.888872 0.58482 0.637329 0.352162 0.423358 0.406119 0.651868 0.373784 0.289736 0.1 0.682584 0.638786 0.138985 0.440751 0.339631 0.81875 0.122974 0.9 0.738343 0.776668 0.467456 0.330272 0.249801 0.595974 0.297972 0.453839 0.499983 0.1 0.106888 0.300389 0.503179 0.204003 0.695421 0.392871 0.427578 0.208346 0.568718 0.143407 0.491939 0.1 0.1 0.251497 0.666483 0.327334 0.522229 0.1 0.1 0.871302 0.9 0.772906 0.608558 0.388222 0.12601 0.811254 0.176908 0.234746 0.246559 0.600969 0.36644 0.581543 0.875546 0.9 0.677368 0.555223 0.40402 0.9 0.9 0.815292 0.131019 0.397021 0.1 0.248064 0.552435 0.750899 0.478774 0.346412 0.664381 0.50376 0.174403 0.658995 0.380663 0.673714 0.345343 0.312173 0.579972 0.415712 0.670724 0.89645 0.174934 0.831397 0.46291 0.9 0.9 0.9 0.589603 0.185415 0.834881 0.526171 0.15359 0.9 0.864867 0.1 0.273302 0.542888 0.9 0.774018 0.88012 0.594563 0.273522 0.9 0.405948 0.575721 0.691404 0.679159 0.851655 0.266208 0.110417 0.493235 0.1 0.1 0.481375 0.370624 0.1 0.289073 0.411228 0.540661 0.466227 0.1 
0.587186 0.387859 0.1 0.1 0.495018 0.342925 0.648561 0.384755 0.9 0.562424 0.9 0.257754 0.456676 0.398476 0.9 0.196132 0.869264 0.805392 0.398276 0.9 0.44196 0.462026 0.206889 0.823465 0.9 0.133778 0.189855 0.118083 0.596485 0.764051 0.338775 0.83671 0.220263 0.3921 0.9 0.748272 0.711518 0.596467 0.173675 0.542821 0.1 0.1 0.9 0.655648 0.561504 0.719921 0.861457 0.488642 0.495553 0.246757 0.502466 0.890704 0.757132 0.598309 0.641016 0.680271 0.589972 0.9 0.880971 0.339422 0.563271 0.1 0.111519 0.882374 0.490967 0.1 0.507552 0.165736 0.66502 0.796201 0.9 0.9 0.9 0.700552 0.606215 0.37992 0.324006 0.474611 0.9 0.856059 0.677396 0.339482 0.565439 0.527858 0.841455 0.363795 0.1 0.411066 0.321766 0.9 0.670482 0.851098 0.9 0.889723 0.754693 0.469857 0.9 0.41916 0.705992 0.610025 0.169055 0.576099 0.565167 0.9 0.323819 0.1 0.326284 0.661175 0.571711 0.1 0.448863 0.342912 0.388386 0.1 0.591717 0.291722 0.389867 0.67953 0.614947 0.645336 0.531856 0.354318 0.545168 0.441845 0.153339 0.234968 0.1 0.1 0.529853 0.707988 0.754839 0.576268 0.327812 0.320456 0.639629 0.510968 0.557417 0.857733 0.1 0.1 0.1 0.674565 0.332011 0.549183 0.715367 0.8858 0.769834 0.141466 0.504045 0.487601 0.9 0.109878 0.671443 0.367208 0.632021 0.86114 0.654893 0.603021 0.834449 0.107813 0.375826 0.663653 0.9 0.512209 0.108586 0.341212 0.140813 0.537889 0.410777 0.307559 0.694467 0.478487 0.88629 0.15288 0.9 0.690993 0.1 0.765038 0.864101 0.552498 0.1 0.612295 0.668446 0.894681 0.136407 0.277965 0.863021 0.765547 0.897456 0.9 0.9 0.188028 0.561434 0.649356 0.596555 0.678497 0.146215 0.709745 0.39357 0.406804 0.1 0.105972 0.813916 0.1 0.1 0.721285 0.728317 0.1 0.452321 0.58858 0.737394 0.655716 0.252012 0.513507 0.47454 0.448321 0.564607 0.48513 0.1 0.3529 0.388688 0.9 0.539498 0.9 0.545846 0.235046 0.503192 0.728649 0.9 0.9 0.119809 0.1 0.1 0.842827 0.144815 0.271259 0.715374 0.9 0.43849 0.1 0.415384 0.12437 0.728659 0.9 0.60646 0.322117 0.1 0.266675 0.631911 0.140222 0.587186 0.387859 
0.353556 0.145956 0.875589 0.547562 0.395271 0.479743 0.26035 0.334821 0.571755 0.32628 0.433343 0.568071 0.309499 0.569875 0.9 0.860174 0.535015 0.194364 0.127305 0.880332 0.485351 0.9 0.672276 0.174504 0.382185 0.860574 0.275173 0.1 0.101145 0.883183 0.112245 0.229854 0.1 0.1 0.734257 0.483464 0.660871 0.9 0.80025 0.172976 0.246961 0.205608 0.738226 0.572517 0.703287 0.56337 0.565889 0.302418 0.72386 0.638658 0.1 0.1 0.67662 0.859479 0.375132 0.9 0.9 0.452539 0.1048 0.1 0.257023 0.1 0.251898 0.445173 0.1 0.1 0.77139 0.87492 0.166998 0.577659 0.9 0.501734 0.9 0.709956 0.9 0.657848 0.292209 0.48279 0.9 0.135112 0.17748 0.1 0.263365 0.785551 0.182867 0.377726 0.9 0.9 0.9 0.9 0.1 0.163031 0.9 0.556651 0.450095 0.137762 0.585671 0.309892 0.9 0.76429 0.9 0.893544 0.128816 0.719309 0.58445 0.1 0.37264 0.9 0.733574 0.256737 0.9 0.862848 0.291052 0.126093 0.831802 0.375174 0.449519 0.681936 0.293575 0.384749 0.449056 0.45072 0.482193 0.470535 0.9 0.9 0.571873 0.506498 0.312772 0.594807 0.318986 0.103865 0.462103 0.594918 0.848926 0.120711 0.59596 0.324099 0.1 0.32267 0.447438 0.875944 0.393865 0.629943 0.1 0.185401 0.862352 0.536063 0.755388 0.364147 0.880111 0.304592 0.647569 0.433986 0.665038 0.652884 0.312957 0.331714 0.134032 0.56209 0.867025 0.566666 0.671715 0.579426 0.895376 0.608033 0.645612 0.646685 0.740129 0.752191 0.867259 0.326315 0.632113 0.328625 0.9 0.744957 0.427584 0.9 0.317691 0.211047 0.1 0.1 0.496982 0.9 0.504036 0.251377 0.499176 0.839717 0.736011 0.456123 0.540994 0.515885 0.865553 0.1 0.146906 0.9 0.688418 0.795777 0.496139 0.473019 0.449526 0.466957 0.669921 0.1 0.629403 0.714169 0.848424 0.132133 0.417317 0.1 0.359312 0.653774 0.281873 0.856172 0.574401 0.603007 0.120359 0.867711 0.580519 0.692935 0.461858 0.9 0.384034 0.359856 0.1 0.312995 0.188357 0.806193 0.324917 0.654601 0.383249 0.599044 0.1 0.122632 0.847591 0.9 0.750292 0.656092 0.105803 0.166764 0.728527 0.536479 0.9 0.9 0.434316 0.399548 0.6192 0.536137 0.301872 0.163469 0.353556 0.145956 
0.461577 0.68233 0.9 0.316069 0.1 0.1 0.141637 0.474142 0.9 0.556604 0.1 0.881631 0.726865 0.9 0.9 0.503777 0.507345 0.1 0.507437 0.48867 0.504166 0.524528 0.391923 0.874663 0.9 0.9 0.472956 0.1 0.263443 0.9 0.700583 0.418965 0.568915 0.58097 0.757737 0.722023 0.9 0.9 0.197928 0.508094 0.470543 0.118872 0.551242 0.249795 0.1 0.526174 0.575415 0.698717 0.577468 0.275377 0.1 0.1 0.615511 0.587302 0.816019 0.687445 0.441864 0.473865 0.616632 0.564952 0.362575 0.353332 0.162883 0.810788 0.183632 0.637622 0.607749 0.9 0.644493 0.671457 0.597918 0.285367 0.882346 0.312723 0.547043 0.9 0.70507 0.1 0.66339 0.262108 0.375269 0.850865 0.2713 0.173563 0.18653 0.268647 0.676221 0.749264 0.643793 0.443759 0.432979 0.867835 0.9 0.576743 0.716636 0.9 0.29322 0.357866 0.830808 0.166779 0.9 0.560811 0.267254 0.664422 0.736452 0.666566 0.710715 0.513021 0.888145 0.435159 0.597356 0.168905 0.309259 0.832931 0.418418 0.504663 0.149483 0.811784 0.495222 0.669877 0.404971 0.865824 0.664748 0.1 0.28966 0.395218 0.11273 0.549093 0.641577 0.9 0.633492 0.459185 0.523595 0.9 0.341286 0.1 0.638866 0.887779 0.596042 0.491186 0.363005 0.379888 0.604189 0.60096 0.133108 0.777619 0.416878 0.347622 0.754177 0.605323 0.125948 0.1 0.527132 0.613623 0.365088 0.612819 0.146335 0.261282 0.370191 0.683352 0.389075 0.813065 0.380955 0.70291 0.9 0.629578 0.9 0.534245 0.490639 0.42788 0.196503 0.825947 0.829924 0.582225 0.63698 0.9 0.613547 0.9 0.26662 0.295429 0.435202 0.223187 0.43431 0.9 0.9 0.60408 0.638162 0.188971 0.792287 0.220334 0.803261 0.102338 0.112216 0.1 0.817011 0.9 0.718816 0.9 0.458072 0.127272 0.359767 0.507973 0.1 0.1 0.308141 0.428522 0.160348 0.62214 0.412853 0.196676 0.117025 0.889055 0.526976 0.560342 0.766281 0.448917 0.1 0.51175 0.525413 0.1 0.512903 0.407826 0.283052 0.626816 0.410042 0.148346 0.593215 0.1 0.1 0.21387 0.213456 0.382138 0.72212 0.21803 0.567726 0.9 0.771144 0.508118 0.622172 0.1 0.735838 0.9 0.9 0.302784 0.332388 0.7696 0.622386 0.476236 0.241771 0.287063 0.461577 0.68233 
0.713799 0.672856 0.630763 0.142133 0.798701 0.368501 0.119034 0.854213 0.659797 0.371314 0.1 0.397107 0.555482 0.663285 0.367241 0.353997 0.1 0.1 0.572079 0.9 0.9 0.536902 0.1 0.214006 0.37569 0.705482 0.667559 0.630628 0.810491 0.187462 0.466966 0.542768 0.896505 0.147417 0.549504 0.641811 0.611882 0.79994 0.357709 0.1 0.1 0.570581 0.560717 0.659986 0.413032 0.86643 0.122591 0.488905 0.9 0.600928 0.417825 0.860135 0.172959 0.326037 0.198185 0.337434 0.162025 0.560155 0.122795 0.12863 0.872424 0.708732 0.539278 0.735294 0.820705 0.376608 0.260956 0.311283 0.137977 0.665006 0.473981 0.1 0.503903 0.9 0.9 0.847418 0.898547 0.116102 0.234954 0.646327 0.707655 0.62638 0.618033 0.826809 0.131847 0.540322 0.362972 0.1 0.283459 0.41503 0.24618 0.1 0.123569 0.810248 0.829054 0.9 0.182339 0.744489 0.198507 0.15783 0.73867 0.699434 0.324268 0.112598 0.608833 0.408779 0.87551 0.510323 0.348834 0.1 0.311841 0.859439 0.687535 0.876544 0.8541 0.75733 0.304664 0.196982 0.827071 0.75698 0.530204 0.33447 0.696527 0.602545 0.123888 0.397234 0.458307 0.400793 0.451664 0.75576 0.558566 0.266557 0.430747 0.9 0.333047 0.1 0.246081 0.327791 0.521249 0.522597 0.412135 0.847363 0.48749 0.1 0.506622 0.450553 0.9 0.9 0.566083 0.724429 0.531149 0.113937 0.853829 0.488354 0.852624 0.178322 0.866372 0.383193 0.489535 0.251144 0.1 0.1 0.449492 0.557658 0.9 0.9 0.591418 0.1 0.1 0.1 0.606305 0.607778 0.866309 0.111367 0.585745 0.567351 0.499589 0.51181 0.451654 0.1 0.208527 0.1 0.182045 0.316755 0.438761 0.108137 0.305697 0.239777 0.500801 0.877755 0.634227 0.500734 0.807224 0.1 0.185605 0.9 0.9 0.654564 0.137806 0.878563 0.757585 0.773915 0.45655 0.727824 0.863958 0.128854 0.256366 0.532583 0.569797 0.744456 0.50706 0.799606 0.9 0.81464 0.892241 0.502997 0.66328 0.406101 0.580456 0.1 0.1 0.267578 0.568252 0.130118 0.247616 0.63675 0.9 0.1 0.205599 0.1 0.1 0.1 0.849995 0.646586 0.875634 0.9 0.59045 0.1 0.320873 0.1 0.9 0.9 0.9 0.80342 0.641107 0.9 0.177821 0.386367 0.130177 0.835263 0.713799 0.672856 
0.512503 0.448009 0.394326 0.236231 0.124476 0.343832 0.422462 0.433 0.462534 0.5682 0.439129 0.303729 0.116662 0.270942 0.1 0.589672 0.418567 0.50919 0.742436 0.331868 0.521774 0.582486 0.1 0.101878 0.402746 0.280068 0.615644 0.621829 0.155357 0.157327 0.1 0.1 0.595737 0.411098 0.513407 0.705219 0.9 0.871403 0.145197 0.219864 0.498376 0.573488 0.62916 0.648933 0.9 0.85839 0.18309 0.307529 0.315385 0.14759 0.464689 0.9 0.600962 0.656692 0.77825 0.205657 0.804272 0.695645 0.873192 0.9 0.9 0.9 0.123731 0.494733 0.340858 0.490783 0.24349 0.1 0.416841 0.458654 0.316285 0.1 0.9 0.9 0.70873 0.9 0.811273 0.812606 0.100473 0.1 0.9 0.712095 0.9 0.556407 0.249794 0.9 0.653599 0.1 0.357946 0.508345 0.1 0.303942 0.23239 0.205073 0.869058 0.598899 0.641675 0.227938 0.444568 0.285579 0.53801 0.9 0.338491 0.44367 0.9 0.9 0.403909 0.67319 0.642793 0.488265 0.748214 0.625769 0.10669 0.580996 0.183533 0.345259 0.614103 0.6604 0.641929 0.826776 0.364637 0.459663 0.337469 0.565228 0.562161 0.114057 0.1 0.351229 0.330187 0.692764 0.694634 0.668015 0.732753 0.9 0.303044 0.570302 0.9 0.553935 0.398309 0.516986 0.1 0.109317 0.1 0.1 0.708383 0.275627 0.586812 0.346887 0.1 0.1 0.332254 0.271835 0.566423 0.658327 0.9 0.301597 0.851098 0.133458 0.536697 0.136965 0.628535 0.416457 0.9 0.460224 0.328468 0.1 0.1 0.202373 0.549729 0.377239 0.9 0.660571 0.433163 0.1 0.877666 0.290774 0.278147 0.400287 0.565671 0.381129 0.417094 0.859742 0.695393 0.886675 0.626954 0.43656 0.137992 0.356515 0.608526 0.9 0.460902 0.393782 0.120383 0.26186 0.809315 0.552653 0.39194 0.9 0.627361 0.9 0.3982 0.42577 0.684579 0.65106 0.505557 0.498669 0.9 0.818435 0.881405 0.507601 0.1 0.280599 0.469766 0.720235 0.41313 0.883835 0.472746 0.418745 0.439108 0.878065 0.387973 0.718534 0.486871 0.34529 0.1 0.342283 0.879061 0.368559 0.116996 0.453528 0.325991 0.323847 0.160109 0.853861 0.155723 0.485037 0.443985 0.1 0.29774 0.34711 0.504327 0.430243 0.75548 0.867048 0.188539 0.9 0.885207 0.59254 0.404649 0.392745 0.512503 0.448009 
0.337016 0.82542 0.1 0.1 0.1 0.1 0.467274 0.335765 0.571606 0.9 0.736678 0.62957 0.890188 0.742063 0.1 0.417433 0.708511 0.40293 0.669907 0.355765 0.703668 0.394594 0.342316 0.795366 0.418491 0.1 0.546481 0.769093 0.318472 0.135088 0.408128 0.440519 0.151593 0.563509 0.605018 0.338915 0.610275 0.133622 0.432272 0.286269 0.887445 0.341381 0.9 0.9 0.9 0.9 0.101563 0.647099 0.457318 0.800497 0.133662 0.1 0.103967 0.290018 0.143107 0.435989 0.619662 0.525824 0.42284 0.881716 0.83111 0.788318 0.447487 0.9 0.380442 0.1 0.1 0.1 0.1 0.539676 0.281434 0.115893 0.898006 0.144823 0.9 0.9 0.1 0.1 0.478245 0.358061 0.9 0.736898 0.455588 0.1 0.1 0.493281 0.609647 0.476492 0.1 0.9 0.540278 0.853767 0.740562 0.861523 0.78237 0.1 0.9 0.87482 0.104827 0.1 0.427764 0.451595 0.1 0.269159 0.625424 0.878041 0.127825 0.545617 0.120051 0.628601 0.9 0.889208 0.382298 0.489456 0.872199 0.465479 0.888027 0.592195 0.852831 0.162933 0.38706 0.38944 0.1 0.1 0.378446 0.633313 0.1 0.193152 0.496034 0.283101 0.208069 0.149546 0.605097 0.403184 0.2464 0.251403 0.403346 0.356788 0.845249 0.451008 0.9 0.861701 0.281 0.304203 0.288645 0.141676 0.637262 0.349444 0.564576 0.713314 0.404677 0.1 0.1 0.360054 0.135215 0.399836 0.172258 0.157387 0.729544 0.719027 0.574943 0.887925 0.816182 0.285508 0.154431 0.1 0.380805 0.555068 0.411625 0.357216 0.9 0.385766 0.1 0.1 0.702874 0.465479 0.287455 0.416701 0.738081 0.865537 0.143912 0.1 0.1 0.427427 0.456676 0.180574 0.862227 0.704272 0.378095 0.553977 0.503108 0.884565 0.385613 0.219291 0.115441 0.532001 0.256447 0.550347 0.1 0.592292 0.804338 0.173326 0.837087 0.112819 0.1 0.539397 0.550191 0.420721 0.113997 0.229784 0.359237 0.27995 0.273264 0.4099 0.589197 0.9 0.511664 0.434975 0.528777 0.9 0.9 0.9 0.9 0.347986 0.100856 0.816734 0.152877 0.434646 0.424795 0.225854 0.1 0.31906 0.327807 0.9 0.468765 0.458815 0.617976 0.883313 0.9 0.578202 0.1 0.398048 0.858418 0.532409 0.693572 0.470904 0.364254 0.385707 0.9 0.877453 0.337016 0.82542 
0.1 0.1 0.1 0.843155 0.1 0.1 0.434479 0.509682 0.38977 0.567816 0.895655 0.647505 0.447841 0.350484 0.159955 0.793054 0.412826 0.1 0.492186 0.476368 0.44793 0.423402 0.844907 0.208339 0.646898 0.293795 0.482917 0.562181 0.160516 0.621119 0.481899 0.9 0.898448 0.650922 0.9 0.9 0.757125 0.315356 0.517272 0.1 0.755802 0.49371 0.71455 0.213538 0.894147 0.9 0.1 0.39814 0.826966 0.733467 0.661349 0.486538 0.841719 0.794286 0.612927 0.770473 0.874073 0.109128 0.325186 0.130948 0.888401 0.9 0.9 0.837273 0.521116 0.701443 0.701792 0.227923 0.1 0.290724 0.389458 0.9 0.9 0.1 0.9 0.769653 0.1 0.1 0.1 0.101453 0.674256 0.9 0.490294 0.608926 0.522389 0.117605 0.3482 0.588336 0.1 0.9 0.538055 0.206106 0.551823 0.666405 0.9 0.1 0.34798 0.616591 0.348229 0.398014 0.9 0.651821 0.27747 0.668814 0.763407 0.324304 0.411835 0.780701 0.273774 0.588331 0.742342 0.157864 0.31973 0.268579 0.593091 0.1 0.285075 0.1 0.600517 0.444939 0.9 0.326745 0.469837 0.528866 0.723526 0.474452 0.570841 0.105736 0.1 0.1 0.484088 0.852686 0.755623 0.626154 0.697922 0.516002 0.850985 0.285972 0.273045 0.286806 0.71555 0.126013 0.191795 0.235586 0.289147 0.801152 0.416529 0.352117 0.157226 0.9 0.9 0.835533 0.1 0.477457 0.451732 0.9 0.877319 0.153059 0.9 0.9 0.280317 0.377754 0.9 0.873251 0.11299 0.534247 0.382124 0.9 0.896434 0.566663 0.310158 0.597679 0.57229 0.483146 0.9 0.9 0.413077 0.104202 0.246856 0.577374 0.800523 0.292761 0.416609 0.869133 0.730829 0.9 0.9 0.638892 0.1 0.624464 0.520995 0.384261 0.1 0.485886 0.1 0.1 0.1 0.439211 0.1 0.1 0.135555 0.329148 0.703167 0.650592 0.846198 0.577745 0.452854 0.338317 0.61881 0.726452 0.829711 0.468159 0.102565 0.1 0.52179 0.668437 0.109659 0.358493 0.365409 0.106189 0.1 0.835799 0.516512 0.1 0.455087 0.558322 0.284538 0.50583 0.119392 0.353857 0.524198 0.115164 0.602959 0.479594 0.881269 0.674915 0.852692 0.432741 0.890546 0.461077 0.1 0.528978 0.106572 0.1 0.9 0.637885 0.9 0.9 0.9 0.296427 0.1 0.1 
0.1 0.318424 0.1 0.588256 0.1 0.316524 0.222938 0.138017 0.639088 0.89371 0.355898 0.345226 0.204208 0.172018 0.765399 0.224151 0.381294 0.698681 0.627662 0.533711 0.466806 0.547619 0.656928 0.240278 0.288965 0.421572 0.1 0.129556 0.598886 0.274536 0.1 0.876921 0.724519 0.280576 0.525906 0.627784 0.608467 0.761815 0.788764 0.237892 0.615539 0.1 0.608807 0.869642 0.299339 0.409918 0.1 0.542314 0.130369 0.510235 0.359773 0.54354 0.369502 0.873344 0.9 0.429741 0.39998 0.1 0.463523 0.1 0.31888 0.736098 0.9 0.9 0.896214 0.520881 0.572385 0.559501 0.188165 0.370293 0.811395 0.9 0.516926 0.386376 0.9 0.750571 0.732018 0.863825 0.489476 0.831 0.524933 0.648877 0.518207 0.63065 0.565016 0.353733 0.19829 0.829167 0.601197 0.536073 0.15383 0.796911 0.467237 0.86277 0.9 0.249538 0.386465 0.538416 0.892745 0.684695 0.9 0.67236 0.43561 0.425301 0.9 0.317978 0.113607 0.65875 0.128526 0.422488 0.661319 0.470075 0.142788 0.177855 0.108857 0.554763 0.680836 0.1 0.519802 0.335099 0.764201 0.49025 0.303317 0.1 0.458976 0.1 0.34501 0.897788 0.513942 0.1 0.501152 0.502931 0.66519 0.15661 0.633125 0.665748 0.451574 0.737563 0.410117 0.441554 0.261788 0.1 0.1 0.263412 0.382226 0.290268 0.838566 0.14244 0.291245 0.532581 0.432612 0.130007 0.1 0.576764 0.111154 0.534756 0.722762 0.456258 0.460711 0.387529 0.518085 0.1 0.612835 0.395567 0.1 0.360758 0.101331 0.442324 0.153269 0.441371 0.1 0.316505 0.544704 0.1 0.664458 0.9 0.354306 0.467187 0.149019 0.522554 0.163262 0.430693 0.687033 0.1 0.112668 0.9 0.769439 0.9 0.356916 0.230969 0.160074 0.800807 0.429229 0.87723 0.392188 0.336182 0.1 0.434028 0.867622 0.327437 0.9 0.9 0.64793 0.38868 0.126582 0.2795 0.34569 0.343238 0.894264 0.497403 0.855773 0.156011 0.83805 0.667806 0.202516 0.1 0.537245 0.9 0.9 0.9 0.1 0.176381 0.82991 0.567053 0.857708 0.173416 0.827376 0.193111 0.442936 0.889058 0.421402 0.383689 0.9 0.891004 0.827212 0.87633 0.346413 0.1 0.103788 0.1 0.480118 0.1 0.159281 0.385881 0.641545 0.422052 0.461597 0.30542 0.401951 0.296842 0.1 0.318424 
0.443849 0.128491 0.1 0.336067 0.261351 0.9 0.393396 0.870462 0.9 0.623808 0.1 0.557133 0.601036 0.844142 0.628621 0.621401 0.1 0.596359 0.9 0.734078 0.53489 0.113214 0.1 0.285799 0.485186 0.582723 0.490284 0.876853 0.9 0.720505 0.38956 0.433931 0.873422 0.515976 0.499971 0.119567 0.462922 0.9 0.9 0.396779 0.420591 0.1 0.873027 0.9 0.124782 0.437709 0.669742 0.337195 0.1 0.647344 0.9 0.713065 0.677288 0.142371 0.9 0.403573 0.555549 0.380151 0.354109 0.320198 0.276953 0.647469 0.624673 0.1 0.1 0.201578 0.141566 0.514582 0.1 0.1 0.888008 0.585756 0.309253 0.852183 0.604795 0.327556 0.409564 0.323232 0.593663 0.552893 0.86367 0.574291 0.13549 0.633209 0.550186 0.195604 0.764724 0.20319 0.535599 0.273955 0.515872 0.853788 0.812381 0.443238 0.9 0.1 0.495744 0.9 0.732096 0.509068 0.171263 0.537993 0.1 0.303488 0.553169 0.542028 0.697784 0.9 0.9 0.384574 0.380901 0.673605 0.84083 0.522428 0.257269 0.592595 0.531125 0.341864 0.596973 0.1 0.463674 0.329944 0.823027 0.439433 0.482101 0.696805 0.496551 0.9 0.723897 0.1 0.545289 0.9 0.740217 0.558582 0.1 0.249125 0.289263 0.857987 0.123095 0.1 0.270393 0.422382 0.615854 0.350903 0.788502 0.154535 0.72047 0.420592 0.362947 0.397899 0.525087 0.9 0.631839 0.442183 0.21346 0.102398 0.1 0.65886 0.183512 0.9 0.9 0.600844 0.749186 0.556716 0.34994 0.9 0.9 0.546584 0.697271 0.9 0.494727 0.128678 0.356162 0.214018 0.304023 0.337497 0.183185 0.134514 0.57102 0.647035 0.404313 0.268356 0.440299 0.116352 0.579899 0.766384 0.330525 0.895854 0.522826 0.349471 0.650836 0.526259 0.894729 0.594993 0.851458 0.301691 0.436458 0.88973 0.687624 0.1 0.764314 0.360985 0.20596 0.211537 0.397246 0.532037 0.509603 0.662224 0.539451 0.239348 0.371087 0.1 0.555992 0.70154 0.1 0.1 0.461082 0.41719 0.148763 0.87014 0.695245 0.9 0.418374 0.56043 0.393413 0.307618 0.9 0.616377 0.128458 0.604279 0.9 0.9 0.785264 0.1 0.1 0.238419 0.640963 0.661799 0.863733 0.343402 0.853354 0.291778 0.269602 0.337106 0.108575 0.401368 0.463483 0.495802 0.726865 0.599505 0.443849 0.128491 
0.301037 0.808972 0.149354 0.82809 0.179127 0.877935 0.606144 0.376901 0.423322 0.477545 0.290541 0.1 0.653072 0.53261 0.319239 0.489105 0.1 0.345675 0.714643 0.895582 0.695762 0.895488 0.275639 0.594104 0.434949 0.642271 0.13705 0.1 0.421796 0.611931 0.584262 0.855073 0.598104 0.60395 0.588901 0.621388 0.399382 0.129308 0.126175 0.859181 0.683538 0.288629 0.1 0.502467 0.609511 0.486749 0.9 0.9 0.767039 0.528422 0.761943 0.42462 0.411852 0.1 0.9 0.9 0.9 0.195397 0.796715 0.355459 0.678944 0.482399 0.131075 0.160059 0.1 0.684771 0.856921 0.634656 0.845064 0.13171 0.345695 0.504217 0.335882 0.477739 0.872457 0.155865 0.9 0.9 0.9 0.56042 0.479376 0.714758 0.9 0.9 0.834894 0.863174 0.826255 0.587343 0.9 0.644977 0.9 0.671132 0.125383 0.886111 0.9 0.127814 0.586271 0.9 0.626387 0.520755 0.9 0.9 0.1 0.238936 0.307284 0.1 0.364299 0.115315 0.869873 0.430496 0.677898 0.241347 0.128051 0.539738 0.139521 0.862211 0.589693 0.681397 0.581116 0.37934 0.413475 0.342101 0.148026 0.433921 0.416285 0.884076 0.650331 0.9 0.9 0.233985 0.474511 0.754936 0.1 0.497052 0.115794 0.462544 0.507805 0.521292 0.630466 0.437009 0.650905 0.570261 0.673423 0.666267 0.179863 0.566267 0.651048 0.613397 0.467172 0.1 0.142169 0.853006 0.553271 0.1 0.421967 0.791706 0.162828 0.9 0.895962 0.9 0.152028 0.340299 0.672903 0.478903 0.9 0.9 0.9 0.396664 0.313949 0.640152 0.80787 0.874269 0.272372 0.389797 0.62642 0.376449 0.1 0.13204 0.128165 0.58197 0.330299 0.1 0.452805 0.861874 0.391556 0.9 0.645457 0.546964 0.689396 0.557726 0.469064 0.9 0.9 0.103191 0.360985 0.694514 0.9 0.337782 0.1 0.212884 0.9 0.849834 0.1 0.1 0.272037 0.731783 0.618319 0.375806 0.106281 0.608069 0.9 0.39037 0.9 0.500033 0.1 0.1 0.356053 0.86768 0.533073 0.157436 0.381369 0.883527 0.138685 0.198932 0.1 0.377445 0.9 0.178209 0.599986 0.885001 0.456796 0.627918 0.9 0.523525 0.821792 0.127316 0.223522 0.406126 0.482956 0.258434 0.145606 0.329012 0.695549 0.9 0.9 0.892468 0.127896 0.1 0.687156 0.597326 0.301037 0.808972 
0.508722 0.327636 0.351928 0.698625 0.597176 0.372979 0.881477 0.33531 0.241481 0.362347 0.841404 0.1 0.704302 0.63549 0.208718 0.806289 0.112722 0.465819 0.267353 0.306287 0.9 0.897983 0.182312 0.883212 0.697392 0.210087 0.768294 0.518853 0.653562 0.292748 0.528072 0.359563 0.537939 0.896801 0.112136 0.1 0.104396 0.840576 0.424416 0.332615 0.1 0.370673 0.352791 0.852281 0.150525 0.414713 0.864255 0.558492 0.821345 0.1 0.647595 0.865129 0.114903 0.645082 0.709503 0.9 0.9 0.606078 0.406428 0.62179 0.9 0.9 0.878984 0.484371 0.634575 0.9 0.62991 0.9 0.9 0.836212 0.140145 0.1 0.424747 0.450961 0.9 0.602108 0.9 0.9 0.9 0.787038 0.857531 0.610645 0.576541 0.1 0.240674 0.4426 0.818004 0.106191 0.1 0.280873 0.775371 0.876735 0.117631 0.653578 0.379707 0.875994 0.734705 0.9 0.677475 0.502408 0.9 0.800197 0.460125 0.269032 0.1 0.412223 0.860518 0.1 0.296872 0.892139 0.837411 0.226908 0.355116 0.468359 0.298157 0.731114 0.648191 0.429759 0.884095 0.788377 0.631077 0.57432 0.695559 0.704414 0.228828 0.1 0.566743 0.9 0.9 0.234142 0.410652 0.6145 0.135054 0.884803 0.824949 0.191759 0.332625 0.695523 0.317628 0.531772 0.692664 0.9 0.9 0.9 0.354403 0.249115 0.550237 0.105099 0.458155 0.47087 0.844423 0.195425 0.849711 0.709744 0.9 0.412973 0.513717 0.4247 0.120302 0.524817 0.586857 0.472984 0.11272 0.552209 0.43895 0.14589 0.898514 0.82406 0.856483 0.18705 0.317821 0.55935 0.1 0.280366 0.472906 0.42308 0.420787 0.1 0.56124 0.9 0.507899 0.46296 0.104926 0.445914 0.118406 0.9 0.755337 0.878673 0.440666 0.896407 0.435982 0.9 0.498183 0.492708 0.60303 0.893726 0.761419 0.346155 0.682182 0.592599 0.359347 0.13252 0.1 0.318398 0.35658 0.652551 0.9 0.759241 0.659739 0.456037 0.710353 0.321641 0.888786 0.784525 0.587856 0.12651 0.576458 0.528395 0.9 0.9 0.34521 0.474036 0.824198 0.811284 0.860171 0.403783 0.615665 0.534239 0.689488 0.425663 0.174848 0.1 0.446023 0.356305 0.600506 0.578145 0.13181 0.295578 0.44928 0.721797 0.68434 0.131556 0.891189 0.732753 0.9 0.674738 0.9 0.601497 0.9 0.9 0.508722 0.327636 
0.533679 0.43874 0.788722 0.201114 0.612592 0.556613 0.743692 0.470508 0.884471 0.896388 0.543 0.322137 0.301374 0.194239 0.799959 0.454733 0.285558 0.456093 0.1 0.1 0.50837 0.180897 0.610829 0.624916 0.656606 0.465084 0.210608 0.497564 0.519684 0.55919 0.879613 0.718518 0.892384 0.9 0.70728 0.559504 0.433774 0.438512 0.111535 0.325396 0.346299 0.561605 0.618689 0.763376 0.525117 0.547018 0.168786 0.765492 0.125362 0.1 0.886541 0.70363 0.1 0.652641 0.147818 0.849046 0.463155 0.26298 0.449666 0.9 0.9 0.396389 0.547039 0.640338 0.11996 0.213144 0.40543 0.59851 0.656165 0.505828 0.810682 0.194652 0.859995 0.638854 0.7959 0.411262 0.365685 0.9 0.367715 0.33245 0.158255 0.204599 0.113786 0.1 0.1 0.171526 0.14319 0.340712 0.439801 0.468114 0.279048 0.418908 0.669923 0.67423 0.1 0.9 0.9 0.514414 0.535661 0.598953 0.9 0.621305 0.602142 0.728904 0.272627 0.314131 0.283359 0.393198 0.1 0.581092 0.854398 0.158524 0.898894 0.9 0.453346 0.851987 0.115184 0.296398 0.325716 0.659339 0.896688 0.520667 0.891375 0.620297 0.101243 0.1 0.505477 0.102242 0.499811 0.1 0.496897 0.514405 0.597066 0.132561 0.178366 0.777352 0.446957 0.409438 0.452212 0.631826 0.822416 0.452012 0.690807 0.9 0.269627 0.1 0.647286 0.386159 0.459132 0.9 0.9 0.267371 0.53543 0.9 0.9 0.547969 0.134053 0.417725 0.567985 0.596673 0.56199 0.1089 0.1 0.36094 0.1 0.1372 0.439273 0.601137 0.694834 0.812489 0.174099 0.521791 0.164168 0.870208 0.57638 0.450632 0.840407 0.303949 0.672735 0.373713 0.280031 0.730159 0.490378 0.709663 0.599623 0.452899 0.367507 0.798531 0.9 0.9 0.390287 0.449413 0.1 0.423213 0.882805 0.352295 0.566646 0.32152 0.872037 0.332102 0.109803 0.881058 0.892788 0.375058 0.699385 0.511055 0.725821 0.661309 0.721495 0.455703 0.9 0.868603 0.164061 0.456114 0.746334 0.897242 0.9 0.9 0.649808 0.9 0.9 0.9 0.4796 0.828566 0.475742 0.1 0.1 0.1 0.426062 0.867298 0.459241 0.538517 0.853972 0.420889 0.9 0.71808 0.862639 0.564089 0.299879 0.593882 0.9 0.28848 0.549184 0.133583 0.70461 0.351792 0.9 0.772162 0.368069 0.406912 0.533679 0.43874 
0.372984 0.897576 0.160281 0.544517 0.1 0.245399 0.667536 0.44511 0.131593 0.1 0.112942 0.820922 0.522992 0.86218 0.708366 0.321377 0.390679 0.9 0.9 0.320218 0.1 0.380961 0.390267 0.89453 0.721475 0.156318 0.56063 0.157766 0.362637 0.348245 0.163548 0.598083 0.164376 0.269865 0.457913 0.346442 0.371288 0.351969 0.624029 0.558172 0.408933 0.756067 0.578579 0.817803 0.617622 0.288325 0.1 0.102915 0.1 0.1 0.363141 0.321737 0.424806 0.57194 0.278319 0.352145 0.595976 0.1 0.206902 0.117964 0.422374 0.387468 0.9 0.635745 0.599124 0.478573 0.840954 0.113764 0.592463 0.559971 0.75449 0.822375 0.433506 0.323408 0.650452 0.115692 0.433255 0.9 0.1 0.567777 0.836199 0.558418 0.847851 0.368276 0.1 0.278772 0.506688 0.662899 0.404569 0.9 0.9 0.642971 0.379141 0.687047 0.284174 0.887592 0.309776 0.1 0.103159 0.833983 0.65073 0.759646 0.9 0.9 0.9 0.586521 0.113825 0.479793 0.392239 0.1 0.1 0.337323 0.580665 0.9 0.769553 0.608633 0.1 0.382548 0.258163 0.434475 0.264436 0.1 0.1 0.488935 0.830223 0.387253 0.402698 0.1 0.334375 0.539569 0.9 0.9 0.367647 0.686383 0.891362 0.381251 0.33155 0.12511 0.645224 0.89269 0.212289 0.618289 0.374539 0.688255 0.618668 0.1 0.398972 0.832084 0.481693 0.535791 0.372497 0.644955 0.579081 0.440246 0.130089 0.476021 0.667746 0.625251 0.52082 0.127011 0.1 0.385258 0.1 0.362906 0.261811 0.1 0.558783 0.640127 0.1 0.320849 0.49555 0.367358 0.823735 0.9 0.9 0.606687 0.178768 0.188822 0.525958 0.421352 0.798129 0.8343 0.188962 0.302115 0.290947 0.360706 0.9 0.9 0.9 0.506824 0.1 0.1 0.1 0.1 0.504694 0.268011 0.1 0.1 0.1 0.1 0.294114 0.692188 0.492091 0.324356 0.561634 0.430276 0.861937 0.610358 0.615652 0.451071 0.126405 0.371469 0.259514 0.1 0.693182 0.587333 0.492266 0.630225 0.402049 0.438361 0.1 0.466433 0.450398 0.215192 0.36539 0.1 0.340746 0.536518 0.108341 0.497484 0.9 0.481649 0.113955 0.272967 0.9 0.69673 0.633961 0.9 0.260535 0.1 0.375425 0.21012 0.572632 0.545628 0.468301 0.235368 0.148331 0.889485 0.897113 0.573567 0.372984 0.897576 
0.1 0.84202 0.135378 0.501395 0.1 0.456544 0.1 0.255842 0.9 0.9 0.66264 0.1 0.1 0.655759 0.640899 0.701119 0.499289 0.9 0.9 0.836923 0.123155 0.417267 0.429801 0.586942 0.760062 0.532561 0.515477 0.565432 0.102534 0.9 0.51569 0.218784 0.593121 0.762364 0.727638 0.866767 0.439948 0.782503 0.111949 0.261104 0.688576 0.73256 0.367409 0.876857 0.444876 0.9 0.63105 0.732974 0.9 0.620097 0.509998 0.1 0.1 0.1 0.550963 0.67483 0.622178 0.1 0.360395 0.749648 0.834971 0.139151 0.9 0.585338 0.822915 0.550015 0.461263 0.1 0.371302 0.454887 0.258591 0.110359 0.1 0.498636 0.106502 0.448235 0.540351 0.705377 0.319849 0.395396 0.46187 0.812398 0.462046 0.356064 0.9 0.9 0.114524 0.523161 0.9 0.515496 0.423201 0.774901 0.488312 0.298276 0.313076 0.420984 0.748853 0.763703 0.425082 0.1 0.117861 0.620769 0.387097 0.375413 0.308561 0.483415 0.88226 0.9 0.14135 0.1 0.1 0.431873 0.1 0.605263 0.9 0.892695 0.56572 0.9 0.511283 0.475422 0.533831 0.818422 0.276992 0.1 0.115916 0.559761 0.554398 0.823829 0.530342 0.866838 0.183363 0.563273 0.602973 0.435182 0.9 0.9 0.843773 0.894739 0.761647 0.9 0.9 0.9 0.427146 0.1 0.41502 0.306661 0.820953 0.160271 0.23628 0.480311 0.512285 0.664009 0.386924 0.691371 0.690402 0.340016 0.42415 0.1 0.1 0.807916 0.1 0.1 0.485547 0.677492 0.492556 0.480728 0.564513 0.330565 0.285469 0.25733 0.352752 0.234939 0.179456 0.592339 0.456048 0.687299 0.81415 0.48338 0.521429 0.373659 0.789819 0.283602 0.764353 0.33621 0.896621 0.697048 0.555515 0.410023 0.898281 0.688589 0.230466 0.85814 0.796779 0.737686 0.499385 0.272907 0.208347 0.1 0.477685 0.58316 0.396281 0.9 0.9 0.563247 0.503731 0.294144 0.127639 0.470151 0.747177 0.784984 0.650303 0.700475 0.895014 0.682113 0.9 0.892986 0.377583 0.374917 0.1 0.1 0.1 0.317786 0.139959 0.786404 0.19008 0.398536 0.139408 0.345135 0.565984 0.659933 0.9 0.1 0.442563 0.864562 0.665354 0.893467 0.390791 0.666414 0.396914 0.119784 0.403779 0.115674 0.65286 0.5281 0.738314 0.629468 0.165079 0.1 0.1 0.376274 0.1 0.84202 
0.583517 0.225326 0.824789 0.9 0.693716 0.9 0.24555 0.341447 0.599229 0.347704 0.339605 0.1 0.110734 0.875344 0.111079 0.478953 0.647169 0.598103 0.537047 0.170905 0.66008 0.428267 0.491343 0.595511 0.9 0.78413 0.605302 0.9 0.100224 0.868314 0.195594 0.777473 0.203841 0.9 0.9 0.822414 0.857303 0.101208 0.1 0.442396 0.403121 0.480259 0.545963 0.5749 0.464523 0.659108 0.111991 0.1 0.356499 0.543678 0.1 0.1 0.1 0.615592 0.542018 0.18932 0.376695 0.19127 0.117636 0.524497 0.174368 0.1 0.500331 0.127714 0.899606 0.439537 0.9 0.888867 0.529656 0.9 0.347724 0.723937 0.54348 0.871152 0.388857 0.9 0.648169 0.427754 0.9 0.9 0.888357 0.179417 0.1 0.1 0.7575 0.694291 0.1 0.292521 0.9 0.181782 0.844383 0.9 0.170048 0.301346 0.1 0.1 0.767533 0.9 0.9 0.354063 0.843098 0.1 0.1 0.31 0.1 0.30503 0.331828 0.7572 0.564098 0.1 0.662758 0.696652 0.245435 0.689421 0.714508 0.166092 0.350491 0.691859 0.307427 0.312429 0.720594 0.178993 0.263243 0.897219 0.455783 0.427767 0.851635 0.415313 0.256676 0.695687 0.418826 0.19449 0.847859 0.556431 0.602761 0.9 0.9 0.773996 0.593763 0.695282 0.9 0.363589 0.298914 0.1 0.1 0.1 0.287223 0.442319 0.730315 0.496171 0.664753 0.597276 0.547194 0.1 0.375041 0.1 0.368894 0.281443 0.324188 0.743405 0.9 0.793786 0.9 0.9 0.366729 0.40143 0.706813 0.199513 0.1 0.339251 0.795353 0.212133 0.464536 0.145832 0.315939 0.568233 0.181928 0.395479 0.227173 0.764894 0.215654 0.753895 0.626129 0.638739 0.9 0.9 0.642314 0.318571 0.335132 0.879296 0.122082 0.259617 0.780176 0.849927 0.147513 0.1 0.357681 0.640152 0.451234 0.504573 0.1 0.131055 0.648187 0.62105 0.351243 0.121535 0.280289 0.464751 0.623407 0.483027 0.486297 0.552454 0.486269 0.816234 0.385661 0.37525 0.85181 0.9 0.511113 0.138409 0.878305 0.718325 0.276084 0.719553 0.520936 0.399094 0.639336 0.1 0.1 0.1 0.512394 0.1 0.270603 0.359234 0.625915 0.702817 0.243332 0.1 0.119683 0.827678 0.547578 0.623313 0.528664 0.897567 0.635625 0.648953 0.1 0.387603 0.626852 0.884092 0.583517 0.225326 
0.898022 0.831002 0.352471 0.1 0.13335 0.85238 0.1 0.1 0.1 0.581585 0.311708 0.433532 0.878649 0.9 0.1 0.297293 0.837257 0.359628 0.113938 0.351705 0.9 0.500792 0.379144 0.532501 0.326228 0.451277 0.165435 0.9 0.367263 0.677216 0.343171 0.854611 0.437011 0.6443 0.9 0.738625 0.56143 0.106321 0.846412 0.777171 0.637648 0.1 0.1 0.673964 0.9 0.361322 0.893354 0.9 0.599826 0.1 0.305679 0.528521 0.56024 0.605099 0.1697 0.758405 0.1 0.1 0.6501 0.508872 0.797668 0.1 0.304125 0.280772 0.668216 0.102685 0.86882 0.409256 0.263543 0.9 0.1 0.9 0.885364 0.345585 0.576283 0.9 0.521057 0.62492 0.667192 0.1 0.656072 0.888605 0.64219 0.28766 0.592622 0.678442 0.152729 0.663627 0.9 0.714489 0.315895 0.767744 0.9 0.439006 0.1 0.592234 0.547638 0.212355 0.897963 0.9 0.9 0.1 0.718669 0.666942 0.274786 0.493842 0.475118 0.721963 0.111783 0.264555 0.871701 0.761918 0.1 0.532269 0.9 0.868921 0.335006 0.1 0.526285 0.292721 0.9 0.646784 0.147307 0.65103 0.262699 0.1 0.395172 0.836437 0.1 0.32971 0.712168 0.810589 0.511603 0.432046 0.644698 0.684803 0.87474 0.323236 0.367406 0.9 0.463202 0.102706 0.690084 0.652107 0.631093 0.66851 0.488099 0.9 0.703904 0.1 0.1 0.550991 0.9 0.1 0.286181 0.1 0.293638 0.650247 0.9 0.449783 0.9 0.630605 0.403153 0.301878 0.1 0.1 0.890305 0.108367 0.314691 0.180842 0.160762 0.84674 0.463855 0.663363 0.469122 0.163232 0.369435 0.158641 0.801496 0.298326 0.1 0.127743 0.740001 0.881412 0.345745 0.1 0.1 0.484676 0.645353 0.9 0.858203 0.671225 0.565231 0.189622 0.818486 0.764412 0.296169 0.774958 0.898282 0.727479 0.9 0.899992 0.513502 0.422093 0.571307 0.857317 0.419955 0.1573 0.857821 0.355364 0.231996 0.1 0.305063 0.201652 0.819945 0.589515 0.160414 0.879072 0.169216 0.716663 0.9 0.9 0.472078 0.538081 0.104188 0.252241 0.409266 0.322414 0.1 0.1 0.1 0.1 0.1 0.375731 0.446546 0.608112 0.450221 0.68349 0.65828 0.392872 0.107967 0.884223 0.443277 0.424568 0.1 0.362473 0.1 0.1 0.304237 0.169364 0.898022 0.831002 
0.645891 0.472296 0.813051 0.155686 0.547222 0.321766 0.527972 0.676345 0.361897 0.670137 0.870544 0.43874 0.1 0.294623 0.1 0.357845 0.184161 0.688768 0.611254 0.134464 0.616452 0.127696 0.545517 0.777816 0.484793 0.700191 0.9 0.9 0.9 0.879104 0.131027 0.868048 0.285147 0.1 0.13233 0.835971 0.424402 0.602966 0.693295 0.680999 0.357075 0.346552 0.1 0.250224 0.62673 0.124569 0.673583 0.733213 0.9 0.422024 0.9 0.550619 0.602468 0.473545 0.23176 0.1 0.1 0.262977 0.856327 0.110959 0.1 0.1 0.842047 0.366933 0.1 0.1 0.291782 0.408831 0.679747 0.9 0.141264 0.886025 0.435277 0.118279 0.186212 0.841247 0.405296 0.9 0.680473 0.1 0.256851 0.673624 0.702224 0.722948 0.1 0.1 0.828808 0.370466 0.355459 0.675382 0.301922 0.433242 0.9 0.322283 0.679962 0.9 0.357282 0.802359 0.470959 0.9 0.778146 0.436607 0.696719 0.109953 0.628672 0.840595 0.169059 0.9 0.771776 0.845406 0.218678 0.872426 0.471895 0.9 0.765744 0.623459 0.878869 0.683737 0.875139 0.29114 0.347284 0.141462 0.529648 0.296184 0.25851 0.31958 0.1 0.55852 0.342071 0.450674 0.379026 0.146272 0.831761 0.1 0.1 0.453925 0.139862 0.224516 0.612526 0.844245 0.202738 0.618633 0.9 0.533607 0.706298 0.540281 0.132981 0.596824 0.296624 0.9 0.9 0.644292 0.9 0.581351 0.887284 0.337158 0.899378 0.9 0.770313 0.284459 0.399047 0.108633 0.313824 0.377748 0.396199 0.54062 0.9 0.542212 0.9 0.534101 0.389694 0.9 0.236699 0.276792 0.520481 0.85324 0.9 0.475 0.534073 0.1 0.278677 0.394522 0.696319 0.413621 0.876143 0.539201 0.517929 0.883328 0.601551 0.291991 0.160751 0.864611 0.547107 0.504142 0.473171 0.885182 0.1 0.293015 0.402507 0.868497 0.801115 0.798689 0.9 0.87881 0.155753 0.334203 0.9 0.889093 0.839181 0.297026 0.1 0.1 0.739748 0.650402 0.530073 0.675485 0.352876 0.9 0.653281 0.9 0.293944 0.9 0.9 0.732742 0.399667 0.245652 0.504902 0.571973 0.559104 0.9 0.447304 0.303081 0.534922 0.358839 0.307059 0.601284 0.516747 0.141635 0.516307 0.320491 0.444669 0.573576 0.399415 0.101385 0.345503 0.892268 0.9 0.707503 0.668523 0.560314 0.645891 0.472296 
0.560999 0.45271 0.725651 0.896604 0.735308 0.1 0.421566 0.367887 0.1 0.880691 0.731892 0.588912 0.28162 0.875969 0.383451 0.9 0.892726 0.9 0.138009 0.336425 0.533511 0.557842 0.616935 0.884908 0.52464 0.46961 0.565403 0.107835 0.1 0.1 0.1 0.638599 0.637507 0.685655 0.482832 0.493618 0.9 0.9 0.730338 0.9 0.868647 0.399786 0.486035 0.1 0.308579 0.859434 0.9 0.162772 0.584004 0.1 0.511302 0.17161 0.575724 0.1 0.1 0.1 0.549095 0.51686 0.469365 0.610495 0.696106 0.396168 0.45074 0.327822 0.143811 0.865517 0.9 0.9 0.9 0.655377 0.656249 0.766192 0.871616 0.44423 0.796237 0.138456 0.1 0.68432 0.481326 0.862348 0.9 0.899429 0.134833 0.553146 0.1 0.1 0.773601 0.569437 0.589947 0.124115 0.315258 0.358448 0.505652 0.665345 0.712923 0.56963 0.596407 0.61436 0.427853 0.473754 0.1 0.19212 0.1 0.1 0.456654 0.118975 0.130092 0.701462 0.729403 0.642336 0.403744 0.652914 0.444815 0.533458 0.248675 0.377398 0.697446 0.886413 0.101309 0.1 0.1 0.393551 0.555293 0.462106 0.1 0.232579 0.12791 0.9 0.896752 0.537615 0.212076 0.1 0.651059 0.443942 0.1 0.27714 0.327638 0.328766 0.831852 0.259508 0.745022 0.489164 0.9 0.353048 0.866583 0.12728 0.598406 0.475212 0.113815 0.766044 0.64047 0.1 0.309718 0.236127 0.620494 0.414387 0.585559 0.622883 0.248532 0.374418 0.1 0.384233 0.395301 0.777365 0.891267 0.418403 0.171056 0.29468 0.749692 0.9 0.616506 0.552816 0.259122 0.407369 0.865663 0.113061 0.459442 0.496244 0.641745 0.397123 0.357567 0.356489 0.496347 0.567578 0.539186 0.1 0.1 0.100806 0.563969 0.303447 0.355554 0.788417 0.765886 0.891019 0.504878 0.709848 0.292888 0.399082 0.1 0.1 0.35688 0.575032 0.624782 0.736435 0.838207 0.48759 0.714104 0.442363 0.880994 0.522022 0.685148 0.31072 0.705824 0.365832 0.834317 0.343568 0.29845 0.9 0.447081 0.9 0.111416 0.886079 0.727553 0.9 0.62309 0.130223 0.546767 0.9 0.609262 0.609928 0.1 0.1 0.1 0.618397 0.569971 0.105636 0.1 0.368078 0.426583 0.136693 0.806482 0.179765 0.280659 0.518252 0.363118 0.17804 0.886028 0.690147 0.1 0.302644 0.560999 0.45271 
0.688714 0.274025 0.9 0.818424 0.378232 0.495971 0.772347 0.838748 0.151545 0.755625 0.9 0.316743 0.368548 0.596065 0.387039 0.415855 0.154695 0.724862 0.455645 0.9 0.9 0.759272 0.477781 0.451968 0.822915 0.536675 0.9 0.9 0.671472 0.536367 0.898045 0.9 0.812291 0.884538 0.6017 0.1 0.510187 0.399451 0.1 0.583611 0.119404 0.1 0.885658 0.542181 0.515544 0.415186 0.9 0.631725 0.144491 0.302575 0.599881 0.829448 0.138176 0.1 0.282806 0.9 0.558102 0.290035 0.822463 0.166477 0.739441 0.9 0.894826 0.593253 0.803097 0.697243 0.553524 0.440095 0.9 0.606839 0.1 0.1 0.665423 0.895376 0.553381 0.184784 0.171056 0.487207 0.813916 0.392311 0.7018 0.513815 0.287169 0.727293 0.52203 0.601211 0.610333 0.204194 0.9 0.52145 0.299248 0.550798 0.391185 0.271489 0.1 0.266857 0.893432 0.68804 0.54091 0.642433 0.282471 0.522694 0.710957 0.9 0.49844 0.189876 0.107531 0.610308 0.653131 0.9 0.1 0.266203 0.40624 0.321185 0.1 0.1 0.874281 0.790337 0.1 0.575752 0.398611 0.345742 0.373624 0.688224 0.528719 0.40246 0.894389 0.456752 0.158539 0.379661 0.102123 0.147555 0.155864 0.795764 0.1 0.469006 0.1 0.1 0.356807 0.493181 0.176063 0.325344 0.9 0.565984 0.557063 0.1 0.464389 0.544446 0.9 0.6022 0.1 0.1 0.850839 0.562332 0.858377 0.678027 0.9 0.9 0.106049 0.854178 0.36755 0.1 0.1 0.326639 0.1 0.137707 0.791791 0.1 0.1 0.293 0.873421 0.310323 0.549363 0.771639 0.68513 0.137263 0.813482 0.342159 0.641422 0.631502 0.9 0.9 0.846687 0.885356 0.445145 0.618182 0.486534 0.163034 0.520465 0.471871 0.12075 0.893689 0.65915 0.1 0.27465 0.639046 0.210274 0.143644 0.829091 0.467993 0.454177 0.591673 0.680304 0.8811 0.568839 0.327908 0.1 0.198994 0.711788 0.9 0.9 0.529265 0.729908 0.680191 0.396426 0.1 0.38936 0.9 0.462743 0.9 0.329926 0.440833 0.640114 0.9 0.624625 0.84012 0.721615 0.738864 0.160504 0.404483 0.12605 0.357218 0.106654 0.864139 0.511241 0.505532 0.140678 0.593437 0.9 0.769528 0.631572 0.830971 0.302419 0.349245 0.486101 0.496633 0.551191 0.840255 0.483269 0.704505 0.688714 0.274025 
0.680436 0.400193 0.715467 0.661277 0.214373 0.372689 0.396673 0.427113 0.824493 0.622262 0.678908 0.101385 0.316283 0.116645 0.699756 0.560227 0.72987 0.623123 0.350689 0.335985 0.480977 0.612118 0.584987 0.874885 0.413033 0.839675 0.9 0.677997 0.714726 0.49365 0.494696 0.9 0.884424 0.207506 0.396923 0.1 0.582636 0.88067 0.361878 0.46123 0.454864 0.10068 0.627781 0.894863 0.135171 0.261225 0.632858 0.9 0.9 0.9 0.327262 0.419642 0.528427 0.665886 0.458851 0.9 0.651894 0.1 0.504012 0.450522 0.656004 0.893603 0.416415 0.430261 0.203009 0.870892 0.589868 0.618656 0.841635 0.880896 0.1 0.27722 0.9 0.731508 0.242037 0.1 0.110579 0.605437 0.12653 0.1 0.58179 0.41129 0.379775 0.235851 0.164128 0.613492 0.183173 0.7976 0.9 0.578222 0.256732 0.655158 0.418344 0.531779 0.1 0.488689 0.444871 0.680532 0.1 0.1 0.531577 0.418737 0.449529 0.619037 0.1 0.65784 0.643231 0.171098 0.391568 0.895837 0.1 0.1 0.1 0.476359 0.361459 0.190113 0.40856 0.299732 0.1 0.366175 0.836984 0.513309 0.882006 0.319462 0.104741 0.1 0.9 0.435128 0.669335 0.116597 0.47075 0.511634 0.233654 0.157265 0.1 0.361984 0.678768 0.858476 0.503059 0.147 0.543675 0.508458 0.318996 0.82251 0.168806 0.441122 0.1 0.422147 0.881976 0.334218 0.655045 0.645957 0.756128 0.499325 0.136185 0.619505 0.68381 0.88464 0.1 0.412626 0.893969 0.731846 0.887108 0.348052 0.648341 0.861932 0.738548 0.356705 0.636872 0.112265 0.422083 0.459519 0.679445 0.64945 0.322998 0.649896 0.306871 0.288852 0.242039 0.1 0.534419 0.9 0.9 0.290371 0.404466 0.9 0.9 0.157423 0.671614 0.9 0.479564 0.709554 0.609741 0.365037 0.823843 0.353013 0.303438 0.535239 0.75418 0.9 0.653694 0.150114 0.339323 0.548312 0.9 0.647647 0.166798 0.116114 0.825198 0.512455 0.120538 0.43187 0.416234 0.872091 0.723165 0.750408 0.9 0.657833 0.86822 0.683184 0.545534 0.255659 0.253802 0.343402 0.522092 0.315908 0.507541 0.9 0.824083 0.400642 0.813102 0.616867 0.328527 0.28482 0.1 0.291076 0.797317 0.296621 0.33709 0.9 0.620653 0.382352 0.387133 0.875704 0.296445 0.1 0.566823 0.240362 0.530437 0.615585 0.680436 0.400193 
0.9 0.893329 0.534277 0.418085 0.1 0.1 0.382192 0.803862 0.33062 0.1 0.510089 0.569153 0.387235 0.494497 0.893243 0.161134 0.682463 0.1 0.1 0.422898 0.400373 0.371929 0.399178 0.713956 0.35348 0.186343 0.788986 0.217637 0.600753 0.558291 0.282082 0.617182 0.48577 0.56865 0.116784 0.447101 0.756924 0.42368 0.40148 0.122988 0.454764 0.9 0.669044 0.9 0.452989 0.595816 0.871904 0.319194 0.590541 0.9 0.561945 0.1 0.257374 0.145795 0.706436 0.648478 0.126154 0.534573 0.805665 0.855987 0.100159 0.1 0.409217 0.628868 0.662224 0.553084 0.15198 0.484833 0.9 0.625763 0.523633 0.438217 0.600992 0.308055 0.196399 0.1 0.629558 0.37218 0.238151 0.332107 0.319794 0.875199 0.415629 0.603401 0.785068 0.181887 0.172018 0.155306 0.9 0.9 0.174351 0.836477 0.170296 0.577086 0.487819 0.700989 0.1 0.55823 0.267086 0.1 0.168747 0.809189 0.675303 0.665513 0.1 0.9 0.871098 0.845288 0.121545 0.1 0.1 0.212209 0.1 0.576432 0.893661 0.178711 0.591934 0.102956 0.1 0.477071 0.113509 0.295183 0.489114 0.111409 0.806339 0.178629 0.845525 0.169928 0.528317 0.1 0.239557 0.613741 0.152399 0.860402 0.479334 0.1 0.626969 0.396944 0.848275 0.715364 0.393751 0.1 0.1 0.421031 0.600946 0.9 0.392481 0.382848 0.113423 0.540277 0.862488 0.362332 0.871807 0.532872 0.358704 0.627251 0.4912 0.342511 0.635177 0.112147 0.489565 0.884708 0.9 0.510516 0.727426 0.445983 0.505385 0.477013 0.575826 0.413036 0.154274 0.850101 0.701579 0.257043 0.181377 0.3125 0.26524 0.601081 0.620049 0.244516 0.1 0.627187 0.535851 0.1 0.105997 0.885534 0.790387 0.523844 0.137846 0.468058 0.751248 0.497965 0.470439 0.543069 0.122177 0.110575 0.835717 0.714312 0.5542 0.448163 0.109818 0.561299 0.439336 0.9 0.9 0.595256 0.1 0.110353 0.131173 0.697724 0.46176 0.402046 0.391749 0.161711 0.409765 0.628133 0.875839 0.12537 0.331095 0.9 0.4873 0.121546 0.531317 0.846671 0.773425 0.477742 0.164842 0.541491 0.179873 0.440502 0.112233 0.342224 0.33069 0.460323 0.1 0.241739 0.106418 0.258966 0.470996 0.307632 0.1 0.1 0.591363 0.549232 0.1 0.1 0.16803 0.737771 0.114149 0.5232 0.9 0.893329 
0.821046 0.433399 0.469913 0.408838 0.848838 0.56955 0.865459 0.174807 0.1 0.1 0.40132 0.428749 0.605009 0.620813 0.752393 0.713222 0.9 0.228468 0.1 0.840891 0.318908 0.632321 0.50246 0.278745 0.675593 0.557738 0.198156 0.748327 0.216828 0.807017 0.579834 0.668277 0.287688 0.113368 0.1 0.1 0.497645 0.1 0.296817 0.591967 0.1 0.649639 0.150657 0.851955 0.417523 0.859373 0.64126 0.1 0.1 0.581333 0.1 0.218393 0.330009 0.565191 0.501353 0.128881 0.191948 0.685038 0.876183 0.535989 0.499891 0.369111 0.1 0.877634 0.494464 0.171758 0.797873 0.1 0.216722 0.270913 0.694726 0.435684 0.9 0.895177 0.298945 0.1 0.757483 0.866768 0.48652 0.715625 0.430691 0.443529 0.141984 0.541264 0.146456 0.520119 0.6518 0.339225 0.271774 0.625843 0.688719 0.792999 0.9 0.9 0.64018 0.411534 0.1 0.543854 0.436887 0.389422 0.597656 0.161321 0.621797 0.66258 0.1 0.9 0.9 0.810531 0.654327 0.299965 0.490189 0.118615 0.646196 0.683541 0.9 0.661049 0.405248 0.483485 0.113163 0.504732 0.22219 0.866219 0.301188 0.220254 0.743472 0.9 0.767299 0.877125 0.465808 0.1 0.1 0.118801 0.237119 0.9 0.9 0.428232 0.9 0.633487 0.208197 0.574601 0.878761 0.721685 0.752077 0.578247 0.489354 0.635611 0.427376 0.645783 0.292554 0.533196 0.120709 0.412329 0.461462 0.488232 0.571371 0.127396 0.298783 0.3174 0.9 0.671595 0.373169 0.198633 0.9 0.729624 0.9 0.871462 0.168411 0.88721 0.554821 0.1 0.286766 0.621595 0.852772 0.1 0.1 0.326153 0.9 0.501561 0.12688 0.1 0.1 0.225437 0.585121 0.50953 0.61731 0.400092 0.65803 0.101802 0.562743 0.651872 0.681535 0.207455 0.806607 0.722421 0.73123 0.891562 0.612072 0.9 0.587349 0.1 0.1 0.1 0.475963 0.9 0.340745 0.552293 0.317986 0.1 0.1 0.330909 0.272843 0.26788 0.596593 0.852913 0.9 0.104977 0.112202 0.382414 0.151693 0.674327 0.340963 0.833888 0.9 0.18293 0.560981 0.674444 0.825694 0.140643 0.320026 0.483727 0.1 0.389944 0.487529 0.564739 0.440016 0.67388 0.260677 0.678216 0.69853 0.513129 0.876462 0.9 0.77673 0.521668 0.9 0.564709 0.631108 0.119629 0.1 0.884034 0.821046 0.433399 
0.65116 0.605796 0.322103 0.378496 0.383691 0.1 0.563114 0.629536 0.559043 0.659006 0.201104 0.1 0.340031 0.628463 0.720384 0.5319 0.377307 0.432393 0.1 0.352795 0.4683 0.752099 0.9 0.349331 0.356813 0.513142 0.243219 0.486737 0.287694 0.209408 0.531635 0.303035 0.739262 0.9 0.631891 0.1 0.1 0.257418 0.711188 0.662574 0.12725 0.889202 0.639918 0.430254 0.509504 0.467886 0.9 0.9 0.9 0.896731 0.102399 0.261875 0.710577 0.9 0.625549 0.9 0.567937 0.896361 0.489001 0.9 0.9 0.9 0.1 0.719013 0.9 0.879342 0.796849 0.1 0.1 0.445768 0.662966 0.1 0.490278 0.419012 0.423262 0.1 0.592337 0.594955 0.844289 0.621854 0.321721 0.1 0.605048 0.146701 0.1 0.334831 0.139411 0.577827 0.264228 0.431021 0.543284 0.101195 0.442511 0.779797 0.9 0.448554 0.607595 0.606708 0.455285 0.899491 0.1 0.1 0.1 0.6785 0.374497 0.602193 0.681189 0.108772 0.1 0.669541 0.626643 0.400205 0.9 0.474514 0.423441 0.116163 0.64541 0.653038 0.9 0.9 0.1 0.429108 0.1 0.356244 0.138705 0.9 0.9 0.9 0.604379 0.320508 0.641749 0.862963 0.448155 0.607448 0.598275 0.645007 0.308062 0.387203 0.771172 0.294661 0.132916 0.395319 0.623093 0.133491 0.655444 0.1 0.1 0.456025 0.74158 0.898297 0.451949 0.728707 0.356739 0.440495 0.104575 0.428838 0.458744 0.1092 0.302512 0.1 0.378069 0.82232 0.9 0.683017 0.624668 0.49476 0.329083 0.9 0.762157 0.1 0.116819 0.846022 0.700752 0.676893 0.826191 0.446291 0.890483 0.20804 0.85112 0.615824 0.838695 0.305013 0.288228 0.359169 0.648237 0.549755 0.847882 0.1 0.48009 0.110867 0.311988 0.798492 0.175651 0.278008 0.450753 0.700443 0.773122 0.9 0.652513 0.529283 0.9 0.63517 0.381865 0.587164 0.284257 0.380266 0.797424 0.169208 0.253538 0.661474 0.696167 0.348345 0.876583 0.169926 0.624939 0.529306 0.489295 0.449601 0.611873 0.177962 0.41135 0.178863 0.870165 0.597955 0.33051 0.368103 0.399837 0.1 0.148576 0.874482 0.563765 0.111835 0.531151 0.151219 0.615217 0.9 0.336315 0.528784 0.111223 0.486936 0.412595 0.9 0.9 0.285622 0.9 0.54711 0.9 0.509636 0.886714 0.672079 0.65116 0.605796 
0.861804 0.555843 0.1 0.151342 0.809974 0.338723 0.1 0.1 0.327318 0.662852 0.284916 0.879539 0.725809 0.9 0.9 0.106409 0.486578 0.9 0.622 0.734599 0.9 0.560509 0.9 0.9 0.9 0.784364 0.428565 0.830081 0.519715 0.792939 0.313707 0.103891 0.408422 0.29001 0.136813 0.315691 0.567801 0.309586 0.4813 0.9 0.882679 0.752543 0.9 0.660299 0.540203 0.670197 0.691071 0.1 0.625885 0.409492 0.653372 0.64039 0.9 0.811047 0.415428 0.9 0.583614 0.777208 0.631741 0.9 0.791986 0.9 0.1 0.240847 0.1 0.117468 0.530123 0.752724 0.393722 0.118123 0.610243 0.4099 0.722963 0.45808 0.1 0.155208 0.348125 0.594732 0.417381 0.849774 0.104968 0.1 0.467723 0.9 0.9 0.9 0.588312 0.383256 0.531209 0.330832 0.362696 0.237824 0.238117 0.359006 0.595072 0.382189 0.454875 0.13172 0.27999 0.892418 0.123402 0.879344 0.395757 0.889758 0.563731 0.361855 0.136148 0.566631 0.1 0.459052 0.50663 0.28041 0.541084 0.88383 0.123531 0.312665 0.9 0.777469 0.685897 0.454243 0.1 0.897834 0.71864 0.329624 0.204535 0.348722 0.72599 0.771648 0.47298 0.877184 0.747146 0.613014 0.842719 0.114536 0.374963 0.390295 0.528164 0.527285 0.203333 0.685645 0.89894 0.666491 0.9 0.443883 0.557397 0.1 0.691825 0.498357 0.675801 0.551177 0.9 0.9 0.401966 0.489545 0.202803 0.635252 0.724923 0.9 0.381151 0.134272 0.830886 0.171499 0.708525 0.873544 0.359212 0.1 0.228596 0.9 0.611581 0.304705 0.567722 0.714125 0.899759 0.631325 0.168169 0.489737 0.677123 0.9 0.9 0.419855 0.382199 0.608758 0.382922 0.489429 0.353555 0.454188 0.145954 0.1 0.462737 0.482997 0.1 0.421036 0.729514 0.889975 0.264536 0.105571 0.890397 0.602473 0.882847 0.574925 0.720333 0.58276 0.125312 0.564696 0.120826 0.195053 0.216806 0.73829 0.11297 0.1 0.297898 0.443217 0.9 0.671052 0.823048 0.171409 0.1 0.1 0.141579 0.571171 0.703698 0.232355 0.170933 0.342713 0.12211 0.269936 0.442039 0.119379 0.592007 0.468866 0.627094 0.496171 0.9 0.713535 0.1 0.1 0.1 0.24278 0.1 0.102528 0.307369 0.409985 0.533099 0.286948 0.887019 0.529006 0.34254 0.1 0.628588 0.502361 0.861804 0.555843 
0.115785 0.9 0.782529 0.860202 0.115415 0.351364 0.881529 0.9 0.657247 0.518091 0.48456 0.617572 0.409916 0.574013 0.9 0.386237 0.9 0.9 0.557734 0.266535 0.306755 0.1 0.417461 0.27281 0.533976 0.79337 0.341027 0.159918 0.137136 0.129046 0.571036 0.792695 0.142836 0.317204 0.877201 0.370224 0.579384 0.66421 0.227689 0.294553 0.317679 0.683442 0.9 0.551732 0.348687 0.9 0.9 0.1 0.688388 0.386896 0.438456 0.87432 0.613822 0.874494 0.1 0.1 0.551404 0.514409 0.320405 0.9 0.78617 0.794388 0.712893 0.863932 0.126129 0.475549 0.159588 0.684113 0.313305 0.296902 0.142834 0.538422 0.9 0.1 0.1 0.129659 0.804694 0.124189 0.301644 0.541827 0.478001 0.577768 0.560128 0.9 0.49049 0.640349 0.1 0.1 0.231227 0.379753 0.881582 0.1 0.1 0.650294 0.851453 0.101155 0.14401 0.822157 0.9 0.553554 0.30697 0.9 0.1 0.407064 0.866591 0.298304 0.47275 0.73547 0.336708 0.715684 0.432071 0.651252 0.457745 0.9 0.819663 0.876088 0.662486 0.9 0.9 0.9 0.1 0.778204 0.9 0.1 0.387665 0.613285 0.396011 0.581512 0.632959 0.357418 0.1 0.1 0.215015 0.1 0.288045 0.102403 0.427991 0.9 0.861674 0.684754 0.66046 0.347099 0.407379 0.1 0.1 0.1 0.893812 0.650035 0.197799 0.630962 0.612752 0.177334 0.410759 0.471208 0.313222 0.891736 0.185691 0.613537 0.492083 0.833592 0.9 0.465659 0.891443 0.30268 0.539716 0.317547 0.453053 0.872037 0.187687 0.262882 0.664383 0.740193 0.740303 0.9 0.9 0.9 0.115836 0.714446 0.571711 0.141201 0.43206 0.116844 0.242864 0.121965 0.451974 0.684696 0.869474 0.719717 0.384146 0.344116 0.576882 0.395587 0.875649 0.63062 0.484482 0.470558 0.9 0.9 0.442108 0.1 0.331888 0.895876 0.9 0.9 0.9 0.652939 0.55775 0.227471 0.330175 0.28251 0.423863 0.832432 0.500247 0.569271 0.218665 0.798628 0.254569 0.1 0.58821 0.55837 0.407663 0.343884 0.867006 0.349868 0.826772 0.412341 0.619697 0.697263 0.1 0.1 0.671137 0.389554 0.16839 0.567216 0.284832 0.1 0.220424 0.1 0.226477 0.57862 0.366456 0.525681 0.657662 0.652754 0.378596 0.594953 0.736236 0.507221 0.684298 0.374623 0.115785 0.9 
0.1 0.9 0.353292 0.676997 0.102381 0.838228 0.571523 0.342799 0.1 0.309284 0.825521 0.181202 0.823587 0.1 0.1 0.1 0.1 0.357885 0.705067 0.490452 0.851929 0.374555 0.1 0.1 0.1 0.9 0.664913 0.840379 0.451094 0.608122 0.861925 0.148821 0.414222 0.291454 0.9 0.632479 0.1 0.247985 0.1 0.1 0.461571 0.862802 0.35208 0.283409 0.849532 0.435599 0.355709 0.1 0.537803 0.100014 0.519658 0.524026 0.477049 0.785929 0.517087 0.604766 0.607879 0.1 0.412184 0.9 0.679455 0.386309 0.1 0.23744 0.51532 0.9 0.9 0.724861 0.126171 0.9 0.9 0.712489 0.9 0.258412 0.865516 0.729075 0.618421 0.271114 0.830979 0.186362 0.239691 0.478912 0.661559 0.9 0.1 0.266054 0.415246 0.813564 0.4939 0.9 0.9 0.1 0.1 0.837497 0.420794 0.730412 0.866028 0.138496 0.565257 0.1 0.1 0.531034 0.654589 0.88222 0.794087 0.550372 0.67216 0.365315 0.684829 0.629185 0.409317 0.1 0.1 0.165939 0.802427 0.435483 0.310189 0.266417 0.16585 0.630354 0.1 0.9 0.9 0.368569 0.86832 0.151136 0.1 0.598819 0.408645 0.57278 0.654471 0.344818 0.112183 0.261186 0.408701 0.9 0.9 0.1 0.130898 0.579468 0.656537 0.587354 0.641856 0.7421 0.74603 0.423518 0.101657 0.1 0.520739 0.188045 0.9 0.849776 0.139751 0.552731 0.1 0.9 0.652301 0.309227 0.442235 0.214041 0.9 0.286933 0.443464 0.100939 0.575892 0.746244 0.9 0.531108 0.776541 0.16496 0.836903 0.626186 0.678581 0.619669 0.469068 0.44856 0.1 0.429961 0.640966 0.845301 0.669014 0.484578 0.620927 0.596717 0.1 0.677522 0.643072 0.9 0.84809 0.176742 0.891819 0.876035 0.405577 0.469073 0.9 0.885649 0.393152 0.661574 0.259419 0.109509 0.807908 0.385642 0.70464 0.614364 0.847053 0.118736 0.135463 0.809414 0.517134 0.672446 0.628572 0.151687 0.1 0.339444 0.670155 0.291028 0.1 0.183658 0.1 0.1 0.181685 0.101076 0.9 0.545618 0.735023 0.672139 0.529961 0.9 0.451596 0.57915 0.107579 0.281804 0.9 0.751358 0.736676 0.724786 0.9 0.9 0.679351 0.334252 0.437481 0.488155 0.369431 0.623978 0.850291 0.211707 0.9 0.9 0.379543 0.1 0.1 0.9 
0.353125 0.867325 0.13042 0.868147 0.733926 0.64073 0.864929 0.1573 0.261643 0.9 0.495017 0.202244 0.589569 0.195211 0.1 0.399926 0.1 0.673466 0.702025 0.472411 0.107694 0.1 0.1 0.816107 0.408125 0.9 0.890224 0.754563 0.9 0.9 0.305428 0.1 0.883979 0.470655 0.9 0.627924 0.1 0.668056 0.727537 0.382142 0.51235 0.348184 0.505063 0.1 0.436159 0.521883 0.597652 0.387835 0.359888 0.359919 0.887522 0.465724 0.565971 0.868308 0.427567 0.9 0.718049 0.227307 0.412786 0.549024 0.132568 0.607806 0.522756 0.1 0.1 0.57695 0.70199 0.290651 0.212651 0.52227 0.596668 0.9 0.772691 0.1 0.1 0.1 0.605107 0.621211 0.70423 0.770747 0.176398 0.458756 0.414634 0.542315 0.407727 0.698375 0.312845 0.146771 0.9 0.9 0.699692 0.1 0.402263 0.372761 0.26736 0.699291 0.772578 0.1 0.789408 0.170099 0.420988 0.524669 0.9 0.349581 0.589527 0.9 0.449768 0.328862 0.455792 0.112415 0.287339 0.541962 0.506077 0.516427 0.214642 0.811963 0.513888 0.46942 0.851129 0.515841 0.242206 0.608165 0.615734 0.791694 0.9 0.9 0.488321 0.640717 0.860212 0.486007 0.662653 0.44816 0.894369 0.572325 0.635093 0.516757 0.38521 0.113248 0.872226 0.887323 0.102818 0.110112 0.406149 0.700782 0.729685 0.614853 0.439222 0.138614 0.156649 0.398696 0.671881 0.344166 0.1 0.210024 0.1 0.871034 0.144128 0.517243 0.601098 0.891077 0.9 0.268002 0.372162 0.9 0.666355 0.129923 0.327688 0.1 0.1 0.1 0.1 0.253313 0.257856 0.599746 0.877187 0.1 0.1 0.362952 0.241714 0.335457 0.9 0.896359 0.577049 0.851714 0.103102 0.603972 0.869065 0.328175 0.106821 0.221899 0.103002 0.1 0.519821 0.560697 0.9 0.424424 0.533491 0.274442 0.498662 0.597754 0.484733 0.505061 0.9 0.617536 0.172643 0.690983 0.663668 0.342593 0.118496 0.892833 0.655708 0.882438 0.9 0.118738 0.854571 0.128965 0.569152 0.581624 0.273856 0.602419 0.104279 0.38622 0.889306 0.677776 0.9 0.828904 0.882043 0.594305 0.1 0.36099 0.18018 0.425974 0.9 0.1 0.1 0.1 0.890204 0.813925 0.36017 0.127728 0.710422 0.896193 0.130616 0.607176 0.9 0.9 0.739788 0.549878 0.592547 0.884012 0.353125 0.867325 
0.384793 0.111486 0.1 0.330699 0.824492 0.15918 0.719153 0.859294 0.432263 0.9 0.399054 0.280915 0.1 0.374101 0.438948 0.83161 0.17751 0.611412 0.134712 0.851985 0.612048 0.1 0.546279 0.658471 0.837069 0.34715 0.1717 0.40655 0.284655 0.369817 0.1 0.454691 0.571646 0.101248 0.683795 0.454558 0.1 0.479113 0.465125 0.512164 0.43396 0.715258 0.9 0.427665 0.223853 0.280056 0.425699 0.458588 0.855179 0.53381 0.474901 0.517676 0.524252 0.1 0.1 0.54559 0.349058 0.1 0.1 0.54684 0.508583 0.12589 0.1 0.1 0.323862 0.9 0.659158 0.484186 0.247896 0.1 0.1 0.664175 0.9 0.838367 0.1 0.1 0.109227 0.406826 0.41127 0.178626 0.869058 0.9 0.692796 0.545647 0.899941 0.762747 0.1 0.276516 0.827347 0.231465 0.865981 0.44646 0.417297 0.876174 0.65158 0.613446 0.669721 0.176608 0.192741 0.801315 0.329515 0.268553 0.542855 0.1 0.103726 0.503087 0.1 0.317834 0.13728 0.549638 0.497359 0.9 0.508309 0.138255 0.248875 0.451265 0.874377 0.463536 0.623049 0.9 0.630277 0.392934 0.431729 0.886778 0.387368 0.9 0.547051 0.1 0.29255 0.616455 0.9 0.563458 0.9 0.548577 0.539654 0.1 0.1 0.649585 0.5007 0.1 0.353187 0.838993 0.178614 0.840858 0.145553 0.368853 0.305701 0.103179 0.850655 0.9 0.9 0.486646 0.236152 0.323828 0.374722 0.542648 0.377536 0.86324 0.586937 0.550767 0.638958 0.448797 0.1 0.483872 0.13141 0.515275 0.629191 0.117606 0.22719 0.1 0.351179 0.633833 0.144426 0.333859 0.702946 0.1 0.731744 0.9 0.34259 0.571425 0.796157 0.144937 0.1 0.1 0.41688 0.505626 0.668826 0.839397 0.433843 0.1 0.257378 0.112261 0.558824 0.41408 0.579907 0.729962 0.892483 0.314358 0.9 0.395055 0.309212 0.1 0.102999 0.405016 0.490845 0.784931 0.599228 0.400815 0.652234 0.9 0.894142 0.623227 0.865691 0.132569 0.547625 0.464566 0.561739 0.1 0.232222 0.118085 0.234579 0.50637 0.17842 0.9 0.9 0.738187 0.701814 0.799356 0.121738 0.400093 0.285989 0.356373 0.638363 0.36083 0.821914 0.115222 0.1 0.367275 0.584874 0.854246 0.34559 0.481843 0.261645 0.274747 0.68126 0.9 0.649966 0.331659 0.871198 0.9 0.384793 0.111486 
0.795234 0.431494 0.1 0.52491 0.43988 0.564065 0.585914 0.352211 0.1 0.756532 0.724232 0.677742 0.127556 0.507021 0.898141 0.360263 0.791079 0.466788 0.1 0.313625 0.893662 0.306254 0.440376 0.517588 0.1 0.1 0.81393 0.102321 0.1 0.213042 0.413219 0.668856 0.74143 0.477108 0.284239 0.1 0.255949 0.824229 0.439267 0.39157 0.525746 0.1 0.121021 0.642838 0.662271 0.9 0.9 0.613099 0.482659 0.9 0.9 0.331774 0.261141 0.29661 0.886186 0.44393 0.454507 0.612124 0.563004 0.524626 0.9 0.9 0.286125 0.585576 0.422132 0.589771 0.610792 0.695765 0.353538 0.1 0.9 0.883607 0.144886 0.1 0.632236 0.703269 0.9 0.606193 0.318595 0.356405 0.461018 0.150881 0.56662 0.702333 0.555071 0.491808 0.1 0.840164 0.205946 0.52238 0.39765 0.124851 0.487961 0.695996 0.631347 0.1 0.1 0.34553 0.673331 0.57985 0.384181 0.649973 0.550303 0.437212 0.618353 0.1 0.1 0.671158 0.680613 0.483889 0.103525 0.275336 0.684831 0.679701 0.118599 0.1 0.295475 0.1 0.1 0.462537 0.739897 0.433217 0.523081 0.4036 0.1 0.215248 0.42944 0.108835 0.46081 0.122151 0.713663 0.9 0.9 0.251579 0.435389 0.593094 0.320628 0.599452 0.406683 0.1 0.11439 0.528163 0.373729 0.75448 0.264264 0.424805 0.9 0.589752 0.590641 0.879298 0.135161 0.241068 0.383065 0.568137 0.654838 0.4709 0.610356 0.138568 0.524992 0.385292 0.378487 0.286358 0.205926 0.369425 0.455124 0.629523 0.9 0.868607 0.163895 0.386054 0.889509 0.416345 0.807296 0.482569 0.843436 0.280068 0.77473 0.9 0.890396 0.365066 0.9 0.9 0.522904 0.1 0.340417 0.33592 0.549234 0.135778 0.405868 0.1 0.455289 0.852623 0.582951 0.596834 0.128489 0.846758 0.400331 0.1 0.9 0.510886 0.476014 0.9 0.668581 0.405048 0.25103 0.705448 0.591573 0.9 0.665524 0.394936 0.368345 0.447714 0.355817 0.78623 0.765922 0.473707 0.120832 0.261092 0.651076 0.588948 0.374087 0.149699 0.405272 0.9 0.9 0.696681 0.793654 0.262051 0.532911 0.725956 0.576932 0.10491 0.589114 0.390449 0.56315 0.785383 0.112066 0.1 0.9 0.792653 0.403346 0.1 0.219505 0.619862 0.9 0.9 0.276959 0.1 0.185371 0.86816 0.795234 0.431494 
0.9 0.312898 0.474879 0.9 0.895973 0.530862 0.871225 0.48663 0.1 0.564015 0.577468 0.820782 0.798094 0.156286 0.570844 0.1 0.13607 0.413661 0.880964 0.556006 0.611242 0.1 0.1 0.50508 0.1 0.364043 0.649219 0.238521 0.302751 0.412828 0.9 0.414896 0.634919 0.313188 0.1 0.494502 0.662844 0.197352 0.884386 0.9 0.63704 0.565457 0.651822 0.595413 0.65132 0.454111 0.652683 0.756475 0.778872 0.576128 0.315804 0.42055 0.576614 0.496398 0.9 0.754809 0.9 0.694456 0.870893 0.1 0.118245 0.695843 0.48142 0.637495 0.132657 0.490618 0.303633 0.89262 0.567318 0.117436 0.707815 0.349699 0.637197 0.54727 0.9 0.494856 0.9 0.504258 0.136799 0.53987 0.114731 0.399079 0.100298 0.684993 0.896633 0.9 0.403548 0.9 0.502783 0.277331 0.1 0.429993 0.184377 0.374932 0.349131 0.1 0.1 0.547334 0.9 0.606918 0.689223 0.81738 0.879403 0.54032 0.325873 0.679586 0.824356 0.1 0.1 0.1 0.637397 0.1 0.506963 0.760997 0.9 0.51673 0.700584 0.250026 0.307902 0.298053 0.523823 0.467233 0.9 0.565582 0.826631 0.123558 0.533231 0.895922 0.702787 0.518687 0.53369 0.471095 0.316594 0.437516 0.9 0.513199 0.135063 0.660931 0.625569 0.304094 0.82514 0.433956 0.419852 0.385254 0.1 0.303421 0.9 0.9 0.569494 0.379884 0.1 0.107234 0.673742 0.9 0.519344 0.648919 0.1 0.1 0.616552 0.9 0.526039 0.109955 0.251753 0.837272 0.617527 0.1 0.351236 0.717325 0.9 0.9 0.9 0.681057 0.388825 0.267127 0.166226 0.415201 0.605136 0.109186 0.263014 0.1 0.360493 0.399333 0.1 0.1 0.325065 0.652774 0.886267 0.46952 0.716503 0.434606 0.24722 0.31519 0.590771 0.498005 0.1 0.257994 0.554628 0.446256 0.9 0.455165 0.427775 0.740258 0.361047 0.564052 0.1 0.337972 0.1 0.773292 0.3861 0.442667 0.9 0.9 0.72445 0.212337 0.811963 0.150398 0.627672 0.9 0.624127 0.360926 0.419875 0.868242 0.723534 0.883276 0.40529 0.645927 0.184861 0.742499 0.1 0.1 0.336506 0.595651 0.9 0.550505 0.200455 0.179134 0.838943 0.392014 0.720554 0.448269 0.733093 0.630192 0.1 0.550156 0.709156 0.161317 0.588029 0.5417 0.774548 0.400335 0.9 0.312898 
0.9 0.513917 0.223251 0.377396 0.395724 0.347943 0.325394 0.52339 0.429601 0.592746 0.1 0.303675 0.180907 0.258882 0.394269 0.1 0.564281 0.146966 0.42522 0.501386 0.9 0.547083 0.1 0.586423 0.671813 0.593138 0.154558 0.602443 0.9 0.16303 0.9 0.9 0.619458 0.125772 0.197568 0.9 0.575121 0.422714 0.535482 0.1 0.1 0.53049 0.441461 0.29795 0.9 0.875764 0.354 0.664515 0.88828 0.716482 0.105102 0.860374 0.335719 0.1 0.57305 0.86902 0.845741 0.627447 0.669361 0.621276 0.596997 0.573776 0.467749 0.429847 0.564356 0.754767 0.245273 0.267462 0.272008 0.616271 0.345489 0.26448 0.381028 0.693459 0.503555 0.258828 0.584391 0.77312 0.868516 0.534817 0.485569 0.9 0.436717 0.6338 0.143638 0.9 0.694117 0.9 0.624904 0.276938 0.439748 0.423774 0.780134 0.175617 0.520747 0.523438 0.869202 0.9 0.742964 0.1 0.652685 0.866779 0.528959 0.871411 0.671468 0.868995 0.358973 0.1 0.5181 0.1 0.611491 0.1 0.1 0.125067 0.880147 0.354978 0.872019 0.547052 0.106066 0.506712 0.896911 0.619523 0.9 0.636441 0.709775 0.36602 0.1 0.508335 0.342391 0.9 0.670791 0.887596 0.760065 0.9 0.9 0.48327 0.674114 0.157279 0.555334 0.399335 0.298064 0.303681 0.539334 0.287814 0.435875 0.318743 0.545003 0.486028 0.9 0.550349 0.1 0.501778 0.171231 0.856706 0.411101 0.846194 0.256752 0.390183 0.291487 0.53639 0.312522 0.874529 0.45786 0.169035 0.702073 0.310727 0.484525 0.539263 0.419033 0.175473 0.9 0.592929 0.510468 0.52536 0.850087 0.9 0.73417 0.457748 0.432941 0.501907 0.138808 0.387734 0.26634 0.185775 0.242139 0.487463 0.133149 0.454034 0.9 0.37903 0.1 0.1 0.222184 0.439008 0.1 0.1 0.757826 0.613846 0.552133 0.133903 0.619131 0.703501 0.868309 0.262486 0.1 0.64132 0.150004 0.833377 0.148496 0.50356 0.53289 0.33841 0.9 0.677618 0.545981 0.205801 0.258085 0.526927 0.668927 0.14458 0.857287 0.788907 0.300074 0.111783 0.228881 0.479317 0.1 0.100374 0.1 0.617285 0.279201 0.887043 0.382322 0.1 0.1 0.284422 0.758139 0.233673 0.325968 0.871172 0.7951 0.669497 0.115064 0.699884 0.459471 0.613734 0.9 0.626111 0.210555 0.599691 0.9 0.513917 
0.1 0.1 0.1 0.620776 0.556884 0.349728 0.62532 0.64364 0.118952 0.892429 0.433698 0.417359 0.828375 0.600604 0.692408 0.596032 0.791687 0.878819 0.618186 0.542352 0.626664 0.730109 0.270024 0.101395 0.36577 0.305573 0.570987 0.700963 0.9 0.51037 0.635152 0.435315 0.739707 0.792662 0.133029 0.323149 0.1 0.789944 0.861669 0.122407 0.580991 0.515157 0.412143 0.558693 0.1 0.1 0.302862 0.645093 0.237477 0.806721 0.324359 0.685108 0.65802 0.494618 0.672953 0.176527 0.661223 0.536697 0.639439 0.714406 0.137609 0.256839 0.175004 0.552756 0.117145 0.219034 0.1 0.21702 0.1 0.1 0.33039 0.710092 0.559606 0.878435 0.404552 0.549691 0.9 0.631928 0.296093 0.125575 0.462728 0.628917 0.688858 0.276317 0.1 0.438622 0.463837 0.9 0.880349 0.1 0.630537 0.892664 0.537809 0.67188 0.738636 0.542517 0.1 0.768589 0.871686 0.14179 0.618579 0.36754 0.624354 0.368704 0.1 0.1 0.892482 0.9 0.732451 0.1 0.1 0.302963 0.507452 0.688465 0.611245 0.532833 0.320584 0.86484 0.463266 0.1 0.1 0.1 0.136522 0.417539 0.9 0.774106 0.1 0.9 0.561566 0.9 0.9 0.381367 0.1 0.578961 0.57648 0.100928 0.691406 0.323754 0.1 0.476027 0.390704 0.109195 0.783999 0.206889 0.722388 0.414844 0.605553 0.115107 0.302924 0.1 0.1 0.358943 0.209318 0.287019 0.664059 0.151686 0.102124 0.596499 0.155096 0.490024 0.625599 0.9 0.9 0.609725 0.592993 0.393466 0.721929 0.395101 0.715442 0.9 0.9 0.161969 0.888804 0.61466 0.141792 0.636895 0.204825 0.664822 0.724825 0.431063 0.889806 0.9 0.660085 0.1 0.1 0.427471 0.292132 0.1 0.266945 0.346565 0.636318 0.826619 0.365586 0.400319 0.553097 0.9 0.9 0.415062 0.1 0.406727 0.352363 0.893762 0.72587 0.1 0.483018 0.9 0.891357 0.745189 0.537337 0.683113 0.889227 0.56761 0.6151 0.715655 0.70968 0.619338 0.1 0.1 0.699383 0.3915 0.471418 0.444963 0.310587 0.599249 0.9 0.894281 0.534059 0.559548 0.328959 0.573363 0.1 0.493233 0.548028 0.862171 0.640541 0.11066 0.703176 0.670121 0.639319 0.382772 0.401108 0.692233 0.9 0.9 0.497083 0.67237 0.561347 0.657455 0.829845 0.35841 0.1 0.1 
0.575637 0.415058 0.888561 0.573869 0.369967 0.352744 0.292889 0.52348 0.1 0.356919 0.138444 0.446573 0.372937 0.771241 0.627685 0.1 0.458884 0.350278 0.378413 0.706037 0.1 0.338106 0.601677 0.406252 0.1 0.1 0.153993 0.848525 0.503677 0.1 0.1 0.1 0.389856 0.209668 0.68331 0.688911 0.465955 0.895534 0.477111 0.375444 0.430626 0.364278 0.109885 0.625886 0.238799 0.585373 0.601715 0.703277 0.823658 0.170197 0.300435 0.1 0.333216 0.1 0.495791 0.244182 0.154005 0.463151 0.140217 0.568118 0.656843 0.391122 0.823758 0.145989 0.269603 0.594861 0.87216 0.823489 0.478112 0.250247 0.287217 0.9 0.685956 0.369083 0.536341 0.9 0.9 0.288185 0.57031 0.784321 0.415139 0.858585 0.9 0.636903 0.88297 0.57906 0.866958 0.127472 0.1 0.1 0.73327 0.741345 0.389864 0.621769 0.9 0.705872 0.12108 0.891797 0.607169 0.531475 0.118711 0.649958 0.680439 0.9 0.9 0.1 0.706393 0.9 0.382796 0.248386 0.709546 0.492051 0.128866 0.681326 0.1 0.1 0.1 0.1 0.335768 0.141863 0.1 0.1 0.816349 0.55396 0.708444 0.9 0.127058 0.9 0.791704 0.651229 0.625346 0.9 0.323578 0.114607 0.691385 0.318155 0.29498 0.395546 0.274964 0.590434 0.634183 0.1 0.17905 0.803492 0.745153 0.356233 0.9 0.9 0.334401 0.187044 0.1 0.310079 0.291114 0.1 0.9 0.9 0.861337 0.214029 0.840246 0.743878 0.699302 0.401289 0.561022 0.167362 0.469749 0.317776 0.480824 0.757356 0.760913 0.749487 0.413551 0.363447 0.791138 0.561245 0.206536 0.611021 0.780044 0.211303 0.408101 0.113364 0.38758 0.681017 0.516475 0.682163 0.663436 0.410842 0.597818 0.725678 0.321045 0.51048 0.413876 0.148694 0.860034 0.1 0.1 0.415779 0.496106 0.490779 0.1 0.259353 0.308162 0.596949 0.5621 0.1 0.1 0.9 0.705443 0.858432 0.115121 0.1 0.1 0.463682 0.73308 0.404854 0.146148 0.468816 0.748908 0.727943 0.368087 0.1 0.310703 0.719551 0.1 0.121129 0.816027 0.193525 0.447964 0.426994 0.72244 0.735544 0.483105 0.1 0.284599 0.120297 0.216097 0.435225 0.9 0.9 0.363007 0.1 0.853057 0.40097 0.512083 0.723929 0.898664 0.590517 0.27224 0.530107 0.413059 0.583264 0.575637 0.415058 
0.586695 0.732463 0.775549 0.28526 0.848603 0.438365 0.530699 0.657747 0.1 0.1 0.604722 0.460978 0.228734 0.9 0.774785 0.282362 0.83342 0.149243 0.225949 0.9 0.48644 0.614676 0.513898 0.34506 0.1 0.842865 0.9 0.573941 0.367577 0.462215 0.129422 0.569805 0.378533 0.852728 0.9 0.151834 0.252137 0.595597 0.865934 0.452789 0.515126 0.660995 0.70881 0.9 0.60287 0.550864 0.1 0.441821 0.709605 0.277945 0.263498 0.1 0.872147 0.778048 0.499345 0.108418 0.463743 0.485668 0.510751 0.115203 0.9 0.699101 0.738636 0.205866 0.636554 0.633508 0.550017 0.888569 0.245263 0.235485 0.250586 0.9 0.9 0.9 0.619611 0.509832 0.547135 0.674594 0.865702 0.22203 0.795355 0.15594 0.41966 0.887211 0.9 0.9 0.9 0.447134 0.313452 0.472066 0.507633 0.306653 0.169337 0.295276 0.543154 0.9 0.898718 0.9 0.63745 0.1 0.1 0.9 0.9 0.9 0.9 0.565761 0.467884 0.44472 0.25895 0.288842 0.638169 0.1 0.426571 0.9 0.1 0.356522 0.830106 0.171587 0.772087 0.152137 0.418404 0.313794 0.534045 0.643231 0.592221 0.9 0.488774 0.595717 0.859052 0.368063 0.570056 0.9 0.115492 0.522291 0.866777 0.1 0.1 0.430378 0.428608 0.336096 0.70255 0.127809 0.371869 0.115092 0.1 0.513206 0.537531 0.9 0.552087 0.294135 0.1 0.1 0.633061 0.508715 0.890955 0.159196 0.479037 0.428768 0.632386 0.285794 0.720783 0.1 0.246298 0.817498 0.707328 0.1 0.1 0.706268 0.551372 0.519678 0.1 0.252804 0.650981 0.619879 0.456566 0.722255 0.308161 0.847366 0.821405 0.819181 0.412114 0.874292 0.9 0.9 0.445689 0.843092 0.149063 0.9 0.449073 0.587694 0.114128 0.1 0.876787 0.249221 0.103297 0.533153 0.401586 0.1 0.38867 0.9 0.712532 0.445521 0.226036 0.268482 0.105693 0.607388 0.1 0.304816 0.592321 0.806997 0.153008 0.839065 0.624503 0.17532 0.616885 0.16468 0.889435 0.9 0.883177 0.286296 0.543313 0.9 0.363781 0.350378 0.144498 0.377774 0.1 0.519869 0.598193 0.392857 0.51667 0.294854 0.9 0.726062 0.633927 0.888869 0.479377 0.709315 0.225203 0.1 0.437159 0.434909 0.834905 0.122884 0.417554 0.578623 0.115657 0.243111 0.522725 0.888815 0.586695 0.732463 
0.374761 0.9 0.553363 0.1 0.377985 0.466429 0.658119 0.9 0.861577 0.205537 0.190666 0.59865 0.104805 0.722123 0.715316 0.421754 0.553869 0.817713 0.586418 0.9 0.260742 0.330449 0.133678 0.52037 0.1 0.142907 0.9 0.593857 0.102934 0.376651 0.566974 0.118217 0.252062 0.1 0.1 0.516503 0.691893 0.733485 0.567174 0.517657 0.145518 0.611318 0.324208 0.1 0.498244 0.9 0.533791 0.893521 0.9 0.9 0.9 0.1 0.44975 0.9 0.679114 0.358218 0.1 0.504392 0.9 0.362568 0.9 0.726642 0.262532 0.107494 0.819871 0.49168 0.883198 0.595178 0.108592 0.305127 0.1 0.1 0.120337 0.408708 0.268612 0.516696 0.43913 0.72566 0.541701 0.30709 0.692991 0.318435 0.424393 0.1 0.273316 0.131757 0.404715 0.434676 0.666333 0.405294 0.662015 0.533077 0.104636 0.822867 0.865443 0.881004 0.409111 0.580469 0.539081 0.440746 0.831125 0.744206 0.575501 0.105005 0.11994 0.690858 0.578385 0.628435 0.415722 0.19353 0.780804 0.131857 0.358459 0.457206 0.1 0.663946 0.628928 0.492077 0.194898 0.143348 0.130976 0.683296 0.897035 0.165743 0.593628 0.621132 0.1888 0.831626 0.352491 0.512275 0.31308 0.245585 0.247481 0.83282 0.407214 0.38857 0.650295 0.849208 0.108927 0.118932 0.885473 0.9 0.398496 0.279641 0.380875 0.444793 0.165777 0.875161 0.135569 0.1 0.143505 0.106164 0.860111 0.1 0.268618 0.440457 0.713372 0.315319 0.320666 0.114983 0.9 0.626533 0.244551 0.15165 0.524988 0.461465 0.495556 0.223102 0.36553 0.514687 0.302507 0.225547 0.503139 0.67422 0.565632 0.896564 0.142418 0.595301 0.897537 0.433715 0.644073 0.183941 0.377205 0.578456 0.131095 0.577762 0.1 0.9 0.9 0.555208 0.872211 0.685804 0.160146 0.1 0.856836 0.729826 0.654306 0.370151 0.9 0.9 0.9 0.308724 0.1 0.394552 0.875835 0.720792 0.325072 0.1 0.301036 0.142461 0.3392 0.1 0.304402 0.82051 0.822129 0.349363 0.554449 0.9 0.498375 0.340374 0.282649 0.311377 0.1 0.394085 0.50295 0.85217 0.1 0.1 0.289829 0.1 0.1 0.184349 0.446495 0.27469 0.573352 0.344912 0.1 0.880677 0.489045 0.313558 0.173155 0.806425 0.625346 0.276966 0.588456 0.451384 0.608945 0.1 0.1 0.1 0.374761 0.9 
0.1 0.561736 0.9 0.9 0.465936 0.1 0.103914 0.719063 0.1 0.13334 0.776898 0.596627 0.456148 0.632066 0.9 0.490577 0.40089 0.47745 0.835273 0.630367 0.1 0.445762 0.9 0.9 0.719899 0.577239 0.9 0.9 0.674991 0.410061 0.387978 0.282314 0.878995 0.309555 0.234424 0.362868 0.385333 0.337516 0.108741 0.548739 0.47275 0.1 0.1 0.1 0.639911 0.9 0.487243 0.103054 0.25326 0.457989 0.654861 0.456428 0.864984 0.590839 0.265783 0.52517 0.1 0.1 0.541783 0.844433 0.648398 0.859753 0.332995 0.223623 0.156575 0.434592 0.622991 0.521776 0.841648 0.735095 0.1 0.404629 0.605638 0.121723 0.414883 0.40336 0.119072 0.882994 0.567897 0.256557 0.316399 0.326623 0.515028 0.107153 0.692897 0.9 0.754272 0.9 0.9 0.1 0.9 0.479308 0.1 0.153325 0.609174 0.164137 0.563192 0.413858 0.609812 0.483038 0.110803 0.639291 0.9 0.893785 0.685923 0.430968 0.357276 0.713425 0.389261 0.773109 0.268113 0.495015 0.100862 0.584558 0.9 0.9 0.546571 0.577192 0.865069 0.496098 0.6626 0.822488 0.9 0.70062 0.9 0.676498 0.859799 0.70062 0.1 0.483398 0.248641 0.1 0.1 0.149776 0.9 0.9 0.495514 0.358657 0.706164 0.82315 0.157647 0.733205 0.484627 0.1 0.398204 0.403784 0.84847 0.9 0.882716 0.9 0.335543 0.558267 0.618858 0.1 0.284868 0.577217 0.693191 0.249555 0.315528 0.674985 0.716654 0.551221 0.9 0.9 0.624112 0.798799 0.866302 0.139769 0.864961 0.537059 0.1 0.1 0.274686 0.472925 0.110251 0.746032 0.853929 0.164353 0.552732 0.651779 0.9 0.813393 0.452754 0.564409 0.824108 0.733006 0.1 0.643198 0.9 0.420601 0.409621 0.694485 0.879073 0.1 0.539818 0.602511 0.9 0.443295 0.670174 0.9 0.9 0.769326 0.9 0.211411 0.312194 0.152538 0.769895 0.125565 0.1 0.425052 0.9 0.1 0.229011 0.141731 0.514108 0.179812 0.849605 0.795005 0.9 0.9 0.1 0.1 0.371956 0.1 0.317633 0.111376 0.443985 0.317683 0.297198 0.239863 0.1 0.271635 0.855363 0.107997 0.403574 0.211587 0.1 0.361399 0.305999 0.268076 0.691225 0.131797 0.223748 0.1 0.443083 0.843993 0.329055 0.235284 0.502184 0.1 0.1 0.561736 
0.475892 0.502927 0.680232 0.57852 0.499521 0.291041 0.695974 0.9 0.511047 0.817267 0.181728 0.372013 0.9 0.670625 0.600909 0.1 0.150745 0.756714 0.50437 0.875125 0.1 0.556285 0.9 0.504661 0.357206 0.1 0.738423 0.860319 0.15452 0.658814 0.631468 0.297315 0.359893 0.309066 0.737276 0.9 0.489877 0.605839 0.9 0.9 0.46707 0.1 0.283288 0.440298 0.646261 0.9 0.499037 0.671429 0.9 0.9 0.577731 0.821815 0.485308 0.304453 0.415348 0.765454 0.367426 0.1 0.671458 0.580532 0.844347 0.48944 0.621964 0.334161 0.586175 0.508995 0.1 0.1 0.142657 0.87152 0.122463 0.371772 0.116067 0.465691 0.9 0.675307 0.436546 0.49368 0.329053 0.325178 0.312188 0.895 0.41585 0.564158 0.137016 0.641443 0.463741 0.611776 0.868537 0.171441 0.9 0.760844 0.557549 0.625483 0.1 0.2218 0.219588 0.1 0.427416 0.19109 0.1 0.521958 0.648535 0.1 0.1 0.628876 0.886443 0.52397 0.1 0.333324 0.805607 0.418499 0.1 0.1 0.1 0.170804 0.798815 0.537917 0.736543 0.658042 0.676015 0.713972 0.502039 0.300191 0.409827 0.469927 0.517497 0.642994 0.549384 0.9 0.9 0.771777 0.484699 0.488103 0.9 0.544925 0.118012 0.874251 0.9 0.378618 0.1 0.774363 0.618313 0.109775 0.888145 0.679875 0.350837 0.689102 0.154716 0.9 0.446669 0.813056 0.717301 0.876854 0.108542 0.1 0.414417 0.484935 0.662008 0.9 0.478199 0.471718 0.837946 0.9 0.143325 0.578185 0.386885 0.271948 0.540746 0.283126 0.502125 0.516337 0.1 0.226795 0.594129 0.9 0.9 0.9 0.678094 0.137432 0.868713 0.252639 0.812477 0.526195 0.199877 0.896773 0.622854 0.442946 0.388433 0.267687 0.434627 0.733136 0.9 0.1 0.502823 0.9 0.9 0.9 0.127661 0.410195 0.116225 0.682881 0.9 0.152489 0.853457 0.498902 0.218716 0.827822 0.468189 0.676673 0.9 0.43824 0.880215 0.678314 0.9 0.861418 0.604191 0.460041 0.434728 0.9 0.761972 0.658533 0.698237 0.639726 0.878844 0.303122 0.55689 0.868479 0.184261 0.675267 0.249474 0.1 0.560178 0.174622 0.279057 0.462313 0.719527 0.257635 0.332342 0.337355 0.9 0.2749 0.585129 0.7523 0.9 0.537947 0.605639 0.526381 0.9 0.9 0.475892 0.502927 
0.9 0.120797 0.395188 0.537527 0.395794 0.898125 0.435887 0.409161 0.665631 0.744618 0.411571 0.318062 0.9 0.70086 0.738252 0.691886 0.826318 0.229424 0.873563 0.9 0.371671 0.517241 0.53562 0.240514 0.1 0.1 0.591796 0.171582 0.1 0.1 0.785885 0.722337 0.295846 0.185246 0.44647 0.489993 0.120129 0.866502 0.9 0.9 0.527487 0.293029 0.1 0.256139 0.115132 0.831154 0.203963 0.894762 0.9 0.9 0.728535 0.153372 0.432387 0.374249 0.400573 0.552537 0.42241 0.1 0.517532 0.599225 0.341943 0.388105 0.400706 0.472219 0.612924 0.670462 0.129288 0.644307 0.570673 0.9 0.564548 0.1 0.202203 0.740772 0.436006 0.304001 0.517005 0.381446 0.1 0.478575 0.422682 0.9 0.724313 0.9 0.216535 0.104168 0.426044 0.64148 0.372674 0.792018 0.407773 0.54311 0.376441 0.650101 0.125734 0.839269 0.506754 0.1 0.548454 0.151548 0.808548 0.381877 0.1 0.1 0.1 0.425873 0.505206 0.704008 0.9 0.523644 0.298101 0.252706 0.491711 0.896871 0.1 0.593573 0.195611 0.403335 0.442398 0.358667 0.490101 0.9 0.9 0.891487 0.608739 0.9 0.824919 0.891484 0.128572 0.465489 0.115863 0.9 0.854338 0.115043 0.139626 0.855786 0.618466 0.608647 0.719127 0.412716 0.107056 0.891189 0.790856 0.659984 0.793164 0.9 0.457818 0.773421 0.402328 0.872692 0.196928 0.83017 0.814006 0.9 0.627718 0.298279 0.9 0.449983 0.293904 0.9 0.9 0.340378 0.868231 0.9 0.260322 0.157833 0.668118 0.9 0.587718 0.388071 0.561088 0.720737 0.299679 0.256834 0.437944 0.1 0.106478 0.9 0.899756 0.462081 0.9 0.898697 0.376964 0.528266 0.9 0.9 0.9 0.645594 0.395484 0.120932 0.369788 0.416951 0.302372 0.214869 0.132898 0.564366 0.380071 0.9 0.586325 0.865786 0.308015 0.1 0.708708 0.489367 0.38118 0.1 0.484607 0.39735 0.11131 0.407277 0.9 0.889677 0.371666 0.1 0.473186 0.1 0.1 0.300581 0.622124 0.507092 0.388549 0.103327 0.72381 0.590946 0.594865 0.85108 0.349632 0.803192 0.9 0.9 0.695358 0.100648 0.875981 0.488914 0.568903 0.31724 0.589906 0.298444 0.620197 0.688879 0.664086 0.420783 0.742296 0.889272 0.559577 0.118821 0.876555 0.643557 0.540233 0.746443 0.9 0.120797 
0.9 0.703405 0.531266 0.421385 0.609345 0.9 0.1 0.510137 0.682501 0.9 0.69676 0.485155 0.364457 0.364364 0.9 0.9 0.627302 0.399464 0.53565 0.36153 0.803309 0.319436 0.1 0.452402 0.375917 0.1 0.11968 0.851229 0.739527 0.1 0.9 0.628099 0.9 0.444809 0.9 0.608704 0.126366 0.1 0.132178 0.9 0.9 0.703302 0.448275 0.1 0.1 0.344873 0.87732 0.748609 0.714503 0.673344 0.871186 0.701939 0.82869 0.9 0.216859 0.1 0.118413 0.188584 0.152266 0.893474 0.457751 0.87538 0.483326 0.233506 0.392633 0.448115 0.647791 0.670249 0.396594 0.9 0.490803 0.299597 0.564557 0.9 0.436338 0.613822 0.154554 0.41536 0.363914 0.9 0.9 0.387508 0.547327 0.756092 0.309812 0.71833 0.9 0.433076 0.1 0.1 0.1 0.39768 0.1 0.596816 0.61332 0.592618 0.877432 0.464797 0.148629 0.256455 0.44363 0.442968 0.622149 0.863753 0.301256 0.119047 0.600215 0.469332 0.461548 0.111962 0.330278 0.360337 0.496539 0.846607 0.146538 0.69817 0.583453 0.1 0.118649 0.648763 0.207175 0.277564 0.280658 0.334715 0.9 0.9 0.672711 0.795403 0.40156 0.601134 0.107686 0.634321 0.192586 0.560888 0.624535 0.59476 0.687535 0.475386 0.868359 0.100712 0.362222 0.40754 0.604011 0.756297 0.376676 0.86582 0.540559 0.9 0.9 0.619758 0.563377 0.237909 0.543786 0.195854 0.335211 0.567637 0.898281 0.105681 0.224887 0.444466 0.9 0.306227 0.199113 0.880791 0.142472 0.633237 0.566941 0.708518 0.1 0.44411 0.857228 0.710736 0.880892 0.615834 0.360708 0.1 0.40326 0.859296 0.180444 0.270152 0.450469 0.9 0.50341 0.124925 0.9 0.9 0.654812 0.808853 0.9 0.88553 0.141999 0.675309 0.345721 0.244057 0.661854 0.340164 0.1 0.289938 0.1 0.11727 0.651282 0.1 0.668883 0.588069 0.646601 0.100098 0.624317 0.1 0.866102 0.749532 0.497181 0.377884 0.482249 0.1 0.424003 0.467331 0.777362 0.169 0.258829 0.9 0.9 0.401153 0.694759 0.122173 0.551676 0.501154 0.487794 0.671536 0.787715 0.615276 0.9 0.509065 0.690573 0.522927 0.1 0.338577 0.679279 0.645579 0.551899 0.570184 0.454356 0.126236 0.818527 0.145424 0.1 0.236414 0.564726 0.9 0.36159 0.724633 0.9 0.703405 
0.9 0.660724 0.433418 0.627781 0.214816 0.9 0.500728 0.9 0.560799 0.286945 0.313083 0.118999 0.865334 0.433377 0.594521 0.447462 0.1 0.1 0.1 0.407691 0.399981 0.892793 0.614376 0.32679 0.214696 0.1 0.261862 0.649914 0.860619 0.190034 0.800023 0.22046 0.888898 0.338366 0.9 0.9 0.1 0.253773 0.683749 0.674245 0.55167 0.121799 0.865447 0.384355 0.435814 0.517235 0.9 0.572054 0.661445 0.798811 0.214427 0.9 0.9 0.743476 0.101368 0.1 0.803425 0.497254 0.671124 0.9 0.581475 0.642814 0.858587 0.415705 0.9 0.892126 0.361345 0.804953 0.162833 0.9 0.63485 0.649878 0.122921 0.466555 0.121754 0.542684 0.9 0.9 0.14993 0.537774 0.788632 0.241384 0.415831 0.63034 0.1 0.488765 0.760519 0.9 0.895956 0.572931 0.68597 0.385493 0.1 0.687059 0.780391 0.83926 0.711332 0.9 0.86521 0.767262 0.9 0.572084 0.390067 0.1 0.113858 0.3891 0.577314 0.1 0.404142 0.600747 0.602894 0.13159 0.797396 0.223859 0.822748 0.9 0.620887 0.540328 0.9 0.357924 0.118672 0.558201 0.676221 0.213614 0.460983 0.38921 0.111077 0.883928 0.363461 0.119674 0.609216 0.40979 0.472655 0.1 0.403139 0.598364 0.650131 0.899754 0.65628 0.1 0.571548 0.310299 0.305398 0.630545 0.210975 0.16157 0.538117 0.833607 0.662509 0.436436 0.152889 0.794959 0.21993 0.811308 0.105666 0.478737 0.286568 0.174971 0.553394 0.530567 0.317033 0.32863 0.858115 0.9 0.412364 0.23772 0.443255 0.1 0.1 0.1 0.136478 0.881159 0.492766 0.320166 0.45354 0.658276 0.373223 0.134553 0.383107 0.110354 0.370668 0.643937 0.9 0.574098 0.473564 0.1 0.1 0.56285 0.366735 0.581714 0.266179 0.542079 0.811382 0.1 0.33889 0.230622 0.338671 0.70079 0.2631 0.538343 0.9 0.382466 0.36979 0.298273 0.64935 0.745844 0.867435 0.100865 0.765338 0.481899 0.10253 0.198928 0.1 0.1 0.882537 0.530432 0.220887 0.797678 0.1 0.391772 0.629518 0.392915 0.892569 0.444136 0.457928 0.134386 0.636518 0.9 0.888974 0.1 0.393105 0.711714 0.482124 0.604346 0.1 0.1 0.33896 0.1 0.1 0.119516 0.410972 0.330869 0.478945 0.577757 0.372194 0.208983 0.1 0.574687 0.1 0.371626 0.9 0.660724 
0.608838 0.708924 0.1 0.13415 0.826332 0.9 0.9 0.9 0.9 0.333788 0.557324 0.384764 0.9 0.640897 0.456431 0.417157 0.641869 0.566662 0.517579 0.11837 0.830926 0.9 0.819795 0.307572 0.178969 0.858112 0.9 0.294023 0.328871 0.794172 0.203533 0.812442 0.704742 0.203852 0.135426 0.545358 0.1 0.1 0.428317 0.1 0.25858 0.1 0.551737 0.231028 0.747935 0.9 0.59728 0.454884 0.430583 0.196962 0.480272 0.476996 0.104267 0.406307 0.809186 0.287273 0.352371 0.830775 0.608371 0.522411 0.9 0.590251 0.433466 0.494175 0.9 0.426875 0.1 0.1 0.324768 0.569935 0.115018 0.65905 0.628848 0.656982 0.886603 0.459677 0.551398 0.583701 0.62739 0.1 0.676119 0.327852 0.607266 0.9 0.590343 0.501178 0.16321 0.9 0.564671 0.563525 0.336686 0.227833 0.274322 0.588507 0.706017 0.127939 0.9 0.9 0.149882 0.321714 0.484255 0.253487 0.1 0.1 0.789186 0.203264 0.35754 0.479383 0.533718 0.164489 0.573366 0.302362 0.449219 0.265769 0.1 0.115234 0.769759 0.231931 0.9 0.440228 0.853009 0.159798 0.557318 0.104795 0.60569 0.396869 0.251115 0.623581 0.277123 0.327973 0.9 0.716138 0.579239 0.151303 0.85034 0.574846 0.114981 0.253359 0.1 0.506504 0.458303 0.724133 0.9 0.868579 0.173378 0.894947 0.9 0.9 0.198777 0.512336 0.313711 0.9 0.689016 0.9 0.1 0.312574 0.369187 0.37091 0.9 0.631846 0.633854 0.897136 0.44337 0.373078 0.833428 0.20264 0.855698 0.1 0.428912 0.854474 0.583986 0.9 0.732186 0.457603 0.592676 0.740474 0.414708 0.401302 0.745964 0.397374 0.1 0.1 0.400225 0.743396 0.9 0.426114 0.1 0.384103 0.616545 0.134985 0.852769 0.400866 0.13262 0.344424 0.632084 0.1 0.526916 0.563744 0.137484 0.86174 0.661857 0.689562 0.717985 0.274524 0.1 0.372093 0.122152 0.501551 0.9 0.806606 0.9 0.9 0.9 0.421234 0.672245 0.749452 0.9 0.804692 0.1 0.54792 0.9 0.1 0.1 0.1 0.454194 0.553497 0.209596 0.821835 0.442951 0.265932 0.9 0.9 0.9 0.639461 0.208794 0.1 0.102853 0.298192 0.592137 0.851001 0.161456 0.567294 0.727641 0.9 0.131175 0.366559 0.576123 0.9 0.126897 0.687529 0.608838 0.708924 
0.9 0.496533 0.1 0.274589 0.311277 0.349508 0.401643 0.539304 0.6633 0.240031 0.465255 0.651149 0.9 0.713529 0.79388 0.8941 0.9 0.55072 0.869458 0.1 0.1 0.523575 0.877135 0.222816 0.755037 0.669556 0.888898 0.155165 0.261014 0.519582 0.1 0.248862 0.126791 0.215368 0.567675 0.308211 0.605498 0.88048 0.798442 0.251054 0.239904 0.263994 0.818543 0.17295 0.879829 0.588618 0.166346 0.811735 0.230238 0.832073 0.9 0.1 0.429998 0.658567 0.128641 0.330917 0.273769 0.127155 0.320594 0.648285 0.628875 0.533263 0.869337 0.64993 0.691254 0.507065 0.872662 0.386342 0.466567 0.665832 0.50526 0.77682 0.89964 0.514403 0.9 0.837815 0.109622 0.1 0.717079 0.1 0.9 0.630368 0.12515 0.396248 0.457441 0.38075 0.609582 0.9 0.418244 0.134565 0.396031 0.1 0.443761 0.372918 0.716927 0.133802 0.890116 0.701232 0.477037 0.300542 0.276538 0.1 0.1 0.229263 0.588489 0.810564 0.161343 0.490213 0.9 0.884153 0.70324 0.887727 0.669412 0.682308 0.217485 0.1 0.132657 0.853765 0.9 0.562128 0.9 0.328134 0.60649 0.413168 0.675578 0.405186 0.545324 0.587084 0.1 0.126963 0.9 0.333457 0.1 0.859795 0.678099 0.698578 0.88107 0.671357 0.1 0.70845 0.542396 0.830098 0.548638 0.125501 0.442237 0.9 0.338999 0.613737 0.823522 0.11535 0.1 0.9 0.530675 0.640864 0.269227 0.146208 0.9 0.891383 0.765229 0.110602 0.1 0.624768 0.280817 0.1 0.60756 0.835086 0.9 0.351635 0.545982 0.1 0.1 0.157074 0.9 0.709994 0.395752 0.338501 0.499004 0.572947 0.9 0.461609 0.674512 0.850531 0.102016 0.1 0.570148 0.464364 0.38684 0.600992 0.3687 0.1 0.633763 0.399899 0.654311 0.872198 0.619585 0.245474 0.870595 0.485846 0.495553 0.420935 0.453423 0.634127 0.535857 0.285817 0.346928 0.863188 0.642847 0.9 0.500376 0.554358 0.245934 0.136918 0.480648 0.43164 0.333254 0.138762 0.861694 0.775221 0.637629 0.344879 0.740573 0.384501 0.50582 0.49296 0.287529 0.152884 0.475586 0.221068 0.448727 0.30957 0.548077 0.9 0.9 0.1 0.195113 0.129943 0.842301 0.870222 0.140676 0.458029 0.297679 0.375923 0.576029 0.9 0.710692 0.9 0.19237 0.59346 0.606731 0.760365 0.9 0.496533 
0.9 0.541981 0.862852 0.468872 0.601619 0.588939 0.468457 0.279639 0.709257 0.1 0.228907 0.557064 0.157665 0.439239 0.894324 0.160469 0.357266 0.873705 0.709233 0.599913 0.241082 0.271114 0.611013 0.838363 0.183889 0.509374 0.691886 0.834233 0.384829 0.449484 0.270063 0.456012 0.816097 0.163417 0.9 0.582611 0.684631 0.468375 0.743662 0.511523 0.408216 0.1 0.107756 0.512784 0.510748 0.101878 0.671979 0.847908 0.862903 0.5363 0.451158 0.1 0.569467 0.1 0.1 0.869671 0.659239 0.714849 0.679563 0.9 0.341171 0.870631 0.452068 0.1 0.1 0.1 0.760798 0.9 0.597817 0.487591 0.444619 0.9 0.632863 0.491518 0.544294 0.15139 0.447759 0.364408 0.9 0.487281 0.722784 0.356146 0.564368 0.430929 0.387329 0.703405 0.378756 0.9 0.612679 0.9 0.9 0.741778 0.9 0.372045 0.9 0.865722 0.608963 0.66904 0.886388 0.103856 0.1 0.1 0.1 0.668346 0.702501 0.631782 0.62512 0.354595 0.9 0.625131 0.661277 0.752601 0.9 0.424687 0.1 0.1 0.1 0.319116 0.131875 0.638647 0.304147 0.1 0.400895 0.1 0.424672 0.331752 0.130185 0.837563 0.159545 0.87867 0.9 0.239716 0.1 0.9 0.9 0.9 0.63842 0.583476 0.1 0.389094 0.148218 0.833717 0.137902 0.1 0.1 0.237312 0.17131 0.353868 0.586834 0.315954 0.1 0.9 0.497073 0.58955 0.9 0.9 0.9 0.172323 0.9 0.85368 0.108334 0.695898 0.252338 0.1 0.650527 0.197315 0.874926 0.394945 0.693835 0.125136 0.859835 0.9 0.9 0.9 0.882904 0.106438 0.1 0.1 0.408585 0.630386 0.548753 0.536396 0.401715 0.1 0.1 0.427157 0.9 0.9 0.53579 0.689064 0.9 0.537461 0.496351 0.167351 0.562657 0.303779 0.385678 0.587773 0.594844 0.130738 0.566988 0.449458 0.1 0.436813 0.358799 0.135223 0.461059 0.562606 0.304558 0.854323 0.300508 0.626254 0.465635 0.66904 0.759106 0.361515 0.157091 0.609609 0.486543 0.548969 0.489757 0.354886 0.157499 0.873596 0.650413 0.710387 0.411558 0.819599 0.523275 0.851332 0.1 0.1 0.345321 0.1 0.557428 0.661799 0.135041 0.1 0.237647 0.342869 0.1 0.434036 0.106825 0.404132 0.27625 0.9 0.865104 0.387223 0.568372 0.364121 0.9 0.541981 
0.1 0.581883 0.689031 0.461411 0.78483 0.869079 0.14167 0.23649 0.9 0.893449 0.46463 0.29528 0.822027 0.158687 0.9 0.89626 0.349433 0.284892 0.1 0.1 0.529467 0.621776 0.161527 0.9 0.504947 0.761967 0.635131 0.121516 0.308838 0.658091 0.695866 0.484896 0.349609 0.451065 0.9 0.110933 0.379798 0.887248 0.361036 0.254251 0.9 0.685468 0.492279 0.9 0.9 0.434836 0.616962 0.103219 0.648616 0.846645 0.1 0.251668 0.525106 0.376383 0.1 0.1 0.106184 0.829825 0.133595 0.493091 0.555651 0.9 0.9 0.9 0.415713 0.897565 0.9 0.808181 0.807219 0.198408 0.845706 0.876196 0.872364 0.359718 0.576548 0.74539 0.69871 0.393849 0.897959 0.323574 0.1 0.1 0.489957 0.754814 0.462725 0.748105 0.804224 0.574787 0.609914 0.890843 0.136651 0.11653 0.672636 0.143756 0.823751 0.22722 0.893967 0.9 0.877569 0.9 0.9 0.67041 0.677531 0.9 0.9 0.370474 0.541788 0.641432 0.620212 0.437687 0.12393 0.661554 0.567295 0.590688 0.431474 0.1 0.258598 0.308849 0.605131 0.893475 0.336799 0.564316 0.1 0.110013 0.549851 0.1 0.1 0.691495 0.9 0.9 0.60416 0.751658 0.524093 0.352433 0.522586 0.640455 0.482998 0.1 0.249022 0.152171 0.445533 0.430061 0.874504 0.134799 0.850337 0.471976 0.1 0.307834 0.675358 0.684986 0.1 0.9 0.376515 0.237606 0.1 0.1 0.227016 0.1 0.701596 0.1 0.1 0.355217 0.865182 0.71714 0.547423 0.392231 0.396175 0.1 0.577489 0.585886 0.1 0.105098 0.881647 0.134619 0.31782 0.886486 0.524723 0.451791 0.1 0.228887 0.1 0.31877 0.263243 0.508365 0.587516 0.327334 0.661062 0.890127 0.439816 0.435253 0.9 0.558459 0.739311 0.880368 0.249966 0.1 0.352448 0.55868 0.379497 0.794805 0.341047 0.358034 0.1 0.231076 0.414505 0.463785 0.1 0.9 0.9 0.372423 0.193264 0.1 0.613555 0.508 0.597024 0.350996 0.63365 0.252441 0.1 0.103606 0.558898 0.101409 0.537775 0.342723 0.156149 0.888453 0.552968 0.377127 0.444664 0.742572 0.362146 0.540256 0.1 0.431331 0.9 0.71612 0.9 0.9 0.640532 0.9 0.356325 0.9 0.9 0.9 0.436837 0.522022 0.1 0.1 0.9 0.272852 0.1 0.581883 
