# vtk DataFile Version 3.0
2D simulation data
ASCII
DATASET STRUCTURED_POINTS
DIMENSIONS 252 252 1
ORIGIN 0 0 0
SPACING 1 1 1
POINT_DATA 63504
SCALARS simulation_data float 1
LOOKUP_TABLE default
0.000118394 0.000129382 0.000136692 0.000139561 0.000137593 0.000130829 0.000119777 0.000105391 8.89689e-05 7.19723e-05 5.57708e-05 4.14057e-05 2.94662e-05 2.01096e-05 1.31691e-05 8.28181e-06 5.00663e-06 2.91304e-06 1.63354e-06 8.84217e-07 4.62742e-07 2.34533e-07 1.15318e-07 5.51012e-08 2.56284e-08 1.16221e-08 5.14665e-09 2.22888e-09 9.45317e-10 3.93158e-10 1.60542e-10 6.44381e-11 2.54501e-11 9.9006e-12 3.79714e-12 1.43696e-12 5.3699e-13 1.98309e-13 7.24213e-14 2.61704e-14 9.36327e-15 3.31858e-15 1.16575e-15 4.06056e-16 1.40309e-16 4.81147e-17 1.63806e-17 5.5385e-18 1.86041e-18 6.21032e-19 2.06078e-19 6.79957e-20 2.23137e-20 7.2846e-21 2.36637e-21 7.65057e-22 2.46231e-22 7.89313e-23 2.52734e-23 8.26984e-24 3.26172e-24 2.76439e-24 5.53296e-24 1.42255e-23 3.77928e-23 1.00523e-22 2.66698e-22 7.05552e-22 1.86132e-21 4.89725e-21 1.28526e-20 3.36515e-20 8.7917e-20 2.29235e-19 5.96649e-19 1.55054e-18 4.02418e-18 1.0433e-17 2.70267e-17 6.99761e-17 1.81134e-16 4.68892e-16 1.21422e-15 3.14634e-15 8.16078e-15 2.11938e-14 5.51276e-14 1.43663e-13 3.75199e-13 9.82305e-13 2.57879e-12 6.79024e-12 1.79374e-11 4.75487e-11 1.26507e-10 3.37883e-10 9.06092e-10 2.44002e-09 6.59915e-09 1.79267e-08 4.89178e-08 1.34096e-07 3.6929e-07 1.02171e-06 2.83991e-06 7.93027e-06 2.22466e-05 6.2691e-05 0.00017745 0.000504428 0.00143952 0.0041203 0.0117989 0.0335641 0.0929792 0.237855 0.499946 0.763186 0.908777 0.967825 0.98903 0.996311 0.998768 0.99959 0.999864 0.999955 0.999985 0.999995 0.999998 0.999999 1 1 1 1 1 1 1 1 1 1 1 1 1 1 1 1 1 1 1 1 1 1 1 1 1 1 1 1 0.999999 0.999998 0.999996 0.999988 0.999967 0.999909 0.999754 0.999341 0.998245 0.995367 0.987902 0.968934 0.922634 0.818995 0.627091 0.381461 0.189649 0.0846638 0.0362124 0.0153144 0.00649282 0.00277649 0.001201 0.000526337 0.000233955 0.00010557 4.84008e-05 2.25655e-05 1.07078e-05 5.1762e-06 2.55151e-06 1.28379e-06 6.60004e-07 3.47077e-07 1.86901e-07 1.03179e-07 5.84611e-08 3.40359e-08 2.03846e-08 1.25732e-08 7.99535e-09 5.24713e-09 3.55716e-09 2.49311e-09 1.80778e-09 1.35695e-09 1.05482e-09 8.49468e-10 7.09067e-10 6.14025e-10 5.52346e-10 5.16888e-10 5.03752e-10 5.11404e-10 5.40312e-10 5.92989e-10 6.74443e-10 7.93102e-10 9.62358e-10 1.20299e-09 1.54692e-09 2.04306e-09 2.76663e-09 3.83404e-09 5.42661e-09 7.82822e-09 1.1485e-08 1.70999e-08 2.57813e-08 3.92766e-08 6.03331e-08 9.32526e-08 1.4473e-07 2.25099e-07 3.50142e-07 5.4366e-07 8.40985e-07 1.29361e-06 1.97496e-06 2.98702e-06 4.4672e-06 6.59392e-06 9.58859e-06 1.37109e-05 1.92429e-05 2.64584e-05 3.55792e-05 4.67123e-05 5.97616e-05 7.43309e-05 8.96773e-05 0.000104763 0.000118394 0.000129382 
3.1865e-05 3.47758e-05 3.67133e-05 3.74767e-05 3.69624e-05 3.51819e-05 3.22696e-05 2.84749e-05 2.4135e-05 1.96276e-05 1.5308e-05 1.14511e-05 8.21891e-06 5.66285e-06 3.7477e-06 2.38413e-06 1.4593e-06 8.60386e-07 4.89257e-07 2.68713e-07 1.42759e-07 7.34796e-08 3.67005e-08 1.78163e-08 8.41958e-09 3.87936e-09 1.74531e-09 7.67795e-10 3.30723e-10 1.39663e-10 5.78923e-11 2.35813e-11 9.44882e-12 3.728e-12 1.44963e-12 5.56021e-13 2.10532e-13 7.87513e-14 2.91209e-14 1.06521e-14 3.85656e-15 1.38274e-15 4.91224e-16 1.7299e-16 6.04167e-17 2.09347e-17 7.19978e-18 2.4585e-18 8.33808e-19 2.8096e-19 9.4088e-20 3.13224e-20 1.03686e-20 3.41382e-21 1.11818e-21 3.64453e-22 1.1825e-22 3.82637e-23 1.25214e-23 4.60814e-24 3.09763e-24 5.39112e-24 1.35934e-23 3.62403e-23 9.69943e-23 2.58972e-22 6.89322e-22 1.82919e-21 4.83955e-21 1.27678e-20 3.35934e-20 8.81624e-20 2.30822e-19 6.02999e-19 1.57212e-18 4.09145e-18 1.06314e-17 2.75883e-17 7.15148e-17 1.85233e-16 4.79522e-16 1.24106e-15 3.21218e-15 8.31683e-15 2.15477e-14 5.58805e-14 1.45101e-13 3.77365e-13 9.8325e-13 2.56747e-12 6.72058e-12 1.76395e-11 4.64359e-11 1.22635e-10 3.24988e-10 8.64368e-10 2.30776e-09 6.18606e-09 1.66507e-08 4.50092e-08 1.22198e-07 3.3324e-07 9.12867e-07 2.51208e-06 6.9446e-06 1.92862e-05 5.38052e-05 0.000150783 0.000424401 0.00119941 0.00340093 0.00965563 0.0272925 0.0755905 0.196536 0.4342 0.711459 0.884038 0.958194 0.985557 0.995095 0.998348 0.999446 0.999815 0.999938 0.99998 0.999993 0.999998 0.999999 1 1 1 1 1 1 1 1 1 1 1 1 1 1 1 1 1 1 1 1 1 1 1 1 1 1 1 1 0.999999 0.999999 0.999996 0.999989 0.99997 0.999916 0.99977 0.999376 0.998314 0.995482 0.988022 0.968764 0.921037 0.812972 0.612954 0.363073 0.175502 0.0763908 0.0319284 0.0132077 0.00547808 0.00229097 0.000968581 0.000414577 0.000179829 7.91166e-05 3.53328e-05 1.60304e-05 7.39496e-06 3.47166e-06 1.66018e-06 8.09498e-07 4.02868e-07 2.04862e-07 1.0656e-07 5.67618e-08 3.10002e-08 1.73794e-08 1.00137e-08 5.93705e-09 3.62639e-09 2.28457e-09 1.48605e-09 9.99062e-10 6.94821e-10 5.00271e-10 3.73128e-10 2.88428e-10 2.31168e-10 1.92208e-10 1.65945e-10 1.48958e-10 1.39214e-10 1.35602e-10 1.37685e-10 1.45592e-10 1.60032e-10 1.82416e-10 2.15119e-10 2.61911e-10 3.28647e-10 4.24334e-10 5.62808e-10 7.65402e-10 1.0652e-09 1.51382e-09 2.19217e-09 3.22752e-09 4.82047e-09 7.28735e-09 1.11265e-08 1.71206e-08 2.64931e-08 4.11441e-08 6.39979e-08 9.95069e-08 1.54358e-07 2.38436e-07 3.66074e-07 5.57593e-07 8.41051e-07 1.25399e-06 1.8448e-06 2.67301e-06 3.80778e-06 5.32335e-06 7.29074e-06 9.76556e-06 1.27708e-05 1.62743e-05 2.01661e-05 2.42491e-05 2.82525e-05 3.1865e-05 3.47758e-05 
8.57749e-06 9.34899e-06 9.86275e-06 1.0066e-05 9.93168e-06 9.46295e-06 8.69526e-06 7.6938e-06 6.54622e-06 5.35032e-06 4.19847e-06 3.16322e-06 2.28892e-06 1.59146e-06 1.06385e-06 6.84221e-07 4.23773e-07 2.53015e-07 1.45799e-07 8.11946e-08 4.37599e-08 2.28581e-08 1.15897e-08 5.71248e-09 2.74126e-09 1.28258e-09 5.85929e-10 2.61711e-10 1.14441e-10 4.90525e-11 2.06331e-11 8.5265e-12 3.46518e-12 1.38627e-12 5.46421e-13 2.12388e-13 8.147e-14 3.08636e-14 1.1555e-14 4.27809e-15 1.56725e-15 5.68429e-16 2.04215e-16 7.27078e-17 2.56656e-17 8.98633e-18 3.12207e-18 1.0767e-18 3.68708e-19 1.25416e-19 4.23871e-20 1.4238e-20 4.75465e-21 1.57888e-21 5.21495e-22 1.71385e-22 5.61103e-23 1.84596e-23 6.52927e-24 3.60969e-24 5.26056e-24 1.28274e-23 3.42636e-23 9.22979e-23 2.48122e-22 6.64876e-22 1.77576e-21 4.72747e-21 1.25463e-20 3.3197e-20 8.7585e-20 2.30447e-19 6.04771e-19 1.5833e-18 4.13591e-18 1.0782e-17 2.80571e-17 7.28954e-17 1.89137e-16 4.90215e-16 1.26953e-15 3.28601e-15 8.5033e-15 2.20054e-14 5.69667e-14 1.4757e-13 3.82643e-13 9.9343e-13 2.58322e-12 6.72969e-12 1.75696e-11 4.59816e-11 1.20664e-10 3.17576e-10 8.38494e-10 2.22141e-09 5.9064e-09 1.57637e-08 4.22384e-08 1.1364e-07 3.0703e-07 8.33108e-07 2.27054e-06 6.21569e-06 1.70923e-05 4.72136e-05 0.000131004 0.0003651 0.00102177 0.00286972 0.008075 0.0226587 0.0625862 0.164301 0.376702 0.658286 0.856203 0.946884 0.981384 0.993611 0.997828 0.999266 0.999753 0.999917 0.999972 0.999991 0.999997 0.999999 1 1 1 1 1 1 1 1 1 1 1 1 1 1 1 1 1 1 1 1 1 1 1 1 1 1 1 1 1 0.999999 0.999997 0.99999 0.999973 0.999925 0.999791 0.999425 0.998426 0.995724 0.988496 0.969542 0.921802 0.812082 0.607287 0.353464 0.167213 0.0712371 0.0291613 0.0118173 0.00480065 0.00196545 0.000812964 0.00034018 0.000144137 6.1889e-05 2.69496e-05 1.19104e-05 5.34674e-06 2.44012e-06 1.13314e-06 5.35945e-07 2.58437e-07 1.27188e-07 6.39548e-08 3.28952e-08 1.73278e-08 9.35914e-09 5.18986e-09 2.95837e-09 1.73572e-09 1.0495e-09 6.54767e-10 4.21987e-10 2.81244e-10 1.94024e-10 1.38668e-10 1.02739e-10 7.8953e-11 6.29628e-11 5.21373e-11 4.4871e-11 4.01872e-11 3.7506e-11 3.65116e-11 3.70788e-11 3.92435e-11 4.3205e-11 4.93611e-11 5.83807e-11 7.13264e-11 8.9849e-11 1.16492e-10 1.55173e-10 2.11945e-10 2.96216e-10 4.22685e-10 6.1442e-10 9.07732e-10 1.35987e-09 2.06109e-09 3.15348e-09 4.85992e-09 7.5282e-09 1.16971e-08 1.81937e-08 2.82726e-08 4.38109e-08 6.75706e-08 1.03537e-07 1.57327e-07 2.36652e-07 3.51757e-07 5.15747e-07 7.44616e-07 1.05676e-06 1.47169e-06 2.00779e-06 2.6789e-06 3.48974e-06 4.43016e-06 5.46991e-06 6.55669e-06 7.61963e-06 8.57749e-06 9.34899e-06 
2.30931e-06 2.51389e-06 2.6502e-06 2.70437e-06 2.6693e-06 2.54588e-06 2.34343e-06 2.07898e-06 1.77535e-06 1.4579e-06 1.1507e-06 8.72886e-07 6.36539e-07 4.4643e-07 3.0129e-07 1.95805e-07 1.22641e-07 7.41055e-08 4.32463e-08 2.44042e-08 1.33342e-08 7.0641e-09 3.63364e-09 1.81737e-09 8.85061e-10 4.2028e-10 1.94862e-10 8.83301e-11 3.91945e-11 1.70449e-11 7.27298e-12 3.04818e-12 1.25608e-12 5.09394e-13 2.03487e-13 8.01359e-14 3.11359e-14 1.19442e-14 4.527e-15 1.69627e-15 6.28738e-16 2.30662e-16 8.37992e-17 3.01627e-17 1.07613e-17 3.80726e-18 1.33623e-18 4.65409e-19 1.60926e-19 5.52583e-20 1.88488e-20 6.38871e-21 2.1523e-21 7.20891e-22 2.40133e-22 7.96199e-23 2.64217e-23 9.16096e-24 4.35641e-24 5.17041e-24 1.19559e-23 3.19102e-23 8.65188e-23 2.34278e-22 6.32304e-22 1.70064e-21 4.55833e-21 1.2177e-20 3.24232e-20 8.60588e-20 2.27725e-19 6.00841e-19 1.5809e-18 4.1487e-18 1.08608e-17 2.83685e-17 7.39472e-17 1.92404e-16 4.99824e-16 1.29668e-15 3.36031e-15 8.70105e-15 2.25181e-14 5.82618e-14 1.50751e-13 3.902e-13 1.01065e-12 2.62018e-12 6.8016e-12 1.76836e-11 4.60613e-11 1.20236e-10 3.14614e-10 8.25441e-10 2.17202e-09 5.7334e-09 1.51853e-08 4.03631e-08 1.07689e-07 2.88437e-07 7.75682e-07 2.0947e-06 5.68079e-06 1.54731e-05 4.23301e-05 0.000116315 0.00032101 0.000889669 0.00247485 0.00690037 0.0192094 0.0528193 0.13933 0.328112 0.606016 0.826036 0.93403 0.976516 0.99185 0.997203 0.999046 0.999676 0.99989 0.999963 0.999988 0.999996 0.999999 1 1 1 1 1 1 1 1 1 1 1 1 1 1 1 1 1 1 1 1 1 1 1 1 1 1 1 1 1 0.999999 0.999997 0.999992 0.999977 0.999934 0.999816 0.999485 0.998573 0.996069 0.989275 0.971176 0.924807 0.816252 0.61002 0.352082 0.164015 0.0686267 0.0275708 0.0109609 0.00436623 0.00175182 0.000709614 0.000290572 0.000120382 5.04975e-05 2.14626e-05 9.24948e-06 4.04491e-06 1.79643e-06 8.10952e-07 3.72444e-07 1.74192e-07 8.30506e-08 4.04085e-08 2.00868e-08 1.02135e-08 5.31856e-09 2.84006e-09 1.55719e-09 8.77843e-10 5.09485e-10 3.04834e-10 1.88267e-10 1.20171e-10 7.93674e-11 5.42936e-11 3.85041e-11 2.83296e-11 2.16374e-11 1.71648e-11 1.41525e-11 1.21395e-11 1.08464e-11 1.01079e-11 9.83368e-12 9.98818e-12 1.05812e-11 1.16689e-11 1.33633e-11 1.58529e-11 1.94374e-11 2.45824e-11 3.2007e-11 4.2821e-11 5.87433e-11 8.245e-11 1.18129e-10 1.72358e-10 2.55498e-10 3.83888e-10 5.83277e-10 8.94161e-10 1.37998e-09 2.13953e-09 3.32551e-09 5.17157e-09 8.03095e-09 1.243e-08 1.91397e-08 2.92667e-08 4.43625e-08 6.6543e-08 9.86013e-08 1.44083e-07 2.07281e-07 2.93081e-07 4.06609e-07 5.52604e-07 7.34495e-07 9.53179e-07 1.20558e-06 1.48342e-06 1.77282e-06 2.05519e-06 2.30931e-06 2.51389e-06 
6.21847e-07 6.76126e-07 7.12309e-07 7.26757e-07 7.17606e-07 6.85099e-07 6.31686e-07 5.6182e-07 4.81436e-07 3.97132e-07 3.15182e-07 2.40642e-07 1.76786e-07 1.25016e-07 8.51443e-08 5.58865e-08 3.53808e-08 2.16241e-08 1.27725e-08 7.29917e-09 4.04082e-09 2.16981e-09 1.13164e-09 5.73995e-10 2.83535e-10 1.36578e-10 6.42372e-11 2.95375e-11 1.32942e-11 5.86352e-12 2.53709e-12 1.07807e-12 4.50319e-13 1.8508e-13 7.4911e-14 2.98837e-14 1.17587e-14 4.56703e-15 1.75208e-15 6.64349e-16 2.49124e-16 9.24392e-17 3.39581e-17 1.23563e-17 4.45548e-18 1.59274e-18 5.64695e-19 1.98641e-19 6.93525e-20 2.40404e-20 8.27641e-21 2.8307e-21 9.62102e-22 3.25056e-22 1.09241e-22 3.66481e-23 1.26155e-23 5.38968e-24 5.15206e-24 1.10163e-23 2.92518e-23 7.98099e-23 2.17755e-22 5.92199e-22 1.60472e-21 4.33276e-21 1.1657e-20 3.1253e-20 8.35057e-20 2.22383e-19 5.90326e-19 1.56222e-18 4.12198e-18 1.08455e-17 2.84608e-17 7.45029e-17 1.94586e-16 5.07169e-16 1.31945e-15 3.42719e-15 8.88985e-15 2.30343e-14 5.9635e-14 1.5431e-13 3.99191e-13 1.03274e-12 2.67273e-12 6.92157e-12 1.79421e-11 4.65683e-11 1.21056e-10 3.15274e-10 8.22841e-10 2.15272e-09 5.64697e-09 1.48561e-08 3.9206e-08 1.03813e-07 2.75857e-07 7.35741e-07 1.96989e-06 5.2953e-06 1.4293e-05 3.87414e-05 0.000105457 0.000288287 0.000791366 0.00218052 0.00602373 0.0166291 0.0454582 0.12006 0.288019 0.556713 0.794535 0.919897 0.971013 0.989821 0.996472 0.998786 0.999584 0.999858 0.999952 0.999984 0.999994 0.999998 0.999999 1 1 1 1 1 1 1 1 1 1 1 1 1 1 1 1 1 1 1 1 1 1 1 1 1 1 1 1 0.999999 0.999998 0.999993 0.99998 0.999944 0.999841 0.999552 0.998741 0.996488 0.990286 0.973509 0.929756 0.825082 0.620863 0.358661 0.165538 0.0682506 0.0269616 0.0105296 0.00411759 0.00162071 0.000643579 0.000258147 0.000104679 4.29421e-05 1.78331e-05 7.50223e-06 3.19953e-06 1.38436e-06 6.08178e-07 2.71527e-07 1.2331e-07 5.70179e-08 2.68726e-08 1.29233e-08 6.34903e-09 3.1904e-09 1.64187e-09 8.66495e-10 4.69591e-10 2.61702e-10 1.50189e-10 8.88837e-11 5.43199e-11 3.43259e-11 2.24567e-11 1.52271e-11 1.07116e-11 7.82372e-12 5.93717e-12 4.68404e-12 3.84458e-12 3.28615e-12 2.9287e-12 2.72498e-12 2.64928e-12 2.69137e-12 2.85396e-12 3.15284e-12 3.61958e-12 4.30733e-12 5.30058e-12 6.73086e-12 8.8016e-12 1.18274e-11 1.62966e-11 2.29709e-11 3.30436e-11 4.8391e-11 7.197e-11 1.08443e-10 1.65153e-10 2.5364e-10 3.9195e-10 6.08133e-10 9.45428e-10 1.46979e-09 2.28059e-09 3.52525e-09 5.41876e-09 8.26808e-09 1.25012e-08 1.86982e-08 2.76196e-08 4.0224e-08 5.76616e-08 8.12299e-08 1.12273e-07 1.52009e-07 2.01283e-07 2.60244e-07 3.27983e-07 4.02242e-07 4.79337e-07 5.54392e-07 6.21847e-07 6.76126e-07 
1.6748e-07 1.81888e-07 1.91499e-07 1.95355e-07 1.92969e-07 1.84405e-07 1.70307e-07 1.51838e-07 1.30546e-07 1.08147e-07 8.62814e-08 6.62836e-08 4.90394e-08 3.49534e-08 2.40136e-08 1.5912e-08 1.01771e-08 6.2882e-09 3.75721e-09 2.17323e-09 1.21829e-09 6.6271e-10 3.50242e-10 1.80068e-10 9.01734e-11 4.40395e-11 2.10021e-11 9.79186e-12 4.46838e-12 1.99804e-12 8.76371e-13 3.77436e-13 1.59767e-13 6.65296e-14 2.72772e-14 1.10203e-14 4.39061e-15 1.72627e-15 6.70244e-16 2.57143e-16 9.7542e-17 3.66037e-17 1.35957e-17 5.00075e-18 1.82232e-18 6.58206e-19 2.35733e-19 8.37466e-20 2.95229e-20 1.03311e-20 3.58973e-21 1.23892e-21 4.24842e-22 1.44824e-22 4.91947e-23 1.69508e-23 6.74676e-24 5.23482e-24 1.0051e-23 2.6379e-23 7.23821e-23 1.99037e-22 5.45627e-22 1.49022e-21 4.05491e-21 1.09925e-20 2.96908e-20 7.99056e-20 2.14287e-19 5.72679e-19 1.52534e-18 4.04957e-18 1.07174e-17 2.82794e-17 7.44072e-17 1.95253e-16 5.11088e-16 1.33474e-15 3.4785e-15 9.04857e-15 2.34999e-14 6.09478e-14 1.57897e-13 4.08726e-13 1.05745e-12 2.73513e-12 7.07494e-12 1.83072e-11 4.74036e-11 1.22862e-10 3.18842e-10 8.28726e-10 2.15799e-09 5.63133e-09 1.47303e-08 3.86334e-08 1.01617e-07 2.68113e-07 7.09755e-07 1.88546e-06 5.02711e-06 1.34547e-05 3.61527e-05 9.75343e-05 0.000264207 0.000718584 0.00196164 0.00536956 0.0146964 0.0399052 0.105244 0.255544 0.511978 0.762845 0.904875 0.964985 0.987554 0.995643 0.998486 0.999477 0.99982 0.999938 0.999979 0.999993 0.999998 0.999999 1 1 1 1 1 1 1 1 1 1 1 1 1 1 1 1 1 1 1 1 1 1 1 1 1 1 1 1 0.999999 0.999998 0.999994 0.999984 0.999954 0.999867 0.99962 0.998919 0.996948 0.991447 0.97634 0.936221 0.837888 0.639307 0.373206 0.171763 0.0700137 0.0272463 0.0104665 0.00402229 0.00155475 0.000605855 0.000238296 9.46779e-05 3.80233e-05 1.54453e-05 6.34988e-06 2.64396e-06 1.11577e-06 4.77599e-07 2.07527e-07 9.16205e-08 4.11361e-08 1.88019e-08 8.75776e-09 4.16185e-09 2.02023e-09 1.00297e-09 5.09936e-10 2.6588e-10 1.4237e-10 7.84056e-11 4.4475e-11 2.60238e-11 1.57306e-11 9.83686e-12 6.37202e-12 4.28087e-12 2.98593e-12 2.16424e-12 1.6313e-12 1.27955e-12 1.04523e-12 8.90092e-13 7.91151e-13 7.34887e-13 7.13955e-13 7.25425e-13 7.70037e-13 8.52228e-13 9.80901e-13 1.17104e-12 1.4465e-12 1.84444e-12 2.42245e-12 3.2698e-12 4.5253e-12 6.40578e-12 9.25144e-12 1.35976e-11 2.0288e-11 3.06528e-11 4.67863e-11 7.19745e-11 1.11349e-10 1.72868e-10 2.68766e-10 4.17646e-10 6.47429e-10 9.99374e-10 1.53336e-09 2.33444e-09 3.52055e-09 5.25054e-09 7.73131e-09 1.12217e-08 1.60296e-08 2.24993e-08 3.09824e-08 4.17918e-08 5.51345e-08 7.10273e-08 8.92063e-08 1.09058e-07 1.29605e-07 1.49564e-07 1.6748e-07 1.81888e-07 
4.51148e-08 4.89417e-08 5.14958e-08 5.25259e-08 5.19038e-08 4.9647e-08 4.59242e-08 4.10397e-08 3.53968e-08 2.94431e-08 2.36076e-08 1.82429e-08 1.3588e-08 9.75827e-09 6.76009e-09 4.52017e-09 2.91939e-09 1.82272e-09 1.10115e-09 6.44322e-10 3.65567e-10 2.01341e-10 1.07773e-10 5.61336e-11 2.84835e-11 1.40975e-11 6.81367e-12 3.21967e-12 1.48908e-12 6.74788e-13 2.99922e-13 1.30878e-13 5.61247e-14 2.3673e-14 9.82948e-15 4.02099e-15 1.62176e-15 6.45356e-16 2.53548e-16 9.84109e-17 3.77575e-17 1.43279e-17 5.38035e-18 2.00031e-18 7.36625e-19 2.68811e-19 9.72467e-20 3.489e-20 1.24188e-20 4.38699e-21 1.5385e-21 5.35819e-22 1.85406e-22 6.38464e-23 2.21373e-23 8.43761e-24 5.44042e-24 9.10306e-24 2.3394e-23 6.44883e-23 1.78743e-22 4.94062e-22 1.36054e-21 3.73227e-21 1.01993e-20 2.77657e-20 7.53028e-20 2.03468e-19 5.47757e-19 1.46933e-18 3.9276e-18 1.04629e-17 2.77808e-17 7.35288e-17 1.94022e-16 5.10498e-16 1.33956e-15 3.50615e-15 9.15572e-15 2.38583e-14 6.20543e-14 1.61137e-13 4.17854e-13 1.08236e-12 2.80133e-12 7.24641e-12 1.87403e-11 4.84681e-11 1.25399e-10 3.24653e-10 8.41331e-10 2.18306e-09 5.67337e-09 1.47713e-08 3.85405e-08 1.00798e-07 2.64319e-07 6.95103e-07 1.83362e-06 4.85281e-06 1.28879e-05 3.43512e-05 9.19032e-05 0.000246821 0.000665414 0.00180033 0.00488419 0.0132538 0.0357279 0.093917 0.229668 0.472832 0.732163 0.889467 0.958598 0.985101 0.99473 0.998152 0.999356 0.999776 0.999923 0.999973 0.999991 0.999997 0.999999 1 1 1 1 1 1 1 1 1 1 1 1 1 1 1 1 1 1 1 1 1 1 1 1 1 1 1 1 0.999999 0.999998 0.999996 0.999987 0.999962 0.999891 0.999686 0.999097 0.997418 0.992674 0.979453 0.943697 0.85376 0.664577 0.395934 0.182999 0.0740119 0.0284273 0.0107546 0.00406592 0.0015449 0.000591365 0.000228314 8.8974e-05 3.50197e-05 1.39296e-05 5.60283e-06 2.2803e-06 9.39691e-07 3.92376e-07 1.66141e-07 7.13954e-08 3.11649e-08 1.38317e-08 6.24801e-09 2.87564e-09 1.35007e-09 6.47349e-10 3.17428e-10 1.59393e-10 8.20791e-11 4.34089e-11 2.36143e-11 1.32342e-11 7.65296e-12 4.57348e-12 2.82882e-12 1.81353e-12 1.20662e-12 8.34154e-13 5.99752e-13 4.48856e-13 3.49929e-13 2.84413e-13 2.41247e-13 2.13822e-13 1.98262e-13 1.92465e-13 1.95591e-13 2.07841e-13 2.30462e-13 2.65964e-13 3.18575e-13 3.9503e-13 5.05839e-13 6.67321e-13 9.04812e-13 1.25779e-12 1.78802e-12 2.5925e-12 3.82396e-12 5.72318e-12 8.66966e-12 1.32603e-11 2.04308e-11 3.16392e-11 4.91419e-11 7.63979e-11 1.18649e-10 1.83735e-10 2.83189e-10 4.3367e-10 6.58725e-10 9.90813e-10 1.47339e-09 2.16268e-09 3.1285e-09 4.45324e-09 6.22806e-09 8.54494e-09 1.1484e-08 1.50956e-08 1.93785e-08 2.42573e-08 2.95656e-08 3.50437e-08 4.03542e-08 4.51148e-08 4.89417e-08 
1.21549e-08 1.31719e-08 1.38511e-08 1.41264e-08 1.39643e-08 1.33694e-08 1.2386e-08 1.10935e-08 9.59725e-09 8.01408e-09 6.45634e-09 5.01722e-09 3.7611e-09 2.72059e-09 1.89975e-09 1.28134e-09 8.35329e-10 5.26766e-10 3.21605e-10 1.90278e-10 1.09209e-10 6.08697e-11 3.29837e-11 1.73959e-11 8.94005e-12 4.48205e-12 2.19455e-12 1.05057e-12 4.92246e-13 2.25979e-13 1.01746e-13 4.49721e-14 1.95319e-14 8.3425e-15 3.5072e-15 1.45236e-15 5.92871e-16 2.38739e-16 9.48959e-17 3.72569e-17 1.44562e-17 5.54664e-18 2.10554e-18 7.91162e-19 2.94401e-19 1.08536e-19 3.96598e-20 1.43693e-20 5.16405e-21 1.84147e-21 6.51792e-22 2.29089e-22 8.00525e-23 2.80287e-23 1.04326e-23 5.77728e-24 8.21183e-24 2.04022e-23 5.64025e-23 1.57575e-22 4.39272e-22 1.22001e-21 3.3752e-21 9.30099e-21 2.55304e-20 6.9806e-20 1.90129e-19 5.15867e-19 1.39439e-18 3.75506e-18 1.00754e-17 2.69379e-17 7.17728e-17 1.90591e-16 5.0448e-16 1.33122e-15 3.5026e-15 9.19048e-15 2.40535e-14 6.28055e-14 1.63642e-13 4.25569e-13 1.10492e-12 2.8648e-12 7.4195e-12 1.91998e-11 4.96578e-11 1.28403e-10 3.32038e-10 8.5894e-10 2.22346e-09 5.76126e-09 1.49472e-08 3.88399e-08 1.01111e-07 2.63776e-07 6.8977e-07 1.80846e-06 4.75501e-06 1.25407e-05 3.31818e-05 8.80966e-05 0.000234719 0.000627598 0.00168374 0.00452905 0.0121877 0.0326096 0.0853306 0.209378 0.439703 0.703591 0.874246 0.952068 0.982534 0.993757 0.99779 0.999222 0.999728 0.999905 0.999967 0.999989 0.999996 0.999999 1 1 1 1 1 1 1 1 1 1 1 1 1 1 1 1 1 1 1 1 1 1 1 1 1 1 1 1 1 0.999999 0.999997 0.99999 0.99997 0.999913 0.999746 0.999263 0.997872 0.99389 0.982637 0.951656 0.87163 0.695558 0.427142 0.199876 0.0805349 0.030592 0.0114124 0.00424884 0.00158846 0.000597848 0.000226793 8.67772e-05 3.35098e-05 1.30667e-05 5.14788e-06 2.05031e-06 8.26055e-07 3.36893e-07 1.39181e-07 5.82921e-08 2.47709e-08 1.06897e-08 4.68912e-09 2.09301e-09 9.51661e-10 4.413e-10 2.08964e-10 1.01176e-10 5.01598e-11 2.5501e-11 1.33153e-11 7.15212e-12 3.95841e-12 2.26116e-12 1.33531e-12 8.16546e-13 5.17832e-13 3.41054e-13 2.33576e-13 1.66522e-13 1.23694e-13 9.58131e-14 7.74612e-14 6.54316e-14 5.78186e-14 5.35093e-14 5.19014e-14 5.27532e-14 5.61192e-14 6.23503e-14 7.21539e-14 8.67234e-14 1.07962e-13 1.38844e-13 1.83996e-13 2.50614e-13 3.49932e-13 4.99548e-13 7.27124e-13 1.07624e-12 1.61561e-12 2.45347e-12 3.75994e-12 5.80121e-12 8.99145e-12 1.39699e-11 2.17137e-11 3.36989e-11 5.21239e-11 8.02098e-11 1.22587e-10 1.85767e-10 2.78673e-10 4.13184e-10 6.04561e-10 8.71619e-10 1.23638e-09 1.72297e-09 2.3554e-09 3.15416e-09 4.13143e-09 5.28544e-09 6.5948e-09 8.01455e-09 9.47567e-09 1.08893e-08 1.21549e-08 1.31719e-08 
3.27539e-09 3.54577e-09 3.72646e-09 3.80012e-09 3.75791e-09 3.60106e-09 3.34115e-09 2.99898e-09 2.60205e-09 2.1809e-09 1.76498e-09 1.37892e-09 1.04006e-09 7.57533e-10 5.3302e-10 3.62505e-10 2.38448e-10 1.51811e-10 9.36268e-11 5.59857e-11 3.24903e-11 1.83177e-11 1.00435e-11 5.3613e-12 2.78928e-12 1.41589e-12 7.02011e-13 3.4033e-13 1.61489e-13 7.50776e-14 3.42311e-14 1.53206e-14 6.73698e-15 2.9131e-15 1.23964e-15 5.19544e-16 2.1461e-16 8.74338e-17 3.51555e-17 1.39592e-17 5.47688e-18 2.12448e-18 8.15159e-19 3.09541e-19 1.1638e-19 4.3343e-20 1.59961e-20 5.85244e-21 2.12347e-21 7.64363e-22 2.73069e-22 9.69091e-23 3.43464e-23 1.26536e-23 6.23551e-24 7.40784e-24 1.75026e-23 4.83979e-23 1.36265e-22 3.83175e-22 1.07357e-21 2.9961e-21 8.32822e-21 2.30576e-20 6.35833e-20 1.7464e-19 4.77776e-19 1.30196e-18 3.53411e-18 9.55639e-18 2.57434e-17 6.90923e-17 1.84766e-16 4.92366e-16 1.30761e-15 3.46139e-15 9.13415e-15 2.40327e-14 6.30565e-14 1.6502e-13 4.30837e-13 1.12242e-12 2.91859e-12 7.57653e-12 1.96411e-11 5.08601e-11 1.31592e-10 3.40291e-10 8.79773e-10 2.27468e-09 5.88346e-09 1.52279e-08 3.94522e-08 1.02343e-07 2.65901e-07 6.92124e-07 1.80536e-06 4.7203e-06 1.23739e-05 3.25286e-05 8.577e-05 0.000226871 0.00060204 0.00160255 0.00427621 0.0114155 0.0303176 0.078911 0.193752 0.412534 0.678017 0.859798 0.945643 0.979944 0.992756 0.99741 0.99908 0.999675 0.999886 0.99996 0.999986 0.999995 0.999998 0.999999 1 1 1 1 1 1 1 1 1 1 1 1 1 1 1 1 1 1 1 1 1 1 1 1 1 1 1 1 0.999999 0.999997 0.999992 0.999977 0.999932 0.9998 0.999414 0.998289 0.995033 0.98571 0.9596 0.890368 0.730746 0.466967 0.223332 0.0900882 0.0339222 0.012495 0.0045855 0.0016883 0.00062534 0.000233304 8.77356e-05 3.32744e-05 1.27334e-05 4.91923e-06 1.91958e-06 7.57048e-07 3.01938e-07 1.21865e-07 4.98107e-08 2.06339e-08 8.66999e-09 3.69847e-09 1.60329e-09 7.0703e-10 3.1753e-10 1.45403e-10 6.79767e-11 3.24891e-11 1.58978e-11 7.97668e-12 4.11051e-12 2.17913e-12 1.19052e-12 6.71453e-13 3.91641e-13 2.36648e-13 1.48381e-13 9.66895e-14 6.55699e-14 4.63306e-14 3.41437e-14 2.62683e-14 2.11177e-14 1.77595e-14 1.56429e-14 1.44477e-14 1.4001e-14 1.42331e-14 1.51587e-14 1.68764e-14 1.95859e-14 2.3624e-14 2.95289e-14 3.8143e-14 5.07788e-14 6.94815e-14 9.74486e-14 1.39696e-13 2.04115e-13 3.0314e-13 4.56378e-13 6.94694e-13 1.06655e-12 1.64765e-12 2.55555e-12 3.97123e-12 6.17051e-12 9.56859e-12 1.47815e-11 2.27078e-11 3.46333e-11 5.23566e-11 7.83291e-11 1.15793e-10 1.68889e-10 2.42682e-10 3.43052e-10 4.76376e-10 6.48921e-10 8.65909e-10 1.13027e-09 1.44117e-09 1.7926e-09 2.17241e-09 2.56227e-09 2.93873e-09 3.27539e-09 3.54577e-09 
8.82772e-10 9.54696e-10 1.0028e-09 1.02251e-09 1.01153e-09 9.70158e-10 9.01439e-10 8.10813e-10 7.05468e-10 5.9339e-10 4.8231e-10 3.78747e-10 2.87355e-10 2.10682e-10 1.49327e-10 1.02368e-10 6.79156e-11 4.36373e-11 2.71749e-11 1.64162e-11 9.62867e-12 5.48868e-12 3.04377e-12 1.64378e-12 8.65386e-13 4.44594e-13 2.23127e-13 1.09501e-13 5.26002e-14 2.47562e-14 1.14265e-14 5.17685e-15 2.30418e-15 1.00838e-15 4.34245e-16 1.84151e-16 7.69575e-17 3.17148e-17 1.2897e-17 5.17837e-18 2.05413e-18 8.05438e-19 3.12341e-19 1.19848e-19 4.5524e-20 1.71257e-20 6.3831e-21 2.35811e-21 8.6379e-22 3.13862e-22 1.13209e-22 4.06858e-23 1.49722e-23 6.78418e-24 6.70936e-24 1.47805e-23 4.07252e-23 1.15512e-22 3.27681e-22 9.26339e-22 2.60844e-21 7.31557e-21 2.04345e-20 5.68487e-20 1.57513e-19 4.34662e-19 1.19462e-18 3.27011e-18 8.91577e-18 2.42124e-17 6.54969e-17 1.76497e-16 4.73824e-16 1.26737e-15 3.37784e-15 8.97176e-15 2.37507e-14 6.26764e-14 1.64904e-13 4.32649e-13 1.13216e-12 2.95554e-12 7.69887e-12 2.00162e-11 5.19533e-11 1.3466e-10 3.48642e-10 9.01907e-10 2.33192e-09 6.0279e-09 1.5583e-08 4.02998e-08 1.04292e-07 2.70164e-07 7.00741e-07 1.8204e-06 4.7378e-06 1.23566e-05 3.23028e-05 8.46635e-05 0.000222509 0.000586455 0.00154995 0.00410532 0.0108773 0.0286807 0.0742218 0.181994 0.390961 0.656046 0.84665 0.939574 0.977431 0.991763 0.997027 0.998934 0.99962 0.999865 0.999952 0.999983 0.999994 0.999998 0.999999 1 1 1 1 1 1 1 1 1 1 1 1 1 1 1 1 1 1 1 1 1 1 1 1 1 1 1 1 0.999999 0.999998 0.999994 0.999983 0.999948 0.999846 0.999545 0.998658 0.996062 0.988536 0.967119 0.908893 0.768286 0.515034 0.254561 0.10343 0.0387138 0.0141006 0.00510603 0.00185304 0.000676052 0.000248281 9.18502e-05 3.42462e-05 1.28748e-05 4.88274e-06 1.86894e-06 7.22375e-07 2.82108e-07 1.11382e-07 4.44894e-08 1.79905e-08 7.37078e-09 3.06216e-09 1.29114e-09 5.53067e-10 2.40929e-10 1.06856e-10 4.831e-11 2.22929e-11 1.05148e-11 5.07669e-12 2.51304e-12 1.27756e-12 6.68169e-13 3.60167e-13 2.00465e-13 1.15426e-13 6.88816e-14 4.26785e-14 2.75009e-14 1.84572e-14 1.29193e-14 9.44174e-15 7.21187e-15 5.7633e-15 4.82411e-15 4.23466e-15 3.90264e-15 3.7783e-15 3.84153e-15 4.09625e-15 4.5702e-15 5.31966e-15 6.43985e-15 8.083e-15 1.04879e-14 1.4027e-14 1.9282e-14 2.71634e-14 3.91011e-14 5.73465e-14 8.54482e-14 1.28999e-13 1.96799e-13 3.02646e-13 4.68063e-13 7.26393e-13 1.12884e-12 1.75319e-12 2.71613e-12 4.19011e-12 6.4256e-12 9.77924e-12 1.47474e-11 2.20027e-11 3.24296e-11 4.71499e-11 6.75262e-11 9.51274e-11 1.31637e-10 1.78689e-10 2.37613e-10 3.09107e-10 3.92859e-10 4.87188e-10 5.8882e-10 6.92879e-10 7.93179e-10 8.82772e-10 9.54696e-10 
2.37963e-10 2.57105e-10 2.69916e-10 2.75198e-10 2.72339e-10 2.61425e-10 2.43249e-10 2.19235e-10 1.91264e-10 1.61427e-10 1.31754e-10 1.03971e-10 7.93274e-11 5.853e-11 4.17758e-11 2.88579e-11 1.93039e-11 1.25128e-11 7.86523e-12 4.7981e-12 2.84318e-12 1.63799e-12 9.18339e-13 5.01536e-13 2.67077e-13 1.38815e-13 7.04908e-14 3.50061e-14 1.70172e-14 8.10526e-15 3.78595e-15 1.73577e-15 7.81772e-16 3.46173e-16 1.50822e-16 6.47015e-17 2.73494e-17 1.13987e-17 4.68721e-18 1.90277e-18 7.62987e-19 3.02375e-19 1.18493e-19 4.59383e-20 1.76274e-20 6.69766e-21 2.52093e-21 9.40317e-22 3.47728e-22 1.27566e-22 4.65493e-23 1.72169e-23 7.37191e-24 6.12039e-24 1.23009e-23 3.35941e-23 9.59306e-23 2.74542e-22 7.83194e-22 2.22555e-21 6.29888e-21 1.77554e-20 4.98453e-20 1.3936e-19 3.88031e-19 1.07598e-18 2.97136e-18 8.17183e-18 2.23825e-17 6.10566e-17 1.65887e-16 4.48918e-16 1.21012e-15 3.24958e-15 8.69374e-15 2.31746e-14 6.15599e-14 1.62976e-13 4.30089e-13 1.13155e-12 2.96863e-12 7.76764e-12 2.02755e-11 5.28085e-11 1.37276e-10 3.56252e-10 9.23235e-10 2.38991e-09 6.18148e-09 1.59799e-08 4.1301e-08 1.06753e-07 2.7604e-07 7.14271e-07 1.85005e-06 4.79801e-06 1.24629e-05 3.24317e-05 8.45714e-05 0.000221039 0.000579116 0.00152085 0.00400133 0.0105287 0.0275725 0.0709337 0.173453 0.374476 0.638005 0.835227 0.934093 0.975095 0.990817 0.996654 0.998789 0.999564 0.999844 0.999944 0.99998 0.999993 0.999998 0.999999 1 1 1 1 1 1 1 1 1 1 1 1 1 1 1 1 1 1 1 1 1 1 1 1 1 1 1 1 1 0.999999 0.999996 0.999987 0.999961 0.999884 0.999654 0.998971 0.996951 0.991027 0.973915 0.926298 0.806145 0.570086 0.294881 0.121618 0.0454095 0.0163829 0.00586013 0.00209815 0.000754624 0.000273038 9.94563e-05 3.64898e-05 1.34904e-05 5.02775e-06 1.88977e-06 7.16702e-07 2.74399e-07 1.06117e-07 4.14766e-08 1.63955e-08 6.55923e-09 2.65781e-09 1.09168e-09 4.54943e-10 1.92545e-10 8.28467e-11 3.62812e-11 1.61915e-11 7.37334e-12 3.43112e-12 1.63406e-12 7.9775e-13 3.99933e-13 2.06264e-13 1.09647e-13 6.01958e-14 3.41972e-14 2.01432e-14 1.23258e-14 7.84945e-15 5.2109e-15 3.6113e-15 2.616e-15 1.98299e-15 1.57468e-15 1.3115e-15 1.14707e-15 1.05468e-15 1.02001e-15 1.03723e-15 1.10738e-15 1.23825e-15 1.44574e-15 1.75675e-15 2.2144e-15 2.88637e-15 3.87848e-15 5.3562e-15 7.57892e-15 1.09544e-14 1.6125e-14 2.41033e-14 3.64847e-14 5.57772e-14 8.59078e-14 1.32991e-13 2.0648e-13 3.20847e-13 4.98016e-13 7.7075e-13 1.18728e-12 1.81735e-12 2.75978e-12 4.15141e-12 6.17667e-12 9.07657e-12 1.31548e-11 1.87776e-11 2.63631e-11 3.63558e-11 4.91807e-11 6.5176e-11 8.45066e-11 1.07066e-10 1.32388e-10 1.59589e-10 1.87375e-10 2.14109e-10 2.37963e-10 2.57105e-10 
6.41568e-11 6.92537e-11 7.26677e-11 7.40834e-11 7.33403e-11 7.046e-11 6.56505e-11 5.92847e-11 5.18548e-11 4.39086e-11 3.59802e-11 2.85264e-11 2.18826e-11 1.62437e-11 1.1672e-11 8.12206e-12 5.4762e-12 3.57979e-12 2.27042e-12 1.39815e-12 8.36687e-13 4.86974e-13 2.75915e-13 1.52326e-13 8.20179e-14 4.31114e-14 2.21428e-14 1.11234e-14 5.4702e-15 2.63586e-15 1.24559e-15 5.7773e-16 2.63227e-16 1.17905e-16 5.19586e-17 2.25434e-17 9.63643e-18 4.06101e-18 1.68828e-18 6.92801e-19 2.80782e-19 1.1245e-19 4.4525e-20 1.74386e-20 6.75897e-21 2.5936e-21 9.85731e-22 3.71218e-22 1.386e-22 5.14062e-23 1.91913e-23 7.93163e-24 5.63093e-24 1.01052e-23 2.71611e-23 7.80107e-23 2.25222e-22 6.48412e-22 1.85965e-21 5.31226e-21 1.51137e-20 4.28244e-20 1.20844e-19 3.39591e-19 9.50344e-19 2.64844e-18 7.34988e-18 2.0312e-17 5.58998e-17 1.53201e-16 4.18138e-16 1.13659e-15 3.07704e-15 8.29737e-15 2.22874e-14 5.96395e-14 1.59004e-13 4.22416e-13 1.11839e-12 2.95142e-12 7.76491e-12 2.03699e-11 5.32946e-11 1.39096e-10 3.62232e-10 9.41482e-10 2.4429e-09 6.32976e-09 1.63826e-08 4.23665e-08 1.09505e-07 2.82978e-07 7.31325e-07 1.89078e-06 4.89185e-06 1.26689e-05 3.28518e-05 8.53202e-05 0.000221981 0.000578656 0.00151131 0.00395284 0.0103366 0.0268988 0.0687981 0.167604 0.362536 0.623991 0.825827 0.92939 0.973025 0.989957 0.996306 0.998651 0.99951 0.999823 0.999936 0.999977 0.999992 0.999997 0.999999 1 1 1 1 1 1 1 1 1 1 1 1 1 1 1 1 1 1 1 1 1 1 1 1 1 1 1 1 1 0.999999 0.999997 0.999991 0.999972 0.999915 0.999743 0.999229 0.997694 0.993142 0.979813 0.941931 0.842408 0.629856 0.345512 0.146071 0.054651 0.0195716 0.00692396 0.00244808 0.000868743 0.000309944 0.000111261 4.02052e-05 1.4631e-05 5.36392e-06 1.9819e-06 7.38342e-07 2.77465e-07 1.05232e-07 4.03012e-08 1.55944e-08 6.10074e-09 2.41468e-09 9.67671e-10 3.92958e-10 1.61846e-10 6.76733e-11 2.87573e-11 1.24335e-11 5.47635e-12 2.46052e-12 1.12935e-12 5.30375e-13 2.55279e-13 1.26156e-13 6.41331e-14 3.36052e-14 1.81878e-14 1.01886e-14 5.92022e-15 3.57555e-15 2.24898e-15 1.47588e-15 1.01213e-15 7.26339e-16 5.46142e-16 4.30776e-16 3.56875e-16 3.10918e-16 2.85166e-16 2.75479e-16 2.80166e-16 2.99498e-16 3.35668e-16 3.93161e-16 4.79589e-16 6.07163e-16 7.9509e-16 1.07344e-15 1.48932e-15 2.11663e-15 3.07169e-15 4.53777e-15 6.80382e-15 1.03248e-14 1.58152e-14 2.43924e-14 3.77925e-14 5.8693e-14 9.11827e-14 1.41434e-13 2.18639e-13 3.36274e-13 5.13739e-13 7.78396e-13 1.16793e-12 1.73286e-12 2.53879e-12 3.66788e-12 5.21848e-12 7.30198e-12 1.00355e-11 1.35297e-11 1.78704e-11 2.3096e-11 2.91724e-11 3.59704e-11 4.32526e-11 5.06741e-11 5.78029e-11 6.41568e-11 6.92537e-11 
1.73001e-11 1.86579e-11 1.95682e-11 1.99479e-11 1.97547e-11 1.89944e-11 1.77213e-11 1.60331e-11 1.40587e-11 1.19418e-11 9.82288e-12 7.82301e-12 6.03208e-12 4.50381e-12 3.25714e-12 2.28251e-12 1.55069e-12 1.02195e-12 6.53764e-13 4.06264e-13 2.45433e-13 1.44262e-13 8.2573e-14 4.60653e-14 2.50697e-14 1.33216e-14 6.91815e-15 3.51429e-15 1.74777e-15 8.51734e-16 4.07068e-16 1.90953e-16 8.79895e-17 3.98574e-17 1.77616e-17 7.7921e-18 3.36761e-18 1.43471e-18 6.02902e-19 2.5005e-19 1.02411e-19 4.14416e-20 1.65774e-20 6.55839e-21 2.56729e-21 9.9481e-22 3.81751e-22 1.45153e-22 5.47691e-23 2.06999e-23 8.38907e-24 5.21952e-24 8.21096e-24 2.15235e-23 6.20909e-23 1.80813e-22 5.25372e-22 1.52088e-21 4.3854e-21 1.25946e-20 3.6024e-20 1.02617e-19 2.91103e-19 8.22353e-19 2.31335e-18 6.4802e-18 1.80755e-17 5.02044e-17 1.3885e-16 3.82386e-16 1.04863e-15 2.86365e-15 7.78773e-15 2.10921e-14 5.68953e-14 1.52868e-13 4.09153e-13 1.09101e-12 2.89872e-12 7.67505e-12 2.02546e-11 5.32861e-11 1.39778e-10 3.65669e-10 9.54258e-10 2.48472e-09 6.45704e-09 1.67515e-08 4.33973e-08 1.12301e-07 2.90369e-07 7.50397e-07 1.93884e-06 5.00997e-06 1.2951e-05 3.35024e-05 8.6751e-05 0.000224909 0.000583919 0.00151813 0.00395082 0.0102754 0.0265876 0.0676239 0.16403 0.354614 0.613918 0.818613 0.925599 0.971291 0.989212 0.995997 0.998525 0.99946 0.999803 0.999928 0.999974 0.999991 0.999997 0.999999 1 1 1 1 1 1 1 1 1 1 1 1 1 1 1 1 1 1 1 1 1 1 1 1 1 1 1 1 1 0.999999 0.999998 0.999993 0.99998 0.999939 0.999813 0.999434 0.998294 0.994877 0.984747 0.95541 0.875522 0.691292 0.40718 0.178633 0.0673604 0.024007 0.00841166 0.00293988 0.00103027 0.000362758 0.000128441 4.57537e-05 1.64042e-05 5.92164e-06 2.153e-06 7.88732e-07 2.91256e-07 1.08462e-07 4.07515e-08 1.54563e-08 5.9212e-09 2.29262e-09 8.97775e-10 3.55828e-10 1.42858e-10 5.8149e-11 2.40201e-11 1.008e-11 4.30223e-12 1.86991e-12 8.28765e-13 3.75117e-13 1.73668e-13 8.23842e-14 4.01181e-14 2.0094e-14 1.03736e-14 5.53187e-15 3.054e-15 1.74946e-15 1.04219e-15 6.47038e-16 4.19477e-16 2.84482e-16 2.02135e-16 1.50684e-16 1.18004e-16 9.72058e-17 8.43358e-17 7.71446e-17 7.44321e-17 7.57069e-17 8.10386e-17 9.10435e-17 1.06988e-16 1.31027e-16 1.66622e-16 2.19225e-16 2.97387e-16 4.14518e-16 5.91689e-16 8.62079e-16 1.27799e-15 1.92184e-15 2.92337e-15 4.48607e-15 6.92762e-15 1.07408e-14 1.66834e-14 2.59097e-14 4.0156e-14 6.1999e-14 9.52004e-14 1.45152e-13 2.19422e-13 3.28381e-13 4.8585e-13 7.09681e-13 1.02207e-12 1.44942e-12 2.02137e-12 2.76879e-12 3.72041e-12 4.898e-12 6.31038e-12 7.947e-12 9.77227e-12 1.17222e-11 1.37052e-11 1.56069e-11 1.73001e-11 1.86579e-11 
4.6658e-12 5.02768e-12 5.27049e-12 5.37239e-12 5.32223e-12 5.12147e-12 4.78435e-12 4.33646e-12 3.81158e-12 3.24743e-12 2.68102e-12 2.14441e-12 1.6617e-12 1.24764e-12 9.07889e-13 6.40537e-13 4.38358e-13 2.9116e-13 1.87812e-13 1.17734e-13 7.17787e-14 4.25931e-14 2.462e-14 1.38742e-14 7.62909e-15 4.0969e-15 2.15047e-15 1.10428e-15 5.55223e-16 2.73562e-16 1.32191e-16 6.26973e-17 2.92101e-17 1.33775e-17 6.02687e-18 2.67287e-18 1.16768e-18 5.02806e-19 2.13538e-19 8.94945e-20 3.70344e-20 1.51401e-20 6.11768e-21 2.44447e-21 9.66318e-22 3.78083e-22 1.46491e-22 5.6274e-23 2.15784e-23 8.67397e-24 4.85773e-24 6.61429e-24 1.67199e-23 4.83531e-23 1.41992e-22 4.16388e-22 1.21671e-21 3.54159e-21 1.02681e-20 2.96506e-20 8.52728e-20 2.44229e-19 6.96587e-19 1.97845e-18 5.59539e-18 1.57572e-17 4.41835e-17 1.23357e-16 3.42916e-16 9.49142e-16 2.61575e-15 7.17783e-15 1.96126e-14 5.33627e-14 1.44587e-13 3.90155e-13 1.04858e-12 2.80713e-12 7.48643e-12 1.98928e-11 5.26735e-11 1.39007e-10 3.65687e-10 9.59181e-10 2.50903e-09 6.54676e-09 1.7044e-08 4.42852e-08 1.1487e-07 2.97535e-07 7.6981e-07 1.9901e-06 5.14214e-06 1.32839e-05 3.43202e-05 8.87042e-05 0.000229416 0.00059384 0.00153848 0.00398758 0.010324 0.0265811 0.0672596 0.162387 0.350215 0.607565 0.813621 0.922793 0.96994 0.988608 0.995737 0.998416 0.999415 0.999785 0.999921 0.999971 0.99999 0.999996 0.999999 1 1 1 1 1 1 1 1 1 1 1 1 1 1 1 1 1 1 1 1 1 1 1 1 1 1 1 1 1 1 0.999999 0.999995 0.999986 0.999956 0.999867 0.999594 0.998764 0.996256 0.988738 0.966599 0.90442 0.750993 0.479327 0.221544 0.08485 0.0301925 0.0104941 0.00362929 0.00125715 0.000437212 0.000152819 5.37114e-05 1.899e-05 6.75611e-06 2.4195e-06 8.72498e-07 3.16937e-07 1.16019e-07 4.28168e-08 1.59382e-08 5.98718e-09 2.27096e-09 8.70293e-10 3.37194e-10 1.32182e-10 5.24671e-11 2.1106e-11 8.61282e-12 3.5691e-12 1.50364e-12 6.44834e-13 2.81879e-13 1.25788e-13 5.73959e-14 2.68262e-14 1.28676e-14 6.34731e-15 3.22683e-15 1.69455e-15 9.21406e-16 5.20022e-16 3.05358e-16 1.86994e-16 1.19679e-16 8.02117e-17 5.63944e-17 4.16559e-17 3.23725e-17 2.65053e-17 2.28935e-17 2.08814e-17 2.01202e-17 2.04666e-17 2.19381e-17 2.47078e-17 2.91338e-17 3.58261e-17 4.57662e-17 6.05032e-17 8.24695e-17 1.15485e-16 1.65558e-16 2.42154e-16 3.60196e-16 5.43198e-16 8.28138e-16 1.27295e-15 1.96792e-15 3.05279e-15 4.74196e-15 7.36094e-15 1.13979e-14 1.75742e-14 2.69393e-14 4.09901e-14 6.18181e-14 9.22739e-14 1.36137e-13 1.98259e-13 2.84635e-13 4.02342e-13 5.59266e-13 7.63535e-13 1.02261e-12 1.34199e-12 1.72368e-12 2.16448e-12 2.65462e-12 3.1769e-12 3.70691e-12 4.21439e-12 4.6658e-12 5.02768e-12 
1.25856e-12 1.35505e-12 1.41985e-12 1.44721e-12 1.43419e-12 1.38117e-12 1.29187e-12 1.17299e-12 1.03341e-12 8.83015e-13 7.3157e-13 5.87573e-13 4.57482e-13 3.45335e-13 2.52793e-13 1.79515e-13 1.2372e-13 8.2796e-14 5.38358e-14 3.40336e-14 2.09328e-14 1.25358e-14 7.31508e-15 4.16273e-15 2.31199e-15 1.2543e-15 6.65246e-16 3.45217e-16 1.75422e-16 8.73598e-17 4.26693e-17 2.04564e-17 9.6334e-18 4.45944e-18 2.03065e-18 9.10201e-19 4.01853e-19 1.74862e-19 7.50376e-20 3.17736e-20 1.32829e-20 5.48512e-21 2.23851e-21 9.03271e-22 3.60548e-22 1.42434e-22 5.57445e-23 2.17217e-23 8.73162e-24 4.51569e-24 5.2942e-24 1.27375e-23 3.6832e-23 1.0903e-22 3.22664e-22 9.51713e-22 2.79653e-21 8.1855e-21 2.38645e-20 6.92971e-20 2.00405e-19 5.77174e-19 1.65535e-18 4.72753e-18 1.34438e-17 3.80661e-17 1.07316e-16 3.01226e-16 8.41807e-16 2.34217e-15 6.48801e-15 1.78934e-14 4.9133e-14 1.34327e-13 3.65666e-13 9.91196e-13 2.6756e-12 7.19297e-12 1.92604e-11 5.13743e-11 1.36524e-10 3.61514e-10 9.54042e-10 2.5097e-09 6.58229e-09 1.7216e-08 4.49154e-08 1.16916e-07 3.03729e-07 7.87693e-07 2.03991e-06 5.27691e-06 1.36393e-05 3.52359e-05 9.10088e-05 0.000235074 0.00060735 0.00156963 0.00405603 0.0104637 0.0268298 0.067578 0.162384 0.348873 0.604602 0.810771 0.920983 0.968993 0.988157 0.995534 0.998328 0.999377 0.999769 0.999915 0.999969 0.999988 0.999996 0.999998 0.999999 1 1 1 1 1 1 1 1 1 1 1 1 1 1 1 1 1 1 1 1 1 1 1 1 1 1 1 1 1 0.999999 0.999997 0.99999 0.99997 0.999907 0.999714 0.999123 0.997321 0.991865 0.975565 0.928576 0.805782 0.559109 0.277126 0.108935 0.038871 0.0134279 0.00460035 0.00157642 0.000541972 0.000187162 6.496e-05 2.26683e-05 7.95558e-06 2.80893e-06 9.98076e-07 3.57015e-07 1.28607e-07 4.66735e-08 1.7072e-08 6.29659e-09 2.34288e-09 8.7994e-10 3.33791e-10 1.27966e-10 4.96167e-11 1.9472e-11 7.74141e-12 3.12079e-12 1.27701e-12 5.31014e-13 2.24669e-13 9.68505e-14 4.26028e-14 1.91544e-14 8.81807e-15 4.1649e-15 2.02245e-15 1.012e-15 5.23057e-16 2.7995e-16 1.55559e-16 8.99744e-17 5.43066e-17 3.42875e-17 2.26941e-17 1.57771e-17 1.15402e-17 8.89515e-18 7.23566e-18 6.21976e-18 5.65557e-18 5.44145e-18 5.53545e-18 5.94184e-18 6.70929e-18 7.93898e-18 9.80375e-18 1.25821e-17 1.67144e-17 2.28928e-17 3.22058e-17 4.63669e-17 6.8077e-17 1.01594e-16 1.53625e-16 2.34705e-16 3.61322e-16 5.59122e-16 8.67711e-16 1.3477e-15 2.09082e-15 3.23416e-15 4.97962e-15 7.61956e-15 1.15693e-14 1.74062e-14 2.59133e-14 3.81231e-14 5.5353e-14 7.9221e-14 1.11623e-13 1.54656e-13 2.10458e-13 2.80965e-13 3.67568e-13 4.70704e-13 5.8943e-13 7.21062e-13 8.60979e-13 1.00268e-12 1.13816e-12 1.25856e-12 1.35505e-12 
3.39538e-13 3.65276e-13 3.82579e-13 3.8993e-13 3.86554e-13 3.72545e-13 3.48881e-13 3.1732e-13 2.80185e-13 2.40081e-13 1.99579e-13 1.60935e-13 1.25878e-13 9.55114e-14 7.03176e-14 5.02477e-14 3.48654e-14 2.35025e-14 1.54e-14 9.81488e-15 6.08831e-15 3.67846e-15 2.16628e-15 1.24444e-15 6.97888e-16 3.82379e-16 2.04855e-16 1.07395e-16 5.51387e-17 2.77457e-17 1.36942e-17 6.6344e-18 3.15724e-18 1.47692e-18 6.79598e-19 3.07803e-19 1.37309e-19 6.03656e-20 2.61699e-20 1.11939e-20 4.72665e-21 1.97128e-21 8.12409e-22 3.31009e-22 1.33402e-22 5.3225e-23 2.11022e-23 8.53241e-24 4.1676e-24 4.21856e-24 9.5218e-24 2.74377e-23 8.18317e-23 2.44375e-22 7.2755e-22 2.15813e-21 6.37733e-21 1.87723e-20 5.50406e-20 1.60734e-19 4.67481e-19 1.35402e-18 3.9054e-18 1.12166e-17 3.20769e-17 9.1335e-17 2.58927e-16 7.308e-16 2.05346e-15 5.74426e-15 1.59968e-14 4.43492e-14 1.22403e-13 3.36328e-13 9.20044e-13 2.50583e-12 6.79539e-12 1.83498e-11 4.93451e-11 1.32159e-10 3.52568e-10 9.37017e-10 2.4813e-09 6.54816e-09 1.72246e-08 4.51718e-08 1.18133e-07 3.08156e-07 8.0201e-07 2.08313e-06 5.40142e-06 1.39856e-05 3.61713e-05 9.34731e-05 0.000241416 0.00062329 0.0016087 0.004149 0.0106763 0.0272878 0.0684641 0.163761 0.350136 0.604622 0.809884 0.920122 0.968445 0.987865 0.995391 0.998262 0.999347 0.999756 0.999909 0.999966 0.999988 0.999995 0.999998 0.999999 1 1 1 1 1 1 1 1 1 1 1 1 1 1 1 1 1 1 1 1 1 1 1 1 1 1 1 1 1 0.999999 0.999998 0.999993 0.999979 0.999936 0.999802 0.99939 0.998122 0.994246 0.982523 0.947982 0.853354 0.641327 0.347121 0.142027 0.0511292 0.0175987 0.00598032 0.00202912 0.000690163 0.000235663 8.08366e-05 2.78652e-05 9.65568e-06 3.36428e-06 1.179e-06 4.15706e-07 1.47518e-07 5.27044e-08 1.8965e-08 6.87611e-09 2.51308e-09 9.26307e-10 3.44522e-10 1.29372e-10 4.90801e-11 1.88239e-11 7.30446e-12 2.87015e-12 1.14305e-12 4.6186e-13 1.89554e-13 7.91181e-14 3.36305e-14 1.45802e-14 6.45789e-15 2.92758e-15 1.36109e-15 6.50382e-16 3.20167e-16 1.6278e-16 8.5703e-17 4.68549e-17 2.66742e-17 1.58563e-17 9.86804e-18 6.44507e-18 4.42723e-18 3.20459e-18 2.44846e-18 1.97778e-18 1.69133e-18 1.53277e-18 1.47239e-18 1.49786e-18 1.61017e-18 1.823e-18 2.16496e-18 2.68504e-18 3.46232e-18 4.62199e-18 6.36118e-18 8.99013e-18 1.29976e-17 1.91543e-17 2.8675e-17 4.34721e-17 6.65469e-17 1.02589e-16 1.58879e-16 2.46636e-16 3.8298e-16 5.93743e-16 9.17398e-16 1.41038e-15 2.1541e-15 3.26364e-15 4.89829e-15 7.27294e-15 1.06694e-14 1.54452e-14 2.20366e-14 3.09515e-14 4.27465e-14 5.79843e-14 7.71666e-14 1.00644e-13 1.2851e-13 1.60488e-13 1.95844e-13 2.33336e-13 2.71234e-13 3.07415e-13 3.39538e-13 3.65276e-13 
9.16157e-14 9.84842e-14 1.03106e-13 1.05082e-13 1.04207e-13 1.00505e-13 9.42325e-14 8.58498e-14 7.59672e-14 6.52698e-14 5.4436e-14 4.40641e-14 3.46175e-14 2.63971e-14 1.95414e-14 1.40483e-14 9.8115e-15 6.66025e-15 4.39667e-15 2.82417e-15 1.76632e-15 1.07635e-15 6.39516e-16 3.70749e-16 2.09877e-16 1.16101e-16 6.28098e-17 3.3256e-17 1.72462e-17 8.7665e-18 4.37106e-18 2.13939e-18 1.02859e-18 4.86115e-19 2.25981e-19 1.03399e-19 4.65958e-20 2.06927e-20 9.06107e-21 3.91445e-21 1.66925e-21 7.02991e-22 2.9253e-22 1.20337e-22 4.89748e-23 1.97763e-23 8.07707e-24 3.7961e-24 3.34999e-24 6.99032e-24 1.9987e-23 6.00168e-23 1.80831e-22 5.43378e-22 1.62703e-21 4.85381e-21 1.44254e-20 4.27067e-20 1.25939e-19 3.69904e-19 1.08206e-18 3.15228e-18 9.14481e-18 2.64167e-17 7.59817e-17 2.17593e-16 6.20387e-16 1.76094e-15 4.97594e-15 1.39971e-14 3.91947e-14 1.09253e-13 3.03148e-13 8.37327e-13 2.3023e-12 6.30189e-12 1.71727e-11 4.65902e-11 1.25855e-10 3.38538e-10 9.06888e-10 2.41973e-09 6.43148e-09 1.70317e-08 4.4946e-08 1.18221e-07 3.10007e-07 8.10627e-07 2.11424e-06 5.5016e-06 1.42872e-05 3.70382e-05 9.58793e-05 0.000247906 0.000640359 0.00165253 0.00425872 0.0109428 0.027908 0.069805 0.166264 0.353553 0.607154 0.810701 0.920115 0.96827 0.987724 0.995308 0.998218 0.999327 0.999746 0.999905 0.999964 0.999987 0.999995 0.999998 0.999999 1 1 1 1 1 1 1 1 1 1 1 1 1 1 1 1 1 1 1 1 1 1 1 1 1 1 1 1 1 1 0.999999 0.999996 0.999986 0.999957 0.999866 0.999583 0.998708 0.996011 0.987763 0.963023 0.89262 0.719965 0.431575 0.18716 0.0685485 0.0235885 0.00796309 0.00267784 0.000901795 0.0003047 0.000103374 3.52284e-05 1.20627e-05 4.15122e-06 1.43616e-06 4.9962e-07 1.74831e-07 6.15565e-08 2.1815e-08 7.78429e-09 2.79794e-09 1.01344e-09 3.70085e-10 1.36324e-10 5.06813e-11 1.90282e-11 7.21963e-12 2.77027e-12 1.07591e-12 4.23323e-13 1.68907e-13 6.84199e-14 2.81719e-14 1.1807e-14 5.04444e-15 2.2007e-15 9.82177e-16 4.49348e-16 2.11207e-16 1.02241e-16 5.11056e-17 2.64516e-17 1.42184e-17 7.9609e-18 4.65685e-18 2.85428e-18 1.83799e-18 1.24649e-18 8.92188e-19 6.75267e-19 5.41356e-19 4.60373e-19 4.15704e-19 3.98629e-19 4.05516e-19 4.36575e-19 4.95648e-19 5.90828e-19 7.36009e-19 9.53658e-19 1.27939e-18 1.76935e-18 2.512e-18 3.64677e-18 5.39356e-18 8.09895e-18 1.23081e-17 1.88757e-17 2.91349e-17 4.51517e-17 7.01015e-17 1.08817e-16 1.68566e-16 2.60138e-16 3.99296e-16 6.0868e-16 9.20169e-16 1.37765e-15 2.04007e-15 2.98427e-15 4.3072e-15 6.12643e-15 8.57787e-15 1.18093e-14 1.59687e-14 2.11859e-14 2.75494e-14 3.50775e-14 4.36908e-14 5.31885e-14 6.32372e-14 7.33757e-14 8.30415e-14 9.16157e-14 9.84842e-14 
2.47238e-14 2.65575e-14 2.77927e-14 2.8324e-14 2.80974e-14 2.71189e-14 2.54557e-14 2.32285e-14 2.05976e-14 1.77434e-14 1.48448e-14 1.20608e-14 9.5154e-15 7.29058e-15 5.4258e-15 3.92333e-15 2.75738e-15 1.88443e-15 1.25293e-15 8.10927e-16 5.11219e-16 3.14111e-16 1.88237e-16 1.10097e-16 6.28937e-17 3.5117e-17 1.91789e-17 1.02529e-17 5.36913e-18 2.7562e-18 1.38797e-18 6.86135e-19 3.33198e-19 1.59054e-19 7.46826e-20 3.45142e-20 1.57088e-20 7.04544e-21 3.11558e-21 1.35915e-21 5.85226e-22 2.48841e-22 1.04541e-22 4.34228e-23 1.78736e-23 7.39636e-24 3.39454e-24 2.65102e-24 5.0449e-24 1.4237e-23 4.30033e-23 1.30702e-22 3.9636e-22 1.19793e-21 3.60758e-21 1.08244e-20 3.23565e-20 9.63511e-20 2.85797e-19 8.44368e-19 2.48455e-18 7.28077e-18 2.12465e-17 6.17377e-17 1.78623e-16 5.14546e-16 1.47565e-15 4.21304e-15 1.1974e-14 3.38761e-14 9.53998e-14 2.67418e-13 7.46129e-13 2.07213e-12 5.72796e-12 1.57606e-11 4.31668e-11 1.17693e-10 3.19448e-10 8.63249e-10 2.32273e-09 6.22359e-09 1.6608e-08 4.41469e-08 1.16912e-07 3.08519e-07 8.11445e-07 2.1276e-06 5.56261e-06 1.45058e-05 3.77393e-05 9.79835e-05 0.00025394 0.000657069 0.00169747 0.00437637 0.011242 0.0286396 0.0714811 0.169633 0.35866 0.611677 0.812908 0.920829 0.968419 0.98772 0.99528 0.998197 0.999314 0.99974 0.999902 0.999963 0.999986 0.999995 0.999998 0.999999 1 1 1 1 1 1 1 1 1 1 1 1 1 1 1 1 1 1 1 1 1 1 1 1 1 1 1 1 1 1 0.999999 0.999997 0.999991 0.999971 0.999911 0.99972 0.999128 0.997287 0.991604 0.974305 0.923581 0.789938 0.527054 0.247695 0.0933921 0.03228 0.0108468 0.003619 0.00120764 0.000404058 0.000135681 4.57466e-05 1.54912e-05 5.26986e-06 1.80138e-06 6.18884e-07 2.1376e-07 7.42465e-08 2.59413e-08 9.12044e-09 3.22775e-09 1.1503e-09 4.12978e-10 1.49432e-10 5.45228e-11 2.00706e-11 7.45847e-12 2.79981e-12 1.06246e-12 4.0789e-13 1.58566e-13 6.24794e-14 2.49804e-14 1.01467e-14 4.19276e-15 1.76514e-15 7.58388e-16 3.33154e-16 1.49946e-16 6.93035e-17 3.29754e-17 1.61965e-17 8.23617e-18 4.34959e-18 2.39326e-18 1.37646e-18 8.30135e-19 5.26562e-19 3.52246e-19 2.49106e-19 1.86632e-19 1.48408e-19 1.25447e-19 1.1283e-19 1.07987e-19 1.09844e-19 1.18439e-19 1.34849e-19 1.61366e-19 2.01931e-19 2.62929e-19 3.54498e-19 4.92636e-19 7.02568e-19 1.02408e-18 1.51991e-18 2.28893e-18 3.48649e-18 5.35588e-18 8.27594e-18 1.28325e-17 1.99239e-17 3.0913e-17 4.78436e-17 7.3738e-17 1.12996e-16 1.71909e-16 2.59298e-16 3.8725e-16 5.7191e-16 8.34225e-16 1.20047e-15 1.70229e-15 2.37606e-15 3.26097e-15 4.39591e-15 5.81453e-15 7.53899e-15 9.57265e-15 1.18927e-14 1.44444e-14 1.71382e-14 1.98513e-14 2.24344e-14 2.47238e-14 2.65575e-14 
6.67304e-15 7.16275e-15 7.49299e-15 7.63593e-15 7.5773e-15 7.31861e-15 6.87744e-15 6.28551e-15 5.58492e-15 4.82315e-15 4.04751e-15 3.30015e-15 2.61432e-15 2.0123e-15 1.50527e-15 1.09455e-15 7.73947e-16 5.3238e-16 3.56431e-16 2.32384e-16 1.47626e-16 9.14353e-17 5.52511e-17 3.25937e-17 1.87842e-17 1.05833e-17 5.83341e-18 3.14781e-18 1.66412e-18 8.62491e-19 4.38549e-19 2.18913e-19 1.0735e-19 5.17476e-20 2.45364e-20 1.14507e-20 5.26265e-21 2.38332e-21 1.06415e-21 4.68701e-22 2.03745e-22 8.74577e-23 3.7095e-23 1.55755e-23 6.54536e-24 2.96703e-24 2.08785e-24 3.58324e-24 9.91755e-24 3.00978e-23 9.22526e-23 2.82301e-22 8.61112e-22 2.6176e-21 7.92868e-21 2.39286e-20 7.19482e-20 2.15514e-19 6.43056e-19 1.91121e-18 5.65743e-18 1.66782e-17 4.8963e-17 1.43134e-16 4.16621e-16 1.20736e-15 3.48337e-15 1.00047e-14 2.86042e-14 8.14049e-14 2.30595e-13 6.50146e-13 1.82441e-12 5.09539e-12 1.41635e-11 3.9184e-11 1.07894e-10 2.95697e-10 8.06647e-10 2.19045e-09 5.92149e-09 1.59376e-08 4.27128e-08 1.13998e-07 3.03051e-07 8.02574e-07 2.11785e-06 5.56977e-06 1.46021e-05 3.81714e-05 9.95202e-05 0.000258845 0.000671739 0.00173939 0.00449183 0.0115492 0.0294244 0.0733594 0.173583 0.364959 0.617636 0.816152 0.922105 0.968833 0.987832 0.995302 0.998196 0.99931 0.999737 0.9999 0.999962 0.999986 0.999995 0.999998 0.999999 1 1 1 1 1 1 1 1 1 1 1 1 1 1 1 1 1 1 1 1 1 1 1 1 1 1 1 1 1 1 0.999999 0.999998 0.999994 0.999981 0.999941 0.999816 0.999421 0.998187 0.994348 0.982518 0.947009 0.848147 0.625723 0.326303 0.128767 0.0450064 0.0150933 0.00500267 0.00165554 0.000548904 0.000182564 6.09426e-05 2.04241e-05 6.87353e-06 2.3234e-06 7.88987e-07 2.69227e-07 9.23379e-08 3.18398e-08 1.10411e-08 3.85167e-09 1.35214e-09 4.7785e-10 1.70072e-10 6.0986e-11 2.20441e-11 8.03607e-12 2.9562e-12 1.09808e-12 4.12141e-13 1.56425e-13 6.00882e-14 2.33834e-14 9.22836e-15 3.69792e-15 1.50656e-15 6.24965e-16 2.64418e-16 1.14315e-16 5.06052e-17 2.29918e-17 1.07486e-17 5.18504e-18 2.58886e-18 1.34228e-18 7.252e-19 4.09714e-19 2.42901e-19 1.51619e-19 9.99496e-20 6.97744e-20 5.17049e-20 4.07542e-20 3.42238e-20 3.06497e-20 2.92719e-20 2.9771e-20 3.21508e-20 3.67134e-20 4.41074e-20 5.5452e-20 7.25627e-20 9.83257e-20 1.37301e-19 1.96684e-19 2.87827e-19 4.28632e-19 6.47289e-19 9.88068e-19 1.52018e-18 2.35124e-18 3.64726e-18 5.66217e-18 8.78013e-18 1.35753e-17 2.08937e-17 3.19621e-17 4.85279e-17 7.30293e-17 1.08792e-16 1.60237e-16 2.33068e-16 3.34399e-16 4.72751e-16 6.5784e-16 9.00069e-16 1.20964e-15 1.59528e-15 2.06253e-15 2.61187e-15 3.23683e-15 3.92248e-15 4.64478e-15 5.37098e-15 6.06151e-15 6.67304e-15 7.16275e-15 
1.80133e-15 1.93216e-15 2.02048e-15 2.05896e-15 2.0438e-15 1.97539e-15 1.85834e-15 1.70097e-15 1.51435e-15 1.31099e-15 1.10339e-15 9.02748e-16 7.17961e-16 5.5509e-16 4.17277e-16 3.05065e-16 2.16975e-16 1.50193e-16 1.0123e-16 6.64675e-17 4.25392e-17 2.65524e-17 1.61742e-17 9.62109e-18 5.59234e-18 3.17851e-18 1.7677e-18 9.62596e-19 5.13603e-19 2.6869e-19 1.37913e-19 6.94988e-20 3.44069e-20 1.67449e-20 8.01601e-21 3.77684e-21 1.75245e-21 8.01225e-22 3.61149e-22 1.60573e-22 7.04588e-23 3.05316e-23 1.30854e-23 5.59381e-24 2.52624e-24 1.63246e-24 2.50769e-24 6.7574e-24 2.05742e-23 6.35756e-23 1.96283e-22 6.04198e-22 1.85367e-21 5.66751e-21 1.72674e-20 5.24202e-20 1.58554e-19 4.77774e-19 1.43418e-18 4.28829e-18 1.27711e-17 3.78796e-17 1.11887e-16 3.29088e-16 9.63776e-16 2.8102e-15 8.15764e-15 2.35738e-14 6.78114e-14 1.94161e-13 5.53325e-13 1.56943e-12 4.43022e-12 1.24458e-11 3.47954e-11 9.68102e-11 2.68054e-10 7.38638e-10 2.02565e-09 5.52895e-09 1.50209e-08 4.06216e-08 1.09364e-07 2.93161e-07 7.82544e-07 2.08045e-06 5.50976e-06 1.45386e-05 3.82317e-05 0.000100215 0.000261905 0.000682534 0.00177365 0.00459361 0.0118367 0.030196 0.0752877 0.1778 0.371919 0.624451 0.820063 0.923771 0.969443 0.988035 0.995363 0.998212 0.999313 0.999737 0.999899 0.999962 0.999985 0.999994 0.999998 0.999999 1 1 1 1 1 1 1 1 1 1 1 1 1 1 1 1 1 1 1 1 1 1 1 1 1 1 1 1 1 1 1 0.999999 0.999996 0.999988 0.999962 0.99988 0.999622 0.99881 0.996264 0.988337 0.964111 0.893797 0.718146 0.423112 0.178655 0.0637638 0.0214211 0.00706463 0.00232067 0.000763013 0.000251526 8.31862e-05 2.76106e-05 9.19927e-06 3.0773e-06 1.03373e-06 3.48788e-07 1.18229e-07 4.02718e-08 1.3788e-08 4.7462e-09 1.64311e-09 5.7227e-10 2.00587e-10 7.07849e-11 2.51589e-11 9.01065e-12 3.25348e-12 1.18497e-12 4.35609e-13 1.61736e-13 6.06958e-14 2.30417e-14 8.85677e-15 3.45057e-15 1.36416e-15 5.47981e-16 2.23989e-16 9.33184e-17 3.97001e-17 1.72825e-17 7.71665e-18 3.54318e-18 1.67788e-18 8.22077e-19 4.1817e-19 2.21655e-19 1.22897e-19 7.15501e-20 4.39031e-20 2.84902e-20 1.96132e-20 1.43624e-20 1.12127e-20 9.34898e-21 8.3334e-21 7.9401e-21 8.07367e-21 8.73294e-21 1.00026e-20 1.20663e-20 1.52418e-20 2.00457e-20 2.73001e-20 3.8305e-20 5.51132e-20 8.09638e-20 1.20964e-19 1.83152e-19 2.80137e-19 4.31602e-19 6.68093e-19 1.03663e-18 1.60895e-18 2.49324e-18 3.85068e-18 5.91791e-18 9.03673e-18 1.3692e-17 2.05571e-17 3.05466e-17 4.48696e-17 6.50786e-17 9.30987e-17 1.31222e-16 1.82044e-16 2.48323e-16 3.32739e-16 4.37546e-16 5.64131e-16 7.12514e-16 8.80866e-16 1.06513e-15 1.25884e-15 1.45327e-15 1.63792e-15 1.80133e-15 1.93216e-15 
4.86316e-16 5.21282e-16 5.44915e-16 5.55273e-16 5.51358e-16 5.33266e-16 5.02201e-16 4.6035e-16 4.10625e-16 3.56323e-16 3.00749e-16 2.46877e-16 1.97091e-16 1.53034e-16 1.15589e-16 8.49472e-17 6.07606e-17 4.23155e-17 2.87056e-17 1.89774e-17 1.22331e-17 7.69321e-18 4.72291e-18 2.8321e-18 1.65989e-18 9.51485e-19 5.33776e-19 2.93249e-19 1.57877e-19 8.33474e-20 4.31753e-20 2.19596e-20 1.09732e-20 5.39047e-21 2.60474e-21 1.2388e-21 5.80199e-22 2.67753e-22 1.21816e-22 5.46653e-23 2.42116e-23 1.05977e-23 4.61471e-24 2.08985e-24 1.26308e-24 1.73105e-24 4.5047e-24 1.37353e-23 4.27718e-23 1.33208e-22 4.13723e-22 1.28089e-21 3.95256e-21 1.21556e-20 3.72536e-20 1.13768e-19 3.46178e-19 1.04946e-18 3.16947e-18 9.53508e-18 2.85721e-17 8.52717e-17 2.5344e-16 7.50097e-16 2.21053e-15 6.48601e-15 1.89464e-14 5.5095e-14 1.59479e-13 4.59482e-13 1.3176e-12 3.76029e-12 1.06798e-11 3.01849e-11 8.48961e-11 2.376e-10 6.61704e-10 1.83375e-09 5.05686e-09 1.38772e-08 3.78991e-08 1.03012e-07 2.78686e-07 7.50521e-07 2.01226e-06 5.37214e-06 1.42832e-05 3.78265e-05 9.98044e-05 0.000262401 0.000687541 0.00179528 0.00466907 0.0120728 0.0308783 0.0770926 0.181927 0.378961 0.631528 0.82427 0.925651 0.970177 0.988301 0.995454 0.998242 0.999322 0.999739 0.9999 0.999962 0.999985 0.999994 0.999998 0.999999 1 1 1 1 1 1 1 1 1 1 1 1 1 1 1 1 1 1 1 1 1 1 1 1 1 1 1 1 1 1 1 0.999999 0.999998 0.999992 0.999976 0.999924 0.999757 0.999231 0.997572 0.992361 0.976209 0.927862 0.797259 0.532855 0.247441 0.0914744 0.0309517 0.0101786 0.00332245 0.00108408 0.000354427 0.000116208 3.82253e-05 1.26174e-05 4.17995e-06 1.39006e-06 4.64128e-07 1.55621e-07 5.24103e-08 1.77329e-08 6.02929e-09 2.06057e-09 7.08058e-10 2.44706e-10 8.50863e-11 2.97765e-11 1.0492e-11 3.72395e-12 1.33204e-12 4.80423e-13 1.74815e-13 6.42186e-14 2.3833e-14 8.9429e-15 3.39584e-15 1.30623e-15 5.09549e-16 2.01835e-16 8.12965e-17 3.33517e-17 1.39615e-17 5.9761e-18 2.62177e-18 1.18198e-18 5.49236e-19 2.63917e-19 1.31617e-19 6.83886e-20 3.71767e-20 2.12322e-20 1.27922e-20 8.16236e-21 5.53513e-21 4.00138e-21 3.09149e-21 2.5576e-21 2.26805e-21 2.15536e-21 2.19091e-21 2.37364e-21 2.72725e-21 3.30375e-21 4.19344e-21 5.54332e-21 7.58764e-21 1.06971e-20 1.54575e-20 2.2793e-20 3.41606e-20 5.18514e-20 7.94552e-20 1.22568e-19 1.89855e-19 2.94628e-19 4.57132e-19 7.07819e-19 1.0919e-18 1.6755e-18 2.5538e-18 3.86117e-18 5.78354e-18 8.57209e-18 1.25574e-17 1.81617e-17 2.59055e-17 3.64051e-17 5.03538e-17 6.84824e-17 9.14942e-17 1.19972e-16 1.54261e-16 1.9434e-16 2.39693e-16 2.89217e-16 3.41178e-16 3.93249e-16 4.4264e-16 4.86316e-16 5.21282e-16 
1.31311e-16 1.40659e-16 1.46984e-16 1.49774e-16 1.48764e-16 1.43978e-16 1.35731e-16 1.24598e-16 1.11346e-16 9.68424e-17 8.19627e-17 6.74971e-17 5.40835e-17 4.21681e-17 3.19968e-17 2.36334e-17 1.6997e-17 1.19069e-17 8.12801e-18 5.40913e-18 3.51112e-18 2.2242e-18 1.3758e-18 8.31475e-19 4.91264e-19 2.83938e-19 1.60638e-19 8.90148e-20 4.8344e-20 2.57491e-20 1.34584e-20 6.90724e-21 3.48305e-21 1.7267e-21 8.42033e-22 4.0415e-22 1.91028e-22 8.89665e-23 4.08471e-23 1.84994e-23 8.274e-24 3.67385e-24 1.67656e-24 9.63595e-25 1.17963e-24 2.93916e-24 8.95526e-24 2.80894e-23 8.82268e-23 2.76435e-22 8.6352e-22 2.68893e-21 8.34595e-21 2.58183e-20 7.95974e-20 2.44543e-19 7.48615e-19 2.28336e-18 6.93847e-18 2.10034e-17 6.33309e-17 1.90197e-16 5.6887e-16 1.69437e-15 5.02518e-15 1.4839e-14 4.36247e-14 1.27673e-13 3.71937e-13 1.07848e-12 3.11239e-12 8.93901e-12 2.55488e-11 7.26631e-11 2.05637e-10 5.79052e-10 1.62238e-09 4.52272e-09 1.25447e-08 3.46214e-08 9.50745e-08 2.59802e-07 7.06495e-07 1.91208e-06 5.15089e-06 1.38132e-05 3.68815e-05 9.80608e-05 0.00025967 0.00068491 0.00179926 0.00470495 0.0122237 0.0313876 0.0785798 0.185567 0.385465 0.638265 0.828408 0.927575 0.970962 0.988601 0.995564 0.998281 0.999335 0.999743 0.999901 0.999962 0.999985 0.999994 0.999998 0.999999 1 1 1 1 1 1 1 1 1 1 1 1 1 1 1 1 1 1 1 1 1 1 1 1 1 1 1 1 1 1 1 1 0.999999 0.999995 0.999985 0.999952 0.999847 0.999511 0.998447 0.995082 0.984534 0.952234 0.859891 0.643796 0.338273 0.132205 0.0454242 0.0149406 0.0048525 0.00157252 0.000510222 0.000165949 5.41316e-05 1.7713e-05 5.81532e-06 1.91588e-06 6.33502e-07 2.10275e-07 7.00758e-08 2.34518e-08 7.88321e-09 2.66226e-09 9.035e-10 3.08214e-10 1.05719e-10 3.64723e-11 1.26601e-11 4.42326e-12 1.55617e-12 5.51539e-13 1.97024e-13 7.09788e-14 2.58029e-14 9.47187e-15 3.51368e-15 1.31831e-15 5.00752e-16 1.92773e-16 7.53046e-17 2.9892e-17 1.20763e-17 4.9744e-18 2.09349e-18 9.02275e-19 3.99303e-19 1.82e-19 8.57269e-20 4.18868e-20 2.13178e-20 1.13508e-20 6.35216e-21 3.75331e-21 2.35184e-21 1.56908e-21 1.11852e-21 8.54395e-22 7.00825e-22 6.17965e-22 5.85549e-22 5.94941e-22 6.45609e-22 7.44176e-22 9.05367e-22 1.15485e-21 1.53449e-21 2.11103e-21 2.99024e-21 4.33922e-21 6.42171e-21 9.65324e-21 1.46867e-20 2.25438e-20 3.48145e-20 5.3956e-20 8.37333e-20 1.29858e-19 2.00894e-19 3.09511e-19 4.74179e-19 7.21369e-19 1.08831e-18 1.62627e-18 2.40422e-18 3.51245e-18 5.06571e-18 7.20472e-18 1.0095e-17 1.39217e-17 1.88785e-17 2.51497e-17 3.2886e-17 4.21731e-17 5.2998e-17 6.52166e-17 7.85289e-17 9.24695e-17 1.06418e-16 1.19633e-16 1.31311e-16 1.40659e-16 
3.54596e-17 3.79597e-17 3.96533e-17 4.0405e-17 4.01447e-17 3.88783e-17 3.66885e-17 3.37263e-17 3.01933e-17 2.63187e-17 2.23341e-17 1.84495e-17 1.48356e-17 1.16135e-17 8.8514e-18 6.56972e-18 4.74993e-18 3.34642e-18 2.29823e-18 1.53928e-18 1.00592e-18 6.41727e-19 3.99865e-19 2.435e-19 1.44997e-19 8.44799e-20 4.81885e-20 2.69274e-20 1.47493e-20 7.92394e-21 4.17797e-21 2.16323e-21 1.10056e-21 5.50484e-22 2.7086e-22 1.31176e-22 6.25614e-23 2.93991e-23 1.36204e-23 6.22754e-24 2.82207e-24 1.30255e-24 7.22222e-25 7.93915e-25 1.87778e-24 5.70246e-24 1.80063e-23 5.70251e-23 1.80213e-22 5.67895e-22 1.78418e-21 5.58805e-21 1.74461e-20 5.429e-20 1.68379e-19 5.20434e-19 1.60294e-18 4.91933e-18 1.50415e-17 4.58182e-17 1.39029e-16 4.20196e-16 1.26486e-15 3.79169e-15 1.13184e-14 3.36404e-14 9.95454e-14 2.93242e-13 8.59883e-13 2.50972e-12 7.29032e-12 2.10753e-11 6.0628e-11 1.73548e-10 4.94297e-10 1.40074e-09 3.94921e-09 1.10774e-08 3.09122e-08 8.58203e-08 2.37042e-07 6.51401e-07 1.78108e-06 4.84579e-06 1.31199e-05 3.53532e-05 9.48233e-05 0.000253187 0.000673031 0.00178094 0.00468834 0.0122547 0.0316356 0.0795395 0.188288 0.390771 0.644062 0.832129 0.929379 0.97173 0.988907 0.995682 0.998324 0.999351 0.999749 0.999903 0.999963 0.999986 0.999994 0.999998 0.999999 1 1 1 1 1 1 1 1 1 1 1 1 1 1 1 1 1 1 1 1 1 1 1 1 1 1 1 1 1 1 1 1 0.999999 0.999997 0.999991 0.99997 0.999904 0.999694 0.999022 0.996884 0.990123 0.969069 0.906396 0.743269 0.449961 0.19112 0.0674991 0.0223053 0.00722111 0.00232627 0.000749557 0.000241984 7.83209e-05 2.54216e-05 8.2764e-06 2.70307e-06 8.85757e-07 2.91261e-07 9.61234e-08 3.18444e-08 1.05919e-08 3.53789e-09 1.18696e-09 4.00084e-10 1.3552e-10 4.61435e-11 1.57982e-11 5.44046e-12 1.88517e-12 6.57545e-13 2.30965e-13 8.17376e-14 2.91595e-14 1.04924e-14 3.81053e-15 1.39776e-15 5.18284e-16 1.94443e-16 7.38851e-17 2.84691e-17 1.11386e-17 4.43191e-18 1.79647e-18 7.43355e-19 3.1472e-19 1.36697e-19 6.10974e-20 2.81977e-20 1.34905e-20 6.71957e-21 3.50108e-21 1.91765e-21 1.1098e-21 6.81987e-22 4.47046e-22 3.1385e-22 2.36768e-22 1.92393e-22 1.68585e-22 1.5922e-22 1.61678e-22 1.75733e-22 2.03229e-22 2.4834e-22 3.18363e-22 4.25218e-22 5.87939e-22 8.36696e-22 1.21917e-21 1.81062e-21 2.72953e-21 4.16189e-21 6.39838e-21 9.89052e-21 1.53347e-20 2.37951e-20 3.68819e-20 5.70016e-20 8.77028e-20 1.34139e-19 2.03668e-19 3.06594e-19 4.57047e-19 6.73945e-19 9.81942e-19 1.4122e-18 2.00273e-18 2.798e-18 3.8474e-18 5.20221e-18 6.9108e-18 9.01205e-18 1.15272e-17 1.44508e-17 1.77428e-17 2.13216e-17 2.50624e-17 2.87997e-17 3.23365e-17 3.54596e-17 3.79597e-17 
9.57676e-18 1.02456e-17 1.06992e-17 1.09018e-17 1.08348e-17 1.04996e-17 9.91804e-18 9.12963e-18 8.18753e-18 7.15226e-18 6.08505e-18 5.04177e-18 4.06815e-18 3.19693e-18 2.44708e-18 1.82485e-18 1.32614e-18 9.39436e-19 6.48972e-19 4.37368e-19 2.87691e-19 1.8479e-19 1.15966e-19 7.11398e-20 4.26845e-20 2.50641e-20 1.44115e-20 8.11897e-21 4.48415e-21 2.42943e-21 1.2919e-21 6.74687e-22 3.4624e-22 1.74702e-22 8.67164e-23 4.23667e-23 2.03845e-23 9.66438e-24 4.51909e-24 2.09149e-24 9.79101e-25 5.3006e-25 5.2768e-25 1.1753e-24 3.54675e-24 1.12669e-23 3.59676e-23 1.14623e-22 3.64307e-22 1.15456e-21 3.64824e-21 1.14929e-20 3.60928e-20 1.12986e-19 3.52535e-19 1.09628e-18 3.39735e-18 1.04911e-17 3.22798e-17 9.89516e-17 3.02176e-16 9.19182e-16 2.78488e-15 8.40297e-15 2.52487e-14 7.55415e-14 2.25024e-13 6.6731e-13 1.9699e-12 5.78809e-12 1.69264e-11 4.92603e-11 1.42658e-10 4.11082e-10 1.1786e-09 3.36188e-09 9.54012e-09 2.69317e-08 7.56309e-08 2.11277e-07 5.87117e-07 1.62301e-06 4.46331e-06 1.22111e-05 3.3239e-05 9.00262e-05 0.000242636 0.000650754 0.00173657 0.00460792 0.0121338 0.0315355 0.0797571 0.189637 0.394189 0.648313 0.835092 0.930909 0.972416 0.989194 0.995797 0.998369 0.999368 0.999755 0.999905 0.999963 0.999986 0.999995 0.999998 0.999999 1 1 1 1 1 1 1 1 1 1 1 1 1 1 1 1 1 1 1 1 1 1 1 1 1 1 1 1 1 1 1 1 0.999999 0.999998 0.999994 0.999982 0.999941 0.999811 0.999393 0.998056 0.993795 0.98036 0.939216 0.823783 0.572788 0.273442 0.101106 0.0337983 0.0109344 0.00350565 0.00112253 0.000359912 0.000115651 3.7257e-05 1.20353e-05 3.89909e-06 1.26701e-06 4.1302e-07 1.35082e-07 4.43328e-08 1.46026e-08 4.82819e-09 1.60279e-09 5.34308e-10 1.78908e-10 6.01861e-11 2.03472e-11 6.91477e-12 2.36294e-12 8.12225e-13 2.80938e-13 9.78216e-14 3.43039e-14 1.21214e-14 4.31824e-15 1.55192e-15 5.63044e-16 2.06378e-16 7.64909e-17 2.86956e-17 1.09086e-17 4.2076e-18 1.64911e-18 6.57899e-19 2.6768e-19 1.11328e-19 4.7454e-20 2.0794e-20 9.39981e-21 4.40102e-21 2.14387e-21 1.092e-21 5.84736e-22 3.31012e-22 1.99199e-22 1.28107e-22 8.84559e-23 6.58276e-23 5.29413e-23 4.60711e-23 4.33538e-23 4.39899e-23 4.78897e-23 5.55667e-23 6.82022e-23 8.78721e-23 1.17972e-22 1.63931e-22 2.34355e-22 3.42853e-22 5.10892e-22 7.72252e-22 1.1799e-21 1.8165e-21 2.81022e-21 4.35826e-21 6.76131e-21 1.04729e-20 1.61688e-20 2.48421e-20 3.79297e-20 5.7475e-20 8.63283e-20 1.28381e-19 1.88818e-19 2.74366e-19 3.93484e-19 5.56435e-19 7.75156e-19 1.06282e-18 1.433e-18 1.89839e-18 2.46901e-18 3.15008e-18 3.9397e-18 4.82668e-18 5.78892e-18 6.7929e-18 7.79445e-18 8.74124e-18 9.57676e-18 1.02456e-17 
2.58672e-18 2.76569e-18 2.88722e-18 2.94184e-18 2.92463e-18 2.83592e-18 2.68141e-18 2.47152e-18 2.22025e-18 1.94357e-18 1.6577e-18 1.37749e-18 1.11518e-18 8.79644e-19 6.76124e-19 5.06508e-19 3.6991e-19 2.63442e-19 1.83025e-19 1.24092e-19 8.21434e-20 5.31133e-20 3.35621e-20 2.07366e-20 1.25343e-20 7.4161e-21 4.29743e-21 2.44031e-21 1.35873e-21 7.42201e-22 3.97974e-22 2.09593e-22 1.08475e-22 5.5202e-23 2.76364e-23 1.36189e-23 6.60972e-24 3.16209e-24 1.49551e-24 7.11607e-25 3.79856e-25 3.46164e-25 7.21046e-25 2.155e-24 6.88163e-24 2.21379e-23 7.11278e-23 2.27961e-22 7.28618e-22 2.3223e-21 7.38045e-21 2.33861e-20 7.38774e-20 2.32652e-19 7.30313e-19 2.28497e-18 7.12499e-18 2.21402e-17 6.85537e-17 2.11492e-16 6.50025e-16 1.9902e-15 6.06945e-15 1.84352e-14 5.57635e-14 1.67961e-13 5.03714e-13 1.50394e-12 4.46997e-12 1.32241e-11 3.89377e-11 1.14098e-10 3.32699e-10 9.65276e-10 2.78641e-09 8.00205e-09 2.28607e-08 6.49663e-08 1.83644e-07 5.16344e-07 1.44401e-06 4.01666e-06 1.11131e-05 3.05834e-05 8.37221e-05 0.000227988 0.000617589 0.00166388 0.00445545 0.0118343 0.0310103 0.079029 0.189163 0.395011 0.650405 0.836963 0.932015 0.972959 0.989436 0.995899 0.998411 0.999385 0.999762 0.999908 0.999964 0.999986 0.999995 0.999998 0.999999 1 1 1 1 1 1 1 1 1 1 1 1 1 1 1 1 1 1 1 1 1 1 1 1 1 1 1 1 1 1 1 1 1 0.999999 0.999997 0.999989 0.999964 0.999885 0.999628 0.998804 0.996161 0.987747 0.961457 0.883796 0.689899 0.381536 0.151659 0.0518332 0.0168216 0.0053755 0.00171191 0.000545446 0.000174099 5.56958e-05 1.78618e-05 5.74343e-06 1.85187e-06 5.98825e-07 1.9422e-07 6.31903e-08 2.0627e-08 6.7564e-09 2.22108e-09 7.32923e-10 2.4282e-10 8.07854e-11 2.69962e-11 9.06365e-12 3.05808e-12 1.03722e-12 3.53754e-13 1.21367e-13 4.19019e-14 1.45641e-14 5.0987e-15 1.79881e-15 6.39902e-16 2.29683e-16 8.32437e-17 3.04887e-17 1.12954e-17 4.23746e-18 1.61171e-18 6.22381e-19 2.44416e-19 9.77979e-20 3.99594e-20 1.67154e-20 7.18018e-21 3.17829e-21 1.45566e-21 6.93034e-22 3.44799e-22 1.80307e-22 9.97187e-23 5.86946e-23 3.69928e-23 2.51019e-23 1.84202e-23 1.46621e-23 1.26742e-23 1.18854e-23 1.205e-23 1.31341e-23 1.52799e-23 1.88219e-23 2.43507e-23 3.28341e-23 4.58203e-23 6.57657e-23 9.65534e-23 1.44307e-22 2.18655e-22 3.34678e-22 5.1587e-22 7.98591e-22 1.23866e-21 1.92097e-21 2.97318e-21 4.58492e-21 7.03389e-21 1.07204e-20 1.62116e-20 2.42953e-20 3.60421e-20 5.28727e-20 7.6621e-20 1.09582e-19 1.54525e-19 2.14653e-19 2.93478e-19 3.94595e-19 5.21327e-19 6.7626e-19 8.60672e-19 1.07393e-18 1.31292e-18 1.57167e-18 1.84117e-18 2.10963e-18 2.36315e-18 2.58672e-18 2.76569e-18 
6.98758e-19 7.46661e-19 7.7923e-19 7.93959e-19 7.89541e-19 7.66058e-19 7.25002e-19 6.69114e-19 6.02083e-19 5.28125e-19 4.51536e-19 3.7627e-19 3.05604e-19 2.41933e-19 1.86708e-19 1.40488e-19 1.03093e-19 7.38004e-20 5.15553e-20 3.51592e-20 2.34172e-20 1.52391e-20 9.69425e-21 6.03141e-21 3.67195e-21 2.18865e-21 1.2779e-21 7.3129e-22 4.10391e-22 2.25975e-22 1.22156e-22 6.48636e-23 3.38494e-23 1.73699e-23 8.76937e-24 4.3582e-24 2.13382e-24 1.03183e-24 4.99867e-25 2.65179e-25 2.23888e-25 4.33828e-25 1.27935e-24 4.10318e-24 1.32973e-23 4.3063e-23 1.3914e-22 4.4842e-22 1.44132e-21 4.62006e-21 1.47677e-20 4.70676e-20 1.49569e-19 4.73845e-19 1.49648e-18 4.71094e-18 1.47812e-17 4.62205e-17 1.44028e-16 4.47199e-16 1.38343e-15 4.26359e-15 1.30891e-14 4.00235e-14 1.21884e-13 3.69626e-13 1.11613e-12 3.3555e-12 1.00426e-11 2.99179e-11 8.87103e-11 2.61774e-10 7.68685e-10 2.24593e-09 6.52877e-09 1.88806e-08 5.43149e-08 1.5542e-07 4.4234e-07 1.25211e-06 3.52496e-06 9.86909e-06 2.74795e-05 7.60936e-05 0.000209553 0.000573884 0.00156259 0.0042273 0.0113401 0.0300023 0.0771835 0.186446 0.392532 0.649699 0.837394 0.932547 0.973297 0.989611 0.99598 0.998447 0.9994 0.999768 0.99991 0.999965 0.999987 0.999995 0.999998 0.999999 1 1 1 1 1 1 1 1 1 1 1 1 1 1 1 1 1 1 1 1 1 1 1 1 1 1 1 1 1 1 1 1 1 0.999999 0.999998 0.999993 0.999979 0.999931 0.999775 0.999274 0.997658 0.992475 0.976047 0.925792 0.787729 0.509714 0.225595 0.0801342 0.0262423 0.00837671 0.0026558 0.000841411 0.000266914 8.48369e-05 2.70251e-05 8.6295e-06 2.76244e-06 8.86615e-07 2.85341e-07 9.20942e-08 2.98122e-08 9.68079e-09 3.15388e-09 1.03102e-09 3.38258e-10 1.11396e-10 3.68313e-11 1.22288e-11 4.07822e-12 1.36643e-12 4.60102e-13 1.5574e-13 5.30117e-14 1.8152e-14 6.25509e-15 2.17015e-15 7.58419e-16 2.67133e-16 9.48884e-17 3.40146e-17 1.23147e-17 4.50688e-18 1.66901e-18 6.26156e-19 2.38303e-19 9.21463e-20 3.62677e-20 1.45607e-20 5.97801e-21 2.51725e-21 1.09096e-21 4.88641e-22 2.27287e-22 1.10411e-22 5.63798e-23 3.04851e-23 1.75925e-23 1.09216e-23 7.34517e-24 5.37766e-24 4.29353e-24 3.73192e-24 3.51574e-24 3.56831e-24 3.87679e-24 4.4801e-24 5.47284e-24 7.02312e-24 9.40706e-24 1.30668e-23 1.87038e-23 2.74268e-23 4.09829e-23 6.21164e-23 9.51196e-23 1.46668e-22 2.27072e-22 3.52122e-22 5.45767e-22 8.4392e-22 1.29975e-21 1.99086e-21 3.0287e-21 4.57054e-21 6.83394e-21 1.01134e-20 1.47977e-20 2.13867e-20 3.05024e-20 4.28921e-20 5.94149e-20 8.10069e-20 1.08619e-19 1.43122e-19 1.85183e-19 2.35111e-19 2.92706e-19 3.57106e-19 4.2669e-19 4.99042e-19 5.71017e-19 6.38914e-19 6.98758e-19 7.46661e-19 
1.88775e-19 2.016e-19 2.10331e-19 2.14304e-19 2.13172e-19 2.06955e-19 1.96043e-19 1.81158e-19 1.63273e-19 1.435e-19 1.22979e-19 1.0276e-19 8.37224e-20 6.65127e-20 5.15307e-20 3.89404e-20 2.87083e-20 2.06542e-20 1.45057e-20 9.94861e-21 6.66573e-21 4.36498e-21 2.79489e-21 1.75066e-21 1.07327e-21 6.44329e-22 3.78987e-22 2.18519e-22 1.23575e-22 6.85778e-23 3.73661e-23 2.00006e-23 1.05222e-23 5.44374e-24 2.7711e-24 1.38897e-24 6.87006e-25 3.3929e-25 1.80004e-25 1.4255e-25 2.56105e-25 7.42265e-25 2.38857e-24 7.79509e-24 2.54386e-23 8.28448e-23 2.69147e-22 8.72213e-22 2.81923e-21 9.08829e-21 2.92177e-20 9.36677e-20 2.99418e-19 9.54282e-19 3.03214e-18 9.60416e-18 3.03227e-17 9.54192e-17 2.99242e-16 9.35164e-16 2.91198e-15 9.034e-15 2.79203e-14 8.59532e-14 2.63548e-13 8.04764e-13 2.44703e-12 7.40838e-12 2.23293e-11 6.69953e-11 2.00071e-10 5.94632e-10 1.75869e-09 5.17559e-09 1.51537e-08 4.4139e-08 1.27889e-07 3.68563e-07 1.0564e-06 3.0113e-06 8.53619e-06 2.40624e-05 6.74471e-05 0.000187982 0.000520909 0.00143481 0.00392564 0.0106481 0.0284836 0.074104 0.18114 0.386072 0.645511 0.836008 0.932343 0.973368 0.989693 0.99603 0.998472 0.999411 0.999773 0.999912 0.999966 0.999987 0.999995 0.999998 0.999999 1 1 1 1 1 1 1 1 1 1 1 1 1 1 1 1 1 1 1 1 1 1 1 1 1 1 1 1 1 1 1 1 1 1 0.999999 0.999996 0.999987 0.999959 0.999866 0.999565 0.99859 0.995445 0.985371 0.953819 0.861422 0.640438 0.327955 0.124132 0.0414072 0.0132468 0.00418666 0.00131986 0.000416334 0.000131538 4.16412e-05 1.32109e-05 4.2008e-06 1.33896e-06 4.27839e-07 1.37063e-07 4.40284e-08 1.41832e-08 4.58246e-09 1.48514e-09 4.82883e-10 1.57541e-10 5.15821e-11 1.69526e-11 5.5936e-12 1.85337e-12 6.16807e-13 2.06237e-13 6.93003e-14 2.34094e-14 7.95204e-15 2.71747e-15 9.34602e-16 3.23643e-16 1.12903e-16 3.97007e-17 1.40806e-17 5.04072e-18 1.82296e-18 6.66634e-19 2.46775e-19 9.25908e-20 3.5264e-20 1.36567e-20 5.38885e-21 2.1719e-21 8.96695e-22 3.80587e-22 1.668e-22 7.59225e-23 3.61702e-23 1.82323e-23 9.86861e-24 5.84033e-24 3.84354e-24 2.83469e-24 2.32587e-24 2.08155e-24 1.98504e-24 1.97846e-24 2.03561e-24 2.15013e-24 2.33159e-24 2.60634e-24 3.02254e-24 3.65993e-24 4.64627e-24 6.18389e-24 8.59161e-24 1.23703e-23 1.83045e-23 2.76178e-23 4.22083e-23 6.49998e-23 1.00458e-22 1.55336e-22 2.3973e-22 3.68537e-22 5.63427e-22 8.55403e-22 1.28805e-21 1.9214e-21 2.83639e-21 4.1394e-21 5.96653e-21 8.48638e-21 1.19004e-20 1.64389e-20 2.23514e-20 2.98893e-20 3.92809e-20 5.06976e-20 6.42143e-20 7.97688e-20 9.71232e-20 1.15838e-19 1.35265e-19 1.54565e-19 1.72754e-19 1.88775e-19 2.016e-19 
5.10037e-20 5.44383e-20 5.67793e-20 5.7851e-20 5.75615e-20 5.59152e-20 5.30146e-20 4.90496e-20 4.42763e-20 3.89893e-20 3.34901e-20 2.80587e-20 2.29298e-20 1.82787e-20 1.4215e-20 1.07866e-20 7.98817e-21 5.77501e-21 4.07693e-21 2.81151e-21 1.89469e-21 1.24827e-21 8.04333e-22 5.07136e-22 3.13025e-22 1.8924e-22 1.1211e-22 6.51174e-23 3.71014e-23 2.07468e-23 1.1392e-23 6.14562e-24 3.25888e-24 1.69957e-24 8.72343e-25 4.41502e-25 2.22511e-25 1.18641e-25 8.91917e-26 1.48399e-25 4.20986e-25 1.35769e-24 4.46025e-24 1.46638e-23 4.81213e-23 1.57561e-22 5.14673e-22 1.67708e-21 5.45112e-21 1.76725e-20 5.71423e-20 1.8426e-19 5.925e-19 1.89973e-18 6.07302e-18 1.93549e-17 6.14915e-17 1.9473e-16 6.14622e-16 1.93329e-15 6.05977e-15 1.89253e-14 5.8886e-14 1.82523e-13 5.63522e-13 1.73279e-12 5.30607e-12 1.61786e-11 4.91139e-11 1.48425e-10 4.46481e-10 1.33672e-09 3.9826e-09 1.18069e-08 3.48254e-08 1.02189e-07 2.98272e-07 8.65928e-07 2.50018e-06 7.1787e-06 2.04962e-05 5.81865e-05 0.000164233 0.000460824 0.00128508 0.00355921 0.00977225 0.0264646 0.0697534 0.173016 0.37501 0.637087 0.832362 0.931215 0.973101 0.989656 0.99604 0.998484 0.999419 0.999777 0.999914 0.999967 0.999987 0.999995 0.999998 0.999999 1 1 1 1 1 1 1 1 1 1 1 1 1 1 1 1 1 1 1 1 1 1 1 1 1 1 1 1 1 1 1 1 1 1 0.999999 0.999998 0.999993 0.999976 0.999921 0.999742 0.999162 0.997279 0.991201 0.971857 0.912779 0.75391 0.457048 0.190918 0.0658435 0.0212215 0.00669877 0.00210321 0.000660061 0.000207394 6.52762e-05 2.05854e-05 6.50523e-06 2.06019e-06 6.53937e-07 2.08059e-07 6.63598e-08 2.12196e-08 6.80347e-09 2.18746e-09 7.05374e-10 2.28156e-10 7.40354e-11 2.41054e-11 7.87646e-12 2.58328e-12 8.50596e-13 2.81244e-13 9.34021e-14 3.11643e-14 1.04498e-14 3.52252e-15 1.1941e-15 4.07227e-16 1.39775e-16 4.83093e-17 1.68217e-17 5.90487e-18 2.09098e-18 7.47523e-19 2.70037e-19 9.86713e-20 3.65128e-20 1.37022e-20 5.22329e-21 2.02659e-21 8.02287e-22 3.25128e-22 1.3553e-22 5.85863e-23 2.66611e-23 1.31342e-23 7.32077e-24 4.83643e-24 3.83571e-24 3.51765e-24 3.52076e-24 3.67315e-24 3.88734e-24 4.11514e-24 4.32816e-24 4.50948e-24 4.65027e-24 4.7489e-24 4.81128e-24 4.85231e-24 4.89856e-24 4.99265e-24 5.20038e-24 5.62214e-24 6.41096e-24 7.80062e-24 1.0149e-23 1.40037e-23 2.02005e-23 3.0007e-23 4.53301e-23 6.90084e-23 1.05214e-22 1.59993e-22 2.41963e-22 3.63189e-22 5.4023e-22 7.95306e-22 1.15751e-21 1.66387e-21 2.36005e-21 3.30035e-21 4.54649e-21 6.16493e-21 8.2222e-21 1.0778e-20 1.38764e-20 1.75355e-20 2.17362e-20 2.64129e-20 3.14469e-20 3.6664e-20 4.18401e-20 4.67134e-20 5.10037e-20 5.44383e-20 
1.37815e-20 1.47014e-20 1.53293e-20 1.56185e-20 1.55445e-20 1.51086e-20 1.43374e-20 1.3281e-20 1.20069e-20 1.05929e-20 9.11914e-21 7.65996e-21 6.27827e-21 5.02135e-21 3.91939e-21 2.98608e-21 2.22108e-21 1.61329e-21 1.14466e-21 7.93591e-22 5.3782e-22 3.56422e-22 2.31081e-22 1.46631e-22 9.11064e-23 5.54548e-23 3.30831e-23 1.93537e-23 1.11078e-23 6.25774e-24 3.46215e-24 1.88207e-24 1.0058e-24 5.28764e-25 2.73918e-25 1.40994e-25 7.58499e-26 5.47382e-26 8.44236e-26 2.33475e-25 7.53683e-25 2.49137e-24 8.24942e-24 2.72723e-23 8.99724e-23 2.96164e-22 9.72653e-22 3.18683e-21 1.04161e-20 3.39602e-20 1.10438e-19 3.58194e-19 1.15861e-18 3.73717e-18 1.20198e-17 3.85444e-17 1.23226e-16 3.92714e-16 1.24751e-15 3.94973e-15 1.24623e-14 3.91829e-14 1.22748e-13 3.83093e-13 1.19102e-12 3.68816e-12 1.13744e-11 3.49317e-11 1.06816e-10 3.25178e-10 9.85425e-10 2.97228e-09 8.92211e-09 2.66503e-08 7.92031e-08 2.34173e-07 6.88706e-07 2.01459e-06 5.86074e-06 1.69545e-05 4.87688e-05 0.00013947 0.000396493 0.00112018 0.00314309 0.00874337 0.024 0.0641933 0.162014 0.358834 0.623569 0.825907 0.92893 0.972408 0.989469 0.995997 0.998478 0.99942 0.999778 0.999915 0.999967 0.999987 0.999995 0.999998 0.999999 1 1 1 1 1 1 1 1 1 1 1 1 1 1 1 1 1 1 1 1 1 1 1 1 1 1 1 1 1 1 1 1 1 1 1 0.999999 0.999996 0.999986 0.999954 0.999849 0.999507 0.998394 0.99478 0.983145 0.946628 0.840611 0.597278 0.287434 0.104921 0.0343589 0.0108643 0.00340113 0.00106265 0.000332206 0.000104002 3.26161e-05 1.02479e-05 3.22623e-06 1.01777e-06 3.21763e-07 1.01951e-07 3.23787e-08 1.03081e-08 3.29003e-09 1.05286e-09 3.37864e-10 1.08736e-10 3.51011e-11 1.13672e-11 3.69354e-12 1.20437e-12 3.94179e-13 1.29518e-13 4.27332e-14 1.41615e-14 4.71495e-15 1.5776e-15 5.30652e-16 1.79503e-16 6.10884e-17 2.09248e-17 7.2177e-18 2.50849e-18 8.78983e-19 3.10753e-19 1.10937e-19 4.00296e-20 1.46155e-20 5.40699e-21 2.03017e-21 7.7544e-22 3.02461e-22 1.21419e-22 5.10877e-23 2.34924e-23 1.27499e-23 8.83533e-24 7.78754e-24 7.99942e-24 8.79184e-24 9.85643e-24 1.10346e-23 1.22294e-23 1.33702e-23 1.43999e-23 1.52711e-23 1.59455e-23 1.63951e-23 1.66034e-23 1.65663e-23 1.62924e-23 1.58039e-23 1.51361e-23 1.43383e-23 1.34748e-23 1.26279e-23 1.19032e-23 1.144e-23 1.14272e-23 1.21298e-23 1.3928e-23 1.73742e-23 2.32746e-23 3.27999e-23 4.76344e-23 7.01669e-23 1.03729e-22 1.52874e-22 2.23691e-22 3.24119e-22 4.64221e-22 6.56355e-22 9.15134e-22 1.25709e-21 1.69993e-21 2.26121e-21 2.95658e-21 3.79735e-21 4.78777e-21 5.92221e-21 7.18259e-21 8.53673e-21 9.93795e-21 1.13264e-20 1.26323e-20 1.37815e-20 1.47014e-20 
3.7241e-21 3.97057e-21 4.139e-21 4.21704e-21 4.19821e-21 4.08274e-21 3.87767e-21 3.59616e-21 3.25602e-21 2.87783e-21 2.48281e-21 2.09077e-21 1.71856e-21 1.37892e-21 1.08015e-21 8.26164e-22 6.17121e-22 4.503e-22 3.21059e-22 2.23747e-22 1.52464e-22 1.01621e-22 6.62799e-23 4.23197e-23 2.64641e-23 1.62154e-23 9.73985e-24 5.73772e-24 3.31664e-24 1.88208e-24 1.04899e-24 5.74537e-25 3.09426e-25 1.64112e-25 8.63308e-26 4.70029e-26 3.28901e-26 4.71581e-26 1.26651e-25 4.08681e-25 1.35872e-24 4.52991e-24 1.50829e-23 5.01228e-23 1.66221e-22 5.50048e-22 1.81617e-21 5.98304e-21 1.9664e-20 6.44725e-20 2.10863e-19 6.87887e-19 2.23817e-18 7.26259e-18 2.35007e-17 7.58266e-17 2.43937e-16 7.82366e-16 2.50137e-15 7.97148e-15 2.53193e-14 8.01438e-14 2.52784e-13 7.94405e-13 2.48714e-12 7.75662e-12 2.4094e-11 7.45345e-11 2.29596e-10 7.04165e-10 2.14997e-09 6.53408e-09 1.97639e-08 5.94893e-08 1.78168e-07 5.3087e-07 1.57348e-06 4.63864e-06 1.35997e-05 3.96482e-05 0.000114926 0.000331164 0.000948372 0.00269747 0.00760831 0.0211889 0.0575966 0.148288 0.337225 0.603983 0.815935 0.925178 0.971176 0.989093 0.995889 0.998449 0.999413 0.999777 0.999915 0.999968 0.999988 0.999995 0.999998 0.999999 1 1 1 1 1 1 1 1 1 1 1 1 1 1 1 1 1 1 1 1 1 1 1 1 1 1 1 1 1 1 1 1 1 1 1 0.999999 0.999998 0.999992 0.999973 0.999913 0.999714 0.999063 0.996941 0.990055 0.96805 0.90096 0.724099 0.415282 0.166092 0.05603 0.0178313 0.0055755 0.0017356 0.000540121 0.000168263 5.24974e-05 1.64068e-05 5.13673e-06 1.61126e-06 5.06399e-07 1.59479e-07 5.03304e-08 1.59189e-08 5.04655e-09 1.60367e-09 5.10884e-10 1.63179e-10 5.2263e-11 1.67868e-11 5.40815e-12 1.74783e-12 5.66752e-13 1.84419e-13 6.0231e-14 1.97482e-14 6.50169e-15 2.14994e-15 7.1424e-16 2.38459e-16 8.00343e-17 2.70144e-17 9.17381e-18 3.13573e-18 1.07942e-18 3.74416e-19 1.30957e-19 4.62212e-20 1.64775e-20 5.93969e-21 2.16841e-21 8.03945e-22 3.04655e-22 1.2009e-22 5.16325e-23 2.6791e-23 1.87759e-23 1.75464e-23 1.92697e-23 2.24348e-23 2.63992e-23 3.08395e-23 3.55402e-23 4.0316e-23 4.49855e-23 4.93676e-23 5.32869e-23 5.65825e-23 5.91179e-23 6.0789e-23 6.15301e-23 6.1318e-23 6.01722e-23 5.81535e-23 5.536e-23 5.1921e-23 4.79895e-23 4.37351e-23 3.93355e-23 3.49714e-23 3.08229e-23 2.70716e-23 2.39074e-23 2.15437e-23 2.02399e-23 2.03354e-23 2.22931e-23 2.6756e-23 3.46156e-23 4.70904e-23 6.58122e-23 9.29113e-23 1.31088e-22 1.83653e-22 2.54513e-22 3.48071e-22 4.69019e-22 6.21986e-22 8.11048e-22 1.0391e-21 1.30712e-21 1.61344e-21 1.9531e-21 2.31739e-21 2.69376e-21 3.06623e-21 3.41626e-21 3.7241e-21 3.97057e-21 
1.00644e-21 1.07248e-21 1.11766e-21 1.13872e-21 1.13394e-21 1.10335e-21 1.04881e-21 9.73777e-22 8.82957e-22 7.81791e-22 6.75903e-22 5.70571e-22 4.70301e-22 3.78538e-22 2.97549e-22 2.28448e-22 1.71349e-22 1.25586e-22 8.99668e-23 6.30144e-23 4.31677e-23 2.89331e-23 1.8981e-23 1.21929e-23 7.67259e-24 4.73169e-24 2.86104e-24 1.69694e-24 9.87744e-25 5.64498e-25 3.1691e-25 1.74875e-25 9.49796e-26 5.10887e-26 2.82188e-26 1.93157e-26 2.58623e-26 6.72206e-26 2.16515e-25 7.23637e-25 2.42843e-24 8.14144e-24 2.7246e-23 9.10048e-23 3.03356e-22 1.00912e-21 3.34972e-21 1.10949e-20 3.66656e-20 1.20889e-19 3.97628e-19 1.30466e-18 4.26989e-18 1.3938e-17 4.5375e-17 1.47308e-16 4.76863e-16 1.53914e-15 4.95273e-15 1.58872e-14 5.07976e-14 1.61879e-13 5.14093e-13 1.62686e-12 5.1294e-12 1.61117e-11 5.04104e-11 1.57092e-10 4.8751e-10 1.50645e-09 4.63461e-09 1.41938e-08 4.32663e-08 1.31253e-07 3.96205e-07 1.18992e-06 3.55504e-06 1.05643e-05 3.12211e-05 9.17492e-05 0.000268057 0.000778405 0.00224539 0.00642498 0.0181677 0.0502449 0.132241 0.310174 0.577261 0.801506 0.919529 0.969247 0.988474 0.995698 0.998392 0.999397 0.999773 0.999914 0.999967 0.999988 0.999995 0.999998 0.999999 1 1 1 1 1 1 1 1 1 1 1 1 1 1 1 1 1 1 1 1 1 1 1 1 1 1 1 1 1 1 1 1 1 1 1 1 0.999999 0.999995 0.999985 0.99995 0.999835 0.999459 0.998228 0.994208 0.981206 0.940318 0.822505 0.561786 0.257633 0.0915424 0.0295514 0.00925392 0.00287311 0.000890556 0.000276186 8.57599e-05 2.66699e-05 8.30738e-06 2.59209e-06 8.10228e-07 2.53728e-07 7.96094e-08 2.50282e-08 7.88495e-09 2.48949e-09 7.87779e-10 2.49875e-10 7.94537e-11 2.53294e-11 8.09673e-12 2.59552e-12 8.34507e-13 2.69149e-13 8.7093e-14 2.828e-14 9.2165e-15 3.01532e-15 9.90565e-16 3.26832e-16 1.08337e-16 3.60893e-17 1.20857e-17 4.07031e-18 1.3792e-18 4.70414e-19 1.61593e-19 5.59401e-20 1.95306e-20 6.88403e-21 2.45409e-21 8.88738e-22 3.31361e-22 1.32587e-22 6.33056e-23 4.19574e-23 3.92552e-23 4.45978e-23 5.41047e-23 6.6301e-23 8.05354e-23 9.63899e-23 1.13458e-22 1.31269e-22 1.49267e-22 1.66833e-22 1.8331e-22 1.98048e-22 2.10444e-22 2.19983e-22 2.2627e-22 2.29058e-22 2.28255e-22 2.2393e-22 2.16308e-22 2.05748e-22 1.92724e-22 1.77787e-22 1.61539e-22 1.44588e-22 1.27516e-22 1.10851e-22 9.50429e-23 8.04547e-23 6.73593e-23 5.59511e-23 4.6365e-23 3.87024e-23 3.30625e-23 2.95768e-23 2.84452e-23 2.99708e-23 3.45919e-23 4.29075e-23 5.56906e-23 7.38857e-23 9.85806e-23 1.30948e-22 1.72149e-22 2.23201e-22 2.84807e-22 3.57162e-22 4.39759e-22 5.31215e-22 6.29165e-22 7.30234e-22 8.30149e-22 9.23965e-22 1.00644e-21 1.07248e-21 
2.7207e-22 2.89744e-22 3.01853e-22 3.07528e-22 3.06309e-22 2.98202e-22 2.83692e-22 2.6369e-22 2.39436e-22 2.1237e-22 1.83983e-22 1.55682e-22 1.28671e-22 1.0388e-22 8.19302e-23 6.31357e-23 4.75454e-23 3.49978e-23 2.51875e-23 1.77283e-23 1.22076e-23 8.22663e-24 5.42757e-24 3.50712e-24 2.22042e-24 1.37798e-24 8.38617e-25 5.00713e-25 2.93437e-25 1.68869e-25 9.54868e-26 5.31176e-26 2.92268e-26 1.64089e-26 1.10706e-26 1.39213e-26 3.49187e-26 1.121e-25 3.76449e-25 1.27124e-24 4.29008e-24 1.44545e-23 4.86136e-23 1.63192e-22 5.46771e-22 1.8283e-21 6.10105e-21 2.03164e-20 6.75071e-20 2.23812e-19 7.4032e-19 2.44302e-18 8.04221e-18 2.64077e-17 8.64889e-17 2.82506e-16 9.20232e-16 2.98903e-15 9.68025e-15 3.12555e-14 1.00602e-13 3.22763e-13 1.03208e-12 3.28884e-12 1.04431e-11 3.30383e-11 1.04126e-10 3.26888e-10 1.02207e-09 3.18235e-09 9.866e-09 3.0451e-08 9.35551e-08 2.86073e-07 8.70496e-07 2.63556e-06 7.93839e-06 2.37836e-05 7.08666e-05 0.000209963 0.000618395 0.00180963 0.00525514 0.0150951 0.0425069 0.114541 0.278125 0.542347 0.781375 0.91138 0.966397 0.987535 0.995397 0.998298 0.999368 0.999764 0.999912 0.999967 0.999987 0.999995 0.999998 0.999999 1 1 1 1 1 1 1 1 1 1 1 1 1 1 1 1 1 1 1 1 1 1 1 1 1 1 1 1 1 1 1 1 1 1 1 1 0.999999 0.999997 0.999991 0.999972 0.999906 0.999691 0.998984 0.996666 0.989104 0.964853 0.890997 0.699524 0.383698 0.148589 0.0492927 0.0155269 0.00481564 0.00148778 0.000459534 0.000142068 4.39789e-05 1.36342e-05 4.23339e-06 1.3166e-06 4.10155e-07 1.27998e-07 4.00176e-08 1.25348e-08 3.93405e-09 1.23723e-09 3.89934e-10 1.23168e-10 3.89955e-11 1.23762e-11 3.9379e-12 1.25632e-12 4.01931e-13 1.28967e-13 4.15093e-14 1.34038e-14 4.3431e-15 1.41237e-15 4.61069e-16 1.51131e-16 4.97533e-17 1.64549e-17 5.46903e-18 1.82734e-18 6.1403e-19 2.07595e-19 7.06522e-20 2.42217e-20 8.37392e-21 2.92699e-21 1.04294e-21 3.89802e-22 1.66869e-22 9.7395e-23 8.52464e-23 9.70295e-23 1.21288e-22 1.54226e-22 1.94623e-22 2.41975e-22 2.95777e-22 3.55227e-22 4.19113e-22 4.8579e-22 5.5323e-22 6.19113e-22 6.80971e-22 7.36346e-22 7.82957e-22 8.18851e-22 8.42537e-22 8.53069e-22 8.50101e-22 8.33894e-22 8.05292e-22 7.65654e-22 7.16761e-22 6.60699e-22 5.99724e-22 5.36115e-22 4.72043e-22 4.09448e-22 3.49952e-22 2.94808e-22 2.44879e-22 2.00662e-22 1.62327e-22 1.29784e-22 1.02749e-22 8.08195e-23 6.35329e-23 5.04277e-23 4.10859e-23 3.51648e-23 3.24176e-23 3.26997e-23 3.59639e-23 4.22418e-23 5.16131e-23 6.41635e-23 7.99322e-23 9.88546e-23 1.20704e-22 1.45042e-22 1.71186e-22 1.98199e-22 2.24917e-22 2.50009e-22 2.7207e-22 2.89744e-22 
7.3778e-23 7.84249e-23 8.16174e-23 8.31131e-23 8.27819e-23 8.062e-23 7.67511e-23 7.14132e-23 6.49323e-23 5.76885e-23 5.0077e-23 4.24717e-23 3.51953e-23 2.84984e-23 2.25503e-23 1.74398e-23 1.31846e-23 9.74584e-24 7.04548e-24 4.98266e-24 3.4483e-24 2.33609e-24 1.54977e-24 1.00718e-24 6.41463e-25 4.00539e-25 2.45306e-25 1.47417e-25 8.69685e-26 5.03953e-26 2.87165e-26 1.61683e-26 9.24066e-27 6.18455e-27 7.352e-27 1.77581e-26 5.67352e-26 1.91334e-25 6.49968e-25 2.20738e-24 7.48569e-24 2.53433e-23 8.56525e-23 2.8896e-22 9.73049e-22 3.27044e-21 1.09706e-20 3.67262e-20 1.22694e-19 4.09017e-19 1.36051e-18 4.51521e-18 1.49498e-17 4.93792e-17 1.62694e-16 5.34664e-16 1.75242e-15 5.72803e-15 1.867e-14 6.06754e-14 1.96594e-13 6.35e-13 2.04445e-12 6.56044e-12 2.09794e-11 6.6851e-11 2.12238e-10 6.71252e-10 2.11465e-09 6.63477e-09 2.07294e-08 6.44851e-08 1.99701e-07 6.15586e-07 1.88849e-06 5.76492e-06 1.75087e-05 5.28964e-05 0.000158937 0.000474831 0.00140985 0.004156 0.0121303 0.0347934 0.0960697 0.242108 0.498475 0.753926 0.899865 0.962296 0.986164 0.994951 0.998155 0.999323 0.99975 0.999907 0.999965 0.999987 0.999995 0.999998 0.999999 1 1 1 1 1 1 1 1 1 1 1 1 1 1 1 1 1 1 1 1 1 1 1 1 1 1 1 1 1 1 1 1 1 1 1 1 1 0.999999 0.999995 0.999984 0.999947 0.999825 0.999423 0.998101 0.993761 0.979665 0.935238 0.80795 0.534438 0.236414 0.0823381 0.0262818 0.00816309 0.00251615 0.000774421 0.000238461 7.35067e-05 2.26884e-05 7.01285e-06 2.17083e-06 6.73016e-07 2.08986e-07 6.50023e-08 2.02529e-08 6.3215e-09 1.97679e-09 6.19358e-10 1.94445e-10 6.11737e-11 1.92879e-11 6.09535e-12 1.93087e-12 6.13191e-13 1.95245e-13 6.23396e-14 1.99621e-14 6.41173e-15 2.06605e-15 6.68009e-16 2.16763e-16 7.0606e-17 2.30917e-17 7.5847e-18 2.50275e-18 8.29912e-19 2.76656e-19 9.27545e-20 3.12965e-20 1.06417e-20 3.66208e-21 1.29563e-21 4.98808e-22 2.44041e-22 1.83204e-22 1.9873e-22 2.51869e-22 3.30974e-22 4.33616e-22 5.60225e-22 7.11646e-22 8.88059e-22 1.0884e-21 1.31004e-21 1.5486e-21 1.79798e-21 2.05057e-21 2.29765e-21 2.52988e-21 2.73796e-21 2.91325e-21 3.04834e-21 3.13759e-21 3.17739e-21 3.16644e-21 3.10572e-21 2.99842e-21 2.84968e-21 2.66623e-21 2.45597e-21 2.22742e-21 1.98918e-21 1.74942e-21 1.51545e-21 1.29331e-21 1.08764e-21 9.0159e-22 7.36891e-22 5.9403e-22 4.72474e-22 3.70928e-22 2.87591e-22 2.20372e-22 1.67088e-22 1.25603e-22 9.39339e-23 7.03138e-23 5.32229e-23 4.13951e-23 3.38035e-23 2.96334e-23 2.82455e-23 2.91361e-23 3.18949e-23 3.61662e-23 4.16147e-23 4.78991e-23 5.46559e-23 6.14948e-23 6.80059e-23 7.3778e-23 7.84249e-23 
2.07937e-23 2.17213e-23 2.2376e-23 2.26526e-23 2.24892e-23 2.18671e-23 2.08074e-23 1.93657e-23 1.76235e-23 1.56784e-23 1.36337e-23 1.15878e-23 9.62642e-24 7.81676e-24 6.20477e-24 4.81526e-24 3.65411e-24 2.71208e-24 1.96917e-24 1.39909e-24 9.72998e-25 6.62561e-25 4.41913e-25 2.88802e-25 1.85005e-25 1.16214e-25 7.16138e-26 4.33103e-26 2.57199e-26 1.50139e-26 8.65208e-27 5.03986e-27 3.36417e-27 3.80719e-27 8.84367e-27 2.80772e-26 9.50366e-26 3.24665e-25 1.1093e-24 3.78533e-24 1.28971e-23 4.38716e-23 1.48988e-22 5.05099e-22 1.70937e-21 5.77444e-21 1.94702e-20 6.55235e-20 2.2007e-19 7.3763e-19 2.46718e-18 8.23415e-18 2.74198e-17 9.10969e-17 3.0193e-16 9.9825e-16 3.29205e-15 1.08281e-14 3.55186e-14 1.16182e-13 3.78935e-13 1.23221e-12 3.99445e-12 1.29073e-11 4.15689e-11 1.33416e-10 4.26682e-10 1.35957e-09 4.31558e-09 1.36447e-08 4.29651e-08 1.34719e-07 4.20575e-07 1.30704e-06 4.04298e-06 1.24453e-05 3.81182e-05 0.000116144 0.000351957 0.00106033 0.00317308 0.00941133 0.0274984 0.0778125 0.203756 0.445611 0.717165 0.883747 0.956457 0.984194 0.994305 0.997945 0.999255 0.999729 0.999901 0.999963 0.999986 0.999995 0.999998 0.999999 1 1 1 1 1 1 1 1 1 1 1 1 1 1 1 1 1 1 1 1 1 1 1 1 1 1 1 1 1 1 1 1 1 1 1 1 1 0.999999 0.999997 0.999991 0.99997 0.999902 0.999676 0.998929 0.996466 0.9884 0.962436 0.883365 0.680877 0.361115 0.136596 0.0447385 0.013974 0.00430369 0.00132076 0.000405231 0.000124429 3.82503e-05 1.17733e-05 3.62868e-06 1.11997e-06 3.46175e-07 1.07162e-07 3.32251e-08 1.0318e-08 3.20966e-09 1.00019e-09 3.12248e-10 9.76656e-11 3.06086e-11 9.61259e-12 3.02534e-12 9.54302e-13 3.01732e-13 9.56377e-14 3.03921e-14 9.68445e-15 3.09478e-15 9.91961e-16 3.18962e-16 1.02906e-16 3.33189e-17 1.08287e-17 3.53351e-18 1.15796e-18 3.81218e-19 1.26129e-19 4.19682e-20 1.40708e-20 4.78772e-21 1.7016e-21 6.99085e-22 4.13374e-22 3.9136e-22 4.86138e-22 6.54473e-22 8.8867e-22 1.19316e-21 1.57594e-21 2.0449e-21 2.60573e-21 3.26025e-21 4.00516e-21 4.83099e-21 5.72161e-21 6.65427e-21 7.60042e-21 8.52711e-21 9.3991e-21 1.01811e-20 1.08404e-20 1.1349e-20 1.16853e-20 1.18357e-20 1.17953e-20 1.15678e-20 1.11652e-20 1.0607e-20 9.91857e-21 9.12989e-21 8.27314e-21 7.38084e-21 6.48383e-21 5.60952e-21 4.78061e-21 4.01433e-21 3.32228e-21 2.71068e-21 2.18108e-21 1.73118e-21 1.35589e-21 1.0482e-21 8.00102e-22 6.03215e-22 4.49365e-22 3.30943e-22 2.41134e-22 1.7403e-22 1.24651e-22 8.89033e-23 6.34964e-23 4.58369e-23 3.39165e-23 2.62019e-23 2.15341e-23 1.90409e-23 1.8064e-23 1.81013e-23 1.87635e-23 1.97428e-23 2.07937e-23 2.17213e-23 
8.5979e-24 7.73003e-24 7.19816e-24 6.82845e-24 6.50903e-24 6.17299e-24 5.7862e-24 5.33806e-24 4.83427e-24 4.2908e-24 3.72894e-24 3.17117e-24 2.63818e-24 2.14671e-24 1.70848e-24 1.32995e-24 1.01275e-24 7.5453e-25 5.50114e-25 3.92587e-25 2.74313e-25 1.87722e-25 1.25859e-25 8.26999e-26 5.32763e-26 3.36619e-26 2.08686e-26 1.27004e-26 7.59517e-27 4.48059e-27 2.66254e-27 1.78057e-27 1.93198e-27 4.31382e-27 1.35906e-26 4.61454e-26 1.58481e-25 5.44626e-25 1.86956e-24 6.40867e-24 2.19357e-23 7.49663e-23 2.55797e-22 8.71396e-22 2.96353e-21 1.00612e-20 3.40974e-20 1.15344e-19 3.89448e-19 1.31237e-18 4.41357e-18 1.48123e-17 4.96053e-17 1.65757e-16 5.52621e-16 1.83805e-15 6.09862e-15 2.01842e-14 6.66289e-14 2.19354e-13 7.20143e-13 2.35745e-12 7.69432e-12 2.50356e-11 8.12006e-11 2.62496e-10 8.45661e-10 2.71473e-09 8.6828e-09 2.76653e-08 8.77996e-08 2.77504e-07 8.73377e-07 2.73666e-06 8.53604e-06 2.64994e-05 8.18609e-05 0.000251582 0.000768947 0.00233574 0.00703904 0.0209456 0.0607126 0.165135 0.384948 0.668808 0.861257 0.948147 0.981372 0.993374 0.997642 0.999157 0.999697 0.99989 0.99996 0.999985 0.999995 0.999998 0.999999 1 1 1 1 1 1 1 1 1 1 1 1 1 1 1 1 1 1 1 1 1 1 1 1 1 1 1 1 1 1 1 1 1 1 1 1 1 1 0.999999 0.999995 0.999984 0.999946 0.999819 0.999401 0.998018 0.993461 0.978595 0.931623 0.797458 0.515106 0.222073 0.0762131 0.0241098 0.00743674 0.00227774 0.000696661 0.000213157 6.52801e-05 2.0015e-05 6.14411e-06 1.88851e-06 5.8124e-07 1.79139e-07 5.52896e-08 1.70899e-08 5.29055e-09 1.64042e-09 5.0948e-10 1.58506e-10 4.94017e-11 1.54258e-11 4.8261e-12 1.51296e-12 4.75308e-13 1.49653e-13 4.72284e-14 1.49408e-14 4.73864e-15 1.50694e-15 4.80576e-16 1.53716e-16 4.93216e-17 1.5878e-17 5.1296e-18 1.66339e-18 5.41556e-19 1.77089e-19 5.82094e-20 1.92875e-20 6.5191e-21 2.3609e-21 1.07498e-21 7.85035e-22 8.85811e-22 1.19483e-21 1.67321e-21 2.33286e-21 3.20468e-21 4.32626e-21 5.73548e-21 7.46548e-21 9.53968e-21 1.19667e-20 1.47357e-20 1.78125e-20 2.11375e-20 2.46258e-20 2.81701e-20 3.16463e-20 3.49209e-20 3.78605e-20 4.03409e-20 4.22555e-20 4.3523e-20 4.40917e-20 4.39427e-20 4.30899e-20 4.15789e-20 3.94833e-20 3.68996e-20 3.39408e-20 3.07287e-20 2.73864e-20 2.40301e-20 2.07629e-20 1.76699e-20 1.48152e-20 1.22414e-20 9.97107e-21 8.00877e-21 6.34505e-21 4.95996e-21 3.82667e-21 2.91465e-21 2.19228e-21 1.62881e-21 1.19574e-21 8.67607e-22 6.22405e-22 4.41627e-22 3.1009e-22 2.15612e-22 1.48621e-22 1.01732e-22 6.9348e-23 4.72965e-23 3.25105e-23 2.27671e-23 1.64741e-23 1.25032e-23 1.00619e-23 8.5979e-24 7.73003e-24 
1.27171e-23 8.57031e-24 5.9533e-24 4.30384e-24 3.25532e-24 2.57237e-24 2.10675e-24 1.7675e-24 1.50083e-24 1.27661e-24 1.07933e-24 9.02077e-25 7.42556e-25 6.00593e-25 4.76594e-25 3.70717e-25 2.82514e-25 2.10879e-25 1.54168e-25 1.10394e-25 7.74375e-26 5.32234e-26 3.58519e-26 2.36759e-26 1.53331e-26 9.74182e-27 6.07482e-27 3.7214e-27 2.24745e-27 1.36332e-27 9.16714e-28 9.60212e-28 2.06148e-27 6.43631e-27 2.19096e-26 7.56221e-26 2.61312e-25 9.02124e-25 3.1104e-24 1.07096e-23 3.68224e-23 1.26421e-22 4.33385e-22 1.4834e-21 5.06931e-21 1.72953e-20 5.8908e-20 2.00292e-19 6.79786e-19 2.30291e-18 7.78664e-18 2.62765e-17 8.84912e-17 2.97385e-16 9.97229e-16 3.33653e-15 1.11375e-14 3.70883e-14 1.23199e-13 4.08191e-13 1.34885e-12 4.44497e-12 1.46061e-11 4.7854e-11 1.56304e-10 5.08915e-10 1.65154e-09 5.34137e-09 1.72138e-08 5.52719e-08 1.76798e-07 5.63287e-07 1.7873e-06 5.64695e-06 1.77625e-05 5.5615e-05 0.000173294 0.00053722 0.00165598 0.00506898 0.0153527 0.0455362 0.128431 0.319202 0.606633 0.829875 0.936241 0.977301 0.992032 0.997204 0.999015 0.999651 0.999876 0.999955 0.999984 0.999994 0.999998 0.999999 1 1 1 1 1 1 1 1 1 1 1 1 1 1 1 1 1 1 1 1 1 1 1 1 1 1 1 1 1 1 1 1 1 1 1 1 1 1 0.999999 0.999997 0.999991 0.99997 0.9999 0.999668 0.998898 0.996351 0.98797 0.960895 0.878337 0.668403 0.346337 0.128858 0.0417964 0.0129645 0.00396851 0.00121073 0.000369268 0.0001127 3.44297e-05 1.05298e-05 3.22414e-06 9.88404e-07 3.0339e-07 9.32464e-08 2.86978e-08 8.84446e-09 2.72975e-09 8.43777e-10 2.61222e-10 8.10018e-11 2.51601e-11 7.82874e-12 2.44042e-12 7.62194e-13 2.38523e-13 7.47992e-14 2.35076e-14 7.40471e-15 2.338e-15 7.40065e-16 2.34876e-16 7.47505e-17 2.38594e-17 7.63923e-18 2.45394e-18 7.91046e-19 2.55992e-19 8.32499e-20 2.73195e-20 9.21718e-21 3.45545e-21 1.79794e-21 1.59802e-21 2.03509e-21 2.89632e-21 4.18116e-21 5.9721e-21 8.39067e-21 1.15793e-20 1.56893e-20 2.08685e-20 2.72459e-20 3.49146e-20 4.39124e-20 5.42042e-20 6.56667e-20 7.808e-20 9.11274e-20 1.04406e-19 1.17447e-19 1.29747e-19 1.40799e-19 1.50132e-19 1.57342e-19 1.62119e-19 1.64269e-19 1.63719e-19 1.60522e-19 1.5485e-19 1.46982e-19 1.37283e-19 1.2618e-19 1.14136e-19 1.01615e-19 8.90552e-20 7.68456e-20 6.53042e-20 5.46697e-20 4.50988e-20 3.66718e-20 2.94023e-20 2.32513e-20 1.81408e-20 1.39682e-20 1.06174e-20 7.96914e-21 5.908e-21 4.32736e-21 3.13239e-21 2.24137e-21 1.58582e-21 1.10973e-21 7.68288e-22 5.26391e-22 3.57047e-22 2.39865e-22 1.59696e-22 1.05458e-22 6.91683e-23 4.51512e-23 2.94285e-23 1.92452e-23 1.27171e-23 8.57031e-24 
3.96904e-23 2.48676e-23 1.55208e-23 9.67569e-24 6.04711e-24 3.80754e-24 2.4298e-24 1.5817e-24 1.05628e-24 7.26119e-25 5.13763e-25 3.7272e-25 2.75439e-25 2.05753e-25 1.54207e-25 1.15223e-25 8.5406e-26 6.2568e-26 4.51861e-26 3.21133e-26 2.24334e-26 1.53933e-26 1.03712e-26 6.85979e-27 4.45439e-27 2.84017e-27 1.77941e-27 1.09883e-27 6.80084e-28 4.60622e-28 4.6796e-28 9.65701e-28 2.98344e-27 1.01753e-26 3.52845e-26 1.22564e-25 4.25426e-25 1.47495e-24 5.10725e-24 1.76616e-23 6.09947e-23 2.10355e-22 7.24432e-22 2.49119e-21 8.55383e-21 2.93251e-20 1.00375e-19 3.42998e-19 1.17009e-18 3.9846e-18 1.35445e-17 4.59544e-17 1.55616e-16 5.2591e-16 1.77368e-15 5.96912e-15 2.00442e-14 6.71545e-14 2.24459e-13 7.48403e-13 2.48905e-12 8.25646e-12 2.73132e-11 9.01004e-11 2.96354e-10 9.71804e-10 3.17672e-09 1.03505e-08 3.36098e-08 1.08753e-07 3.50613e-07 1.12606e-06 3.60225e-06 1.14763e-05 3.64054e-05 0.00011497 0.000361362 0.00112993 0.00351146 0.010817 0.0327803 0.0955911 0.252495 0.529511 0.786126 0.918993 0.971352 0.99007 0.996567 0.998809 0.999584 0.999854 0.999948 0.999982 0.999993 0.999998 0.999999 1 1 1 1 1 1 1 1 1 1 1 1 1 1 1 1 1 1 1 1 1 1 1 1 1 1 1 1 1 1 1 1 1 1 1 1 1 1 1 0.999999 0.999995 0.999984 0.999945 0.999817 0.999393 0.997982 0.993315 0.97803 0.929582 0.791228 0.503342 0.213347 0.0724518 0.0227576 0.00697832 0.00212544 0.000646466 0.000196681 5.98862e-05 1.82522e-05 5.56884e-06 1.70096e-06 5.20144e-07 1.59246e-07 4.88144e-08 1.49823e-08 4.60452e-09 1.41704e-09 4.36713e-10 1.34787e-10 4.16642e-11 1.28993e-11 4.00026e-12 1.24267e-12 3.86723e-13 1.20575e-13 3.76668e-14 1.17909e-14 3.6988e-15 1.16291e-15 3.66478e-16 1.15776e-16 3.66705e-17 1.16466e-17 3.70969e-18 1.18528e-18 3.80029e-19 1.22433e-19 3.98681e-20 1.34912e-20 5.31554e-21 3.20969e-21 3.35542e-21 4.64117e-21 6.86891e-21 1.01828e-20 1.48886e-20 2.13956e-20 3.01922e-20 4.18255e-20 5.68719e-20 7.58962e-20 9.93974e-20 1.27742e-19 1.61094e-19 1.99342e-19 2.42043e-19 2.88387e-19 3.37191e-19 3.86944e-19 4.35877e-19 4.82082e-19 5.2364e-19 5.58763e-19 5.85918e-19 6.03931e-19 6.1206e-19 6.1003e-19 5.98041e-19 5.76744e-19 5.47195e-19 5.10776e-19 4.69109e-19 4.23939e-19 3.77025e-19 3.30023e-19 2.84392e-19 2.41326e-19 2.01711e-19 1.66123e-19 1.34848e-19 1.07921e-19 8.5184e-20 6.63326e-20 5.0973e-20 3.86656e-20 2.89601e-20 2.14234e-20 1.5657e-20 1.13077e-20 8.07251e-21 5.69796e-21 3.9776e-21 2.74678e-21 1.87688e-21 1.26931e-21 8.49821e-22 5.63411e-22 3.69981e-22 2.40726e-22 1.55242e-22 9.92738e-23 6.29895e-23 3.96904e-23 2.48676e-23 
1.3709e-22 8.51238e-23 5.24373e-23 3.20583e-23 1.94609e-23 1.17378e-23 7.04026e-24 4.20411e-24 2.50328e-24 1.48922e-24 8.87339e-25 5.31062e-25 3.20231e-25 1.95128e-25 1.20426e-25 7.53686e-26 4.78208e-26 3.07073e-26 1.98962e-26 1.29594e-26 8.45228e-27 5.49927e-27 3.55756e-27 2.28214e-27 1.44871e-27 9.08977e-28 5.64439e-28 3.51487e-28 2.3654e-28 2.28985e-28 4.46316e-28 1.35541e-27 4.62468e-27 1.6104e-26 5.62161e-26 1.96135e-25 6.83596e-25 2.37982e-24 8.27504e-24 2.87384e-23 9.96793e-23 3.45288e-22 1.19447e-21 4.1264e-21 1.42347e-20 4.90329e-20 1.68644e-19 5.7913e-19 1.98556e-18 6.79624e-18 2.32226e-17 7.92108e-17 2.69689e-16 9.1648e-16 3.10838e-15 1.05212e-14 3.5538e-14 1.19779e-13 4.02805e-13 1.35146e-12 4.5234e-12 1.51024e-11 5.02929e-11 1.67033e-10 5.5321e-10 1.82694e-09 6.01528e-09 1.9744e-08 6.45961e-08 2.10628e-07 6.84391e-07 2.2157e-06 7.1461e-06 2.29567e-05 7.34438e-05 0.000233942 0.000741684 0.0023387 0.00732093 0.0226292 0.0679826 0.189678 0.439463 0.725697 0.893708 0.962502 0.987153 0.995623 0.998505 0.999486 0.999822 0.999938 0.999978 0.999992 0.999997 0.999999 1 1 1 1 1 1 1 1 1 1 1 1 1 1 1 1 1 1 1 1 1 1 1 1 1 1 1 1 1 1 1 1 1 1 1 1 1 1 1 0.999999 0.999997 0.999991 0.99997 0.9999 0.999668 0.998893 0.99632 0.987821 0.96026 0.87599 0.66202 0.338348 0.124534 0.0401027 0.0123678 0.00376584 0.00114291 0.000346743 0.000105255 3.19775e-05 9.72437e-06 2.96017e-06 9.02046e-07 2.75177e-07 8.40398e-08 2.56958e-08 7.86612e-09 2.41102e-09 7.39945e-10 2.27394e-10 6.99777e-11 2.15658e-11 6.65608e-12 2.05753e-12 6.37054e-13 1.97577e-13 6.13843e-14 1.91061e-14 5.95824e-15 1.86179e-15 5.82977e-16 1.82946e-16 5.75432e-17 1.81433e-17 5.73517e-18 1.81789e-18 5.78051e-19 1.84697e-19 5.97775e-20 2.03752e-20 8.53711e-21 5.97519e-21 7.0826e-21 1.0391e-20 1.5877e-20 2.41301e-20 3.61102e-20 5.30884e-20 7.6631e-20 1.08577e-19 1.50986e-19 2.0604e-19 2.75893e-19 3.62468e-19 4.6721e-19 5.90811e-19 7.32938e-19 8.92001e-19 1.06502e-18 1.24758e-18 1.43401e-18 1.61764e-18 1.79124e-18 1.94754e-18 2.07975e-18 2.18204e-18 2.24997e-18 2.2807e-18 2.27321e-18 2.22824e-18 2.14826e-18 2.03726e-18 1.90049e-18 1.74408e-18 1.57465e-18 1.39886e-18 1.22294e-18 1.0524e-18 8.91704e-19 7.44139e-19 6.1182e-19 4.95761e-19 3.96041e-19 3.12008e-19 2.42483e-19 1.85959e-19 1.40765e-19 1.05206e-19 7.76568e-20 5.66274e-20 4.08041e-20 2.90622e-20 2.04651e-20 1.4252e-20 9.81804e-21 6.69219e-21 4.51454e-21 3.01483e-21 1.9935e-21 1.30549e-21 8.46903e-22 5.44363e-22 3.46766e-22 2.18965e-22 1.3709e-22 8.51238e-23 
4.77166e-22 2.95371e-22 1.81328e-22 1.10418e-22 6.67061e-23 3.99879e-23 2.37911e-23 1.40513e-23 8.24029e-24 4.79978e-24 2.77781e-24 1.59798e-24 9.14216e-25 5.20483e-25 2.95097e-25 1.6676e-25 9.40151e-26 5.29325e-26 2.97924e-26 1.67784e-26 9.46218e-27 5.34612e-27 3.02664e-27 1.7166e-27 9.74925e-28 5.5456e-28 3.17783e-28 1.91025e-28 1.47098e-28 2.21401e-28 6.12798e-28 2.06225e-27 7.1943e-27 2.52241e-26 8.84336e-26 3.09765e-25 1.08392e-24 3.78867e-24 1.32278e-23 4.61305e-23 1.60684e-22 5.59013e-22 1.94234e-21 6.74005e-21 2.33571e-20 8.08307e-20 2.79328e-19 9.63864e-19 3.32092e-18 1.14241e-17 3.9236e-17 1.34531e-16 4.60482e-16 1.57336e-15 5.36592e-15 1.82655e-14 6.20532e-14 2.10382e-13 7.11762e-13 2.40275e-12 8.09276e-12 2.71932e-11 9.11513e-11 3.04764e-10 1.01629e-09 3.37977e-09 1.12078e-08 3.70566e-08 1.22145e-07 4.01325e-07 1.31422e-06 4.28875e-06 1.39451e-05 4.51718e-05 0.000145742 0.000468225 0.0014971 0.00475788 0.0149751 0.0461724 0.135028 0.34324 0.644324 0.856318 0.949076 0.982717 0.994195 0.998048 0.99934 0.999776 0.999923 0.999974 0.999991 0.999997 0.999999 1 1 1 1 1 1 1 1 1 1 1 1 1 1 1 1 1 1 1 1 1 1 1 1 1 1 1 1 1 1 1 1 1 1 1 1 1 1 1 1 0.999999 0.999995 0.999984 0.999946 0.99982 0.999398 0.997991 0.99332 0.977965 0.929109 0.789204 0.498585 0.209353 0.0705949 0.022051 0.00672771 0.00203907 0.000617136 0.000186813 5.65884e-05 1.7156e-05 5.206e-06 1.58128e-06 4.8078e-07 1.46329e-07 4.45837e-08 1.35987e-08 4.15254e-09 1.26952e-09 3.88591e-10 1.19095e-10 3.65477e-11 1.12309e-11 3.45605e-12 1.06507e-12 3.28728e-13 1.0162e-13 3.14658e-14 9.75983e-15 3.03265e-15 9.44093e-16 2.9448e-16 9.20422e-17 2.88304e-17 9.05106e-18 2.84845e-18 8.99042e-19 2.85166e-19 9.18491e-20 3.16315e-20 1.41826e-20 1.13519e-20 1.47982e-20 2.2709e-20 3.56923e-20 5.55752e-20 8.51284e-20 1.28076e-19 1.89173e-19 2.7425e-19 3.90178e-19 5.44689e-19 7.46029e-19 1.00241e-18 1.32123e-18 1.70818e-18 2.16615e-18 2.6942e-18 3.28668e-18 3.9326e-18 4.61556e-18 5.31422e-18 6.00341e-18 6.65578e-18 7.24372e-18 7.74145e-18 8.12686e-18 8.38304e-18 8.49927e-18 8.4716e-18 8.30287e-18 8.00242e-18 7.58539e-18 7.07164e-18 6.48442e-18 5.84881e-18 5.18997e-18 4.53152e-18 3.89412e-18 3.29448e-18 2.74484e-18 2.25291e-18 1.82229e-18 1.45304e-18 1.14253e-18 8.86177e-19 6.7821e-19 5.12303e-19 3.82061e-19 2.81389e-19 2.04725e-19 1.47179e-19 1.04581e-19 7.34687e-20 5.10406e-20 3.50755e-20 2.38493e-20 1.60487e-20 1.06905e-20 7.05103e-21 4.60576e-21 2.98016e-21 1.91055e-21 1.2138e-21 7.64343e-22 4.77166e-22 2.95371e-22 
1.66067e-21 1.02526e-21 6.27719e-22 3.812e-22 2.29648e-22 1.37265e-22 8.14157e-23 4.79252e-23 2.80018e-23 1.62416e-23 9.35291e-24 5.34804e-24 3.03688e-24 1.71279e-24 9.59576e-25 5.34098e-25 2.95391e-25 1.6236e-25 8.87054e-26 4.81829e-26 2.60253e-26 1.39815e-26 7.47234e-27 3.97378e-27 2.10345e-27 1.10944e-27 5.8665e-28 3.23454e-28 2.2891e-28 3.33467e-28 9.31749e-28 3.16162e-27 1.10833e-26 3.90124e-26 1.37291e-25 4.82731e-25 1.69567e-24 5.95025e-24 2.08579e-23 7.30356e-23 2.55455e-22 8.92472e-22 3.1143e-21 1.08542e-20 3.77823e-20 1.31346e-19 4.56001e-19 1.58094e-18 5.47327e-18 1.89209e-17 6.53096e-17 2.25078e-16 7.74435e-16 2.66017e-15 9.12186e-15 3.12233e-14 1.06676e-13 3.63766e-13 1.23798e-12 4.20443e-12 1.42486e-11 4.81808e-11 1.62545e-10 5.47061e-10 1.83661e-09 6.15002e-09 2.05385e-08 6.83984e-08 2.27122e-07 7.51893e-07 2.48131e-06 8.16157e-06 2.67529e-05 8.73776e-05 0.000284291 0.000921076 0.00296909 0.00949969 0.0299534 0.0910697 0.250717 0.540274 0.80098 0.928306 0.975801 0.991977 0.997344 0.999117 0.999705 0.999901 0.999966 0.999989 0.999996 0.999999 1 1 1 1 1 1 1 1 1 1 1 1 1 1 1 1 1 1 1 1 1 1 1 1 1 1 1 1 1 1 1 1 1 1 1 1 1 1 1 1 0.999999 0.999997 0.999991 0.999971 0.999903 0.999675 0.998912 0.996369 0.987939 0.960495 0.876229 0.66142 0.33637 0.12308 0.0394306 0.0121031 0.00366831 0.00110817 0.000334624 0.000101088 3.05604e-05 9.24651e-06 2.80013e-06 8.48738e-07 2.57501e-07 7.81999e-08 2.37722e-08 7.2341e-09 2.20376e-09 6.72086e-10 2.05203e-10 6.27275e-11 1.91984e-11 5.88339e-12 1.80536e-12 5.54746e-13 1.70705e-13 5.26065e-14 1.6237e-14 5.01958e-15 1.55438e-15 4.8218e-16 1.49849e-16 4.66584e-17 1.45574e-17 4.5518e-18 1.42709e-18 4.49701e-19 1.44266e-19 5.02687e-20 2.41145e-20 2.16419e-20 3.03321e-20 4.82922e-20 7.7929e-20 1.24287e-19 1.94905e-19 3.00173e-19 4.53838e-19 6.73453e-19 9.80648e-19 1.40104e-18 1.96365e-18 2.6996e-18 3.64017e-18 4.81387e-18 6.24297e-18 7.93949e-18 9.90115e-18 1.21078e-17 1.45192e-17 1.70742e-17 1.96927e-17 2.22797e-17 2.47316e-17 2.69437e-17 2.88179e-17 3.02703e-17 3.12366e-17 3.16761e-17 3.15739e-17 3.09407e-17 2.98118e-17 2.82446e-17 2.63144e-17 2.41094e-17 2.17245e-17 1.9255e-17 1.67902e-17 1.44078e-17 1.21703e-17 1.01231e-17 8.29448e-18 6.69692e-18 5.3299e-18 4.18275e-18 3.23772e-18 2.47275e-18 1.86387e-18 1.38698e-18 1.01922e-18 7.3984e-19 5.30638e-19 3.76159e-19 2.63619e-19 1.82697e-19 1.25241e-19 8.4945e-20 5.70178e-20 3.78853e-20 2.49241e-20 1.62389e-20 1.04804e-20 6.70152e-21 4.24652e-21 2.66712e-21 1.66067e-21 1.02526e-21 
5.77537e-21 3.5562e-21 2.17156e-21 1.31525e-21 7.90248e-22 4.71085e-22 2.78661e-22 1.63587e-22 9.53171e-23 5.51304e-23 3.16559e-23 1.8047e-23 1.0216e-23 5.74273e-24 3.20592e-24 1.77753e-24 9.78899e-25 5.35484e-25 2.90983e-25 1.57082e-25 8.42459e-26 4.48906e-26 2.37668e-26 1.25031e-26 6.5365e-27 3.39752e-27 1.76113e-27 9.29272e-28 5.65333e-28 6.11438e-28 1.46075e-27 4.81739e-27 1.68683e-26 5.95487e-26 2.10304e-25 7.42174e-25 2.61681e-24 9.2177e-24 3.24374e-23 1.14033e-22 4.0046e-22 1.40483e-21 4.92273e-21 1.72303e-20 6.02382e-20 2.10341e-19 7.33554e-19 2.55494e-18 8.88694e-18 3.08693e-17 1.07074e-16 3.70857e-16 1.28254e-15 4.42846e-15 1.52662e-14 5.25389e-14 1.80499e-13 6.18997e-13 2.11881e-12 7.23859e-12 2.468e-11 8.39713e-11 2.85087e-10 9.65715e-10 3.26367e-09 1.10029e-08 3.70009e-08 1.24101e-07 4.15092e-07 1.38444e-06 4.60375e-06 1.52615e-05 5.04272e-05 0.00016605 0.000544746 0.00177944 0.00577889 0.0185744 0.058268 0.171019 0.419571 0.720426 0.895663 0.964738 0.988434 0.996227 0.998766 0.999594 0.999866 0.999955 0.999985 0.999995 0.999998 0.999999 1 1 1 1 1 1 1 1 1 1 1 1 1 1 1 1 1 1 1 1 1 1 1 1 1 1 1 1 1 1 1 1 1 1 1 1 1 1 1 1 0.999999 0.999995 0.999984 0.999948 0.999825 0.999415 0.998042 0.993465 0.978362 0.930102 0.791126 0.50027 0.209509 0.0703604 0.0218844 0.00664836 0.00200633 0.000604562 0.000182186 5.49336e-05 1.6576e-05 5.00571e-06 1.51292e-06 4.57659e-07 1.38566e-07 4.19922e-08 1.27378e-08 3.86763e-09 1.17553e-09 3.57667e-10 1.08941e-10 3.32194e-11 1.01413e-11 3.09968e-12 9.48595e-13 2.90673e-13 8.91886e-14 2.74043e-14 8.43251e-15 2.59866e-15 8.0209e-16 2.47975e-16 7.67957e-17 2.38258e-17 7.4064e-18 2.30806e-18 7.23004e-19 2.311e-19 8.14255e-20 4.15304e-20 4.09115e-20 6.06706e-20 9.97329e-20 1.65075e-19 2.69662e-19 4.33028e-19 6.82892e-19 1.05722e-18 1.60639e-18 2.39506e-18 3.50336e-18 5.02677e-18 7.07406e-18 9.76281e-18 1.32119e-17 1.75311e-17 2.28076e-17 2.90909e-17 3.63771e-17 4.45951e-17 5.35971e-17 6.31559e-17 7.29706e-17 8.26828e-17 9.18997e-17 1.00224e-16 1.07282e-16 1.12757e-16 1.16402e-16 1.18065e-16 1.17687e-16 1.1531e-16 1.11068e-16 1.05177e-16 9.79234e-17 8.96416e-17 8.06917e-17 7.14345e-17 6.22071e-17 5.33021e-17 4.49533e-17 3.7329e-17 3.0532e-17 2.46062e-17 1.95461e-17 1.53089e-17 1.18259e-17 9.01287e-18 6.77888e-18 5.03325e-18 3.69029e-18 2.67252e-18 1.9123e-18 1.35234e-18 9.4544e-19 6.53607e-19 4.46942e-19 3.02377e-19 2.02451e-19 1.34175e-19 8.80449e-20 5.72164e-20 3.68311e-20 2.34899e-20 1.48459e-20 9.29993e-21 5.77537e-21 3.5562e-21 
2.00694e-20 1.2325e-20 7.50621e-21 4.53421e-21 2.71705e-21 1.61536e-21 9.52974e-22 5.57935e-22 3.24212e-22 1.87011e-22 1.07088e-22 6.08824e-23 3.43682e-23 1.9265e-23 1.07242e-23 5.92877e-24 3.25536e-24 1.77538e-24 9.61748e-25 5.1752e-25 2.76634e-25 1.46897e-25 7.74925e-26 4.06127e-26 2.11467e-26 1.09421e-26 5.63433e-27 2.91516e-27 1.61474e-27 1.29746e-27 2.37069e-27 7.30015e-27 2.53603e-26 8.96947e-26 3.17815e-25 1.12558e-24 3.98312e-24 1.40827e-23 4.97452e-23 1.75552e-22 6.18926e-22 2.1799e-21 7.66985e-21 2.69573e-20 9.46433e-20 3.31904e-19 1.1626e-18 4.06749e-18 1.42129e-17 4.96004e-17 1.72867e-16 6.01652e-16 2.09105e-15 7.25686e-15 2.51464e-14 8.70009e-14 3.00516e-13 1.03629e-12 3.56728e-12 1.22577e-11 4.20406e-11 1.43907e-10 4.91606e-10 1.67587e-09 5.70053e-09 1.93465e-08 6.55033e-08 2.21235e-07 7.45295e-07 2.50403e-06 8.38952e-06 2.80261e-05 9.33367e-05 0.000309822 0.00102465 0.00337312 0.0110226 0.0354503 0.109257 0.298488 0.608669 0.844018 0.946598 0.982603 0.994401 0.998198 0.999417 0.999811 0.999938 0.99998 0.999993 0.999998 0.999999 1 1 1 1 1 1 1 1 1 1 1 1 1 1 1 1 1 1 1 1 1 1 1 1 1 1 1 1 1 1 1 1 1 1 1 1 1 1 1 1 0.999999 0.999998 0.999992 0.999972 0.999907 0.999687 0.998951 0.996488 0.988295 0.961513 0.878828 0.666144 0.339851 0.12417 0.0396477 0.0121232 0.00365973 0.00110105 0.000331082 9.95897e-05 2.99753e-05 9.02868e-06 2.72156e-06 8.21023e-07 2.47884e-07 7.49048e-08 2.26542e-08 6.85766e-09 2.07781e-09 6.3016e-10 1.91304e-10 5.81354e-11 1.76854e-11 5.38595e-12 1.6421e-12 5.01241e-13 1.53186e-13 4.68746e-14 1.43623e-14 4.40656e-15 1.35391e-15 4.16597e-16 1.28384e-16 3.96281e-17 1.22535e-17 3.79765e-18 1.18313e-18 3.76759e-19 1.33882e-19 7.1799e-20 7.6073e-20 1.18038e-19 1.99749e-19 3.38943e-19 5.67164e-19 9.32829e-19 1.50677e-18 2.38938e-18 3.71878e-18 5.67924e-18 8.50877e-18 1.2504e-17 1.80204e-17 2.54656e-17 3.52833e-17 4.79257e-17 6.38143e-17 8.329e-17 1.06555e-16 1.33614e-16 1.64216e-16 1.97821e-16 2.33583e-16 2.70374e-16 3.06841e-16 3.41494e-16 3.72823e-16 3.99414e-16 4.20051e-16 4.33807e-16 4.40096e-16 4.38701e-16 4.29775e-16 4.13827e-16 3.9168e-16 3.64416e-16 3.33305e-16 2.99713e-16 2.65006e-16 2.30459e-16 1.97173e-16 1.66022e-16 1.37629e-16 1.12368e-16 9.03902e-17 7.16635e-17 5.60163e-17 4.31824e-17 3.28405e-17 2.46463e-17 1.82585e-17 1.33561e-17 9.64983e-18 6.88835e-18 4.85949e-18 3.38898e-18 2.33706e-18 1.59408e-18 1.07573e-18 7.18393e-19 4.74891e-19 3.10815e-19 2.01459e-19 1.29344e-19 8.22758e-20 5.18628e-20 3.24028e-20 2.00694e-20 1.2325e-20 
6.96847e-20 4.26808e-20 2.5924e-20 1.56177e-20 9.33352e-21 5.53411e-21 3.256e-21 1.90111e-21 1.10172e-21 6.33753e-22 3.61909e-22 2.05187e-22 1.15506e-22 6.45655e-23 3.58398e-23 1.97574e-23 1.08172e-23 5.88222e-24 3.17711e-24 1.70453e-24 9.08385e-25 4.80889e-25 2.52895e-25 1.3212e-25 6.85714e-26 3.53599e-26 1.81282e-26 9.28103e-27 4.89106e-27 3.16654e-27 4.11436e-27 1.1082e-26 3.76993e-26 1.3332e-25 4.73782e-25 1.68369e-24 5.97917e-24 2.12162e-23 7.52184e-23 2.66441e-22 9.42945e-22 3.33402e-21 1.1777e-20 4.15597e-20 1.4651e-19 5.15953e-19 1.81502e-18 6.37778e-18 2.2385e-17 7.84745e-17 2.74768e-16 9.60844e-16 3.35559e-15 1.1703e-14 4.07579e-14 1.41741e-13 4.92183e-13 1.70639e-12 5.90646e-12 2.04102e-11 7.04059e-11 2.42429e-10 8.33192e-10 2.85796e-09 9.78326e-09 3.34189e-08 1.13905e-07 3.87346e-07 1.31406e-06 4.44677e-06 1.50086e-05 5.05179e-05 0.000169547 0.000567228 0.00189058 0.00626756 0.020563 0.0657104 0.194689 0.468761 0.76332 0.916251 0.972713 0.991315 0.997245 0.999124 0.99972 0.99991 0.999971 0.99999 0.999997 0.999999 1 1 1 1 1 1 1 1 1 1 1 1 1 1 1 1 1 1 1 1 1 1 1 1 1 1 1 1 1 1 1 1 1 1 1 1 1 1 1 1 1 0.999999 0.999996 0.999985 0.999951 0.999834 0.999442 0.998127 0.993728 0.979161 0.932386 0.796589 0.507875 0.21347 0.0715944 0.0221996 0.00671983 0.0020202 0.000606365 0.000181998 5.4652e-05 1.64218e-05 4.93784e-06 1.48584e-06 4.47436e-07 1.34843e-07 4.067e-08 1.22765e-08 3.70892e-09 1.1215e-09 3.39422e-10 1.02822e-10 3.11783e-11 9.46341e-12 2.87534e-12 8.74568e-13 2.66302e-13 8.11804e-14 2.47766e-14 7.57117e-15 2.31653e-15 7.09722e-16 2.17739e-16 6.68981e-17 2.05862e-17 6.34829e-18 1.96767e-18 6.23964e-19 2.22663e-19 1.23734e-19 1.38407e-19 2.229e-19 3.87569e-19 6.74021e-19 1.15543e-18 1.94683e-18 3.22179e-18 5.23466e-18 8.34788e-18 1.30631e-17 2.00539e-17 3.01953e-17 4.45846e-17 6.45448e-17 9.16027e-17 1.27431e-16 1.73748e-16 2.32172e-16 3.04035e-16 3.90159e-16 4.90627e-16 6.04571e-16 7.30014e-16 8.63816e-16 1.00174e-15 1.13868e-15 1.26899e-15 1.38693e-15 1.48712e-15 1.56493e-15 1.61685e-15 1.64064e-15 1.63548e-15 1.60195e-15 1.54199e-15 1.4587e-15 1.35621e-15 1.23931e-15 1.11321e-15 9.83073e-16 8.5372e-16 7.29296e-16 6.13069e-16 5.07342e-16 4.13471e-16 3.31975e-16 2.62683e-16 2.04912e-16 1.57634e-16 1.19623e-16 8.95765e-17 6.62091e-17 4.83191e-17 3.48279e-17 2.48012e-17 1.74534e-17 1.21416e-17 8.35185e-18 5.68222e-18 3.8247e-18 2.54761e-18 1.67971e-18 1.09649e-18 7.08843e-19 4.53904e-19 2.87966e-19 1.81039e-19 1.12809e-19 6.96847e-20 4.26808e-20 
2.41761e-19 1.47677e-19 8.9456e-20 5.37466e-20 3.20333e-20 1.89419e-20 1.11141e-20 6.4716e-21 3.74009e-21 2.14552e-21 1.22182e-21 6.90789e-22 3.87776e-22 2.16147e-22 1.1964e-22 6.57644e-23 3.59017e-23 1.94657e-23 1.04828e-23 5.60721e-24 2.97919e-24 1.57232e-24 8.24307e-25 4.29289e-25 2.22094e-25 1.14149e-25 5.83025e-26 2.96518e-26 1.52282e-26 8.65128e-27 7.98446e-27 1.7124e-26 5.55467e-26 1.95596e-25 6.96673e-25 2.48377e-24 8.85054e-24 3.15144e-23 1.12127e-22 3.98617e-22 1.41593e-21 5.02521e-21 1.7819e-20 6.3127e-20 2.23429e-19 7.90029e-19 2.7907e-18 9.84768e-18 3.47131e-17 1.22229e-16 4.29895e-16 1.51022e-15 5.29897e-15 1.85694e-14 6.49888e-14 2.27141e-13 7.92768e-13 2.76293e-12 9.61485e-12 3.34072e-11 1.15888e-10 4.01336e-10 1.38746e-09 4.78794e-09 1.64914e-08 5.66913e-08 1.94486e-07 6.65787e-07 2.27415e-06 7.74986e-06 2.6346e-05 8.93358e-05 0.000302095 0.00101838 0.00341915 0.0114008 0.0374123 0.117364 0.322746 0.643418 0.865035 0.955467 0.98592 0.995592 0.998619 0.999566 0.999863 0.999956 0.999986 0.999995 0.999999 1 1 1 1 1 1 1 1 1 1 1 1 1 1 1 1 1 1 1 1 1 1 1 1 1 1 1 1 1 1 1 1 1 1 1 1 1 1 1 1 1 0.999999 0.999998 0.999992 0.999974 0.999912 0.999705 0.999007 0.996665 0.98885 0.963195 0.883467 0.675638 0.348432 0.127644 0.0406902 0.0124043 0.00373166 0.00111862 0.000335107 0.000100414 3.0105e-05 9.03138e-06 2.71118e-06 8.14452e-07 2.4484e-07 7.36577e-08 2.2176e-08 6.68169e-09 2.01483e-09 6.08064e-10 1.83667e-10 5.55255e-11 1.68015e-11 5.08877e-12 1.54275e-12 4.68181e-13 1.42227e-13 4.32529e-14 1.31683e-14 4.0137e-15 1.22484e-15 3.74242e-16 1.14496e-16 3.50789e-17 1.0768e-17 3.32151e-18 1.04815e-18 3.73574e-19 2.11518e-19 2.45551e-19 4.07939e-19 7.27853e-19 1.29713e-18 2.2782e-18 3.93322e-18 6.67023e-18 1.11071e-17 1.81549e-17 2.91202e-17 4.5823e-17 7.07223e-17 1.07033e-16 1.5881e-16 2.30976e-16 3.29243e-16 4.59916e-16 6.2952e-16 8.44265e-16 1.10934e-15 1.42807e-15 1.80104e-15 2.22524e-15 2.69349e-15 3.19411e-15 3.71122e-15 4.22552e-15 4.71562e-15 5.15969e-15 5.53725e-15 5.83071e-15 6.02668e-15 6.11668e-15 6.09761e-15 5.97166e-15 5.74614e-15 5.43287e-15 5.04745e-15 4.60816e-15 4.13468e-15 3.64666e-15 3.1623e-15 2.69719e-15 2.26356e-15 1.8699e-15 1.52112e-15 1.21897e-15 9.62626e-16 7.49381e-16 5.7526e-16 4.35591e-16 3.25447e-16 2.39995e-16 1.74734e-16 1.25644e-16 8.92529e-17 6.26543e-17 4.34764e-17 2.983e-17 2.02429e-17 1.35902e-17 9.02874e-18 5.93729e-18 3.86557e-18 2.49233e-18 1.59171e-18 1.00712e-18 6.3147e-19 3.92428e-19 2.41761e-19 1.47677e-19 
8.38058e-19 5.10529e-19 3.08416e-19 1.84797e-19 1.0984e-19 6.47726e-20 3.79009e-20 2.20083e-20 1.2684e-20 7.25599e-21 4.12056e-21 2.32311e-21 1.3004e-21 7.22774e-22 3.98914e-22 2.18641e-22 1.1901e-22 6.43357e-23 3.45427e-23 1.84209e-23 9.75735e-24 5.13367e-24 2.68294e-24 1.3928e-24 7.18247e-25 3.6794e-25 1.87267e-25 9.47796e-26 4.80055e-26 2.54182e-26 1.78752e-26 2.775e-26 8.15639e-26 2.83434e-25 1.01047e-24 3.61313e-24 1.2917e-23 4.61489e-23 1.6476e-22 5.87783e-22 2.09531e-21 7.46342e-21 2.65627e-20 9.4459e-20 3.35613e-19 1.19137e-18 4.22525e-18 1.49709e-17 5.29928e-17 1.8739e-16 6.61945e-16 2.33576e-15 8.2328e-15 2.89845e-14 1.01921e-13 3.57951e-13 1.25553e-12 4.39795e-12 1.53842e-11 5.37377e-11 1.87429e-10 6.52718e-10 2.26943e-09 7.87742e-09 2.72959e-08 9.44117e-08 3.2594e-07 1.12304e-06 3.86159e-06 1.32497e-05 4.53596e-05 0.000154916 0.000527701 0.00179188 0.00605591 0.0202699 0.066116 0.199667 0.485004 0.779778 0.924735 0.97618 0.992619 0.99772 0.999294 0.99978 0.999931 0.999978 0.999993 0.999998 0.999999 1 1 1 1 1 1 1 1 1 1 1 1 1 1 1 1 1 1 1 1 1 1 1 1 1 1 1 1 1 1 1 1 1 1 1 1 1 1 1 1 1 0.999999 0.999996 0.999986 0.999954 0.999845 0.999477 0.998239 0.994087 0.980286 0.935738 0.805089 0.520915 0.221081 0.0742403 0.0229743 0.00693346 0.00207747 0.000621383 0.000185838 5.56005e-05 1.66441e-05 4.9855e-06 1.49428e-06 4.4817e-07 1.34508e-07 4.03976e-08 1.21416e-08 3.65186e-09 1.09922e-09 3.31125e-10 9.98275e-11 3.0121e-11 9.09618e-12 2.74937e-12 8.3177e-13 2.51873e-13 7.63457e-14 2.31646e-14 7.03586e-15 2.13934e-15 6.51223e-16 1.98467e-16 6.05624e-17 1.85127e-17 5.68436e-18 1.78376e-18 6.31248e-19 3.57637e-19 4.23899e-19 7.22763e-19 1.32197e-18 2.41396e-18 4.34427e-18 7.68627e-18 1.33604e-17 2.28063e-17 3.82184e-17 6.28542e-17 1.01417e-16 1.60503e-16 2.49079e-16 3.78946e-16 5.65083e-16 8.25779e-16 1.18241e-15 1.65871e-15 2.27944e-15 3.06843e-15 4.04584e-15 5.22508e-15 6.60935e-15 8.18843e-15 9.93615e-15 1.18092e-14 1.37482e-14 1.568e-14 1.75236e-14 1.9196e-14 2.06191e-14 2.17261e-14 2.24659e-14 2.28065e-14 2.27359e-14 2.22626e-14 2.14142e-14 2.02356e-14 1.8786e-14 1.71348e-14 1.53568e-14 1.35264e-14 1.17126e-14 9.97398e-15 8.3562e-15 6.89061e-15 5.59491e-15 4.47488e-15 3.52675e-15 2.73978e-15 2.09867e-15 1.58561e-15 1.18197e-15 8.69588e-16 6.31614e-16 4.53061e-16 3.21042e-16 2.24801e-16 1.55595e-16 1.06482e-16 7.2072e-17 4.82595e-17 3.19772e-17 2.09725e-17 1.36182e-17 8.75689e-18 5.57754e-18 3.5196e-18 2.20085e-18 1.36403e-18 8.38058e-19 5.10529e-19 
2.90265e-18 1.76341e-18 1.06238e-18 6.34811e-19 3.76281e-19 2.21281e-19 1.29122e-19 7.47703e-20 4.29717e-20 2.45135e-20 1.38815e-20 7.804e-21 4.35591e-21 2.41408e-21 1.32851e-21 7.2601e-22 3.94008e-22 2.1236e-22 1.13674e-22 6.04344e-23 3.19122e-23 1.67374e-23 8.71944e-24 4.51197e-24 2.31915e-24 1.1841e-24 6.00578e-25 3.02727e-25 1.52075e-25 7.76738e-26 4.58229e-26 4.93556e-26 1.20772e-25 4.06335e-25 1.44583e-24 5.18258e-24 1.85853e-23 6.66157e-23 2.38617e-22 8.54146e-22 3.05531e-21 1.09211e-20 3.90076e-20 1.39219e-19 4.96485e-19 1.76912e-18 6.29855e-18 2.24051e-17 7.96273e-17 2.82732e-16 1.00293e-15 3.55416e-15 1.25822e-14 4.44958e-14 1.57182e-13 5.54618e-13 1.95467e-12 6.88058e-12 2.41895e-11 8.49295e-11 2.97782e-10 1.04262e-09 3.64512e-09 1.27244e-08 4.43475e-08 1.54306e-07 5.35978e-07 1.85836e-06 6.43128e-06 2.22132e-05 7.65638e-05 0.000263311 0.000903252 0.00308803 0.0104942 0.0351479 0.112806 0.318211 0.6463 0.869579 0.958082 0.98708 0.996057 0.998796 0.999631 0.999886 0.999965 0.999989 0.999997 0.999999 1 1 1 1 1 1 1 1 1 1 1 1 1 1 1 1 1 1 1 1 1 1 1 1 1 1 1 1 1 1 1 1 1 1 1 1 1 1 1 1 1 0.999999 0.999998 0.999993 0.999976 0.999919 0.999726 0.999075 0.996887 0.989558 0.965402 0.88977 0.689272 0.361904 0.133474 0.0425483 0.0129413 0.0038816 0.00115981 0.000346285 0.000103408 3.08937e-05 9.23471e-06 2.76205e-06 8.26614e-07 2.47541e-07 7.41772e-08 2.22424e-08 6.67401e-09 2.00399e-09 6.02167e-10 1.81075e-10 5.44919e-11 1.64114e-11 4.94663e-12 1.49223e-12 4.50542e-13 1.36151e-13 4.11816e-14 1.2468e-14 3.77849e-15 1.14625e-15 3.48099e-16 1.05834e-16 3.22268e-17 9.8525e-18 3.07261e-18 1.07364e-18 5.97527e-19 7.11227e-19 1.23865e-18 2.32045e-18 4.34117e-18 8.0057e-18 1.45176e-17 2.58692e-17 4.52773e-17 7.78085e-17 1.31242e-16 2.17207e-16 3.52611e-16 5.61328e-16 8.76032e-16 1.33999e-15 2.00847e-15 2.94942e-15 4.24272e-15 5.97772e-15 8.24836e-15 1.11458e-14 1.47485e-14 1.91102e-14 2.42468e-14 3.0124e-14 3.66469e-14 4.36553e-14 5.09258e-14 5.81833e-14 6.51197e-14 7.14192e-14 7.67844e-14 8.09608e-14 8.37544e-14 8.50431e-14 8.4782e-14 8.3003e-14 7.98107e-14 7.53755e-14 6.9922e-14 6.37141e-14 5.70359e-14 5.01702e-14 4.33774e-14 3.68783e-14 3.08432e-14 2.53875e-14 2.05747e-14 1.64236e-14 1.29175e-14 1.0014e-14 7.654e-15 5.76985e-15 4.29113e-15 3.14956e-15 2.28211e-15 1.63294e-15 1.15421e-15 8.06152e-16 5.56539e-16 3.79881e-16 2.56447e-16 1.71264e-16 1.13179e-16 7.4031e-17 4.79419e-17 3.0745e-17 1.95296e-17 1.22904e-17 7.66446e-18 4.7373e-18 2.90265e-18 1.76341e-18 
1.00449e-17 6.08562e-18 3.65621e-18 2.17868e-18 1.28782e-18 7.55227e-19 4.39459e-19 2.53764e-19 1.45431e-19 8.27274e-20 4.67136e-20 2.61865e-20 1.45741e-20 8.0536e-21 4.41901e-21 2.40776e-21 1.30278e-21 7.00037e-22 3.73574e-22 1.97994e-22 1.04222e-22 5.44887e-23 2.82947e-23 1.45936e-23 7.47626e-24 3.80434e-24 1.92292e-24 9.65634e-25 4.82358e-25 2.41829e-25 1.29409e-25 1.00852e-25 1.84657e-25 5.78516e-25 2.04174e-24 7.32974e-24 2.63609e-23 9.47788e-23 3.40579e-22 1.22308e-21 4.38949e-21 1.5743e-20 5.64237e-20 2.02084e-19 7.2325e-19 2.58655e-18 9.24311e-18 3.30043e-17 1.17752e-16 4.19755e-16 1.49501e-15 5.31988e-15 1.89127e-14 6.71713e-14 2.38331e-13 8.44748e-13 2.99095e-12 1.05781e-11 3.73684e-11 1.31851e-10 4.64646e-10 1.63532e-09 5.74777e-09 2.0174e-08 7.07058e-08 2.47436e-07 8.64544e-07 3.01578e-06 1.05019e-05 3.65051e-05 0.000126652 0.00043849 0.00151426 0.00520902 0.0177721 0.0592721 0.184317 0.466234 0.772737 0.923767 0.976411 0.992862 0.997848 0.99935 0.999803 0.99994 0.999982 0.999994 0.999998 0.999999 1 1 1 1 1 1 1 1 1 1 1 1 1 1 1 1 1 1 1 1 1 1 1 1 1 1 1 1 1 1 1 1 1 1 1 1 1 1 1 1 1 0.999999 0.999996 0.999987 0.999958 0.999857 0.999517 0.998371 0.994516 0.981656 0.939916 0.816065 0.538913 0.232333 0.0783224 0.0242152 0.00729006 0.00217792 0.000649399 0.000193593 5.77301e-05 1.72235e-05 5.14131e-06 1.53557e-06 4.58898e-07 1.37221e-07 4.10575e-08 1.22924e-08 3.68264e-09 1.104e-09 3.3119e-10 9.9423e-11 2.98682e-11 8.97954e-12 2.70166e-12 8.13481e-13 2.45142e-13 7.3935e-14 2.23181e-14 6.743e-15 2.03915e-15 6.17252e-16 1.87036e-16 5.6752e-17 1.72798e-17 5.35362e-18 1.83861e-18 9.87328e-19 1.15938e-18 2.05196e-18 3.93376e-18 7.53901e-18 1.42471e-17 2.64823e-17 4.8382e-17 8.6839e-17 1.53066e-16 2.64858e-16 4.4974e-16 7.49164e-16 1.22383e-15 1.96002e-15 3.07664e-15 4.7322e-15 7.13052e-15 1.05237e-14 1.52102e-14 2.1526e-14 2.98273e-14 4.04629e-14 5.37373e-14 6.9865e-14 8.89212e-14 1.10792e-13 1.35135e-13 1.61357e-13 1.88623e-13 2.15891e-13 2.41993e-13 2.65727e-13 2.85959e-13 3.01719e-13 3.12269e-13 3.17146e-13 3.16179e-13 3.0949e-13 2.97476e-13 2.80781e-13 2.60261e-13 2.36917e-13 2.11829e-13 1.86073e-13 1.60632e-13 1.36338e-13 1.13825e-13 9.35188e-14 7.56452e-14 6.02635e-14 4.73009e-14 3.65906e-14 2.79057e-14 2.09884e-14 1.55729e-14 1.14026e-14 8.24188e-15 5.88267e-15 4.14752e-15 2.88937e-15 1.98953e-15 1.35444e-15 9.11925e-16 6.07389e-16 4.00314e-16 2.61141e-16 1.68655e-16 1.07864e-16 6.83297e-17 4.28837e-17 2.66697e-17 1.6439e-17 1.00449e-17 6.08562e-18 
3.47308e-17 2.0983e-17 1.25714e-17 7.47023e-18 4.40332e-18 2.57503e-18 1.49417e-18 8.60362e-19 4.91671e-19 2.78884e-19 1.57024e-19 8.7769e-20 4.87055e-20 2.68352e-20 1.46808e-20 7.97501e-21 4.30202e-21 2.30456e-21 1.22601e-21 6.47743e-22 3.3988e-22 1.77121e-22 9.16744e-23 4.71263e-23 2.40616e-23 1.22021e-23 6.14619e-24 3.07521e-24 1.52924e-24 7.58767e-25 3.8633e-25 2.4001e-25 3.03821e-25 8.25021e-25 2.8488e-24 1.02221e-23 3.68551e-23 1.329e-22 4.79023e-22 1.72562e-21 6.21271e-21 2.23541e-20 8.03828e-20 2.88864e-19 1.03738e-18 3.72295e-18 1.33516e-17 4.78483e-17 1.71347e-16 6.13131e-16 2.19222e-15 7.83177e-15 2.79555e-14 9.96997e-14 3.55244e-13 1.26459e-12 4.49732e-12 1.59779e-11 5.67061e-11 2.01034e-10 7.11904e-10 2.51806e-09 8.89574e-09 3.13871e-08 1.10598e-07 3.89183e-07 1.36754e-06 4.79821e-06 1.68091e-05 5.87893e-05 0.000205253 0.00071517 0.00248522 0.00859466 0.029369 0.0968063 0.285033 0.616621 0.858651 0.955291 0.986505 0.995973 0.998799 0.999641 0.999892 0.999968 0.99999 0.999997 0.999999 1 1 1 1 1 1 1 1 1 1 1 1 1 1 1 1 1 1 1 1 1 1 1 1 1 1 1 1 1 1 1 1 1 1 1 1 1 1 1 1 1 0.999999 0.999998 0.999994 0.999978 0.999926 0.999749 0.999152 0.997139 0.990376 0.96799 0.897338 0.706368 0.380158 0.141744 0.0452586 0.0137443 0.00411197 0.00122512 0.000364686 0.000108567 3.23325e-05 9.63363e-06 2.87187e-06 8.5659e-07 2.55635e-07 7.63334e-08 2.28066e-08 6.81814e-09 2.03956e-09 6.1049e-10 1.82853e-10 5.4804e-11 1.64368e-11 4.9332e-12 1.48167e-12 4.45348e-13 1.33961e-13 4.03273e-14 1.21499e-14 3.66364e-15 1.10568e-15 3.34006e-16 1.01018e-16 3.0641e-17 9.43054e-18 3.17339e-18 1.61765e-18 1.8371e-18 3.28446e-18 6.43673e-18 1.26348e-17 2.44679e-17 4.66208e-17 8.7334e-17 1.60769e-16 2.90707e-16 5.1614e-16 8.99436e-16 1.53781e-15 2.57875e-15 4.23981e-15 6.83249e-15 1.0789e-14 1.66894e-14 2.52845e-14 3.75093e-14 5.44779e-14 7.74534e-14 1.07785e-13 1.46806e-13 1.95696e-13 2.55311e-13 3.25989e-13 4.07363e-13 4.98201e-13 5.96314e-13 6.98568e-13 8.01038e-13 8.99281e-13 9.88717e-13 1.06503e-12 1.12451e-12 1.16436e-12 1.18282e-12 1.17924e-12 1.15408e-12 1.10885e-12 1.046e-12 9.68765e-13 8.80964e-13 7.86705e-13 6.90066e-13 5.94778e-13 5.03968e-13 4.19997e-13 3.44425e-13 2.78057e-13 2.21072e-13 1.73158e-13 1.33661e-13 1.01708e-13 7.63201e-14 5.64934e-14 4.12644e-14 2.97522e-14 2.11821e-14 1.48959e-14 1.03503e-14 7.10814e-15 4.82628e-15 3.24076e-15 2.1527e-15 1.41494e-15 9.20512e-16 5.92877e-16 3.78138e-16 2.38884e-16 1.49511e-16 9.27251e-17 5.69968e-17 3.47308e-17 2.0983e-17 
1.19978e-16 7.22833e-17 4.31852e-17 2.55895e-17 1.50412e-17 8.77111e-18 5.075e-18 2.91392e-18 1.66044e-18 9.39114e-19 5.27229e-19 2.93834e-19 1.62576e-19 8.93078e-20 4.8711e-20 2.63809e-20 1.41871e-20 7.57636e-21 4.0179e-21 2.11604e-21 1.10673e-21 5.74866e-22 2.96553e-22 1.51934e-22 7.73091e-23 3.90693e-23 1.96099e-23 9.77622e-24 4.84198e-24 2.38653e-24 1.18515e-24 6.45558e-25 5.67174e-25 1.20029e-24 3.93789e-24 1.40612e-23 5.07888e-23 1.83648e-22 6.63865e-22 2.39862e-21 8.66195e-21 3.12633e-20 1.12775e-19 4.06573e-19 1.4649e-18 5.27486e-18 1.89819e-17 6.82632e-17 2.45324e-16 8.81037e-16 3.16181e-15 1.13385e-14 4.06299e-14 1.45476e-13 5.20452e-13 1.86039e-12 6.64423e-12 2.37078e-11 8.45142e-11 3.00984e-10 1.07082e-09 3.80569e-09 1.35106e-08 4.79097e-08 1.69691e-07 6.00286e-07 2.12081e-06 7.48277e-06 2.63642e-05 9.27518e-05 0.000325779 0.00114201 0.00399134 0.0138612 0.0472838 0.152422 0.412322 0.740011 0.912845 0.973442 0.992123 0.997677 0.999314 0.999797 0.99994 0.999982 0.999995 0.999998 1 1 1 1 1 1 1 1 1 1 1 1 1 1 1 1 1 1 1 1 1 1 1 1 1 1 1 1 1 1 1 1 1 1 1 1 1 1 1 1 1 1 0.999999 0.999997 0.999989 0.999962 0.99987 0.999561 0.998516 0.99499 0.98319 0.944676 0.828934 0.561356 0.247342 0.0839365 0.0259549 0.0077988 0.00232393 0.000691001 0.000205399 6.1069e-05 1.81645e-05 5.40541e-06 1.60935e-06 4.79397e-07 1.42879e-07 4.26065e-08 1.27123e-08 3.79503e-09 1.1336e-09 3.38816e-10 1.01329e-10 3.03232e-11 9.08023e-12 2.72086e-12 8.15854e-13 2.44806e-13 7.35101e-14 2.20899e-14 6.64317e-15 1.99941e-15 6.02274e-16 1.81611e-16 5.48935e-17 1.67874e-17 5.52751e-18 2.63926e-18 2.83386e-18 5.07842e-18 1.01603e-17 2.04223e-17 4.05249e-17 7.91514e-17 1.52039e-16 2.87076e-16 5.32587e-16 9.704e-16 1.73579e-15 3.04686e-15 5.24627e-15 8.85791e-15 1.46603e-14 2.37763e-14 3.7775e-14 5.87768e-14 8.95458e-14 1.33546e-13 1.94933e-13 2.78453e-13 3.89211e-13 5.32303e-13 7.12296e-13 9.32581e-13 1.19465e-12 1.49736e-12 1.8363e-12 2.20338e-12 2.5869e-12 2.97201e-12 3.34185e-12 3.67895e-12 3.96683e-12 4.19139e-12 4.34194e-12 4.41181e-12 4.39855e-12 4.30391e-12 4.1336e-12 3.8969e-12 3.60614e-12 3.27583e-12 2.92161e-12 2.55898e-12 2.20207e-12 1.86263e-12 1.54945e-12 1.26824e-12 1.02186e-12 8.10786e-13 6.33721e-13 4.88097e-13 3.70571e-13 2.7742e-13 2.04857e-13 1.49265e-13 1.07352e-13 7.62337e-14 5.34708e-14 3.70559e-14 2.53808e-14 1.71868e-14 1.15095e-14 7.62444e-15 4.99775e-15 3.24243e-15 2.0826e-15 1.32461e-15 8.34488e-16 5.20831e-16 3.22115e-16 1.97448e-16 1.19978e-16 7.22833e-17 
4.14093e-16 2.48775e-16 1.48209e-16 8.75727e-17 5.13278e-17 2.98459e-17 1.72195e-17 9.85848e-18 5.60142e-18 3.15883e-18 1.7682e-18 9.82538e-19 5.4201e-19 2.96847e-19 1.61417e-19 8.71514e-20 4.67228e-20 2.48729e-20 1.31486e-20 6.90242e-21 3.59831e-21 1.86286e-21 9.57747e-22 4.89011e-22 2.47964e-22 1.24872e-22 6.24528e-23 3.10214e-23 1.53052e-23 7.50588e-24 3.67844e-24 1.87248e-24 1.24329e-24 1.84529e-24 5.42643e-24 1.9093e-23 6.899e-23 2.50073e-22 9.06471e-22 3.2845e-21 1.18955e-20 4.3061e-20 1.55801e-19 5.63417e-19 2.03638e-18 7.35614e-18 2.6558e-17 9.58266e-17 3.45553e-16 1.2453e-15 4.48491e-15 1.61415e-14 5.80548e-14 2.08652e-13 7.4936e-13 2.68923e-12 9.64326e-12 3.45515e-11 1.23692e-10 4.42425e-10 1.58104e-09 5.64465e-09 2.01329e-08 7.17354e-08 2.5533e-07 9.07803e-07 3.22392e-06 1.14355e-05 4.05117e-05 0.000143324 0.000506287 0.00178484 0.00626968 0.021829 0.0739706 0.229654 0.550241 0.828596 0.945961 0.983938 0.995299 0.998627 0.999599 0.999882 0.999965 0.99999 0.999997 0.999999 1 1 1 1 1 1 1 1 1 1 1 1 1 1 1 1 1 1 1 1 1 1 1 1 1 1 1 1 1 1 1 1 1 1 1 1 1 1 1 1 1 0.999999 0.999998 0.999994 0.99998 0.999933 0.999774 0.999234 0.997409 0.99126 0.970822 0.905777 0.726207 0.403135 0.152635 0.0489015 0.0148382 0.00442976 0.00131643 0.000390806 0.000116018 3.4453e-05 1.02356e-05 3.04226e-06 9.04664e-07 2.69148e-07 8.01146e-08 2.38592e-08 7.10932e-09 2.1195e-09 6.32237e-10 1.887e-10 5.63528e-11 1.6839e-11 5.03483e-12 1.50635e-12 4.50967e-13 1.35099e-13 4.05003e-14 1.21498e-14 3.64749e-15 1.09585e-15 3.2954e-16 9.9287e-17 3.01854e-17 9.72894e-18 4.31226e-18 4.26778e-18 7.58547e-18 1.54643e-17 3.18178e-17 6.4689e-17 1.29509e-16 2.55086e-16 4.94042e-16 9.40437e-16 1.75868e-15 3.22957e-15 5.8212e-15 1.02946e-14 1.78551e-14 3.03599e-14 5.05905e-14 8.25884e-14 1.32043e-13 2.06697e-13 3.16714e-13 4.74919e-13 6.96805e-13 1.00019e-12 1.40438e-12 1.92883e-12 2.5912e-12 3.4049e-12 4.37637e-12 5.50222e-12 6.76671e-12 8.14013e-12 9.57863e-12 1.10262e-11 1.24188e-11 1.36896e-11 1.47759e-11 1.56238e-11 1.61927e-11 1.64572e-11 1.64081e-11 1.60519e-11 1.54104e-11 1.45189e-11 1.3424e-11 1.21811e-11 1.08497e-11 9.48877e-12 8.15183e-12 6.88308e-12 5.7152e-12 4.66898e-12 3.75446e-12 2.97282e-12 2.31863e-12 1.78186e-12 1.34971e-12 1.00803e-12 7.4255e-13 5.39695e-13 3.87161e-13 2.74223e-13 1.91836e-13 1.32591e-13 9.05724e-14 6.11655e-14 4.08487e-14 2.69859e-14 1.76401e-14 1.14128e-14 7.31001e-15 4.63647e-15 2.91275e-15 1.81285e-15 1.11803e-15 6.83398e-16 4.14093e-16 2.48775e-16 
1.4279e-15 8.55403e-16 5.08158e-16 2.99398e-16 1.74979e-16 1.01454e-16 5.83642e-17 3.33175e-17 1.88751e-17 1.0613e-17 5.92321e-18 3.28152e-18 1.80477e-18 9.85426e-19 5.34198e-19 2.87525e-19 1.5366e-19 8.15407e-20 4.29659e-20 2.24813e-20 1.16809e-20 6.02688e-21 3.08801e-21 1.57123e-21 7.93923e-22 3.98384e-22 1.98524e-22 9.82465e-23 4.8288e-23 2.35783e-23 1.14637e-23 5.64409e-24 3.1554e-24 3.1635e-24 7.5592e-24 2.56399e-23 9.23912e-23 3.35541e-22 1.21941e-21 4.43031e-21 1.60896e-20 5.84075e-20 2.11933e-19 7.68652e-19 2.78647e-18 1.00964e-17 3.65645e-17 1.32351e-16 4.78806e-16 1.73122e-15 6.25597e-15 2.25934e-14 8.15457e-14 2.94135e-13 1.06025e-12 3.81925e-12 1.37481e-11 4.9453e-11 1.77753e-10 6.38417e-10 2.29109e-09 8.21515e-09 2.94315e-08 1.05346e-07 3.76715e-07 1.34581e-06 4.80301e-06 1.7123e-05 6.09761e-05 0.000216875 0.000770238 0.00272963 0.00962977 0.033544 0.112177 0.328747 0.6739 0.887925 0.966042 0.990082 0.997129 0.999169 0.999759 0.99993 0.99998 0.999994 0.999998 0.999999 1 1 1 1 1 1 1 1 1 1 1 1 1 1 1 1 1 1 1 1 1 1 1 1 1 1 1 1 1 1 1 1 1 1 1 1 1 1 1 1 1 0.999999 0.999997 0.99999 0.999966 0.999884 0.999607 0.998667 0.995488 0.984816 0.949787 0.843114 0.58766 0.266315 0.0912488 0.0282524 0.00847719 0.00252043 0.000747548 0.000221625 6.57161e-05 1.94931e-05 5.78455e-06 1.71732e-06 5.10072e-07 1.5157e-07 4.50615e-08 1.34032e-08 3.98869e-09 1.18761e-09 3.53789e-10 1.05451e-10 3.14481e-11 9.38391e-12 2.80173e-12 8.37e-13 2.50202e-13 7.48392e-14 2.24e-14 6.70896e-15 2.01078e-15 6.0315e-16 1.81193e-16 5.47987e-17 1.73197e-17 7.10184e-18 6.3044e-18 1.09505e-17 2.26866e-17 4.77569e-17 9.94637e-17 2.04091e-16 4.1217e-16 8.18807e-16 1.5993e-15 3.06981e-15 5.78799e-15 1.07146e-14 1.94652e-14 3.4689e-14 6.0616e-14 1.03818e-13 1.74215e-13 2.86331e-13 4.60767e-13 7.25764e-13 1.11866e-12 1.68688e-12 2.48817e-12 3.58933e-12 5.06341e-12 6.98456e-12 9.42095e-12 1.24255e-11 1.60256e-11 2.0212e-11 2.49289e-11 3.00672e-11 3.54631e-11 4.09051e-11 4.61494e-11 5.09418e-11 5.50418e-11 5.82441e-11 6.03939e-11 6.13952e-11 6.1213e-11 5.98726e-11 5.74558e-11 5.40966e-11 4.99728e-11 4.52949e-11 4.02897e-11 3.51816e-11 3.01735e-11 2.54314e-11 2.10767e-11 1.71851e-11 1.37913e-11 1.08973e-11 8.48087e-12 6.50284e-12 4.9142e-12 3.66134e-12 2.6904e-12 1.95048e-12 1.39561e-12 9.85905e-13 6.8787e-13 4.74156e-13 3.23013e-13 2.1754e-13 1.44881e-13 9.54471e-14 6.2218e-14 4.01411e-14 2.56386e-14 1.62159e-14 1.01585e-14 6.30462e-15 3.87724e-15 2.36324e-15 1.4279e-15 8.55403e-16 
4.91922e-15 2.93847e-15 1.7406e-15 1.02258e-15 5.95902e-16 3.44504e-16 1.97608e-16 1.12475e-16 6.35317e-17 3.56162e-17 1.98182e-17 1.09463e-17 6.00193e-18 3.26703e-18 1.76554e-18 9.4729e-19 5.04641e-19 2.66925e-19 1.4019e-19 7.31089e-20 3.78582e-20 1.94666e-20 9.9396e-21 5.03962e-21 2.53737e-21 1.26861e-21 6.29848e-22 3.10536e-22 1.52044e-22 7.39377e-23 3.57452e-23 1.73036e-23 8.83739e-24 6.36159e-24 1.09575e-23 3.42087e-23 1.22049e-22 4.4364e-22 1.61599e-21 5.88611e-21 2.14326e-20 7.80111e-20 2.83837e-19 1.0323e-18 3.75283e-18 1.36372e-17 4.95333e-17 1.79833e-16 6.52584e-16 2.36695e-15 8.58068e-15 3.10904e-14 1.12589e-13 4.07495e-13 1.474e-12 5.32859e-12 1.92513e-11 6.95069e-11 2.50789e-10 9.04257e-10 3.25812e-09 1.17306e-08 4.22029e-08 1.51711e-07 5.44923e-07 1.95559e-06 7.01181e-06 2.51173e-05 8.98839e-05 0.000321296 0.00114686 0.00408373 0.0144555 0.0502496 0.16448 0.444539 0.770001 0.926292 0.978262 0.993735 0.998203 0.999484 0.999852 0.999957 0.999988 0.999996 0.999999 1 1 1 1 1 1 1 1 1 1 1 1 1 1 1 1 1 1 1 1 1 1 1 1 1 1 1 1 1 1 1 1 1 1 1 1 1 1 1 1 1 1 0.999998 0.999995 0.999983 0.999941 0.999799 0.999317 0.997685 0.992171 0.973771 0.914717 0.748053 0.43076 0.166423 0.0536029 0.0162635 0.00484672 0.00143707 0.000425572 0.000126018 3.73258e-05 1.10597e-05 3.27837e-06 9.72201e-07 2.88432e-07 8.56104e-08 2.54219e-08 7.55251e-09 2.24482e-09 6.67553e-10 1.98612e-10 5.91219e-11 1.76084e-11 5.24714e-12 1.56446e-12 4.66716e-13 1.39313e-13 4.16093e-14 1.24352e-14 3.71872e-15 1.11287e-15 3.33436e-16 1.00386e-16 3.1198e-17 1.18645e-17 9.20068e-18 1.5296e-17 3.20711e-17 6.90232e-17 1.47228e-16 3.0958e-16 6.40977e-16 1.30601e-15 2.61734e-15 5.15672e-15 9.98325e-15 1.89821e-14 3.54307e-14 6.489e-14 1.16557e-13 2.05246e-13 3.54162e-13 5.98616e-13 9.90724e-13 1.60497e-12 2.54424e-12 3.94552e-12 5.98416e-12 8.875e-12 1.28686e-11 1.82408e-11 2.52744e-11 3.4232e-11 4.53222e-11 5.86594e-11 7.42224e-11 9.1815e-11 1.11037e-10 1.31279e-10 1.5174e-10 1.71494e-10 1.8957e-10 2.05049e-10 2.17145e-10 2.25271e-10 2.29062e-10 2.28386e-10 2.2334e-10 2.14233e-10 2.01573e-10 1.86037e-10 1.68426e-10 1.49606e-10 1.30432e-10 1.1167e-10 9.39476e-11 7.77125e-11 6.32391e-11 5.06474e-11 3.99354e-11 3.10115e-11 2.37242e-11 1.78859e-11 1.32934e-11 9.74366e-12 7.0458e-12 5.02825e-12 3.54271e-12 2.46511e-12 1.69461e-12 1.15126e-12 7.73195e-13 5.1351e-13 3.37351e-13 2.19286e-13 1.41077e-13 8.98525e-14 5.66685e-14 3.53992e-14 2.19071e-14 1.34341e-14 8.16489e-15 4.91922e-15 2.93847e-15 
1.69311e-14 1.00844e-14 5.9562e-15 3.48901e-15 2.02728e-15 1.16858e-15 6.68326e-16 3.79273e-16 2.13595e-16 1.19383e-16 6.62283e-17 3.64688e-17 1.99344e-17 1.08171e-17 5.82727e-18 3.11661e-18 1.65492e-18 8.7249e-19 4.56712e-19 2.37374e-19 1.225e-19 6.27708e-20 3.19377e-20 1.61353e-20 8.09436e-21 4.03202e-21 1.99435e-21 9.79541e-22 4.77743e-22 2.3139e-22 1.11339e-22 5.33834e-23 2.60876e-23 1.51055e-23 1.73827e-23 4.58288e-23 1.59255e-22 5.7806e-22 2.10965e-21 7.70239e-21 2.81152e-20 1.02593e-19 3.74237e-19 1.36465e-18 4.97438e-18 1.81256e-17 6.602e-17 2.40372e-16 8.74806e-16 3.18238e-15 1.15718e-14 4.20578e-14 1.52787e-13 5.54772e-13 2.01335e-12 7.30294e-12 2.64752e-11 9.5926e-11 3.47361e-10 1.25709e-09 4.54651e-09 1.64328e-08 5.93547e-08 2.14238e-07 7.72727e-07 2.78502e-06 1.00297e-05 3.60902e-05 0.000129748 0.000465966 0.00167095 0.00597438 0.0211897 0.0732256 0.231933 0.562899 0.839463 0.950899 0.98579 0.995947 0.998847 0.999672 0.999906 0.999973 0.999992 0.999998 0.999999 1 1 1 1 1 1 1 1 1 1 1 1 1 1 1 1 1 1 1 1 1 1 1 1 1 1 1 1 1 1 1 1 1 1 1 1 1 1 1 1 1 0.999999 0.999997 0.999991 0.99997 0.999898 0.999652 0.998818 0.995991 0.986469 0.955041 0.85805 0.617138 0.28953 0.100498 0.0311949 0.00935179 0.00277509 0.000821215 0.000242883 7.1843e-05 2.12571e-05 6.29197e-06 1.86312e-06 5.51916e-07 1.63564e-07 4.84939e-08 1.43839e-08 4.26836e-09 1.26719e-09 3.7638e-10 1.11845e-10 3.32523e-11 9.89102e-12 2.94363e-12 8.76499e-13 2.61128e-13 7.78383e-14 2.32156e-14 6.92817e-15 2.06888e-15 6.18394e-16 1.85463e-16 5.6853e-17 2.02104e-17 1.34016e-17 2.07203e-17 4.36856e-17 9.60216e-17 2.09695e-16 4.51759e-16 9.58791e-16 2.00341e-15 4.11922e-15 8.32987e-15 1.65584e-14 3.23394e-14 6.20242e-14 1.16759e-13 2.15627e-13 3.90478e-13 6.9306e-13 1.20514e-12 2.05216e-12 3.42082e-12 5.58002e-12 8.90406e-12 1.38951e-11 2.12006e-11 3.16196e-11 4.60909e-11 6.5656e-11 9.13915e-11 1.24309e-10 1.65228e-10 2.14622e-10 2.72463e-10 3.38067e-10 4.09974e-10 4.85907e-10 5.62852e-10 6.37278e-10 7.05474e-10 7.63921e-10 8.09627e-10 8.40347e-10 8.547e-10 8.52191e-10 8.33186e-10 7.9886e-10 7.51138e-10 6.92591e-10 6.26277e-10 5.55499e-10 4.83511e-10 4.13228e-10 3.46997e-10 2.86478e-10 2.32662e-10 1.85954e-10 1.46312e-10 1.13364e-10 8.65237e-11 6.50741e-11 4.82452e-11 3.52724e-11 2.54398e-11 1.81071e-11 1.27233e-11 8.82913e-12 6.05276e-12 4.10063e-12 2.74631e-12 1.8188e-12 1.19148e-12 7.72293e-13 4.95436e-13 3.14644e-13 1.97872e-13 1.23251e-13 7.60557e-14 4.65055e-14 2.81834e-14 1.69311e-14 1.00844e-14 
5.82179e-14 3.45746e-14 2.03612e-14 1.18922e-14 6.88956e-15 3.95959e-15 2.25782e-15 1.27748e-15 7.17272e-16 3.99685e-16 2.21048e-16 1.21345e-16 6.61222e-17 3.57671e-17 1.92066e-17 1.02391e-17 5.41916e-18 2.84755e-18 1.48556e-18 7.69471e-19 3.95718e-19 2.02058e-19 1.02439e-19 5.15653e-20 2.57725e-20 1.27898e-20 6.30212e-21 3.08336e-21 1.49791e-21 7.22578e-22 3.46175e-22 1.64915e-22 7.8866e-23 4.05769e-23 3.20622e-23 6.31019e-23 2.05956e-22 7.42572e-22 2.71306e-21 9.92666e-21 3.63178e-20 1.32839e-19 4.85741e-19 1.77563e-18 6.48879e-18 2.37047e-17 8.65684e-17 3.16033e-16 1.15332e-15 4.20732e-15 1.53424e-14 5.59252e-14 2.03771e-13 7.42147e-13 2.70175e-12 9.83109e-12 3.57563e-11 1.29984e-10 4.72287e-10 1.71512e-09 6.22514e-09 2.25819e-08 8.18689e-08 2.96632e-07 1.07411e-06 3.88684e-06 1.40557e-05 5.07924e-05 0.0001834 0.000661556 0.00238251 0.00854857 0.0303346 0.103739 0.313582 0.666997 0.887679 0.966719 0.990501 0.997314 0.999242 0.999786 0.999939 0.999983 0.999995 0.999999 1 1 1 1 1 1 1 1 1 1 1 1 1 1 1 1 1 1 1 1 1 1 1 1 1 1 1 1 1 1 1 1 1 1 1 1 1 1 1 1 1 1 0.999999 0.999996 0.999985 0.999948 0.999823 0.999399 0.997958 0.993079 0.976731 0.923827 0.771173 0.462865 0.183467 0.059538 0.0180775 0.00537991 0.00159194 0.000470382 0.000138964 4.10625e-05 1.21375e-05 3.58901e-06 1.06166e-06 3.14173e-07 9.3009e-08 2.75461e-08 8.16163e-09 2.41924e-09 7.17416e-10 2.12841e-10 6.3174e-11 1.87596e-11 5.57332e-12 1.6566e-12 4.92646e-13 1.4658e-13 4.36357e-14 1.2997e-14 3.87341e-15 1.15527e-15 3.45362e-16 1.04747e-16 3.52065e-17 1.97416e-17 2.73318e-17 5.73528e-17 1.28533e-16 2.87255e-16 6.33881e-16 1.37873e-15 2.95384e-15 6.23018e-15 1.29297e-14 2.6389e-14 5.29388e-14 1.0433e-13 2.01885e-13 3.8338e-13 7.14111e-13 1.30406e-12 2.33354e-12 4.08998e-12 7.01822e-12 1.17857e-11 1.93619e-11 3.11065e-11 4.88582e-11 7.50054e-11 1.12518e-10 1.6491e-10 2.36111e-10 3.30219e-10 4.51126e-10 6.02037e-10 7.84905e-10 9.99819e-10 1.24442e-09 1.51338e-09 1.79824e-09 2.08763e-09 2.3681e-09 2.62545e-09 2.84621e-09 3.01894e-09 3.13509e-09 3.18944e-09 3.18013e-09 3.10853e-09 2.97912e-09 2.79918e-09 2.5785e-09 2.32873e-09 2.06248e-09 1.79219e-09 1.52889e-09 1.2814e-09 1.05585e-09 8.5579e-10 6.82573e-10 5.359e-10 4.14283e-10 3.1545e-10 2.36668e-10 1.75022e-10 1.27629e-10 9.18088e-11 6.51711e-11 4.56692e-11 3.16041e-11 2.16057e-11 1.45964e-11 9.748e-12 6.43746e-12 4.20509e-12 2.71783e-12 1.73851e-12 1.10092e-12 6.90344e-13 4.28758e-13 2.63812e-13 1.60844e-13 9.71923e-14 5.82179e-14 3.45746e-14 
1.99989e-13 1.18421e-13 6.95331e-14 4.04915e-14 2.33885e-14 1.34019e-14 7.61902e-15 4.29784e-15 2.4058e-15 1.33647e-15 7.36859e-16 4.03237e-16 2.19035e-16 1.18103e-16 6.3215e-17 3.35898e-17 1.77188e-17 9.27915e-18 4.82435e-18 2.49019e-18 1.27613e-18 6.49272e-19 3.2797e-19 1.64482e-19 8.19001e-20 4.04886e-20 1.98732e-20 9.68489e-21 4.68615e-21 2.25135e-21 1.07401e-21 5.09024e-22 2.40616e-22 1.16869e-22 7.07468e-23 9.33972e-23 2.66126e-22 9.41381e-22 3.43736e-21 1.25994e-20 4.61946e-20 1.69339e-19 6.20608e-19 2.27388e-18 8.32923e-18 3.05016e-17 1.11665e-16 4.0868e-16 1.49526e-15 5.46907e-15 1.99971e-14 7.30924e-14 2.67069e-13 9.75471e-13 3.56155e-12 1.29985e-11 4.74207e-11 1.72925e-10 6.30315e-10 2.29646e-09 8.36289e-09 3.04399e-08 1.10742e-07 4.02677e-07 1.46342e-06 5.31553e-06 1.92964e-05 7.00073e-05 0.000253814 0.000919358 0.00332427 0.0119644 0.0424221 0.142915 0.406486 0.749574 0.920477 0.976966 0.993497 0.998175 0.999488 0.999856 0.99996 0.999989 0.999997 0.999999 1 1 1 1 1 1 1 1 1 1 1 1 1 1 1 1 1 1 1 1 1 1 1 1 1 1 1 1 1 1 1 1 1 1 1 1 1 1 1 1 1 0.999999 0.999998 0.999992 0.999974 0.999911 0.999696 0.998965 0.996482 0.988094 0.960262 0.873234 0.648994 0.317298 0.112001 0.0349022 0.0104596 0.00309872 0.000915108 0.000270061 7.97019e-05 2.35283e-05 6.94795e-06 2.05248e-06 6.06543e-07 1.79312e-07 5.30303e-08 1.56895e-08 4.64377e-09 1.37502e-09 4.07313e-10 1.20707e-10 3.5787e-11 1.06148e-11 3.14989e-12 9.35146e-13 2.7776e-13 8.25413e-14 2.45408e-14 7.30021e-15 2.17301e-15 6.47856e-16 1.94929e-16 6.27415e-17 2.98475e-17 3.5357e-17 7.26274e-17 1.65515e-16 3.78324e-16 8.54836e-16 1.90498e-15 4.18369e-15 9.05006e-15 1.92723e-14 4.03801e-14 8.31993e-14 1.6848e-13 3.35134e-13 6.54467e-13 1.25407e-12 2.35664e-12 4.34083e-12 7.8333e-12 1.3842e-11 2.39409e-11 4.0512e-11 6.70437e-11 1.0847e-10 1.71513e-10 2.64976e-10 3.99884e-10 5.89389e-10 8.48307e-10 1.19222e-09 1.63608e-09 2.19242e-09 2.86919e-09 3.66749e-09 4.57924e-09 5.5852e-09 6.6539e-09 7.74244e-09 8.79962e-09 9.77105e-09 1.06051e-08 1.1258e-08 1.16972e-08 1.1903e-08 1.18684e-08 1.15987e-08 1.11106e-08 1.0432e-08 9.59994e-09 8.65893e-09 7.6572e-09 6.64217e-09 5.6558e-09 4.73111e-09 3.89066e-09 3.1471e-09 2.50487e-09 1.96231e-09 1.5135e-09 1.14967e-09 8.60406e-10 6.34663e-10 4.616e-10 3.31161e-10 2.34439e-10 1.63832e-10 1.1306e-10 7.70745e-11 5.19222e-11 3.45765e-11 2.27683e-11 1.48299e-11 9.5571e-12 6.09564e-12 3.84886e-12 2.40644e-12 1.49023e-12 9.14253e-13 5.55783e-13 3.34856e-13 1.99989e-13 1.18421e-13 
6.86322e-13 4.05191e-13 2.37208e-13 1.37722e-13 7.93123e-14 4.53099e-14 2.56809e-14 1.44422e-14 8.05947e-15 4.46334e-15 2.45315e-15 1.33822e-15 7.24582e-16 3.89429e-16 2.07761e-16 1.10029e-16 5.78452e-17 3.01895e-17 1.56415e-17 8.04522e-18 4.1081e-18 2.08253e-18 1.04807e-18 5.23649e-19 2.59743e-19 1.2791e-19 6.25351e-20 3.03534e-20 1.46271e-20 6.99819e-21 3.32434e-21 1.56825e-21 7.35874e-22 3.47715e-22 1.81041e-22 1.585e-22 3.50037e-22 1.18074e-21 4.29173e-21 1.57495e-20 5.78548e-20 2.12516e-19 7.80485e-19 2.86581e-18 1.05205e-17 3.86125e-17 1.41683e-16 5.1976e-16 1.90624e-15 6.98939e-15 2.56202e-14 9.38861e-14 3.43947e-13 1.25964e-12 4.61172e-12 1.68785e-11 6.17522e-11 2.25846e-10 8.25676e-10 3.01742e-09 1.10226e-08 4.02486e-08 1.46902e-07 5.35931e-07 1.95429e-06 7.12303e-06 2.59494e-05 9.44855e-05 0.000343828 0.00125005 0.00453583 0.0163621 0.0578598 0.190932 0.503512 0.812135 0.942808 0.983704 0.995439 0.998729 0.999646 0.999901 0.999972 0.999992 0.999998 0.999999 1 1 1 1 1 1 1 1 1 1 1 1 1 1 1 1 1 1 1 1 1 1 1 1 1 1 1 1 1 1 1 1 1 1 1 1 1 1 1 1 1 0.999999 0.999996 0.999987 0.999955 0.999847 0.999477 0.998221 0.993955 0.979612 0.932824 0.794858 0.499101 0.204205 0.0669387 0.0203583 0.0060527 0.00178782 0.000527184 0.000155412 4.58223e-05 1.35143e-05 3.9871e-06 1.17671e-06 3.47407e-07 1.02604e-07 3.03147e-08 8.95995e-09 2.64926e-09 7.83637e-10 2.31888e-10 6.86467e-11 2.03302e-11 6.02348e-12 1.78543e-12 5.29454e-13 1.57077e-13 4.66226e-14 1.38449e-14 4.11364e-15 1.22361e-15 3.66021e-16 1.14181e-16 4.69319e-17 4.5386e-17 8.8865e-17 2.05028e-16 4.78895e-16 1.10755e-15 2.52792e-15 5.68941e-15 1.2619e-14 2.75677e-14 5.92863e-14 1.25442e-13 2.6099e-13 5.33637e-13 1.07167e-12 2.11263e-12 4.08588e-12 7.7483e-12 1.43996e-11 2.62115e-11 4.67098e-11 8.14509e-11 1.38919e-10 2.31644e-10 3.77502e-10 6.01044e-10 9.34671e-10 1.41929e-09 2.10407e-09 3.04484e-09 4.30081e-09 5.92942e-09 7.97949e-09 1.04832e-08 1.34476e-08 1.68454e-08 2.06073e-08 2.46167e-08 2.87119e-08 3.26977e-08 3.63656e-08 3.95175e-08 4.19859e-08 4.36472e-08 4.44265e-08 4.42978e-08 4.32812e-08 4.14405e-08 3.88803e-08 3.57422e-08 3.2196e-08 2.84262e-08 2.46141e-08 2.09189e-08 1.74644e-08 1.43334e-08 1.15706e-08 9.18993e-09 7.18341e-09 5.52752e-09 4.18851e-09 3.12674e-09 2.30041e-09 1.66868e-09 1.19391e-09 8.4288e-10 5.87387e-10 4.04211e-10 2.74772e-10 1.84573e-10 1.22558e-10 8.04691e-11 5.22599e-11 3.35805e-11 2.13554e-11 1.34445e-11 8.38128e-12 5.17499e-12 3.16549e-12 1.91866e-12 1.15257e-12 6.86322e-13 4.05191e-13 
2.35295e-12 1.38498e-12 8.08368e-13 4.67922e-13 2.68655e-13 1.53012e-13 8.64593e-14 4.84727e-14 2.69661e-14 1.4887e-14 8.15636e-15 4.43513e-15 2.39365e-15 1.28226e-15 6.81814e-16 3.59868e-16 1.88546e-16 9.80612e-17 5.06274e-17 2.59471e-17 1.32011e-17 6.6673e-18 3.34282e-18 1.66379e-18 8.22077e-19 4.03231e-19 1.96348e-19 9.49151e-20 4.55496e-20 2.1701e-20 1.02644e-20 4.82051e-21 2.24923e-21 1.04792e-21 5.06666e-22 3.23579e-22 4.87145e-22 1.47436e-21 5.28462e-21 1.93905e-20 7.13449e-20 2.62557e-19 9.66125e-19 3.55446e-18 1.30749e-17 4.80871e-17 1.76823e-16 6.50074e-16 2.38946e-15 8.78107e-15 3.22626e-14 1.18509e-13 4.35213e-13 1.59787e-12 5.865e-12 2.15216e-11 7.89509e-11 2.89539e-10 1.0615e-09 3.89037e-09 1.42531e-08 5.21999e-08 1.91103e-07 6.99345e-07 2.55822e-06 9.35405e-06 3.41875e-05 0.000124889 0.000455955 0.00166299 0.00605076 0.0218486 0.0768392 0.246555 0.594041 0.858325 0.958124 0.98821 0.996723 0.999092 0.999748 0.99993 0.999981 0.999995 0.999998 1 1 1 1 1 1 1 1 1 1 1 1 1 1 1 1 1 1 1 1 1 1 1 1 1 1 1 1 1 1 1 1 1 1 1 1 1 1 1 1 1 0.999999 0.999998 0.999993 0.999977 0.999923 0.999737 0.999104 0.996949 0.989649 0.965305 0.88822 0.682351 0.3499 0.126157 0.0395327 0.0118503 0.00350596 0.00103346 0.000304372 8.9641e-05 2.64062e-05 7.78098e-06 2.29353e-06 6.76272e-07 1.99475e-07 5.88583e-08 1.73733e-08 5.12997e-09 1.51533e-09 4.4778e-10 1.3237e-10 3.91455e-11 1.15811e-11 3.42762e-12 1.01488e-12 3.00624e-13 8.90882e-14 2.64125e-14 7.83452e-15 2.32575e-15 6.92762e-16 2.11546e-16 7.73377e-17 5.88647e-17 1.05429e-16 2.44363e-16 5.82501e-16 1.37819e-15 3.2206e-15 7.42543e-15 1.68813e-14 3.78225e-14 8.34666e-14 1.81321e-13 3.87529e-13 8.14379e-13 1.68174e-12 3.41067e-12 6.78914e-12 1.32564e-11 2.53758e-11 4.7594e-11 8.74142e-11 1.57138e-10 2.76332e-10 4.7515e-10 7.98528e-10 1.31111e-09 2.10245e-09 3.29167e-09 5.0304e-09 7.50232e-09 1.09177e-08 1.55014e-08 2.14737e-08 2.90247e-08 3.82839e-08 4.92879e-08 6.19473e-08 7.60133e-08 9.10553e-08 1.06464e-07 1.21495e-07 1.35348e-07 1.47262e-07 1.56597e-07 1.62881e-07 1.65832e-07 1.65353e-07 1.61521e-07 1.54577e-07 1.44916e-07 1.33077e-07 1.19709e-07 1.05519e-07 9.12005e-08 7.73578e-08 6.44546e-08 5.27934e-08 4.25302e-08 3.37078e-08 2.62888e-08 2.01806e-08 1.5254e-08 1.1358e-08 8.33432e-09 6.02934e-09 4.30205e-09 3.02872e-09 2.10471e-09 1.44423e-09 9.78921e-10 6.55666e-10 4.34097e-10 2.84186e-10 1.84019e-10 1.17896e-10 7.4754e-11 4.69229e-11 2.9165e-11 1.79544e-11 1.09499e-11 6.6172e-12 3.96322e-12 2.35295e-12 1.38498e-12 
8.05849e-12 4.72903e-12 2.75183e-12 1.58805e-12 9.08989e-13 5.16124e-13 2.90734e-13 1.6249e-13 9.01121e-14 4.959e-14 2.70825e-14 1.46788e-14 7.8962e-15 4.21588e-15 2.23416e-15 1.17518e-15 6.13579e-16 3.17992e-16 1.63587e-16 8.35349e-17 4.23427e-17 2.13051e-17 1.0641e-17 5.27563e-18 2.59637e-18 1.2684e-18 6.15108e-19 2.96109e-19 1.41503e-19 6.7127e-20 3.16124e-20 1.47798e-20 6.86198e-21 3.17008e-21 1.48041e-21 7.83778e-22 7.64608e-22 1.86022e-21 6.43004e-21 2.35191e-20 8.66315e-20 3.1934e-19 1.17712e-18 4.33853e-18 1.59885e-17 5.89134e-17 2.1705e-16 7.99546e-16 2.94483e-15 1.08445e-14 3.99287e-14 1.4699e-13 5.41014e-13 1.99089e-12 7.32485e-12 2.69437e-11 9.90874e-11 3.64315e-10 1.33914e-09 4.92106e-09 1.80788e-08 6.63973e-08 2.43778e-07 8.94728e-07 3.28271e-06 1.20395e-05 4.41373e-05 0.000161732 0.000592258 0.0021663 0.00789941 0.0285211 0.0994822 0.308057 0.670524 0.891719 0.96868 0.991265 0.997587 0.999335 0.999817 0.999949 0.999986 0.999996 0.999999 1 1 1 1 1 1 1 1 1 1 1 1 1 1 1 1 1 1 1 1 1 1 1 1 1 1 1 1 1 1 1 1 1 1 1 1 1 1 1 1 1 0.999999 0.999997 0.999989 0.999961 0.999868 0.999551 0.998467 0.994782 0.982348 0.941478 0.818448 0.538861 0.229131 0.0761024 0.0232086 0.00689625 0.00203381 0.000598599 0.000176116 5.18216e-05 1.52522e-05 4.4904e-06 1.32244e-06 3.8959e-07 1.14811e-07 3.38461e-08 9.9812e-09 2.94448e-09 8.68939e-10 2.56524e-10 7.57576e-11 2.23814e-11 6.61478e-12 1.95575e-12 5.78473e-13 1.71171e-13 5.06706e-14 1.50063e-14 4.44692e-15 1.32046e-15 3.97661e-16 1.3355e-16 7.90416e-17 1.22099e-16 2.80418e-16 6.80743e-16 1.64668e-15 3.93797e-15 9.29743e-15 2.16575e-14 4.97473e-14 1.12617e-13 2.51107e-13 5.51172e-13 1.19021e-12 2.52702e-12 5.27195e-12 1.08005e-11 2.17149e-11 4.282e-11 8.27643e-11 1.56708e-10 2.90495e-10 5.26921e-10 9.34722e-10 1.62083e-09 2.74606e-09 4.54382e-09 7.34026e-09 1.15729e-08 1.78031e-08 2.67166e-08 3.91047e-08 5.58211e-08 7.77101e-08 1.0551e-07 1.39738e-07 1.80572e-07 2.27724e-07 2.80308e-07 3.3674e-07 3.94725e-07 4.51424e-07 5.03762e-07 5.48812e-07 5.84119e-07 6.07893e-07 6.19068e-07 6.17285e-07 6.02837e-07 5.76631e-07 5.40168e-07 4.95493e-07 4.45086e-07 3.9166e-07 3.37869e-07 2.86014e-07 2.37827e-07 1.94407e-07 1.56293e-07 1.23606e-07 9.61796e-08 7.36535e-08 5.5532e-08 4.12408e-08 3.01811e-08 2.17745e-08 1.54934e-08 1.08769e-08 7.53695e-09 5.15685e-09 3.48523e-09 2.32752e-09 1.53644e-09 1.00287e-09 6.47463e-10 4.13578e-10 2.61454e-10 1.63624e-10 1.01397e-10 6.22348e-11 3.78417e-11 2.27997e-11 1.36144e-11 8.05849e-12 4.72903e-12 
2.75704e-11 1.61302e-11 9.35751e-12 5.38357e-12 3.07201e-12 1.73888e-12 9.76459e-13 5.44022e-13 3.0074e-13 1.64971e-13 8.98032e-14 4.85139e-14 2.60105e-14 1.38405e-14 7.30957e-15 3.83155e-15 1.99346e-15 1.02943e-15 5.27649e-16 2.68445e-16 1.35559e-16 6.79464e-17 3.38042e-17 1.66932e-17 8.18237e-18 3.98096e-18 1.92251e-18 9.21572e-19 4.38502e-19 2.07111e-19 9.71036e-20 4.5194e-20 2.08831e-20 9.58796e-21 4.40162e-21 2.12213e-21 1.44156e-21 2.45055e-21 7.76856e-21 2.8121e-20 1.03591e-19 3.82381e-19 1.4117e-18 5.21152e-18 1.92374e-17 7.10048e-17 2.62051e-16 9.67031e-16 3.56819e-15 1.31646e-14 4.85644e-14 1.79133e-13 6.60659e-13 2.43624e-12 8.9826e-12 3.31145e-11 1.22058e-10 4.49819e-10 1.65742e-09 6.10579e-09 2.24885e-08 8.281e-08 3.0486e-07 1.12203e-06 4.12844e-06 1.51856e-05 5.58376e-05 0.000205227 0.000753811 0.00276509 0.0101045 0.0364625 0.125891 0.373823 0.731843 0.915737 0.976028 0.993367 0.998177 0.9995 0.999863 0.999962 0.99999 0.999997 0.999999 1 1 1 1 1 1 1 1 1 1 1 1 1 1 1 1 1 1 1 1 1 1 1 1 1 1 1 1 1 1 1 1 1 1 1 1 1 1 1 1 1 0.999998 0.999994 0.999981 0.999934 0.999775 0.999233 0.997384 0.991104 0.970061 0.902635 0.716296 0.387504 0.143453 0.0452913 0.0135893 0.00401617 0.00118188 0.000347437 0.000102126 3.00247e-05 8.8295e-06 2.59731e-06 7.64267e-07 2.24959e-07 6.62374e-08 1.95094e-08 5.74816e-09 1.69419e-09 4.99507e-10 1.47324e-10 4.34672e-11 1.28294e-11 3.78799e-12 1.11886e-12 3.30603e-13 9.77255e-14 2.88992e-14 8.55025e-15 2.53285e-15 7.56116e-16 2.40094e-16 1.12773e-16 1.39786e-16 3.10334e-16 7.64392e-16 1.88881e-15 4.62023e-15 1.11651e-14 2.66367e-14 6.27015e-14 1.45551e-13 3.32998e-13 7.50418e-13 1.66471e-12 3.63308e-12 7.7955e-12 1.64348e-11 3.40219e-11 6.91106e-11 1.37671e-10 2.68768e-10 5.13897e-10 9.6178e-10 1.76085e-09 3.15194e-09 5.51332e-09 9.41937e-09 1.57114e-08 2.55753e-08 4.0616e-08 6.291e-08 9.50145e-08 1.39906e-07 2.00823e-07 2.81001e-07 3.833e-07 5.09781e-07 6.61253e-07 8.36821e-07 1.03336e-06 1.24506e-06 1.46331e-06 1.67724e-06 1.87504e-06 2.04543e-06 2.179e-06 2.26895e-06 2.31127e-06 2.30463e-06 2.25014e-06 2.15123e-06 2.01357e-06 1.84493e-06 1.6548e-06 1.45359e-06 1.2515e-06 1.05726e-06 8.77345e-07 7.15723e-07 5.74222e-07 4.53143e-07 3.51776e-07 2.68721e-07 2.02083e-07 1.4968e-07 1.09243e-07 7.8597e-08 5.57673e-08 3.90388e-08 2.69731e-08 1.84014e-08 1.23999e-08 8.2564e-09 5.434e-09 3.5363e-09 2.27623e-09 1.44962e-09 9.13658e-10 5.70067e-10 3.52203e-10 2.15521e-10 1.30651e-10 7.84796e-11 4.67205e-11 2.75704e-11 1.61302e-11 
9.42269e-11 5.49585e-11 3.17846e-11 1.82297e-11 1.037e-11 5.85144e-12 3.27548e-12 1.81909e-12 1.00237e-12 5.48068e-13 2.97366e-13 1.6011e-13 8.55531e-14 4.53685e-14 2.38773e-14 1.2472e-14 6.46565e-15 3.32674e-15 1.69886e-15 8.61053e-16 4.33149e-16 2.16262e-16 1.07166e-16 5.27076e-17 2.57292e-17 1.24657e-17 5.99451e-18 2.86112e-18 1.35541e-18 6.37336e-19 2.97464e-19 1.37811e-19 6.33789e-20 2.89442e-20 1.31588e-20 6.07498e-21 3.28669e-21 3.57956e-21 9.43091e-21 3.31962e-20 1.22012e-19 4.50807e-19 1.66657e-18 6.16118e-18 2.27762e-17 8.41923e-17 3.11198e-16 1.1502e-15 4.25088e-15 1.57093e-14 5.805e-14 2.14494e-13 7.92494e-13 2.92779e-12 1.08155e-11 3.99497e-11 1.4755e-10 5.44901e-10 2.01209e-09 7.42895e-09 2.74252e-08 1.01231e-07 3.736e-07 1.37857e-06 5.08594e-06 1.87595e-05 6.91778e-05 0.000255015 0.000939533 0.00345647 0.0126591 0.0456482 0.155782 0.441349 0.780329 0.933218 0.981237 0.994841 0.998589 0.999614 0.999895 0.999971 0.999992 0.999998 0.999999 1 1 1 1 1 1 1 1 1 1 1 1 1 1 1 1 1 1 1 1 1 1 1 1 1 1 1 1 1 1 1 1 1 1 1 1 1 1 1 1 0.999999 0.999997 0.99999 0.999967 0.999888 0.999618 0.998694 0.995546 0.984887 0.94961 0.841349 0.581246 0.258774 0.0874034 0.0267621 0.00795141 0.00234187 0.000688093 0.000202075 5.93477e-05 1.74338e-05 5.12268e-06 1.50567e-06 4.42683e-07 1.30193e-07 3.83019e-08 1.12717e-08 3.31815e-09 9.77115e-10 2.87832e-10 8.48161e-11 2.50015e-11 7.37234e-12 2.17469e-12 6.41722e-13 1.89433e-13 5.59408e-14 1.65267e-14 4.88642e-15 1.45071e-15 4.45142e-16 1.74002e-16 1.6174e-16 3.3237e-16 8.24959e-16 2.07974e-15 5.20041e-15 1.28564e-14 3.13978e-14 7.5706e-14 1.80126e-13 4.22659e-13 9.77502e-13 2.22688e-12 4.99408e-12 1.10184e-11 2.39e-11 5.0934e-11 1.06576e-10 2.18803e-10 4.40457e-10 8.68794e-10 1.67806e-09 3.17177e-09 5.86314e-09 1.05935e-08 1.86978e-08 3.2223e-08 5.41955e-08 8.89214e-08 1.42279e-07 2.2194e-07 3.37434e-07 4.99949e-07 7.21766e-07 1.01527e-06 1.39154e-06 1.85873e-06 2.4204e-06 3.07388e-06 3.8083e-06 4.60244e-06 5.42397e-06 6.23142e-06 6.9792e-06 7.62386e-06 8.1293e-06 8.46965e-06 8.62989e-06 8.60511e-06 8.3996e-06 8.02623e-06 7.50638e-06 6.8696e-06 6.15221e-06 5.39425e-06 4.63486e-06 3.90734e-06 3.23578e-06 2.63438e-06 2.10921e-06 1.66081e-06 1.28623e-06 9.80058e-07 7.35089e-07 5.43007e-07 3.95223e-07 2.83554e-07 2.00618e-07 1.40032e-07 9.64695e-08 6.56184e-08 4.40859e-08 2.92665e-08 1.92041e-08 1.24598e-08 7.99581e-09 5.07669e-09 3.19001e-09 1.98433e-09 1.22224e-09 7.45643e-10 4.50641e-10 2.69866e-10 1.60166e-10 9.42269e-11 5.49585e-11 
3.21692e-10 1.87048e-10 1.0784e-10 6.16574e-11 3.49637e-11 1.96664e-11 1.09736e-11 6.07474e-12 3.3365e-12 1.8183e-12 9.83275e-13 5.2764e-13 2.80975e-13 1.48483e-13 7.78713e-14 4.05296e-14 2.09347e-14 1.07316e-14 5.45965e-15 2.75658e-15 1.38128e-15 6.86908e-16 3.39015e-16 1.66053e-16 8.07194e-17 3.89421e-17 1.86454e-17 8.86016e-18 4.17863e-18 1.95594e-18 9.08698e-19 4.19021e-19 1.91789e-19 8.71469e-20 3.93501e-20 1.77954e-20 8.57125e-21 6.23576e-21 1.18247e-20 3.88382e-20 1.41628e-19 5.23354e-19 1.9369e-18 7.16943e-18 2.65372e-17 9.82227e-17 3.63542e-16 1.34549e-15 4.9796e-15 1.84286e-14 6.81985e-14 2.52372e-13 9.33883e-13 3.45563e-12 1.27863e-11 4.73091e-11 1.75035e-10 6.47571e-10 2.39567e-09 8.86227e-09 3.27822e-08 1.21256e-07 4.48479e-07 1.65862e-06 6.13361e-06 2.268e-05 8.38524e-05 0.000309952 0.00114514 0.00422441 0.0155027 0.0558361 0.188057 0.506434 0.818399 0.946103 0.984993 0.995894 0.998881 0.999695 0.999917 0.999977 0.999994 0.999998 1 1 1 1 1 1 1 1 1 1 1 1 1 1 1 1 1 1 1 1 1 1 1 1 1 1 1 1 1 1 1 1 1 1 1 1 1 1 1 1 1 0.999999 0.999995 0.999984 0.999945 0.99981 0.999351 0.997781 0.992437 0.974451 0.916185 0.749938 0.430032 0.164456 0.0524384 0.0157615 0.00465471 0.00136775 0.000401389 0.000117772 3.45608e-05 1.01445e-05 2.97847e-06 8.74745e-07 2.56978e-07 7.5516e-08 2.2198e-08 6.52709e-09 1.91982e-09 5.64857e-10 1.66248e-10 4.89456e-11 1.4415e-11 4.2468e-12 1.25157e-12 3.68979e-13 1.08818e-13 3.21045e-14 9.47708e-15 2.80371e-15 8.43486e-16 2.90546e-16 1.9571e-16 3.47024e-16 8.56429e-16 2.19827e-15 5.61504e-15 1.4193e-14 3.54632e-14 8.75415e-14 2.13377e-13 5.13262e-13 1.21768e-12 2.84755e-12 6.55967e-12 1.4876e-11 3.31893e-11 7.27986e-11 1.56877e-10 3.319e-10 6.88902e-10 1.40186e-09 2.79477e-09 5.45483e-09 1.04164e-08 1.9448e-08 3.54801e-08 6.32114e-08 1.09919e-07 1.8647e-07 3.08471e-07 4.97421e-07 7.81636e-07 1.19659e-06 1.78431e-06 2.59132e-06 3.66505e-06 5.0484e-06 6.7734e-06 8.85524e-06 1.12866e-05 1.40301e-05 1.70088e-05 2.01017e-05 2.31502e-05 2.59782e-05 2.84179e-05 3.03308e-05 3.16187e-05 3.22254e-05 3.2133e-05 3.13577e-05 2.99481e-05 2.79845e-05 2.55793e-05 2.28715e-05 2.00155e-05 1.71617e-05 1.44371e-05 1.19311e-05 9.69419e-06 7.74572e-06 6.08549e-06 4.70146e-06 3.57305e-06 2.67279e-06 1.969e-06 1.42914e-06 1.02242e-06 7.21287e-07 5.01989e-07 3.44801e-07 2.33833e-07 1.56629e-07 1.03664e-07 6.78155e-08 4.38653e-08 2.80637e-08 1.77637e-08 1.11279e-08 6.90086e-09 4.23754e-09 2.57723e-09 1.5528e-09 9.27036e-10 5.48503e-10 3.21692e-10 1.87048e-10 
1.09706e-09 6.35893e-10 3.65466e-10 2.08295e-10 1.17741e-10 6.60154e-11 3.6717e-11 2.02595e-11 1.10907e-11 6.02403e-12 3.24661e-12 1.73623e-12 9.21359e-13 4.85186e-13 2.53543e-13 1.31482e-13 6.7663e-14 3.4555e-14 1.75124e-14 8.80757e-15 4.39582e-15 2.1772e-15 1.07011e-15 5.21952e-16 2.52643e-16 1.21356e-16 5.78488e-17 2.73661e-17 1.28476e-17 5.98593e-18 2.76791e-18 1.27027e-18 5.78604e-19 2.61603e-19 1.17451e-19 5.25223e-20 2.39792e-20 1.33225e-20 1.61769e-20 4.54673e-20 1.62219e-19 5.98435e-19 2.21643e-18 8.21263e-18 3.04318e-17 1.12764e-16 4.17836e-16 1.54824e-15 5.73673e-15 2.12563e-14 7.87605e-14 2.91827e-13 1.08129e-12 4.0064e-12 1.48445e-11 5.50018e-11 2.03792e-10 7.55086e-10 2.79773e-09 1.03661e-08 3.84084e-08 1.42311e-07 5.27289e-07 1.95371e-06 7.2389e-06 2.68214e-05 9.93754e-05 0.00036815 0.00136327 0.00504003 0.0185211 0.0665695 0.220921 0.564478 0.847746 0.955607 0.987722 0.996653 0.999091 0.999753 0.999933 0.999982 0.999995 0.999999 1 1 1 1 1 1 1 1 1 1 1 1 1 1 1 1 1 1 1 1 1 1 1 1 1 1 1 1 1 1 1 1 1 1 1 1 1 1 1 1 0.999999 0.999998 0.999992 0.999973 0.999906 0.999678 0.998899 0.996237 0.987199 0.957094 0.863061 0.625103 0.293646 0.101304 0.0311908 0.00927142 0.00272767 0.000800206 0.0002346 6.87785e-05 2.01679e-05 5.91528e-06 1.73543e-06 5.09283e-07 1.49498e-07 4.3897e-08 1.28932e-08 3.78804e-09 1.11327e-09 3.27278e-10 9.62427e-11 2.8311e-11 8.33069e-12 2.45215e-12 7.22032e-13 2.12672e-13 6.26638e-14 1.84719e-14 5.45165e-15 1.62223e-15 5.17506e-16 2.57955e-16 3.58555e-16 8.56882e-16 2.231e-15 5.81574e-15 1.50207e-14 3.83764e-14 9.69294e-14 2.41898e-13 5.96158e-13 1.45009e-12 3.47915e-12 8.22872e-12 1.91731e-11 4.39813e-11 9.92567e-11 2.20224e-10 4.80032e-10 1.02721e-09 2.15634e-09 4.43728e-09 8.94421e-09 1.76473e-08 3.40577e-08 6.42479e-08 1.18392e-07 2.12983e-07 3.73829e-07 6.39864e-07 1.06755e-06 1.73541e-06 2.7478e-06 4.23667e-06 6.35968e-06 9.29315e-06 1.32185e-05 1.83018e-05 2.46686e-05 3.23818e-05 4.14238e-05 5.16683e-05 6.28396e-05 7.44851e-05 8.59977e-05 9.66966e-05 0.000105932 0.000113173 0.000118046 0.000120343 0.000119997 0.000117073 0.00011175 0.000104332 9.52447e-05 8.50212e-05 7.42564e-05 6.35311e-05 5.33289e-05 4.39816e-05 3.5665e-05 2.84384e-05 2.22923e-05 1.71792e-05 1.30213e-05 9.71399e-06 7.13644e-06 5.16517e-06 3.68458e-06 2.59173e-06 1.79841e-06 1.23157e-06 8.32688e-07 5.56066e-07 3.66905e-07 2.39288e-07 1.54303e-07 9.84146e-08 6.21021e-08 3.87831e-08 2.39766e-08 1.46776e-08 8.89911e-09 5.34519e-09 3.18123e-09 1.8764e-09 1.09706e-09 6.35893e-10 
3.73715e-09 2.15934e-09 1.2371e-09 7.02829e-10 3.96008e-10 2.21317e-10 1.22692e-10 6.74752e-11 3.68152e-11 1.9929e-11 1.07039e-11 5.70442e-12 3.0165e-12 1.58281e-12 8.24122e-13 4.25792e-13 2.18297e-13 1.11056e-13 5.60635e-14 2.80842e-14 1.396e-14 6.88574e-15 3.3702e-15 1.63681e-15 7.88832e-16 3.77235e-16 1.79014e-16 8.42975e-17 3.93914e-17 1.82666e-17 8.40609e-18 3.83906e-18 1.74007e-18 7.82789e-19 3.49573e-19 1.55154e-19 6.91023e-20 3.33172e-20 2.60982e-20 5.4497e-20 1.83905e-19 6.74305e-19 2.49767e-18 9.26237e-18 3.43531e-17 1.27414e-16 4.72574e-16 1.75277e-15 6.50102e-15 2.41125e-14 8.94351e-14 3.31726e-13 1.23043e-12 4.56397e-12 1.69292e-11 6.27973e-11 2.32946e-10 8.64138e-10 3.20571e-09 1.18927e-08 4.41215e-08 1.63697e-07 6.07363e-07 2.2536e-06 8.36235e-06 3.10313e-05 0.000115155 0.000427305 0.00158491 0.0058679 0.0215751 0.0773108 0.252522 0.612675 0.869809 0.962553 0.9897 0.997201 0.999242 0.999795 0.999944 0.999985 0.999996 0.999999 1 1 1 1 1 1 1 1 1 1 1 1 1 1 1 1 1 1 1 1 1 1 1 1 1 1 1 1 1 1 1 1 1 1 1 1 1 1 1 1 0.999999 0.999996 0.999986 0.999954 0.999841 0.999455 0.998136 0.993635 0.978425 0.92866 0.782461 0.477007 0.189799 0.0613009 0.0184765 0.00545455 0.00160071 0.000469012 0.000137383 4.02465e-05 1.17927e-05 3.45628e-06 1.01325e-06 2.97128e-07 8.71542e-08 2.55714e-08 7.50485e-09 2.2032e-09 6.46982e-10 1.90046e-10 5.58411e-11 1.64127e-11 4.8255e-12 1.41918e-12 4.17516e-13 1.22871e-13 3.61731e-14 1.06569e-14 3.15198e-15 9.63968e-16 3.81054e-16 3.77368e-16 8.29805e-16 2.17516e-15 5.77874e-15 1.52397e-14 3.97872e-14 1.02758e-13 2.62403e-13 6.62174e-13 1.65038e-12 4.06029e-12 9.85433e-12 2.35787e-11 5.5584e-11 1.29009e-10 2.94597e-10 6.61383e-10 1.45873e-09 3.15836e-09 6.70779e-09 1.39635e-08 2.84688e-08 5.68031e-08 1.10835e-07 2.11336e-07 3.93513e-07 7.15072e-07 1.26732e-06 2.18941e-06 3.68524e-06 6.04113e-06 9.6412e-06 1.49756e-05 2.26354e-05 3.32882e-05 4.76281e-05 6.62977e-05 8.9787e-05 0.000118352 0.000151959 0.000190193 0.000232077 0.000275924 0.00031941 0.000359894 0.000394859 0.000422263 0.000440699 0.000449388 0.000448099 0.000437067 0.000416973 0.00038895 0.000354612 0.000316004 0.000275424 0.000235116 0.000196927 0.00016208 0.000131178 0.000104386 8.1638e-05 6.27506e-05 4.74331e-05 3.52881e-05 2.58526e-05 1.86581e-05 1.32708e-05 9.30699e-06 6.43876e-06 4.39598e-06 2.96312e-06 1.97268e-06 1.2976e-06 8.43649e-07 5.42333e-07 3.44824e-07 2.16915e-07 1.35043e-07 8.32263e-08 5.07891e-08 3.06977e-08 1.83808e-08 1.09052e-08 6.41211e-09 3.73715e-09 2.15934e-09 
1.27162e-08 7.32408e-09 4.18259e-09 2.36858e-09 1.33025e-09 7.41003e-10 4.09436e-10 2.24421e-10 1.22033e-10 6.5834e-11 3.5237e-11 1.87128e-11 9.85998e-12 5.15491e-12 2.6741e-12 1.37641e-12 7.02963e-13 3.56231e-13 1.79119e-13 8.93643e-14 4.42379e-14 2.17286e-14 1.05895e-14 5.12061e-15 2.45684e-15 1.16961e-15 5.52479e-16 2.58948e-16 1.2043e-16 5.5577e-17 2.5451e-17 1.15659e-17 5.21598e-18 2.33451e-18 1.03706e-18 4.57478e-19 2.01137e-19 9.08489e-20 5.20816e-20 7.02369e-20 2.0796e-19 7.49464e-19 2.77238e-18 1.02866e-17 3.81806e-17 1.41721e-16 5.26056e-16 1.9527e-15 7.24848e-15 2.6907e-14 9.98835e-14 3.70794e-13 1.37652e-12 5.11028e-12 1.89724e-11 7.04392e-11 2.61531e-10 9.71073e-10 3.60578e-09 1.33897e-08 4.97236e-08 1.84663e-07 6.85845e-07 2.54742e-06 9.46249e-06 3.51511e-05 0.000130585 0.000485084 0.00180108 0.00667357 0.0245335 0.0875863 0.281508 0.650731 0.886067 0.967579 0.991125 0.997596 0.99935 0.999825 0.999953 0.999987 0.999997 0.999999 1 1 1 1 1 1 1 1 1 1 1 1 1 1 1 1 1 1 1 1 1 1 1 1 1 1 1 1 1 1 1 1 1 1 1 1 1 1 1 0.999999 0.999998 0.999993 0.999977 0.999922 0.999732 0.99908 0.996852 0.989265 0.963847 0.883187 0.66914 0.334147 0.118361 0.0367138 0.0109251 0.00321155 0.000940844 0.000275397 8.06067e-05 2.35967e-05 6.90919e-06 2.02354e-06 5.92797e-07 1.73706e-07 5.0914e-08 1.49272e-08 4.3776e-09 1.28415e-09 3.76805e-10 1.10596e-10 3.24706e-11 9.53604e-12 2.8014e-12 8.23214e-13 2.41983e-13 7.11538e-14 2.09324e-14 6.1697e-15 1.84646e-15 6.29452e-16 4.24398e-16 7.85282e-16 2.03973e-15 5.5098e-15 1.48242e-14 3.95215e-14 1.04304e-13 2.72356e-13 7.03277e-13 1.79488e-12 4.52506e-12 1.12625e-11 2.76567e-11 6.69637e-11 1.59757e-10 3.75283e-10 8.67395e-10 1.9711e-09 4.40045e-09 9.64359e-09 2.07293e-08 4.36699e-08 9.00906e-08 1.81855e-07 3.58904e-07 6.91995e-07 1.30251e-06 2.39174e-06 4.28175e-06 7.46882e-06 1.26876e-05 2.09804e-05 3.3759e-05 5.28419e-05 8.04429e-05 0.000119085 0.000171426 0.000239952 0.00032657 0.000432287 0.000557092 0.000699661 0.000856581 0.0010216 0.00118581 0.00133895 0.00147125 0.00157489 0.00164456 0.00167739 0.00167257 0.00163101 0.00155521 0.00144943 0.00131975 0.001174 0.00102107 0.000869662 0.000726813 0.000597021 0.000482303 0.000383035 0.000298865 0.000229109 0.000172701 0.000128126 9.36052e-05 6.7361e-05 4.77691e-05 3.34006e-05 2.30372e-05 1.56801e-05 1.05366e-05 6.9929e-06 4.58549e-06 2.97197e-06 1.90452e-06 1.20712e-06 7.56969e-07 4.69778e-07 2.88612e-07 1.75572e-07 1.05785e-07 6.31408e-08 3.73429e-08 2.18877e-08 1.27162e-08 7.32408e-09 
4.32192e-08 2.48126e-08 1.4124e-08 7.97236e-09 4.46277e-09 2.47772e-09 1.36447e-09 7.45372e-10 4.03924e-10 2.17152e-10 1.1582e-10 6.12871e-11 3.21758e-11 1.67598e-11 8.66145e-12 4.44117e-12 2.25937e-12 1.1404e-12 5.71096e-13 2.8375e-13 1.39874e-13 6.84085e-14 3.31935e-14 1.59796e-14 7.6322e-15 3.61666e-15 1.70037e-15 7.93169e-16 3.67097e-16 1.68578e-16 7.68141e-17 3.47308e-17 1.55827e-17 6.93816e-18 3.06586e-18 1.34481e-18 5.86391e-19 2.57147e-19 1.24371e-19 1.05297e-19 2.39089e-19 8.23694e-19 3.03231e-18 1.12513e-17 4.17852e-17 1.552e-16 5.76464e-16 2.14122e-15 7.95351e-15 2.95438e-14 1.09745e-13 4.07678e-13 1.51448e-12 5.6263e-12 2.09025e-11 7.76591e-11 2.88539e-10 1.0721e-09 3.98374e-09 1.48036e-08 5.50137e-08 2.04456e-07 7.59899e-07 2.8245e-06 1.04992e-05 3.90303e-05 0.000145098 0.000539364 0.00200384 0.00742746 0.0272893 0.0970424 0.307131 0.679941 0.897928 0.971199 0.992148 0.997879 0.999428 0.999846 0.999959 0.999989 0.999997 0.999999 1 1 1 1 1 1 1 1 1 1 1 1 1 1 1 1 1 1 1 1 1 1 1 1 1 1 1 1 1 1 1 1 1 1 1 1 1 1 1 0.999999 0.999997 0.999989 0.999962 0.999868 0.999548 0.998449 0.994694 0.981959 0.939923 0.813162 0.527422 0.220139 0.0722824 0.0218741 0.00645824 0.00189322 0.000553924 0.000162004 4.73832e-05 1.38613e-05 4.05583e-06 1.18703e-06 3.47497e-07 1.01754e-07 2.98031e-08 8.73143e-09 2.55873e-09 7.50031e-10 2.19914e-10 6.44977e-11 1.89216e-11 5.55259e-12 1.62989e-12 4.78571e-13 1.40562e-13 4.12997e-14 1.21464e-14 3.59638e-15 1.13071e-15 5.39861e-16 7.41758e-16 1.84472e-15 5.04321e-15 1.38279e-14 3.76177e-14 1.01377e-13 2.70493e-13 7.14208e-13 1.8652e-12 4.81529e-12 1.22821e-11 3.09328e-11 7.6875e-11 1.88402e-10 4.5501e-10 1.08212e-09 2.53237e-09 5.82686e-09 1.31719e-08 2.92287e-08 6.36143e-08 1.35679e-07 2.83345e-07 5.78882e-07 1.15605e-06 2.25484e-06 4.29215e-06 7.96766e-06 1.44141e-05 2.53966e-05 4.35566e-05 7.26805e-05 0.000117949 0.000186098 0.000285407 0.000425395 0.000616207 0.00086748 0.0011866 0.00157737 0.00204005 0.00257055 0.00315722 0.00377703 0.00439576 0.00497357 0.00547269 0.00586328 0.00612555 0.0062491 0.00623116 0.00607515 0.00579033 0.00539234 0.004904 0.00435516 0.00378013 0.00321255 0.00267937 0.002197 0.00177193 0.00140462 0.00109342 0.000835952 0.000628372 0.000464912 0.000338714 0.000243041 0.000171836 0.000119786 8.23672e-05 5.58894e-05 3.74389e-05 2.47695e-05 1.61911e-05 1.04607e-05 6.68232e-06 4.22198e-06 2.63915e-06 1.63267e-06 9.99867e-07 6.06323e-07 3.64158e-07 2.16668e-07 1.27734e-07 7.46296e-08 4.32192e-08 2.48126e-08 
1.46719e-07 8.39597e-08 4.7636e-08 2.67999e-08 1.49523e-08 8.27371e-09 4.5409e-09 2.47207e-09 1.33499e-09 7.15178e-10 3.80085e-10 2.00396e-10 1.0482e-10 5.4394e-11 2.80034e-11 1.43029e-11 7.24748e-12 3.64333e-12 1.817e-12 8.98983e-13 4.41251e-13 2.1486e-13 1.03791e-13 4.97391e-14 2.36467e-14 1.11527e-14 5.21834e-15 2.42235e-15 1.11558e-15 5.09725e-16 2.31078e-16 1.03941e-16 4.63914e-17 2.05464e-17 9.03045e-18 3.93922e-18 1.70642e-18 7.37301e-19 3.29619e-19 1.95878e-19 2.91782e-19 9.00779e-19 3.2707e-18 1.21225e-17 4.50362e-17 1.67359e-16 6.21953e-16 2.3114e-15 8.59019e-15 3.19257e-14 1.18656e-13 4.41015e-13 1.63919e-12 6.09285e-12 2.26479e-11 8.41884e-11 3.12965e-10 1.16348e-09 4.32555e-09 1.60822e-08 5.97963e-08 2.22345e-07 8.26809e-07 3.07475e-06 1.14351e-05 4.25298e-05 0.000158181 0.000588254 0.00218626 0.00810458 0.0297556 0.105418 0.329028 0.70201 0.906543 0.973799 0.992881 0.998082 0.999484 0.999861 0.999963 0.99999 0.999997 0.999999 1 1 1 1 1 1 1 1 1 1 1 1 1 1 1 1 1 1 1 1 1 1 1 1 1 1 1 1 1 1 1 1 1 1 1 1 1 1 1 0.999998 0.999995 0.999981 0.999935 0.999778 0.999238 0.997389 0.99108 0.969833 0.901452 0.712078 0.380403 0.139217 0.0436058 0.0130004 0.00381969 0.00111764 0.000326677 9.54709e-05 2.79045e-05 8.15763e-06 2.38534e-06 6.97654e-07 2.04096e-07 5.97218e-08 1.748e-08 5.11749e-09 1.4986e-09 4.38959e-10 1.28611e-10 3.76919e-11 1.10493e-11 3.23997e-12 9.50317e-13 2.78817e-13 8.18287e-14 2.40289e-14 7.07671e-15 2.13865e-15 8.01203e-16 7.30039e-16 1.61941e-15 4.43547e-15 1.23727e-14 3.43172e-14 9.43668e-14 2.57092e-13 6.93598e-13 1.85212e-12 4.89271e-12 1.27795e-11 3.2985e-11 8.40798e-11 2.11526e-10 5.24855e-10 1.28355e-09 3.09143e-09 7.32733e-09 1.70773e-08 3.91039e-08 8.78968e-08 1.93774e-07 4.18603e-07 8.8532e-07 1.83147e-06 3.70268e-06 7.30925e-06 1.4077e-05 2.6429e-05 4.83363e-05 8.6059e-05 0.000149071 0.000251094 0.000411095 0.000653972 0.00101059 0.0015167 0.00221081 0.0031301 0.00430275 0.00574214 0.00744891 0.00941079 0.0115886 0.0138979 0.016208 0.0183654 0.0202258 0.0216783 0.0226515 0.0231094 0.0230436 0.0224666 0.0214113 0.0199335 0.0181163 0.016071 0.0139285 0.0118182 0.00984259 0.00806152 0.00649503 0.00514142 0.00399409 0.00304582 0.00228349 0.00168521 0.00122455 0.000876161 0.00061762 0.000429252 0.000294267 0.000199052 0.000132922 8.76639e-05 5.71216e-05 3.67877e-05 2.34251e-05 1.4753e-05 9.1926e-06 5.6687e-06 3.46047e-06 2.09173e-06 1.25227e-06 7.42693e-07 4.36441e-07 2.54172e-07 1.46719e-07 8.39597e-08 
4.97486e-07 2.83751e-07 1.6046e-07 8.99739e-08 5.00303e-08 2.759e-08 1.50905e-08 8.18676e-09 4.40556e-09 2.35171e-09 1.2453e-09 6.54153e-10 3.40881e-10 1.76218e-10 9.03685e-11 4.59732e-11 2.32011e-11 1.16152e-11 5.76834e-12 2.84172e-12 1.38871e-12 6.73192e-13 3.23715e-13 1.54413e-13 7.30633e-14 3.42939e-14 1.59677e-14 7.37533e-15 3.37946e-15 1.53621e-15 6.92804e-16 3.09987e-16 1.37617e-16 6.06205e-17 2.64981e-17 1.14946e-17 4.9496e-18 2.11918e-18 9.1483e-19 4.44857e-19 4.0807e-19 9.95879e-19 3.48581e-18 1.28697e-17 4.78093e-17 1.77728e-16 6.60756e-16 2.45662e-15 9.13365e-15 3.39595e-14 1.26267e-13 4.69495e-13 1.74576e-12 6.49163e-12 2.414e-11 8.97713e-11 3.33852e-10 1.24162e-09 4.61789e-09 1.71758e-08 6.38869e-08 2.37645e-07 8.8403e-07 3.28873e-06 1.22352e-05 4.55212e-05 0.000169362 0.000630024 0.00234205 0.00868238 0.0318552 0.11249 0.346975 0.718368 0.912735 0.97565 0.9934 0.998225 0.999524 0.999872 0.999966 0.999991 0.999998 0.999999 1 1 1 1 1 1 1 1 1 1 1 1 1 1 1 1 1 1 1 1 1 1 1 1 1 1 1 1 1 1 1 1 1 1 1 1 1 1 0.999999 0.999997 0.999991 0.999968 0.999891 0.999627 0.99872 0.995614 0.98505 0.949905 0.84147 0.579738 0.256097 0.0858713 0.0261316 0.00772028 0.00226132 0.000660782 0.000192983 5.63606e-05 1.64626e-05 4.80963e-06 1.40546e-06 4.10795e-07 1.20097e-07 3.51188e-08 1.0272e-08 3.00519e-09 8.79421e-10 2.57413e-10 7.53659e-11 2.20715e-11 6.46547e-12 1.89446e-12 5.55248e-13 1.62784e-13 4.7742e-14 1.40204e-14 4.16116e-15 1.35994e-15 8.02648e-16 1.40137e-15 3.75568e-15 1.06242e-14 3.00141e-14 8.41489e-14 2.33901e-13 6.44259e-13 1.75767e-12 4.74734e-12 1.26876e-11 3.3534e-11 8.76035e-11 2.26058e-10 5.75838e-10 1.44699e-09 3.58425e-09 8.74525e-09 2.1001e-08 4.95951e-08 1.15078e-07 2.62128e-07 5.856e-07 1.28188e-06 2.74691e-06 5.75672e-06 1.17878e-05 2.35622e-05 4.59343e-05 8.72628e-05 0.000161417 0.000290526 0.000508456 0.000864776 0.00142865 0.0022916 0.00356787 0.00539002 0.00790121 0.0112414 0.0155127 0.0207513 0.0269453 0.0340503 0.0419316 0.0502805 0.0586072 0.066341 0.0729651 0.0781013 0.0815235 0.0831289 0.0829 0.0808809 0.0771731 0.0719514 0.0654883 0.0581678 0.0504615 0.0428508 0.0357207 0.0292893 0.0236204 0.0187019 0.0145164 0.0110522 0.00827121 0.00609332 0.00441856 0.00315347 0.00221683 0.00153643 0.00105021 0.000708236 0.000471482 0.000309977 0.00020134 0.000129254 8.2041e-05 5.1503e-05 3.19883e-05 1.96624e-05 1.19643e-05 7.20864e-06 4.30172e-06 2.543e-06 1.48954e-06 8.6465e-07 4.97486e-07 2.83751e-07 
1.68479e-06 9.57771e-07 5.39808e-07 3.01667e-07 1.67173e-07 9.1874e-08 5.00765e-08 2.70716e-08 1.45161e-08 7.72073e-09 4.0733e-09 2.13168e-09 1.10659e-09 5.69826e-10 2.91063e-10 1.47474e-10 7.41185e-11 3.69499e-11 1.82714e-11 8.96179e-12 4.35994e-12 2.1039e-12 1.00699e-12 4.78061e-13 2.25113e-13 1.05143e-13 4.87113e-14 2.2385e-14 1.02041e-14 4.61424e-15 2.06989e-15 9.21162e-16 4.06716e-16 1.78172e-16 7.74476e-17 3.34065e-17 1.43012e-17 6.08019e-18 2.58063e-18 1.14257e-18 7.06929e-19 1.15572e-18 3.68951e-18 1.34711e-17 4.99956e-17 1.85888e-16 6.91296e-16 2.57095e-15 9.56169e-15 3.55619e-14 1.32266e-13 4.91949e-13 1.82981e-12 6.80622e-12 2.53174e-11 9.41777e-11 3.50342e-10 1.30333e-09 4.84878e-09 1.80397e-08 6.7119e-08 2.49736e-07 9.29257e-07 3.45789e-06 1.28679e-05 4.78868e-05 0.000178206 0.000663071 0.00246532 0.00913955 0.0335143 0.118047 0.360748 0.73 0.917035 0.976925 0.993757 0.998323 0.99955 0.99988 0.999968 0.999991 0.999998 0.999999 1 1 1 1 1 1 1 1 1 1 1 1 1 1 1 1 1 1 1 1 1 1 1 1 1 1 1 1 1 1 1 1 1 1 1 1 1 1 0.999999 0.999996 0.999985 0.999947 0.999818 0.999374 0.997852 0.992648 0.975048 0.917701 0.752793 0.432032 0.164571 0.0522042 0.0156089 0.00458556 0.00134038 0.000391277 0.000114192 3.33287e-05 9.72919e-06 2.84068e-06 8.29582e-07 2.42322e-07 7.0798e-08 2.06895e-08 6.04751e-09 1.7681e-09 5.17057e-10 1.51243e-10 4.42507e-11 1.295e-11 3.79082e-12 1.10995e-12 3.25081e-13 9.52379e-14 2.79198e-14 8.21961e-15 2.51696e-15 1.05461e-15 1.23898e-15 3.07607e-15 8.76222e-15 2.51773e-14 7.19086e-14 2.03764e-13 5.72545e-13 1.59455e-12 4.39965e-12 1.20209e-11 3.2507e-11 8.69555e-11 2.29957e-10 6.00841e-10 1.55006e-09 3.94559e-09 9.90218e-09 2.44831e-08 5.95883e-08 1.42641e-07 3.35523e-07 7.74807e-07 1.75485e-06 3.89432e-06 8.45934e-06 1.79687e-05 3.72852e-05 7.55033e-05 0.00014907 0.000286685 0.000536582 0.000976633 0.00172729 0.00296641 0.00494378 0.00799077 0.0125205 0.0190043 0.0279374 0.039795 0.0548704 0.0731306 0.0943428 0.11822 0.144219 0.171211 0.197508 0.221301 0.241152 0.256189 0.266032 0.270602 0.269957 0.264213 0.253536 0.238223 0.218833 0.196318 0.172035 0.147534 0.124161 0.102725 0.0835025 0.0665209 0.0518387 0.0395591 0.0296497 0.021863 0.0158527 0.0113008 0.00793069 0.00548572 0.00374087 0.00251592 0.00167012 0.00109477 0.0007089 0.000453666 0.000287039 0.000179617 0.0001112 6.81304e-05 4.13219e-05 2.48162e-05 1.47608e-05 8.69751e-06 5.07784e-06 2.93792e-06 1.68479e-06 9.57771e-07 
5.6987e-06 3.22875e-06 1.81361e-06 1.01007e-06 5.57825e-07 3.05501e-07 1.65929e-07 8.93822e-08 4.77543e-08 2.53058e-08 1.33009e-08 6.93423e-09 3.58571e-09 1.83911e-09 9.35613e-10 4.721e-10 2.36273e-10 1.17283e-10 5.7741e-11 2.81943e-11 1.3654e-11 6.55809e-12 3.124e-12 1.47592e-12 6.91562e-13 3.21385e-13 1.48132e-13 6.77201e-14 3.07071e-14 1.38112e-14 6.16191e-15 2.72716e-15 1.19741e-15 5.21602e-16 2.2544e-16 9.66835e-17 4.1148e-17 1.73839e-17 7.30463e-18 3.10372e-18 1.52115e-18 1.51388e-18 3.92994e-18 1.39245e-17 5.15137e-17 1.91503e-16 7.123e-16 2.64962e-15 9.85634e-15 3.66655e-14 1.36399e-13 5.07428e-13 1.88777e-12 7.02325e-12 2.61301e-11 9.72202e-11 3.61733e-10 1.34597e-09 5.00838e-09 1.86371e-08 6.93547e-08 2.58102e-07 9.60564e-07 3.57503e-06 1.33061e-05 4.95264e-05 0.000184339 0.000685997 0.00255088 0.00945695 0.0346656 0.121887 0.370109 0.737497 0.919762 0.977728 0.993981 0.998385 0.999567 0.999884 0.999969 0.999992 0.999998 0.999999 1 1 1 1 1 1 1 1 1 1 1 1 1 1 1 1 1 1 1 1 1 1 1 1 1 1 1 1 1 1 1 1 1 1 1 1 1 0.999999 0.999998 0.999992 0.999974 0.999911 0.999695 0.998951 0.996402 0.987708 0.958595 0.866978 0.632085 0.29815 0.102642 0.0314696 0.00930969 0.00272542 0.000795534 0.000232043 6.76778e-05 1.97412e-05 5.75942e-06 1.68062e-06 4.90509e-07 1.43191e-07 4.18099e-08 1.22106e-08 3.56688e-09 1.04217e-09 3.04571e-10 8.90304e-11 2.6031e-11 7.61286e-12 2.22695e-12 6.51599e-13 1.90706e-13 5.58369e-14 1.63765e-14 4.87621e-15 1.66748e-15 1.2015e-15 2.46626e-15 6.95213e-15 2.02679e-14 5.89123e-14 1.7004e-13 4.86992e-13 1.38335e-12 3.89578e-12 1.08722e-11 3.00534e-11 8.22431e-11 2.22689e-10 5.96265e-10 1.5778e-09 4.12331e-09 1.06345e-08 2.70484e-08 6.77908e-08 1.67279e-07 4.0604e-07 9.68607e-07 2.2686e-06 5.21149e-06 1.17303e-05 2.58431e-05 5.56673e-05 0.000117114 0.000240387 0.000480887 0.000936605 0.00177424 0.0032657 0.00583467 0.0101083 0.0169631 0.0275398 0.0432135 0.06542 0.0954349 0.134225 0.181714 0.236153 0.295038 0.35619 0.417292 0.475113 0.526066 0.56762 0.599023 0.620876 0.6343 0.640302 0.639474 0.631907 0.617228 0.59475 0.563814 0.524346 0.477467 0.425621 0.371837 0.31856 0.267163 0.218544 0.173968 0.134995 0.102541 0.0764027 0.0557927 0.0399345 0.0280873 0.0194472 0.0132571 0.0089041 0.00589971 0.00385836 0.00249172 0.00159003 0.001003 0.000625677 0.000386125 0.000235813 0.00014256 8.53367e-05 5.05925e-05 2.97129e-05 1.729e-05 9.97049e-06 5.6987e-06 3.22875e-06 
1.92511e-05 1.08703e-05 6.08514e-06 3.37739e-06 1.85872e-06 1.01437e-06 5.48978e-07 2.94651e-07 1.56845e-07 8.28041e-08 4.33567e-08 2.25158e-08 1.1597e-08 5.92413e-09 3.00138e-09 1.5081e-09 7.51527e-10 3.71412e-10 1.82037e-10 8.84804e-11 4.26496e-11 2.03873e-11 9.66451e-12 4.54334e-12 2.11811e-12 9.7928e-13 4.49011e-13 2.0418e-13 9.20843e-14 4.11903e-14 1.82752e-14 8.04284e-15 3.51128e-15 1.52075e-15 6.53464e-16 2.78606e-16 1.17871e-16 4.94926e-17 2.06407e-17 8.60223e-18 3.77452e-18 2.442e-18 4.35206e-18 1.4273e-17 5.23257e-17 1.94351e-16 7.22905e-16 2.68936e-15 1.00053e-14 3.72242e-14 1.38493e-13 5.1528e-13 1.91721e-12 7.13357e-12 2.65435e-11 9.87694e-11 3.67538e-10 1.36772e-09 5.08986e-09 1.89423e-08 7.04977e-08 2.62383e-07 9.76593e-07 3.63505e-06 1.35308e-05 5.03676e-05 0.000187487 0.000697774 0.00259487 0.00962021 0.0352578 0.123858 0.374865 0.741191 0.921093 0.978119 0.994089 0.998415 0.999575 0.999886 0.99997 0.999992 0.999998 0.999999 1 1 1 1 1 1 1 1 1 1 1 1 1 1 1 1 1 1 1 1 1 1 1 1 1 1 1 1 1 1 1 1 1 1 1 1 1 0.999999 0.999996 0.999987 0.999957 0.999851 0.999489 0.998245 0.993984 0.979517 0.931886 0.790396 0.487902 0.195116 0.0629128 0.0188891 0.0055513 0.00162144 0.000472799 0.000137815 4.01721e-05 1.17115e-05 3.41489e-06 9.95917e-07 2.90505e-07 8.47562e-08 2.4733e-08 7.21894e-09 2.10747e-09 6.15379e-10 1.7973e-10 5.2504e-11 1.53414e-11 4.48369e-12 1.31072e-12 3.83255e-13 1.12097e-13 3.28116e-14 9.65813e-15 3.00042e-15 1.4043e-15 1.99519e-15 5.32677e-15 1.56704e-14 4.62974e-14 1.35994e-13 3.96648e-13 1.14818e-12 3.29737e-12 9.39058e-12 2.65091e-11 7.41426e-11 2.05349e-10 5.62898e-10 1.52626e-09 4.09092e-09 1.08321e-08 2.83138e-08 7.30036e-08 1.85524e-07 4.64295e-07 1.14321e-06 2.76684e-06 6.57543e-06 1.53283e-05 3.5012e-05 7.82723e-05 0.000171068 0.000365085 0.000759917 0.00154082 0.00303951 0.00582541 0.010831 0.0195017 0.0339314 0.0569073 0.0916905 0.141515 0.208241 0.290938 0.386031 0.485876 0.579035 0.656961 0.718218 0.765547 0.801999 0.829685 0.850098 0.864532 0.874153 0.879905 0.882441 0.882095 0.878899 0.872596 0.862676 0.848433 0.829093 0.803943 0.772319 0.733312 0.685349 0.626368 0.55541 0.475139 0.392249 0.313814 0.243799 0.183735 0.134515 0.0961572 0.0673372 0.0462217 0.031159 0.0206803 0.0135256 0.00872484 0.00555736 0.00349735 0.00217576 0.00133881 0.000815122 0.000491223 0.0002931 0.0001732 0.000101385 5.88011e-05 3.37953e-05 1.92511e-05 1.08703e-05 
6.49485e-05 3.65488e-05 2.03893e-05 1.12771e-05 6.18441e-06 3.36302e-06 1.81349e-06 9.69771e-07 5.14289e-07 2.7048e-07 1.41077e-07 7.29742e-08 3.74347e-08 1.90443e-08 9.60807e-09 4.80706e-09 2.38499e-09 1.17341e-09 5.72483e-10 2.7696e-10 1.32864e-10 6.32024e-11 2.9812e-11 1.39438e-11 6.46707e-12 2.97425e-12 1.35644e-12 6.13465e-13 2.75144e-13 1.22386e-13 5.39919e-14 2.36251e-14 1.02541e-14 4.41504e-15 1.88588e-15 7.99243e-16 3.36098e-16 1.40259e-16 5.81058e-17 2.39505e-17 1.00157e-17 4.96108e-18 5.36037e-18 1.46697e-17 5.24671e-17 1.94355e-16 7.22732e-16 2.68871e-15 1.00032e-14 3.72173e-14 1.38472e-13 5.15214e-13 1.91702e-12 7.13305e-12 2.65423e-11 9.87675e-11 3.6754e-10 1.36776e-09 5.09013e-09 1.89437e-08 7.05047e-08 2.62414e-07 9.7673e-07 3.63563e-06 1.35332e-05 5.03773e-05 0.000187526 0.000697929 0.00259548 0.00962256 0.0352666 0.123889 0.37494 0.741251 0.921115 0.978126 0.994091 0.998415 0.999576 0.999886 0.99997 0.999992 0.999998 0.999999 1 1 1 1 1 1 1 1 1 1 1 1 1 1 1 1 1 1 1 1 1 1 1 1 1 1 1 1 1 1 1 1 1 1 1 1 0.999999 0.999998 0.999994 0.999979 0.999928 0.999752 0.999146 0.997067 0.98996 0.966031 0.889456 0.682588 0.346454 0.123239 0.0381571 0.0113124 0.00331116 0.00096567 0.000281362 8.19662e-05 2.38801e-05 6.95826e-06 2.02786e-06 5.9109e-07 1.72325e-07 5.02488e-08 1.46551e-08 4.27498e-09 1.24729e-09 3.63993e-10 1.06245e-10 3.1018e-11 9.05764e-12 2.64552e-12 7.72871e-13 2.25844e-13 6.60215e-14 1.93405e-14 5.77699e-15 2.06315e-15 1.74516e-15 3.98099e-15 1.16542e-14 3.49238e-14 1.043e-13 3.09529e-13 9.12257e-13 2.66911e-12 7.74967e-12 2.23198e-11 6.37379e-11 1.80386e-10 5.05693e-10 1.40351e-09 3.85423e-09 1.0466e-08 2.80839e-08 7.44139e-08 1.94552e-07 5.01475e-07 1.27324e-06 3.18134e-06 7.81486e-06 1.88533e-05 4.46202e-05 0.000103479 0.000234869 0.000521085 0.00112857 0.00238266 0.0048957 0.00977152 0.0189005 0.0353181 0.0634912 0.109175 0.178293 0.273906 0.392829 0.521631 0.639059 0.732261 0.801389 0.851146 0.886232 0.91083 0.928291 0.940895 0.950032 0.956566 0.9611 0.964089 0.965864 0.966644 0.966539 0.965557 0.963615 0.960539 0.956078 0.949921 0.941704 0.930966 0.917003 0.898659 0.874198 0.84148 0.798397 0.742978 0.672992 0.586931 0.48804 0.386564 0.293756 0.215295 0.152531 0.105033 0.0707005 0.0466321 0.0302131 0.0192807 0.0121338 0.00753945 0.00463013 0.00281196 0.00168983 0.00100523 0.000592141 0.000345497 0.000199719 0.000114403 6.49485e-05 3.65488e-05 
0.000218818 0.000122716 6.82216e-05 3.76001e-05 2.05465e-05 1.11326e-05 5.98115e-06 3.18652e-06 1.68346e-06 8.8196e-07 4.582e-07 2.36059e-07 1.20598e-07 6.1095e-08 3.06911e-08 1.5288e-08 7.55109e-09 3.69813e-09 1.79581e-09 8.64637e-10 4.12763e-10 1.95369e-10 9.16854e-11 4.26612e-11 1.96816e-11 9.00302e-12 4.08347e-12 1.83652e-12 8.19046e-13 3.62232e-13 1.58875e-13 6.91102e-14 2.98181e-14 1.27615e-14 5.41806e-15 2.28217e-15 9.53793e-16 3.9556e-16 1.62819e-16 6.65751e-17 2.72347e-17 1.18544e-17 8.05553e-18 1.55487e-17 5.21145e-17 1.9161e-16 7.11926e-16 2.64815e-15 9.85166e-15 3.66514e-14 1.36359e-13 5.07324e-13 1.88756e-12 7.02305e-12 2.61315e-11 9.72337e-11 3.61812e-10 1.34637e-09 5.01027e-09 1.86455e-08 6.93908e-08 2.58254e-07 9.61193e-07 3.5776e-06 1.33164e-05 4.95676e-05 0.000184502 0.000686635 0.00255337 0.00946649 0.0347013 0.122009 0.370413 0.737748 0.919856 0.977757 0.993989 0.998387 0.999568 0.999884 0.999969 0.999992 0.999998 0.999999 1 1 1 1 1 1 1 1 1 1 1 1 1 1 1 1 1 1 1 1 1 1 1 1 1 1 1 1 1 1 1 1 1 1 1 1 0.999999 0.999997 0.99999 0.999965 0.999879 0.999585 0.998573 0.995104 0.983289 0.944049 0.824248 0.546058 0.231439 0.0761979 0.02301 0.0067691 0.00197625 0.000575749 0.000167649 4.88148e-05 1.42149e-05 4.14e-06 1.20594e-06 3.51337e-07 1.02376e-07 2.98365e-08 8.69714e-09 2.53564e-09 7.39401e-10 2.15654e-10 6.29103e-11 1.83558e-11 5.35692e-12 1.56368e-12 4.56538e-13 1.33329e-13 3.89704e-14 1.14675e-14 3.60653e-15 1.84606e-15 2.98214e-15 8.36548e-15 2.53101e-14 7.67601e-14 2.31575e-13 6.94266e-13 2.06759e-12 6.11443e-12 1.79489e-11 5.22804e-11 1.51032e-10 4.32547e-10 1.22747e-09 3.44964e-09 9.59558e-09 2.64018e-08 7.18075e-08 1.92916e-07 5.11558e-07 1.33778e-06 3.44709e-06 8.74339e-06 2.18084e-05 5.34331e-05 0.000128451 0.000302598 0.000697623 0.00157171 0.00345457 0.00739277 0.0153621 0.0308799 0.0597127 0.110168 0.191672 0.309532 0.45637 0.605262 0.727336 0.815149 0.874494 0.913431 0.938908 0.95575 0.966994 0.974598 0.979848 0.98355 0.986187 0.988052 0.989338 0.990184 0.990686 0.990907 0.990877 0.990601 0.990053 0.989185 0.987925 0.986179 0.98383 0.980718 0.976597 0.971068 0.963521 0.953123 0.938802 0.919108 0.891869 0.854055 0.802283 0.733407 0.644795 0.537368 0.421358 0.312945 0.222408 0.152142 0.100911 0.0653508 0.0414688 0.0258723 0.015911 0.00965875 0.00579538 0.00343969 0.00202069 0.00117549 0.00067736 0.000386734 0.000218818 0.000122716 
0.000736056 0.000411408 0.000227926 0.000125178 6.81573e-05 3.67942e-05 1.96946e-05 1.04528e-05 5.50098e-06 2.87061e-06 1.48537e-06 7.62107e-07 3.87716e-07 1.95578e-07 9.78188e-08 4.8508e-08 2.38496e-08 1.16257e-08 5.61839e-09 2.69189e-09 1.27864e-09 6.02122e-10 2.811e-10 1.30102e-10 5.96972e-11 2.71571e-11 1.22486e-11 5.47739e-12 2.42867e-12 1.06781e-12 4.65561e-13 2.01301e-13 8.63254e-14 3.67188e-14 1.5493e-14 6.48518e-15 2.69335e-15 1.10993e-15 4.53936e-16 1.84311e-16 7.44908e-17 3.06602e-17 1.53998e-17 1.8075e-17 5.17576e-17 1.86451e-16 6.91163e-16 2.56999e-15 9.55937e-15 3.55591e-14 1.32277e-13 4.92072e-13 1.83057e-12 6.81011e-12 2.53359e-11 9.42611e-11 3.50706e-10 1.30487e-09 4.85524e-09 1.80663e-08 6.72271e-08 2.50171e-07 9.30997e-07 3.46479e-06 1.28951e-05 4.79935e-05 0.000178622 0.000664684 0.00247155 0.00916334 0.033603 0.11835 0.361514 0.730657 0.917283 0.977 0.993778 0.998329 0.999552 0.99988 0.999968 0.999991 0.999998 0.999999 1 1 1 1 1 1 1 1 1 1 1 1 1 1 1 1 1 1 1 1 1 1 1 1 1 1 1 1 1 1 1 1 1 1 1 1 0.999999 0.999995 0.999983 0.999941 0.999799 0.999307 0.997619 0.991839 0.97229 0.908852 0.729674 0.400551 0.148315 0.0465085 0.0138324 0.00404993 0.00118043 0.000343636 0.000100011 2.91074e-05 8.47242e-06 2.46644e-06 7.18124e-07 2.0912e-07 6.09061e-08 1.77418e-08 5.16903e-09 1.50625e-09 4.38996e-10 1.27969e-10 3.73105e-11 1.08803e-11 3.17347e-12 9.25797e-13 2.70143e-13 7.88582e-14 2.3073e-14 6.90519e-15 2.5457e-15 2.39808e-15 5.84903e-15 1.76494e-14 5.42518e-14 1.66223e-13 5.06463e-13 1.53381e-12 4.61553e-12 1.37958e-11 4.09441e-11 1.20611e-10 3.52492e-10 1.02161e-09 2.93482e-09 8.35239e-09 2.35356e-08 6.56237e-08 1.80936e-07 4.92959e-07 1.3261e-06 3.51934e-06 9.20595e-06 2.37124e-05 6.0079e-05 0.00014956 0.000365357 0.000874638 0.00204863 0.00468583 0.0104394 0.0225679 0.0470603 0.0937553 0.175761 0.30326 0.468823 0.63557 0.765954 0.853624 0.908434 0.941812 0.962136 0.974638 0.982474 0.987497 0.990782 0.992972 0.994466 0.995507 0.996242 0.996759 0.997115 0.997348 0.997487 0.997548 0.99754 0.997464 0.997313 0.997074 0.996728 0.996247 0.995599 0.994734 0.99358 0.992017 0.989869 0.986883 0.982712 0.97685 0.968513 0.956519 0.939208 0.914248 0.878246 0.826797 0.755435 0.660684 0.543476 0.416401 0.29963 0.205196 0.134957 0.0860807 0.0536279 0.0327741 0.0197219 0.0117101 0.00687159 0.00398918 0.00229266 0.00130507 0.000736056 0.000411408 
0.00247052 0.00137669 0.000760196 0.000416058 0.000225726 0.000121408 6.47411e-05 3.42289e-05 1.7943e-05 9.32583e-06 4.80583e-06 2.45546e-06 1.24386e-06 6.24707e-07 3.11053e-07 1.53545e-07 7.51392e-08 3.64518e-08 1.753e-08 8.35695e-09 3.94923e-09 1.85e-09 8.59065e-10 3.95439e-10 1.80442e-10 8.16225e-11 3.66026e-11 1.62727e-11 7.17262e-12 3.13466e-12 1.3584e-12 5.83739e-13 2.48774e-13 1.05153e-13 4.40875e-14 1.8337e-14 7.56669e-15 3.09814e-15 1.25883e-15 5.07689e-16 2.03436e-16 8.16673e-17 3.53088e-17 2.53303e-17 5.26469e-17 1.79602e-16 6.6165e-16 2.45819e-15 9.14098e-15 3.39953e-14 1.26433e-13 4.70235e-13 1.74896e-12 6.5052e-12 2.41966e-11 9.00043e-11 3.34802e-10 1.24546e-09 4.63327e-09 1.72371e-08 6.41297e-08 2.38602e-07 8.87786e-07 3.30341e-06 1.22924e-05 4.57431e-05 0.000170221 0.000633334 0.00235475 0.00873075 0.0320352 0.113109 0.348565 0.719819 0.913293 0.97582 0.993449 0.998239 0.999527 0.999873 0.999966 0.999991 0.999998 0.999999 1 1 1 1 1 1 1 1 1 1 1 1 1 1 1 1 1 1 1 1 1 1 1 1 1 1 1 1 1 1 1 1 1 1 1 0.999999 0.999998 0.999992 0.999972 0.999902 0.999664 0.998844 0.996029 0.986424 0.954297 0.853968 0.603982 0.273882 0.0925704 0.0281705 0.00830167 0.00242353 0.000705619 0.0002053 5.97247e-05 1.73757e-05 5.05564e-06 1.47118e-06 4.28168e-07 1.2463e-07 3.62825e-08 1.05642e-08 3.07642e-09 8.96033e-10 2.6102e-10 7.60501e-11 2.21616e-11 6.45922e-12 1.88296e-12 5.49015e-13 1.60117e-13 4.67369e-14 1.37422e-14 4.35078e-15 2.34928e-15 4.09016e-15 1.18817e-14 3.68604e-14 1.14563e-13 3.54427e-13 1.09052e-12 3.33599e-12 1.01428e-11 3.06408e-11 9.19375e-11 2.73888e-10 8.09778e-10 2.37508e-09 6.90726e-09 1.99078e-08 5.68313e-08 1.60597e-07 4.4894e-07 1.24059e-06 3.38627e-06 9.12228e-06 2.42312e-05 6.34021e-05 0.000163235 0.000413025 0.00102563 0.00249534 0.00593517 0.0137563 0.030907 0.0667096 0.13618 0.256275 0.428793 0.616433 0.766017 0.863411 0.920888 0.953613 0.972163 0.982804 0.989035 0.992768 0.995064 0.996513 0.99745 0.99807 0.998489 0.998779 0.998982 0.999124 0.999222 0.999286 0.999324 0.999341 0.999338 0.999318 0.999276 0.999211 0.999117 0.998985 0.998808 0.99857 0.998251 0.997817 0.997219 0.996385 0.995212 0.993549 0.991161 0.987685 0.982583 0.975035 0.963763 0.946831 0.921434 0.883504 0.827615 0.748162 0.641403 0.511111 0.376143 0.259211 0.169796 0.106987 0.0655433 0.0392905 0.0231575 0.0134599 0.0077299 0.00439181 0.00247052 0.00137669 
0.00825771 0.00459312 0.00252958 0.00138012 0.000746198 0.000399895 0.000212443 0.000111884 5.84173e-05 3.02387e-05 1.55179e-05 7.89484e-06 3.98185e-06 1.99089e-06 9.86771e-07 4.8482e-07 2.36117e-07 1.13985e-07 5.45413e-08 2.58678e-08 1.21602e-08 5.66589e-09 2.61663e-09 1.19775e-09 5.43439e-10 2.44402e-10 1.08955e-10 4.81496e-11 2.10945e-11 9.16232e-12 3.94577e-12 1.68494e-12 7.13514e-13 2.99659e-13 1.24826e-13 5.15802e-14 2.11451e-14 8.60078e-15 3.47155e-15 1.39071e-15 5.53175e-16 2.19133e-16 8.87967e-17 4.54162e-17 5.79617e-17 1.72596e-16 6.25186e-16 2.31802e-15 8.61571e-15 3.2032e-14 1.19097e-13 4.42821e-13 1.64654e-12 6.12251e-12 2.27668e-11 8.46627e-11 3.14847e-10 1.17091e-09 4.35482e-09 1.6197e-08 6.02452e-08 2.24095e-07 8.33611e-07 3.10112e-06 1.15371e-05 4.29237e-05 0.000159698 0.000594082 0.00220857 0.00818942 0.0300714 0.10651 0.331905 0.704863 0.907666 0.974144 0.99298 0.99811 0.999492 0.999864 0.999963 0.99999 0.999997 0.999999 1 1 1 1 1 1 1 1 1 1 1 1 1 1 1 1 1 1 1 1 1 1 1 1 1 1 1 1 1 1 1 1 1 1 1 0.999999 0.999996 0.999986 0.999953 0.999837 0.999439 0.998071 0.993384 0.977476 0.925264 0.772232 0.459057 0.178431 0.0568713 0.0169908 0.00497893 0.00145085 0.000422108 0.00012276 3.57002e-05 1.03828e-05 3.01994e-06 8.78482e-07 2.55576e-07 7.43638e-08 2.16402e-08 6.29825e-09 1.83333e-09 5.33737e-10 1.5541e-10 4.52585e-11 1.31823e-11 3.84022e-12 1.11891e-12 3.26077e-13 9.5062e-14 2.77787e-14 8.31141e-15 3.10279e-15 3.07336e-15 7.79319e-15 2.41139e-14 7.58846e-14 2.38143e-13 7.43755e-13 2.31072e-12 7.13943e-12 2.19307e-11 6.69545e-11 2.03093e-10 6.11847e-10 1.83e-09 5.43166e-09 1.59915e-08 4.66768e-08 1.35e-07 3.86659e-07 1.09598e-06 3.07224e-06 8.51038e-06 2.32766e-05 6.28004e-05 0.000166969 0.000436953 0.001124 0.00283716 0.00701011 0.0168883 0.0393957 0.0878387 0.182814 0.341496 0.544895 0.726807 0.848317 0.91795 0.95545 0.975338 0.98597 0.991763 0.994998 0.996854 0.99795 0.998615 0.99903 0.999296 0.99947 0.999588 0.999668 0.999724 0.999763 0.99979 0.999808 0.999818 0.999823 0.999822 0.999817 0.999805 0.999787 0.999762 0.999726 0.999677 0.999612 0.999524 0.999405 0.999239 0.999007 0.998681 0.998215 0.997543 0.99656 0.995107 0.992936 0.989655 0.984646 0.976943 0.965011 0.946454 0.917697 0.87353 0.807246 0.712532 0.587447 0.443919 0.308973 0.201954 0.125917 0.0759225 0.044671 0.0258017 0.0146866 0.00825771 0.00459312 
0.0273083 0.0152236 0.00838089 0.00456388 0.00246073 0.00131438 0.000695733 0.000365007 0.000189818 9.78517e-05 5.0003e-05 2.53289e-05 1.27181e-05 6.32992e-06 3.12273e-06 1.52691e-06 7.39991e-07 3.55434e-07 1.692e-07 7.98261e-08 3.73238e-08 1.7295e-08 7.94245e-09 3.61484e-09 1.63056e-09 7.28966e-10 3.23014e-10 1.41873e-10 6.17692e-11 2.66604e-11 1.14082e-11 4.84023e-12 2.03635e-12 8.49613e-13 3.51578e-13 1.44312e-13 5.87648e-14 2.37422e-14 9.51854e-15 3.78729e-15 1.49589e-15 5.87193e-16 2.31283e-16 9.95132e-17 7.58308e-17 1.68868e-16 5.84471e-16 2.15578e-15 8.00577e-15 2.97517e-14 1.10577e-13 4.1099e-13 1.52761e-12 5.67821e-12 2.1107e-11 7.84619e-11 2.91683e-10 1.08438e-09 4.03159e-09 1.49897e-08 5.57358e-08 2.07253e-07 7.70714e-07 2.86625e-06 1.06601e-05 3.96494e-05 0.000147477 0.000548488 0.00203873 0.00756011 0.0277841 0.0987669 0.311816 0.6851 0.90002 0.971847 0.992335 0.997932 0.999443 0.99985 0.99996 0.999989 0.999997 0.999999 1 1 1 1 1 1 1 1 1 1 1 1 1 1 1 1 1 1 1 1 1 1 1 1 1 1 1 1 1 1 1 1 1 1 0.999999 0.999998 0.999993 0.999977 0.999921 0.999728 0.999064 0.996784 0.98899 0.962784 0.879434 0.65915 0.322348 0.112539 0.0345926 0.0102212 0.0029851 0.000868869 0.000252665 7.34583e-05 2.13568e-05 6.2095e-06 1.80557e-06 5.25067e-07 1.52707e-07 4.44175e-08 1.29211e-08 3.7592e-09 1.09382e-09 3.18316e-10 9.26465e-11 2.69689e-11 7.85164e-12 2.28626e-12 6.65827e-13 1.93952e-13 5.6542e-14 1.66019e-14 5.25017e-15 2.86166e-15 5.12118e-15 1.52427e-14 4.83622e-14 1.53775e-13 4.87035e-13 1.53532e-12 4.81588e-12 1.50271e-11 4.66313e-11 1.43863e-10 4.41116e-10 1.3438e-09 4.06565e-09 1.22112e-08 3.63941e-08 1.0758e-07 3.15234e-07 9.15134e-07 2.63034e-06 7.48021e-06 2.10311e-05 5.84104e-05 0.0001601 0.000432611 0.00115092 0.00300943 0.00771415 0.0192971 0.0466994 0.107451 0.227387 0.419131 0.635924 0.800696 0.897511 0.948052 0.973388 0.986049 0.992468 0.995798 0.997573 0.998547 0.999098 0.999418 0.999611 0.99973 0.999805 0.999855 0.999887 0.99991 0.999925 0.999936 0.999943 0.999948 0.999951 0.999952 0.999952 0.999951 0.999948 0.999943 0.999936 0.999926 0.999913 0.999895 0.999871 0.999838 0.999792 0.999728 0.999637 0.999507 0.999318 0.999042 0.998632 0.998016 0.99708 0.995641 0.993406 0.989901 0.984351 0.97551 0.961353 0.938675 0.902633 0.846322 0.76179 0.643675 0.497728 0.350012 0.228225 0.140791 0.0835448 0.0482432 0.0273083 0.0152236 
0.0874689 0.0495348 0.0274673 0.0149921 0.00807931 0.00430645 0.00227265 0.00118809 0.00061546 0.000315969 0.000160773 8.10804e-05 4.05272e-05 2.00768e-05 9.8571e-06 4.79618e-06 2.31271e-06 1.10513e-06 5.23311e-07 2.45559e-07 1.14181e-07 5.26111e-08 2.40218e-08 1.08689e-08 4.87335e-09 2.16545e-09 9.53607e-10 4.16211e-10 1.80058e-10 7.7214e-11 3.28251e-11 1.38351e-11 5.78189e-12 2.39617e-12 9.84861e-13 4.0151e-13 1.62382e-13 6.51563e-14 2.59425e-14 1.0251e-14 4.02068e-15 1.56611e-15 6.07907e-16 2.4265e-16 1.27069e-16 1.76601e-16 5.44049e-16 1.9788e-15 7.33494e-15 2.72421e-14 1.012e-13 3.75961e-13 1.39675e-12 5.18933e-12 1.92806e-11 7.16386e-11 2.66191e-10 9.89146e-10 3.67578e-09 1.36604e-08 5.07693e-08 1.88698e-07 7.01391e-07 2.60726e-06 9.69258e-06 3.6035e-05 0.000133976 0.000498082 0.00185079 0.00686269 0.025241 0.0900771 0.288521 0.65946 0.88975 0.96873 0.991457 0.997689 0.999377 0.999832 0.999955 0.999988 0.999997 0.999999 1 1 1 1 1 1 1 1 1 1 1 1 1 1 1 1 1 1 1 1 1 1 1 1 1 1 1 1 1 1 1 1 1 1 0.999999 0.999997 0.999989 0.999962 0.999868 0.999545 0.998437 0.994637 0.981708 0.938899 0.809603 0.519563 0.213902 0.0695959 0.0209202 0.00614002 0.00178951 0.000520506 0.000151313 4.39821e-05 1.27844e-05 3.71624e-06 1.08034e-06 3.14086e-07 9.13218e-08 2.65547e-08 7.72238e-09 2.24598e-09 6.53297e-10 1.90049e-10 5.52934e-11 1.60893e-11 4.6823e-12 1.36283e-12 3.9673e-13 1.15529e-13 3.37145e-14 1.00602e-14 3.71913e-15 3.65273e-15 9.40359e-15 2.97076e-14 9.55251e-14 3.06517e-13 9.7953e-13 3.11632e-12 9.86782e-12 3.1092e-11 9.74561e-11 3.03793e-10 9.41499e-10 2.89995e-09 8.87427e-09 2.69696e-08 8.13636e-08 2.43555e-07 7.23025e-07 2.12744e-06 6.2007e-06 1.78901e-05 5.1056e-05 0.000144005 0.000401035 0.00110138 0.00297804 0.00790697 0.0205134 0.0514749 0.122271 0.263376 0.480032 0.699605 0.847504 0.926525 0.964868 0.982962 0.99153 0.995661 0.997702 0.99874 0.999283 0.999577 0.99974 0.999835 0.99989 0.999925 0.999946 0.99996 0.999969 0.999975 0.99998 0.999983 0.999985 0.999986 0.999987 0.999987 0.999987 0.999987 0.999986 0.999985 0.999983 0.99998 0.999976 0.999971 0.999965 0.999956 0.999943 0.999925 0.9999 0.999864 0.999811 0.999733 0.999618 0.999444 0.999178 0.998767 0.998127 0.997116 0.995504 0.992908 0.988692 0.981792 0.970447 0.951755 0.921127 0.871704 0.79459 0.682076 0.535743 0.37927 0.246107 0.149944 0.0874689 0.0495348 
0.253993 0.152343 0.0871873 0.0483602 0.0262472 0.0140184 0.00739173 0.00385481 0.00199022 0.0010178 0.000515712 0.000258931 0.000128829 6.35175e-05 3.10328e-05 1.50239e-05 7.20719e-06 3.42578e-06 1.61344e-06 7.529e-07 3.48106e-07 1.59469e-07 7.2382e-08 3.25527e-08 1.45063e-08 6.40559e-09 2.80295e-09 1.2155e-09 5.22404e-10 2.22542e-10 9.39744e-11 3.9341e-11 1.63293e-11 6.72086e-12 2.74331e-12 1.11064e-12 4.46042e-13 1.77725e-13 7.02667e-14 2.75706e-14 1.07376e-14 4.15195e-15 1.59603e-15 6.16802e-16 2.64819e-16 2.15915e-16 5.12848e-16 1.796e-15 6.62765e-15 2.45912e-14 9.12948e-14 3.38958e-13 1.25852e-12 4.67292e-12 1.73512e-11 6.44298e-11 2.39255e-10 8.88489e-10 3.29961e-09 1.22545e-08 4.55143e-08 1.69054e-07 6.27956e-07 2.3327e-06 8.66599e-06 3.21962e-05 0.000119621 0.000444414 0.00165035 0.00611717 0.0225107 0.0806418 0.262269 0.62658 0.875992 0.964509 0.990265 0.997361 0.999287 0.999807 0.999948 0.999986 0.999996 0.999999 1 1 1 1 1 1 1 1 1 1 1 1 1 1 1 1 1 1 1 1 1 1 1 1 1 1 1 1 1 1 1 1 1 1 0.999998 0.999995 0.999981 0.999936 0.999779 0.99924 0.997389 0.991061 0.969696 0.90076 0.709561 0.376002 0.136511 0.0425008 0.0126049 0.00368481 0.00107265 0.000311871 9.06453e-05 2.63441e-05 7.65639e-06 2.22526e-06 6.46783e-07 1.88002e-07 5.46504e-08 1.58876e-08 4.61909e-09 1.34305e-09 3.90543e-10 1.13577e-10 3.30336e-11 9.60882e-12 2.79535e-12 8.13311e-13 2.36676e-13 6.89205e-14 2.01972e-14 6.33088e-15 3.32922e-15 5.8469e-15 1.76588e-14 5.71589e-14 1.85597e-13 6.00704e-13 1.93656e-12 6.21687e-12 1.98696e-11 6.32089e-11 2.00093e-10 6.30136e-10 1.97358e-09 6.1455e-09 1.90192e-08 5.84782e-08 1.78562e-07 5.41228e-07 1.62764e-06 4.85387e-06 1.43454e-05 4.19904e-05 0.00012164 0.00034843 0.000985831 0.00275092 0.00755157 0.0202906 0.0527789 0.129657 0.285738 0.519998 0.739921 0.875916 0.94353 0.974416 0.988228 0.994447 0.997301 0.998644 0.999295 0.99962 0.999787 0.999876 0.999925 0.999953 0.999969 0.999979 0.999985 0.999989 0.999992 0.999993 0.999995 0.999995 0.999996 0.999996 0.999996 0.999997 0.999997 0.999996 0.999996 0.999996 0.999995 0.999995 0.999994 0.999992 0.99999 0.999988 0.999984 0.999979 0.999972 0.999962 0.999948 0.999926 0.999893 0.999844 0.999768 0.999652 0.999469 0.999178 0.998713 0.997961 0.99673 0.994699 0.991318 0.985647 0.976084 0.959928 0.932732 0.887603 0.815005 0.705504 0.558116 0.395115 0.253993 0.152343 
0.565488 0.396907 0.251189 0.147692 0.0827072 0.0448572 0.0238035 0.0124303 0.00640873 0.00326792 0.00164961 0.000824717 0.000408454 0.000200418 9.74312e-05 4.69273e-05 2.2393e-05 1.05864e-05 4.9582e-06 2.30057e-06 1.05749e-06 4.81562e-07 2.17253e-07 9.7102e-08 4.29985e-08 1.88652e-08 8.20126e-09 3.53296e-09 1.50825e-09 6.38156e-10 2.67633e-10 1.11266e-10 4.58615e-11 1.87434e-11 7.59664e-12 3.05371e-12 1.21767e-12 4.81718e-13 1.89095e-13 7.36649e-14 2.84841e-14 1.09344e-14 4.16939e-15 1.58553e-15 6.2398e-16 3.36874e-16 5.1063e-16 1.61998e-15 5.90875e-15 2.1884e-14 8.11756e-14 3.01159e-13 1.11732e-12 4.14543e-12 1.53804e-11 5.70657e-11 2.11734e-10 7.8563e-10 2.91511e-09 1.08169e-08 4.01389e-08 1.4895e-07 5.52751e-07 2.05132e-06 7.61293e-06 2.82543e-05 0.000104863 0.000389156 0.0014436 0.00534617 0.0196738 0.0707175 0.233541 0.585212 0.85768 0.958813 0.988654 0.996916 0.999165 0.999774 0.999939 0.999983 0.999996 0.999999 1 1 1 1 1 1 1 1 1 1 1 1 1 1 1 1 1 1 1 1 1 1 1 1 1 1 1 1 1 1 1 1 1 0.999999 0.999997 0.999991 0.999969 0.999892 0.99963 0.998728 0.995638 0.985109 0.950022 0.841515 0.57899 0.254621 0.0849819 0.0257512 0.00757627 0.00220967 0.00064282 0.000186863 5.43079e-05 1.57825e-05 4.58656e-06 1.33292e-06 3.87377e-07 1.12584e-07 3.27222e-08 9.51108e-09 2.76466e-09 8.03681e-10 2.33646e-10 6.79307e-11 1.97521e-11 5.7438e-12 1.67044e-12 4.85862e-13 1.41354e-13 4.11977e-14 1.22364e-14 4.39092e-15 4.03152e-15 1.02795e-14 3.30109e-14 1.08244e-13 3.54491e-13 1.15699e-12 3.76209e-12 1.21846e-11 3.92997e-11 1.26202e-10 4.03403e-10 1.28321e-09 4.06093e-09 1.27817e-08 3.99985e-08 1.24406e-07 3.84424e-07 1.17969e-06 3.59348e-06 1.08599e-05 3.25427e-05 9.66322e-05 0.000284123 0.000826416 0.00237476 0.00672607 0.0186872 0.050368 0.1283 0.291675 0.538204 0.761287 0.891788 0.953191 0.979835 0.991181 0.996049 0.998178 0.999133 0.999573 0.999782 0.999884 0.999936 0.999963 0.999978 0.999986 0.999991 0.999994 0.999996 0.999997 0.999998 0.999998 0.999999 0.999999 0.999999 0.999999 0.999999 0.999999 0.999999 0.999999 0.999999 0.999999 0.999999 0.999999 0.999998 0.999998 0.999997 0.999997 0.999996 0.999994 0.999992 0.99999 0.999985 0.999979 0.99997 0.999956 0.999935 0.999901 0.999849 0.999766 0.999632 0.999414 0.999057 0.998464 0.997472 0.995794 0.992934 0.988024 0.979547 0.964884 0.939596 0.896586 0.825662 0.716046 0.565488 0.396907 
0.827931 0.714687 0.558166 0.384597 0.237888 0.136463 0.0745563 0.0394675 0.0204514 0.0104326 0.00525504 0.00261809 0.00129114 0.000630553 0.000305005 0.000146139 6.93592e-05 3.26079e-05 1.51851e-05 7.00465e-06 3.20057e-06 1.44858e-06 6.49443e-07 2.88425e-07 1.26893e-07 5.53066e-08 2.38825e-08 1.02184e-08 4.33236e-09 1.82032e-09 7.5806e-10 3.12925e-10 1.2806e-10 5.1962e-11 2.0908e-11 8.34376e-12 3.30291e-12 1.29713e-12 5.0547e-13 1.95479e-13 7.50358e-14 2.85943e-14 1.08208e-14 4.07248e-15 1.5445e-15 6.64081e-16 5.8397e-16 1.47254e-15 5.20476e-15 1.92e-14 7.11341e-14 2.63655e-13 9.77254e-13 3.62225e-12 1.3426e-11 4.97636e-11 1.84448e-10 6.83647e-10 2.53388e-09 9.39151e-09 3.48081e-08 1.29008e-07 4.78134e-07 1.77204e-06 6.56727e-06 2.43379e-05 9.01897e-05 0.000334171 0.00123763 0.00457666 0.0168309 0.0606579 0.203266 0.535055 0.833694 0.951201 0.986491 0.996319 0.999001 0.999729 0.999927 0.99998 0.999995 0.999999 1 1 1 1 1 1 1 1 1 1 1 1 1 1 1 1 1 1 1 1 1 1 1 1 1 1 1 1 1 1 1 1 1 0.999999 0.999996 0.999985 0.999947 0.999819 0.999379 0.997869 0.992706 0.975234 0.918239 0.753953 0.432992 0.164636 0.0520809 0.0155245 0.00454585 0.00132412 0.000385088 0.000111939 3.25337e-05 9.45495e-06 2.74773e-06 7.98517e-07 2.32058e-07 6.74393e-08 1.95992e-08 5.6961e-09 1.65551e-09 4.81178e-10 1.39863e-10 4.0656e-11 1.18189e-11 3.43605e-12 9.99033e-13 2.90505e-13 8.45191e-14 2.47144e-14 7.63693e-15 3.72363e-15 6.10095e-15 1.84893e-14 6.08936e-14 2.01535e-13 6.65344e-13 2.18934e-12 7.17884e-12 2.34527e-11 7.63212e-11 2.47356e-10 7.98232e-10 2.56425e-09 8.19796e-09 2.6076e-08 8.24966e-08 2.59504e-07 8.11352e-07 2.52033e-06 7.77495e-06 2.38078e-05 7.23244e-05 0.00021783 0.000649943 0.00191894 0.00559513 0.0160424 0.0447684 0.118528 0.280611 0.534929 0.766565 0.898437 0.958009 0.982743 0.992811 0.996938 0.998659 0.999395 0.999718 0.999864 0.999932 0.999965 0.999981 0.999989 0.999994 0.999996 0.999998 0.999998 0.999999 0.999999 0.999999 1 1 1 1 1 1 1 1 1 1 1 1 1 1 0.999999 0.999999 0.999999 0.999999 0.999998 0.999998 0.999997 0.999996 0.999994 0.999992 0.999988 0.999982 0.999972 0.999957 0.999933 0.999895 0.999832 0.999728 0.999555 0.999265 0.998772 0.997926 0.996464 0.993915 0.989438 0.981535 0.967553 0.942897 0.900037 0.827931 0.714687 
0.943168 0.898455 0.822073 0.701272 0.535911 0.358659 0.215184 0.119866 0.0637105 0.0328607 0.0166073 0.00826732 0.00406503 0.00197701 0.000951718 0.000453634 0.000214124 0.000100096 4.63413e-05 2.12484e-05 9.64923e-06 4.33984e-06 1.93321e-06 8.5295e-07 3.72758e-07 1.61368e-07 6.92033e-08 2.94032e-08 1.23783e-08 5.16392e-09 2.135e-09 8.74929e-10 3.55437e-10 1.43163e-10 5.71796e-11 2.26496e-11 8.8994e-12 3.46905e-12 1.34178e-12 5.15051e-13 1.9624e-13 7.42287e-14 2.78802e-14 1.04047e-14 3.87613e-15 1.50604e-15 8.45203e-16 1.39829e-15 4.5481e-15 1.6613e-14 6.14303e-14 2.27417e-13 8.41975e-13 3.11718e-12 1.15401e-11 4.27204e-11 1.5814e-10 5.85363e-10 2.16663e-09 8.01894e-09 2.9677e-08 1.09823e-07 4.06375e-07 1.50357e-06 5.56256e-06 2.05766e-05 7.61039e-05 0.000281409 0.00104005 0.00383837 0.0140979 0.0509016 0.172864 0.477653 0.803058 0.94117 0.983613 0.995522 0.998782 0.999669 0.99991 0.999976 0.999993 0.999998 1 1 1 1 1 1 1 1 1 1 1 1 1 1 1 1 1 1 1 1 1 1 1 1 1 1 1 1 1 1 1 1 0.999999 0.999998 0.999992 0.999974 0.999911 0.999696 0.998956 0.996425 0.987799 0.958928 0.868029 0.634345 0.299853 0.103186 0.0315866 0.0093249 0.00272331 0.000792774 0.000230552 6.70256e-05 1.94828e-05 5.66275e-06 1.64582e-06 4.78323e-07 1.39011e-07 4.03991e-08 1.17406e-08 3.41203e-09 9.91605e-10 2.88187e-10 8.37572e-11 2.43437e-11 7.07571e-12 2.05673e-12 5.97879e-13 1.7383e-13 5.06073e-14 1.49488e-14 5.13937e-15 4.16692e-15 1.02004e-14 3.31214e-14 1.1052e-13 3.68717e-13 1.22673e-12 4.06877e-12 1.34511e-11 4.43157e-11 1.45476e-10 4.75743e-10 1.54958e-09 5.02597e-09 1.62287e-08 5.21549e-08 1.66774e-07 5.30455e-07 1.67768e-06 5.27412e-06 1.64737e-05 5.1101e-05 0.000157339 0.000480536 0.00145442 0.00435532 0.0128579 0.0370939 0.102195 0.254057 0.510335 0.756616 0.897275 0.959172 0.983937 0.993611 0.997407 0.998921 0.999538 0.999796 0.999907 0.999956 0.999978 0.999989 0.999994 0.999997 0.999998 0.999999 0.999999 1 1 1 1 1 1 1 1 1 1 1 1 1 1 1 1 1 1 1 1 1 1 1 0.999999 0.999999 0.999999 0.999998 0.999998 0.999997 0.999995 0.999992 0.999988 0.999981 0.99997 0.999952 0.999922 0.999871 0.999786 0.999641 0.999392 0.998959 0.998199 0.996856 0.994463 0.990166 0.982413 0.968399 0.943168 0.898455 
0.98233 0.967554 0.94043 0.891566 0.807278 0.67453 0.498187 0.320367 0.185115 0.0997274 0.0514423 0.0258126 0.012709 0.00616806 0.00295776 0.001403 0.000658686 0.000306154 0.000140896 6.42065e-05 2.89734e-05 1.2947e-05 5.72928e-06 2.51081e-06 1.08977e-06 4.68481e-07 1.99491e-07 8.41537e-08 3.51711e-08 1.45652e-08 5.97747e-09 2.43137e-09 9.80347e-10 3.91895e-10 1.55342e-10 6.10676e-11 2.38126e-11 9.21194e-12 3.53607e-12 1.34707e-12 5.09379e-13 1.91226e-13 7.12841e-14 2.6395e-14 9.72467e-15 3.62083e-15 1.56636e-15 1.49758e-15 3.98802e-15 1.41923e-14 5.22846e-14 1.93265e-13 7.14568e-13 2.64188e-12 9.76675e-12 3.61034e-11 1.33446e-10 4.93194e-10 1.82257e-09 6.73438e-09 2.48803e-08 9.19082e-08 3.39459e-07 1.25357e-06 4.62837e-06 1.70852e-05 6.30532e-05 0.000232624 0.000857755 0.00315859 0.0115834 0.0418783 0.143939 0.41642 0.764898 0.92808 0.979797 0.994457 0.998488 0.999588 0.999888 0.999969 0.999992 0.999998 0.999999 1 1 1 1 1 1 1 1 1 1 1 1 1 1 1 1 1 1 1 1 1 1 1 1 1 1 1 1 1 1 1 0.999999 0.999996 0.999987 0.999956 0.99985 0.999487 0.998242 0.993991 0.979593 0.932266 0.791736 0.490439 0.196606 0.0634157 0.0190281 0.00558577 0.00162905 0.000474149 0.000137914 4.01036e-05 1.166e-05 3.38974e-06 9.85374e-07 2.86422e-07 8.32509e-08 2.41965e-08 7.03235e-09 2.0438e-09 5.93978e-10 1.72623e-10 5.01684e-11 1.45803e-11 4.23751e-12 1.2316e-12 3.57978e-13 1.04086e-13 3.03747e-14 9.2347e-15 4.06178e-15 5.85475e-15 1.75285e-14 5.85565e-14 1.97154e-13 6.62648e-13 2.22124e-12 7.42429e-12 2.474e-11 8.21791e-11 2.72064e-10 8.97536e-10 2.94999e-09 9.65808e-09 3.14894e-08 1.0222e-07 3.30288e-07 1.06197e-06 3.39666e-06 1.08036e-05 3.41578e-05 0.000107307 0.000334769 0.00103638 0.00317976 0.00964178 0.0286903 0.0821919 0.215634 0.464678 0.730282 0.888152 0.956984 0.983732 0.993803 0.997599 0.999048 0.999613 0.999838 0.99993 0.999969 0.999986 0.999993 0.999997 0.999998 0.999999 0.999999 1 1 1 1 1 1 1 1 1 1 1 1 1 1 1 1 1 1 1 1 1 1 1 1 1 1 1 1 1 0.999999 0.999999 0.999999 0.999998 0.999997 0.999995 0.999991 0.999986 0.999977 0.999963 0.999938 0.999895 0.999822 0.999693 0.999468 0.999066 0.998347 0.997047 0.994679 0.990336 0.98233 0.967554 
0.994602 0.989975 0.981264 0.964859 0.934202 0.878256 0.781555 0.632226 0.444933 0.272225 0.150618 0.0782382 0.0391003 0.0190639 0.00913535 0.00431863 0.00201783 0.000932688 0.000426673 0.000193221 8.66284e-05 3.84539e-05 1.69012e-05 7.35555e-06 3.17004e-06 1.35302e-06 5.71967e-07 2.39506e-07 9.93547e-08 4.08363e-08 1.66322e-08 6.71368e-09 2.68626e-09 1.06557e-09 4.19119e-10 1.63489e-10 6.32571e-11 2.42819e-11 9.24879e-12 3.49621e-12 1.3119e-12 4.88736e-13 1.80801e-13 6.64323e-14 2.42614e-14 8.85498e-15 3.40328e-15 2.00447e-15 3.61726e-15 1.20105e-14 4.38742e-14 1.61831e-13 5.97414e-13 2.20534e-12 8.14e-12 3.00411e-11 1.10853e-10 4.08988e-10 1.50871e-09 5.5645e-09 2.05195e-08 7.56528e-08 2.78863e-07 1.02768e-06 3.78638e-06 1.39468e-05 5.13567e-05 0.000189044 0.000695492 0.0025557 0.00935924 0.0338797 0.117721 0.355226 0.717997 0.910946 0.974698 0.993021 0.99809 0.999478 0.999857 0.999961 0.999989 0.999997 0.999999 1 1 1 1 1 1 1 1 1 1 1 1 1 1 1 1 1 1 1 1 1 1 1 1 1 1 1 1 1 1 0.999999 0.999998 0.999994 0.999978 0.999926 0.999746 0.999132 0.997032 0.989886 0.965915 0.889459 0.683378 0.348018 0.124078 0.0384562 0.0114046 0.00333762 0.000972862 0.000283207 8.24035e-05 2.39707e-05 6.9718e-06 2.02746e-06 5.89535e-07 1.71405e-07 4.98311e-08 1.44859e-08 4.21075e-09 1.22391e-09 3.55733e-10 1.03391e-10 3.00489e-11 8.73313e-12 2.5381e-12 7.37653e-13 2.14404e-13 6.23725e-14 1.83289e-14 6.01479e-15 4.10072e-15 9.22647e-15 3.00645e-14 1.01854e-13 3.45505e-13 1.16953e-12 3.94884e-12 1.32976e-11 4.46541e-11 1.49511e-10 4.99055e-10 1.6604e-09 5.50543e-09 1.81888e-08 5.98636e-08 1.96232e-07 6.40505e-07 2.08116e-06 6.72969e-06 2.16496e-05 6.92652e-05 0.000220293 0.000696072 0.002183 0.00678113 0.020754 0.0616685 0.170828 0.399814 0.684602 0.869359 0.950984 0.982094 0.993444 0.997566 0.999079 0.999643 0.999858 0.999942 0.999976 0.999989 0.999995 0.999998 0.999999 0.999999 1 1 1 1 1 1 1 1 1 1 1 1 1 1 1 1 1 1 1 1 1 1 1 1 1 1 1 1 1 1 1 1 1 1 0.999999 0.999999 0.999998 0.999998 0.999996 0.999993 0.999989 0.999982 0.999969 0.999948 0.99991 0.999842 0.999723 0.999507 0.999115 0.998397 0.997071 0.994602 0.989975 
0.998358 0.99693 0.994214 0.989013 0.979012 0.95981 0.923356 0.856324 0.741567 0.571753 0.377842 0.218233 0.115207 0.0575997 0.0278619 0.0131896 0.00614651 0.00282792 0.00128637 0.000578921 0.000257852 0.000113682 4.9617e-05 2.14401e-05 9.17312e-06 3.88638e-06 1.63064e-06 6.77657e-07 2.78968e-07 1.13777e-07 4.59803e-08 1.84153e-08 7.31044e-09 2.87703e-09 1.12268e-09 4.34472e-10 1.66778e-10 6.35145e-11 2.40018e-11 9.00198e-12 3.35148e-12 1.23886e-12 4.54758e-13 1.65805e-13 6.00663e-14 2.16642e-14 7.92464e-15 3.46965e-15 3.63469e-15 1.0164e-14 3.63358e-14 1.33552e-13 4.92117e-13 1.81354e-12 6.6823e-12 2.46178e-11 9.06758e-11 3.33926e-10 1.22948e-09 4.52583e-09 1.66563e-08 6.12855e-08 2.25439e-07 8.29066e-07 3.04812e-06 1.12035e-05 4.11665e-05 0.000151211 0.000555157 0.00203624 0.00744828 0.0269959 0.094716 0.296724 0.660412 0.888189 0.96776 0.99105 0.997541 0.999326 0.999815 0.999949 0.999986 0.999996 0.999999 1 1 1 1 1 1 1 1 1 1 1 1 1 1 1 1 1 1 1 1 1 1 1 1 1 1 1 1 1 1 0.999999 0.999997 0.999989 0.999963 0.999873 0.999568 0.998526 0.994975 0.982954 0.943259 0.822802 0.544921 0.231471 0.0763907 0.023111 0.00680803 0.00198944 0.000579895 0.000168881 4.91632e-05 1.43084e-05 4.16348e-06 1.21129e-06 3.52353e-07 1.02482e-07 2.9803e-08 8.66617e-09 2.51971e-09 7.32549e-10 2.12956e-10 6.19033e-11 1.79935e-11 5.22994e-12 1.52007e-12 4.41804e-13 1.28432e-13 3.74232e-14 1.12092e-14 4.40513e-15 5.23022e-15 1.50931e-14 5.09351e-14 1.74113e-13 5.94661e-13 2.02667e-12 6.89098e-12 2.33731e-11 7.90742e-11 2.66798e-10 8.97636e-10 3.01109e-09 1.0069e-08 3.35592e-08 1.1146e-07 3.68829e-07 1.21571e-06 3.99056e-06 1.30413e-05 4.24189e-05 0.000137279 0.00044183 0.00141321 0.00448561 0.0140763 0.0432148 0.125917 0.321216 0.615578 0.837307 0.939802 0.978634 0.992449 0.997305 0.999022 0.999638 0.999863 0.999947 0.999979 0.999991 0.999996 0.999998 0.999999 1 1 1 1 1 1 1 1 1 1 1 1 1 1 1 1 1 1 1 1 1 1 1 1 1 1 1 1 1 1 1 1 1 1 1 1 1 1 1 0.999999 0.999999 0.999998 0.999997 0.999995 0.999991 0.999985 0.999973 0.999953 0.999917 0.999853 0.999735 0.999517 0.999114 0.998358 0.99693 
0.9995 0.999061 0.998221 0.996598 0.993439 0.987257 0.975123 0.951397 0.905807 0.822049 0.682663 0.491807 0.301531 0.163647 0.0823332 0.0396084 0.0185377 0.00851619 0.00385713 0.00172594 0.000763778 0.000334424 0.000144921 6.2164e-05 2.63985e-05 1.10996e-05 4.62138e-06 1.90562e-06 7.78326e-07 3.14928e-07 1.26258e-07 5.01617e-08 1.9753e-08 7.71113e-09 2.98478e-09 1.14577e-09 4.36274e-10 1.64811e-10 6.17819e-11 2.29866e-11 8.49006e-12 3.11355e-12 1.13395e-12 4.10218e-13 1.47442e-13 5.2694e-14 1.88474e-14 7.18405e-15 4.48971e-15 8.82194e-15 2.97822e-14 1.08667e-13 3.995e-13 1.4695e-12 5.40458e-12 1.98731e-11 7.3059e-11 2.68523e-10 9.86704e-10 3.62481e-09 1.33129e-08 4.88817e-08 1.79434e-07 6.58479e-07 2.41578e-06 8.86037e-06 3.24877e-05 0.000119083 0.000436317 0.00159742 0.00583596 0.021169 0.0748623 0.242124 0.590334 0.857599 0.958164 0.9883 0.996771 0.999112 0.999756 0.999933 0.999982 0.999995 0.999999 1 1 1 1 1 1 1 1 1 1 1 1 1 1 1 1 1 1 1 1 1 1 1 1 1 1 1 1 1 1 0.999998 0.999994 0.999981 0.999936 0.999784 0.999263 0.997489 0.991466 0.971261 0.906268 0.724774 0.396557 0.147058 0.046251 0.0137958 0.00404945 0.00118277 0.0003449 0.000100507 2.92777e-05 8.5263e-06 2.48247e-06 7.22629e-07 2.10312e-07 6.11977e-08 1.78047e-08 5.1793e-09 1.50643e-09 4.38099e-10 1.27394e-10 3.70408e-11 1.0769e-11 3.13067e-12 9.10065e-13 2.64548e-13 7.69394e-14 2.2519e-14 7.08789e-15 3.9426e-15 7.66419e-15 2.47578e-14 8.49296e-14 2.92376e-13 1.00501e-12 3.44767e-12 1.18019e-11 4.03089e-11 1.37351e-10 4.66863e-10 1.58279e-09 5.35151e-09 1.8042e-08 6.06434e-08 2.03188e-07 6.78502e-07 2.25765e-06 7.48375e-06 2.47079e-05 8.12244e-05 0.000265779 0.000865198 0.00279922 0.00897868 0.0283518 0.0863069 0.238549 0.52072 0.786044 0.92073 0.972459 0.990559 0.996747 0.998865 0.999597 0.999854 0.999946 0.99998 0.999992 0.999997 0.999999 0.999999 1 1 1 1 1 1 1 1 1 1 1 1 1 1 1 1 1 1 1 1 1 1 1 1 1 1 1 1 1 1 1 1 1 1 1 1 1 1 1 1 1 1 0.999999 0.999999 0.999998 0.999997 0.999995 0.999992 0.999986 0.999975 0.999956 0.99992 0.999854 0.999732 0.9995 0.999061 
0.999848 0.999713 0.999453 0.998948 0.997959 0.996004 0.992114 0.984331 0.968741 0.937777 0.877934 0.769695 0.599895 0.395491 0.223459 0.113925 0.0546751 0.0253265 0.0114716 0.0051134 0.00224982 0.000978513 0.00042099 0.000179236 7.5532e-05 3.1511e-05 1.30163e-05 5.32438e-06 2.15715e-06 8.65742e-07 3.44248e-07 1.35646e-07 5.29755e-08 2.05099e-08 7.87333e-09 2.99743e-09 1.13194e-09 4.24106e-10 1.57685e-10 5.81919e-11 2.13196e-11 7.75587e-12 2.80222e-12 1.00573e-12 3.5864e-13 1.27118e-13 4.48889e-14 1.61487e-14 7.21042e-15 8.33758e-15 2.43439e-14 8.72546e-14 3.19692e-13 1.17351e-12 4.30751e-12 1.58075e-11 5.79954e-11 2.1272e-10 7.80022e-10 2.85947e-09 1.04795e-08 3.8395e-08 1.4063e-07 5.14939e-07 1.88496e-06 6.89792e-06 2.52349e-05 9.22878e-05 0.000337375 0.0012325 0.00449474 0.0162999 0.0579602 0.192309 0.508733 0.816699 0.944802 0.984419 0.995679 0.998807 0.999671 0.999909 0.999975 0.999993 0.999998 0.999999 1 1 1 1 1 1 1 1 1 1 1 1 1 1 1 1 1 1 1 1 1 1 1 1 1 1 1 1 0.999999 0.999997 0.99999 0.999968 0.99989 0.999628 0.998735 0.995703 0.985468 0.951613 0.847359 0.593243 0.267483 0.090575 0.0276741 0.00818954 0.00240001 0.000701157 0.000204605 5.96725e-05 1.73967e-05 5.07022e-06 1.47729e-06 4.30321e-07 1.25319e-07 3.64875e-08 1.06214e-08 3.09128e-09 8.99532e-10 2.61713e-10 7.61324e-11 2.21439e-11 6.44001e-12 1.87271e-12 5.44524e-13 1.58335e-13 4.6102e-14 1.36512e-14 4.83898e-15 4.44291e-15 1.18624e-14 4.01923e-14 1.39193e-13 4.82182e-13 1.66763e-12 5.75681e-12 1.98342e-11 6.81963e-11 2.33979e-10 8.00971e-10 2.73549e-09 9.31918e-09 3.16658e-08 1.07304e-07 3.62561e-07 1.2213e-06 4.10074e-06 1.37219e-05 4.57491e-05 0.000151933 0.000502416 0.0016532 0.00540449 0.0174751 0.05514 0.163029 0.404992 0.707448 0.888928 0.961836 0.987238 0.995736 0.998562 0.999509 0.99983 0.99994 0.999978 0.999992 0.999997 0.999999 1 1 1 1 1 1 1 1 1 1 1 1 1 1 1 1 1 1 1 1 1 1 1 1 1 1 1 1 1 1 1 1 1 1 1 1 1 1 1 1 1 1 1 1 1 1 1 0.999999 0.999999 0.999998 0.999996 0.999993 0.999987 0.999976 0.999956 0.999919 0.999848 0.999713 
0.999954 0.999912 0.999831 0.999674 0.999365 0.998749 0.997514 0.995016 0.989928 0.979521 0.958286 0.91564 0.833705 0.691595 0.491662 0.292476 0.15227 0.0731685 0.0335882 0.0150029 0.00657967 0.00284531 0.0012157 0.000513713 0.000214797 8.88951e-05 3.64221e-05 1.47765e-05 5.93703e-06 2.36288e-06 9.3168e-07 3.64025e-07 1.40968e-07 5.41165e-08 2.0599e-08 7.77616e-09 2.91193e-09 1.0819e-09 3.98915e-10 1.45999e-10 5.30509e-11 1.91424e-11 6.86044e-12 2.44256e-12 8.64108e-13 3.03831e-13 1.06275e-13 3.7269e-14 1.41396e-14 9.49562e-15 2.02589e-14 6.92914e-14 2.52265e-13 9.23752e-13 3.3836e-12 1.23909e-11 4.53635e-11 1.66027e-10 6.07466e-10 2.22193e-09 8.12459e-09 2.96983e-08 1.08523e-07 3.96427e-07 1.44763e-06 5.28444e-06 1.92834e-05 7.03395e-05 0.000256457 0.000934384 0.00339915 0.0123101 0.043911 0.148575 0.42143 0.763094 0.926165 0.978893 0.99411 0.998366 0.999547 0.999874 0.999965 0.99999 0.999997 0.999999 1 1 1 1 1 1 1 1 1 1 1 1 1 1 1 1 1 1 1 1 1 1 1 1 1 1 1 1 0.999999 0.999995 0.999983 0.999944 0.99981 0.999356 0.997818 0.992616 0.9752 0.918944 0.757939 0.442106 0.170882 0.0546415 0.0164147 0.00483751 0.00141715 0.000414307 0.000121016 3.53295e-05 1.03099e-05 3.00755e-06 8.77064e-07 2.55691e-07 7.45202e-08 2.17128e-08 6.32481e-09 1.84195e-09 5.36304e-10 1.56119e-10 4.54379e-11 1.32222e-11 3.84698e-12 1.11911e-12 3.25521e-13 9.4703e-14 2.76509e-14 8.43143e-15 3.82488e-15 5.92557e-15 1.85691e-14 6.42717e-14 2.2412e-13 7.80889e-13 2.71655e-12 9.43429e-12 3.27062e-11 1.13174e-10 3.90857e-10 1.34712e-09 4.63307e-09 1.58986e-08 5.44287e-08 1.85875e-07 6.33113e-07 2.15053e-06 7.28357e-06 2.45925e-05 8.27618e-05 0.000277531 0.000926945 0.00308061 0.0101601 0.0329843 0.102765 0.285112 0.594089 0.836298 0.943512 0.981438 0.993956 0.998023 0.999346 0.999781 0.999926 0.999974 0.999991 0.999997 0.999999 1 1 1 1 1 1 1 1 1 1 1 1 1 1 1 1 1 1 1 1 1 1 1 1 1 1 1 1 1 1 1 1 1 1 1 1 1 1 1 1 1 1 1 1 1 1 1 1 1 1 0.999999 0.999999 0.999998 0.999996 0.999993 0.999987 0.999975 0.999954 0.999912 
0.999986 0.999973 0.999948 0.999899 0.999802 0.999608 0.999216 0.998419 0.996778 0.993378 0.986289 0.971483 0.940814 0.879112 0.763834 0.580837 0.366463 0.1963 0.0947979 0.043181 0.0190229 0.00820588 0.00348629 0.00146274 0.000606853 0.000249113 0.000101219 4.07185e-05 1.62211e-05 6.40054e-06 2.50202e-06 9.69151e-07 3.72062e-07 1.41598e-07 5.34336e-08 1.9998e-08 7.42457e-09 2.73507e-09 9.99937e-10 3.62897e-10 1.30766e-10 4.6795e-11 1.66338e-11 5.87432e-12 2.06152e-12 7.1908e-13 2.4941e-13 8.62572e-14 3.05648e-14 1.40535e-14 1.806e-14 5.47487e-14 1.96412e-13 7.16844e-13 2.61971e-12 9.57211e-12 3.49645e-11 1.27674e-10 4.66044e-10 1.70059e-09 6.20322e-09 2.2619e-08 8.24448e-08 3.00389e-07 1.09403e-06 3.98281e-06 1.44931e-05 5.27138e-05 0.000191625 0.000696074 0.00252499 0.0091264 0.0326094 0.112006 0.336652 0.694196 0.900003 0.970912 0.991817 0.997718 0.999365 0.999823 0.999951 0.999986 0.999996 0.999999 1 1 1 1 1 1 1 1 1 1 1 1 1 1 1 1 1 1 1 1 1 1 1 1 1 1 1 0.999999 0.999997 0.999991 0.999971 0.999902 0.999668 0.998878 0.996213 0.987252 0.957655 0.865761 0.632964 0.302032 0.10509 0.0324729 0.00966491 0.00284346 0.000833406 0.000243911 7.13306e-05 2.08491e-05 6.09117e-06 1.77883e-06 5.19278e-07 1.51533e-07 4.42044e-08 1.28909e-08 3.7581e-09 1.09529e-09 3.19136e-10 9.29633e-11 2.70736e-11 7.88288e-12 2.29475e-12 6.67893e-13 1.94371e-13 5.66011e-14 1.66369e-14 5.44319e-15 3.71276e-15 8.58e-15 2.88761e-14 1.01066e-13 3.54466e-13 1.2418e-12 4.34412e-12 1.51734e-11 5.29137e-11 1.84215e-10 6.40208e-10 2.22086e-09 7.68928e-09 2.6569e-08 9.16104e-08 3.15172e-07 1.08177e-06 3.70378e-06 1.2648e-05 4.30722e-05 0.000146245 0.000494934 0.00166855 0.00559488 0.0185729 0.0601446 0.181424 0.448945 0.750885 0.911485 0.97112 0.990784 0.997061 0.999056 0.999694 0.9999 0.999967 0.999989 0.999996 0.999999 1 1 1 1 1 1 1 1 1 1 1 1 1 1 1 1 1 1 1 1 1 1 1 1 1 1 1 1 1 1 1 1 1 1 1 1 1 1 1 1 1 1 1 1 1 1 1 1 1 1 1 1 1 0.999999 0.999999 0.999998 0.999996 0.999992 0.999986 0.999973 
0.999996 0.999992 0.999984 0.999969 0.999938 0.999877 0.999752 0.999497 0.99897 0.997866 0.99554 0.990597 0.980051 0.957619 0.910799 0.818212 0.656933 0.440055 0.243921 0.118772 0.0537408 0.0233516 0.00990525 0.00413295 0.0017022 0.00069312 0.000279253 0.00011137 4.39795e-05 1.7201e-05 6.66462e-06 2.5587e-06 9.73614e-07 3.67263e-07 1.37371e-07 5.09618e-08 1.87554e-08 6.84929e-09 2.48257e-09 8.93291e-10 3.19169e-10 1.1326e-10 3.99264e-11 1.39848e-11 4.8681e-12 1.68444e-12 5.79517e-13 1.98448e-13 6.82826e-14 2.5912e-14 1.89659e-14 4.37561e-14 1.51136e-13 5.48486e-13 1.99918e-12 7.28735e-12 2.65548e-11 9.67283e-11 3.52204e-10 1.28192e-09 4.66387e-09 1.69608e-08 6.16532e-08 2.2401e-07 8.13526e-07 2.95299e-06 1.07135e-05 3.88471e-05 0.000140775 0.000509762 0.00184367 0.00664932 0.0237778 0.0826134 0.26015 0.607672 0.862976 0.959194 0.988406 0.996747 0.999089 0.999745 0.999929 0.99998 0.999994 0.999998 1 1 1 1 1 1 1 1 1 1 1 1 1 1 1 1 1 1 1 1 1 1 1 1 1 1 1 0.999999 0.999995 0.999985 0.999948 0.999826 0.999415 0.998033 0.993387 0.977905 0.927893 0.782659 0.48096 0.193563 0.0629991 0.0190842 0.00565345 0.00166295 0.000487928 0.000143 4.18795e-05 1.22579e-05 3.58599e-06 1.04856e-06 3.06464e-07 8.95326e-08 2.61461e-08 7.63253e-09 2.22727e-09 6.49725e-10 1.89473e-10 5.52374e-11 1.60989e-11 4.69078e-12 1.36642e-12 3.97951e-13 1.15891e-13 3.38098e-14 1.0099e-14 3.85538e-15 4.3682e-15 1.27573e-14 4.43061e-14 1.56187e-13 5.50647e-13 1.93908e-12 6.81941e-12 2.39495e-11 8.39883e-11 2.94095e-10 1.02819e-09 3.58874e-09 1.25044e-08 4.34911e-08 1.50978e-07 5.23074e-07 1.80844e-06 6.23856e-06 2.1471e-05 7.37131e-05 0.00025239 0.000861546 0.00292947 0.00989694 0.0329529 0.105338 0.298376 0.620473 0.855167 0.95229 0.984969 0.995306 0.99853 0.999536 0.999852 0.999952 0.999984 0.999995 0.999998 0.999999 1 1 1 1 1 1 1 1 1 1 1 1 1 1 1 1 1 1 1 1 1 1 1 1 1 1 1 1 1 1 1 1 1 1 1 1 1 1 1 1 1 1 1 1 1 1 1 1 1 1 1 1 1 1 1 0.999999 0.999999 0.999998 0.999996 0.999992 
0.999999 0.999997 0.999995 0.99999 0.999981 0.999961 0.999922 0.99984 0.99967 0.999311 0.99855 0.996916 0.99338 0.985681 0.968906 0.932792 0.858067 0.718225 0.508058 0.292211 0.14379 0.0646731 0.0277165 0.0115572 0.0047342 0.00191336 0.000764451 0.00030221 0.000118277 4.58428e-05 1.76014e-05 6.69638e-06 2.52499e-06 9.43872e-07 3.49874e-07 1.28636e-07 4.69214e-08 1.69842e-08 6.10227e-09 2.17675e-09 7.71081e-10 2.71308e-10 9.48401e-11 3.29444e-11 1.13742e-11 3.9039e-12 1.33233e-12 4.52341e-13 1.53289e-13 5.36166e-14 2.56982e-14 3.68962e-14 1.15466e-13 4.13951e-13 1.50376e-12 5.46725e-12 1.98714e-11 7.21943e-11 2.62171e-10 9.51629e-10 3.45259e-09 1.25201e-08 4.53789e-08 1.64388e-07 5.95186e-07 2.15372e-06 7.78886e-06 2.81509e-05 0.000101678 0.000366974 0.00132304 0.00475935 0.0170136 0.059571 0.194294 0.505372 0.810926 0.941814 0.983251 0.995266 0.998667 0.999625 0.999894 0.99997 0.999992 0.999998 0.999999 1 1 1 1 1 1 1 1 1 1 1 1 1 1 1 1 1 1 1 1 1 1 1 1 1 0.999999 0.999997 0.999992 0.999972 0.999907 0.99969 0.998962 0.996523 0.98838 0.961608 0.878319 0.662373 0.331724 0.118519 0.0370723 0.0111108 0.00328567 0.000967288 0.000284249 8.34466e-05 2.44792e-05 7.17642e-06 2.10263e-06 6.15713e-07 1.80205e-07 5.27157e-08 1.54138e-08 4.50489e-09 1.31606e-09 3.84323e-10 1.12189e-10 3.2738e-11 9.55008e-12 2.78499e-12 8.11916e-13 2.36642e-13 6.89813e-14 2.02021e-14 6.26764e-15 3.19265e-15 5.7948e-15 1.89774e-14 6.69083e-14 2.37167e-13 8.40199e-13 2.97325e-12 1.05091e-11 3.70987e-11 1.30795e-10 4.60511e-10 1.61911e-09 5.68427e-09 1.99253e-08 6.97326e-08 2.43631e-07 8.49693e-07 2.95789e-06 1.02766e-05 3.56303e-05 0.000123261 0.000425376 0.0014637 0.00501515 0.0170385 0.0566058 0.175809 0.448359 0.758139 0.91718 0.973948 0.991988 0.997541 0.999242 0.999765 0.999926 0.999977 0.999993 0.999998 0.999999 1 1 1 1 1 1 1 1 1 1 1 1 1 1 1 1 1 1 1 1 1 1 1 1 1 1 1 1 1 1 1 1 1 1 1 1 1 1 1 1 1 1 1 1 1 1 1 1 1 1 1 1 1 1 1 1 1 1 0.999999 0.999999 0.999997 
1 0.999999 0.999998 0.999997 0.999994 0.999988 0.999975 0.999949 0.999894 0.999777 0.999527 0.998987 0.997808 0.995207 0.989428 0.976554 0.948063 0.886867 0.765674 0.566705 0.33794 0.168175 0.0751926 0.0317715 0.0130175 0.00523308 0.00207478 0.000813146 0.000315369 0.00012111 4.60696e-05 1.73645e-05 6.487e-06 2.40257e-06 8.82418e-07 3.21478e-07 1.16203e-07 4.16856e-08 1.48444e-08 5.24869e-09 1.84313e-09 6.42953e-10 2.22852e-10 7.67645e-11 2.62848e-11 8.94821e-12 3.02932e-12 1.02013e-12 3.42144e-13 1.15631e-13 4.41791e-14 3.57703e-14 8.87232e-14 3.08518e-13 1.11492e-12 4.04181e-12 1.46501e-11 5.30771e-11 1.922e-10 6.95625e-10 2.5163e-09 9.09718e-09 3.28701e-08 1.18696e-07 4.28357e-07 1.54489e-06 5.56804e-06 2.00543e-05 7.2177e-05 0.00025956 0.00093243 0.00334333 0.0119309 0.0419449 0.140214 0.39739 0.739565 0.915911 0.975347 0.992966 0.998006 0.999435 0.99984 0.999954 0.999987 0.999996 0.999999 1 1 1 1 1 1 1 1 1 1 1 1 1 1 1 1 1 1 1 1 1 1 1 1 1 0.999999 0.999995 0.999985 0.999949 0.999832 0.999442 0.99814 0.993804 0.979459 0.933334 0.798732 0.509552 0.2124 0.0703504 0.0215126 0.00641437 0.00189701 0.00055934 0.000164685 4.84408e-05 1.42372e-05 4.18146e-06 1.22727e-06 3.59977e-07 1.05524e-07 3.09155e-08 9.05248e-09 2.64933e-09 7.74981e-10 2.26592e-10 6.6223e-11 1.9346e-11 5.6494e-12 1.64912e-12 4.81227e-13 1.40391e-13 4.09843e-14 1.21052e-14 4.0895e-15 3.1987e-15 8.10101e-15 2.79443e-14 9.93584e-14 3.53862e-13 1.2593e-12 4.47698e-12 1.58994e-11 5.64024e-11 1.99854e-10 7.07308e-10 2.50011e-09 8.82558e-09 3.11124e-08 1.09523e-07 3.84968e-07 1.35103e-06 4.73358e-06 1.65562e-05 5.78011e-05 0.000201396 0.000700143 0.00242686 0.00836953 0.028518 0.0937936 0.276451 0.604115 0.85146 0.952418 0.985473 0.995613 0.998674 0.999597 0.999877 0.999962 0.999988 0.999996 0.999999 1 1 1 1 1 1 1 1 1 1 1 1 1 1 1 1 1 1 1 1 1 1 1 1 1 1 1 1 1 1 1 1 1 1 1 1 1 1 1 1 1 1 1 1 1 1 1 1 1 1 1 1 1 1 1 1 1 1 1 1 1 0.999999 
1 1 1 0.999999 0.999998 0.999996 0.999992 0.999984 0.999966 0.999928 0.999845 0.999666 0.999272 0.998395 0.996423 0.991956 0.981782 0.958694 0.907479 0.801263 0.614253 0.378182 0.190083 0.0844032 0.0351338 0.0141365 0.00557475 0.00216762 0.000833202 0.000316995 0.000119445 4.45948e-05 1.65022e-05 6.05435e-06 2.20286e-06 7.95092e-07 2.84758e-07 1.01222e-07 3.5721e-08 1.25179e-08 4.35719e-09 1.50677e-09 5.17789e-10 1.76856e-10 6.00536e-11 2.02769e-11 6.80912e-12 2.27461e-12 7.56279e-13 2.51299e-13 8.70205e-14 4.41218e-14 7.09505e-14 2.27857e-13 8.14997e-13 2.94415e-12 1.064e-11 3.84341e-11 1.38755e-10 5.00638e-10 1.80524e-09 6.50535e-09 2.34274e-08 8.43109e-08 3.03207e-07 1.08963e-06 3.91286e-06 1.404e-05 5.03364e-05 0.000180303 0.000645132 0.00230441 0.00820095 0.0288746 0.0981559 0.29706 0.64512 0.877139 0.963034 0.989326 0.99695 0.99913 0.999751 0.999929 0.99998 0.999994 0.999998 1 1 1 1 1 1 1 1 1 1 1 1 1 1 1 1 1 1 1 1 1 1 1 1 0.999999 0.999997 0.999991 0.999972 0.999907 0.999693 0.998984 0.996634 0.988863 0.963529 0.885069 0.680032 0.352648 0.128922 0.0408321 0.0123383 0.00367277 0.00108762 0.000321367 9.48335e-05 2.7957e-05 8.23453e-06 2.42346e-06 7.12692e-07 2.09437e-07 6.15044e-08 1.80499e-08 5.29387e-09 1.55173e-09 4.54584e-10 1.33101e-10 3.89517e-11 1.13937e-11 3.33121e-12 9.73536e-13 2.84401e-13 8.3066e-14 2.43099e-14 7.31853e-15 2.94219e-15 3.75499e-15 1.14824e-14 4.05638e-14 1.45053e-13 5.18814e-13 1.85419e-12 6.6207e-12 2.36181e-11 8.41704e-11 2.99661e-10 1.06571e-09 3.78589e-09 1.34336e-08 4.76098e-08 1.6852e-07 5.95708e-07 2.10289e-06 7.41261e-06 2.60893e-05 9.16748e-05 0.00032156 0.0011255 0.00392695 0.0136124 0.0463513 0.149275 0.404835 0.732984 0.909578 0.972224 0.991695 0.997529 0.999263 0.999779 0.999933 0.99998 0.999994 0.999998 0.999999 1 1 1 1 1 1 1 1 1 1 1 1 1 1 1 1 1 1 1 1 1 1 1 1 1 1 1 1 1 1 1 1 1 1 1 1 1 1 1 1 1 1 1 1 1 1 1 1 1 1 1 1 1 1 1 1 1 1 1 1 1 1 
1 1 1 1 0.999999 0.999999 0.999997 0.999995 0.999989 0.999976 0.999949 0.99989 0.999757 0.999461 0.998787 0.997245 0.993678 0.985379 0.966091 0.922054 0.827143 0.650554 0.410656 0.207721 0.0914064 0.0374369 0.0147819 0.0057161 0.0021793 0.000821525 0.000306605 0.000113367 4.15467e-05 1.50965e-05 5.44054e-06 1.94516e-06 6.90141e-07 2.43057e-07 8.49918e-08 2.9516e-08 1.01825e-08 3.49041e-09 1.1891e-09 4.02697e-10 1.35597e-10 4.54066e-11 1.51243e-11 5.01193e-12 1.65287e-12 5.43279e-13 1.806e-13 7.00696e-14 6.36523e-14 1.68435e-13 5.87847e-13 2.11303e-12 7.61152e-12 2.74077e-11 9.86286e-11 3.54687e-10 1.27464e-09 4.57744e-09 1.64261e-08 5.89001e-08 2.11034e-07 7.55492e-07 2.70232e-06 9.65726e-06 3.44798e-05 0.000122981 0.000438137 0.00155848 0.00552743 0.0194552 0.0668549 0.212215 0.528306 0.819495 0.943602 0.983453 0.995226 0.998627 0.999604 0.999886 0.999967 0.99999 0.999997 0.999999 1 1 1 1 1 1 1 1 1 1 1 1 1 1 1 1 1 1 1 1 1 1 1 0.999998 0.999995 0.999984 0.999947 0.999826 0.999431 0.998129 0.993842 0.979822 0.935171 0.805571 0.52454 0.224186 0.0754177 0.023298 0.00700233 0.00208547 0.000618916 0.000183346 5.42448e-05 1.60318e-05 4.73349e-06 1.39632e-06 4.11538e-07 1.21193e-07 3.5662e-08 1.0486e-08 3.08112e-09 9.04717e-10 2.65484e-10 7.78573e-11 2.28196e-11 6.68461e-12 1.95711e-12 5.72718e-13 1.67523e-13 4.90018e-14 1.4408e-14 4.52582e-15 2.46374e-15 4.83225e-15 1.62117e-14 5.79583e-14 2.08183e-13 7.47556e-13 2.68238e-12 9.61721e-12 3.44521e-11 1.23312e-10 4.40966e-10 1.57542e-09 5.62297e-09 2.0049e-08 7.14101e-08 2.54066e-07 9.02882e-07 3.20473e-06 1.13606e-05 4.02188e-05 0.000142178 0.000501801 0.00176728 0.00620126 0.0215658 0.0730058 0.226658 0.544862 0.825124 0.944542 0.98343 0.995124 0.998567 0.999578 0.999875 0.999963 0.999989 0.999997 0.999999 1 1 1 1 1 1 1 1 1 1 1 1 1 1 1 1 1 1 1 1 1 1 1 1 1 1 1 1 1 1 1 1 1 1 1 1 1 1 1 1 1 1 1 1 1 1 1 1 1 1 1 1 1 1 1 1 1 1 1 1 1 1 1 
1 1 1 1 1 1 0.999999 0.999998 0.999996 0.999992 0.999983 0.999963 0.999919 0.999818 0.999587 0.999053 0.997805 0.994858 0.987854 0.971194 0.932139 0.845174 0.676196 0.433764 0.21954 0.0954299 0.0383927 0.0148647 0.00563469 0.00210622 0.000778686 0.00028512 0.000103467 3.72291e-05 1.32868e-05 4.70487e-06 1.65346e-06 5.7687e-07 1.99856e-07 6.8774e-08 2.3513e-08 7.98868e-09 2.69788e-09 9.0584e-10 3.02449e-10 1.00442e-10 3.31837e-11 1.09085e-11 3.56889e-12 1.16277e-12 3.79196e-13 1.30514e-13 7.11916e-14 1.28044e-13 4.19457e-13 1.49437e-12 5.36268e-12 1.92445e-11 6.90155e-11 2.47322e-10 8.85609e-10 3.16864e-09 1.13277e-08 4.04607e-08 1.44389e-07 5.14792e-07 1.83361e-06 6.52439e-06 2.31906e-05 8.23371e-05 0.000291971 0.00103375 0.00365111 0.0128237 0.04431 0.145182 0.401802 0.736367 0.912771 0.973815 0.992352 0.997779 0.999355 0.999812 0.999945 0.999984 0.999995 0.999999 1 1 1 1 1 1 1 1 1 1 1 1 1 1 1 1 1 1 1 1 1 1 0.999999 0.999997 0.99999 0.999969 0.999899 0.999672 0.998931 0.99651 0.988615 0.963211 0.885478 0.684111 0.360745 0.134047 0.0429626 0.0131056 0.00393369 0.00117385 0.000349357 0.000103802 3.0801e-05 9.12882e-06 2.70264e-06 7.99306e-07 2.36163e-07 6.97115e-08 2.05595e-08 6.05835e-09 1.7838e-09 5.24816e-10 1.54295e-10 4.53308e-11 1.33091e-11 3.90508e-12 1.14512e-12 3.35605e-13 9.8312e-14 2.88155e-14 8.55348e-15 2.94155e-15 2.45005e-15 6.46113e-15 2.26328e-14 8.14731e-14 2.93772e-13 1.05877e-12 3.81331e-12 1.37245e-11 4.93597e-11 1.77385e-10 6.3697e-10 2.28541e-09 8.19292e-09 2.93445e-08 1.05006e-07 3.75388e-07 1.34063e-06 4.78279e-06 1.70441e-05 6.0668e-05 0.000215671 0.00076554 0.0027113 0.00955868 0.0332738 0.111223 0.326147 0.670727 0.886328 0.96544 0.989872 0.997057 0.999145 0.999751 0.999927 0.999979 0.999994 0.999998 0.999999 1 1 1 1 1 1 1 1 1 1 1 1 1 1 1 1 1 1 1 1 1 1 1 1 1 1 1 1 1 1 1 1 1 1 1 1 1 1 1 1 1 1 1 1 1 1 1 1 1 1 1 1 1 1 1 1 1 1 1 1 1 1 1 
1 1 1 1 1 1 1 0.999999 0.999999 0.999997 0.999994 0.999988 0.999973 0.999938 0.999858 0.999673 0.999234 0.998187 0.995663 0.989533 0.97462 0.938793 0.856737 0.691862 0.44647 0.224397 0.0959558 0.0378494 0.0143588 0.00533437 0.001955 0.00070896 0.000254735 9.07501e-05 3.20693e-05 1.12453e-05 3.91399e-06 1.35259e-06 4.64226e-07 1.58279e-07 5.3624e-08 1.80568e-08 6.04468e-09 2.0121e-09 6.6614e-10 2.19386e-10 7.18892e-11 2.3443e-11 7.60923e-12 2.45915e-12 7.92757e-13 2.59711e-13 1.03438e-13 1.0667e-13 2.98346e-13 1.04198e-12 3.72074e-12 1.33031e-11 4.75338e-11 1.69705e-10 6.05351e-10 2.15738e-09 7.68138e-09 2.7323e-08 9.70901e-08 3.44638e-07 1.222e-06 4.32795e-06 1.53098e-05 5.40884e-05 0.000190828 0.000672182 0.00236245 0.00826762 0.0286094 0.0955937 0.285479 0.622935 0.863907 0.957741 0.987455 0.996316 0.998918 0.999682 0.999906 0.999972 0.999992 0.999997 0.999999 1 1 1 1 1 1 1 1 1 1 1 1 1 1 1 1 1 1 1 1 0.999999 0.999998 0.999994 0.999981 0.999939 0.999804 0.999369 0.997962 0.993406 0.978738 0.932771 0.801655 0.522477 0.225629 0.0768077 0.0239825 0.00727816 0.00218717 0.000654613 0.000195483 5.8279e-05 1.73498e-05 5.15833e-06 1.53175e-06 4.54317e-07 1.34602e-07 3.98367e-08 1.17783e-08 3.4791e-09 1.02673e-09 3.02742e-10 8.91928e-11 2.62571e-11 7.72391e-12 2.27049e-12 6.66969e-13 1.95803e-13 5.74579e-14 1.68929e-14 5.11603e-15 2.09925e-15 2.79324e-15 8.71375e-15 3.11531e-14 1.1267e-13 4.07662e-13 1.47426e-12 5.32833e-12 1.9246e-11 6.94719e-11 2.50605e-10 9.03382e-10 3.25418e-09 1.17136e-08 4.21311e-08 1.51414e-07 5.43707e-07 1.95067e-06 6.99209e-06 2.50388e-05 8.95729e-05 0.00032007 0.00114204 0.0040649 0.0143827 0.0499772 0.16357 0.442486 0.768335 0.925578 0.978008 0.993648 0.998174 0.999474 0.999848 0.999956 0.999987 0.999996 0.999999 1 1 1 1 1 1 1 1 1 1 1 1 1 1 1 1 1 1 1 1 1 1 1 1 1 1 1 1 1 1 1 1 1 1 1 1 1 1 1 1 1 1 1 1 1 1 1 1 1 1 1 1 1 1 1 1 1 1 1 1 1 1 1 1 
1 1 1 1 1 1 1 1 1 0.999999 0.999998 0.999996 0.999991 0.999979 0.999951 0.999886 0.999731 0.999357 0.998445 0.996199 0.990625 0.976763 0.942682 0.862701 0.697985 0.448125 0.221676 0.0928212 0.0358287 0.0133098 0.00484562 0.00174142 0.000619593 0.00021853 7.64551e-05 2.65449e-05 9.14921e-06 3.13146e-06 1.06462e-06 3.59616e-07 1.20725e-07 4.02878e-08 1.33681e-08 4.41143e-09 1.4481e-09 4.72951e-10 1.53714e-10 4.97249e-11 1.6013e-11 5.13462e-12 1.64056e-12 5.25691e-13 1.80778e-13 1.08016e-13 2.16045e-13 7.1766e-13 2.54227e-12 9.05187e-12 3.22173e-11 1.14565e-10 4.06995e-10 1.4444e-09 5.12065e-09 1.81337e-08 6.41431e-08 2.26618e-07 7.99646e-07 2.81796e-06 9.91698e-06 3.48497e-05 0.000122279 0.000428313 0.00149705 0.00521438 0.0180197 0.0608689 0.191295 0.484074 0.788017 0.930656 0.97894 0.993729 0.998137 0.999445 0.999834 0.99995 0.999985 0.999995 0.999999 1 1 1 1 1 1 1 1 1 1 1 1 1 1 1 1 1 1 1 1 0.999999 0.999996 0.999988 0.999961 0.999878 0.999612 0.998766 0.996054 0.987376 0.959979 0.877957 0.671587 0.352192 0.131771 0.0426843 0.0131631 0.00399229 0.00120315 0.000361448 0.000108355 3.24262e-05 9.68851e-06 2.89055e-06 8.61198e-07 2.56245e-07 7.61492e-08 2.26028e-08 6.70143e-09 1.98476e-09 5.87226e-10 1.73572e-10 5.12568e-11 1.5123e-11 4.45821e-12 1.31321e-12 3.86522e-13 1.13688e-13 3.34311e-14 9.88033e-15 3.1223e-15 1.72404e-15 3.44416e-15 1.16912e-14 4.22343e-14 1.53303e-13 5.5643e-13 2.01867e-12 7.31969e-12 2.65269e-11 9.60811e-11 3.47807e-10 1.25828e-09 4.54935e-09 1.64377e-08 5.93531e-08 2.14163e-07 7.72204e-07 2.78223e-06 1.00164e-05 3.60304e-05 0.000129489 0.000464882 0.00166649 0.00595639 0.0211189 0.0729622 0.231111 0.561471 0.838624 0.950578 0.985681 0.995911 0.998835 0.999668 0.999905 0.999973 0.999992 0.999998 0.999999 1 1 1 1 1 1 1 1 1 1 1 1 1 1 1 1 1 1 1 1 1 1 1 1 1 1 1 1 1 1 1 1 1 1 1 1 1 1 1 1 1 1 1 1 1 1 1 1 1 1 1 1 1 1 1 1 1 1 1 1 1 1 1 1 
1 1 1 1 1 1 1 1 1 1 0.999999 0.999999 0.999997 0.999993 0.999983 0.99996 0.999905 0.99977 0.999438 0.998612 0.996532 0.991258 0.97785 0.944163 0.863449 0.694579 0.438341 0.211373 0.0862661 0.03253 0.0118283 0.00422027 0.00148766 0.000519502 0.000179931 6.18489e-05 2.11078e-05 7.15454e-06 2.40923e-06 8.06211e-07 2.68168e-07 8.86868e-08 2.91679e-08 9.54209e-09 3.10573e-09 1.0059e-09 3.24264e-10 1.04058e-10 3.32474e-11 1.05786e-11 3.35302e-12 1.06115e-12 3.43443e-13 1.42287e-13 1.67831e-13 4.9104e-13 1.71123e-12 6.06182e-12 2.14844e-11 7.60753e-11 2.69088e-10 9.50713e-10 3.35498e-09 1.18248e-08 4.16234e-08 1.46317e-07 5.13621e-07 1.80032e-06 6.30062e-06 2.20146e-05 7.6787e-05 0.00026733 0.000928653 0.00321609 0.0110732 0.037558 0.121718 0.342756 0.676394 0.885033 0.963875 0.989045 0.996701 0.999004 0.999698 0.999908 0.999972 0.999991 0.999997 0.999999 1 1 1 1 1 1 1 1 1 1 1 1 1 1 1 1 1 1 0.999999 0.999997 0.999991 0.999974 0.99992 0.999751 0.999221 0.997545 0.992242 0.975544 0.924492 0.783675 0.499362 0.214052 0.0733841 0.0231723 0.00711559 0.0021629 0.000654443 0.000197469 5.9455e-05 1.7867e-05 5.35989e-06 1.60526e-06 4.80018e-07 1.43327e-07 4.2736e-08 1.27257e-08 3.78458e-09 1.12417e-09 3.33542e-10 9.88542e-11 2.92676e-11 8.65664e-12 2.558e-12 7.55198e-13 2.22766e-13 6.56627e-14 1.93598e-14 5.77766e-15 1.9925e-15 1.65596e-15 4.38929e-15 1.55137e-14 5.63783e-14 2.05274e-13 7.47228e-13 2.71886e-12 9.88839e-12 3.59468e-11 1.30612e-10 4.74342e-10 1.72176e-09 6.2463e-09 2.26481e-08 8.20714e-08 2.97232e-07 1.0758e-06 3.89124e-06 1.40655e-05 5.08059e-05 0.000183371 0.000661174 0.00238016 0.0085367 0.0302812 0.103526 0.312938 0.666158 0.887273 0.966573 0.990453 0.997298 0.999236 0.999784 0.999939 0.999983 0.999995 0.999999 1 1 1 1 1 1 1 1 1 1 1 1 1 1 1 1 1 1 1 1 1 1 1 1 1 1 1 1 1 1 1 1 1 1 1 1 1 1 1 1 1 1 1 1 1 1 1 1 1 1 1 1 1 1 1 1 1 1 1 1 1 1 1 1 1 
1 1 1 1 1 1 1 1 1 1 1 1 0.999999 0.999997 0.999994 0.999986 0.999966 0.999917 0.999795 0.999489 0.998708 0.9967 0.991497 0.977982 0.943327 0.85888 0.681155 0.417004 0.194149 0.0769139 0.0282982 0.0100698 0.00352201 0.00121824 0.000417738 0.000142154 4.80336e-05 1.61224e-05 5.37712e-06 1.78248e-06 5.87447e-07 1.92525e-07 6.27596e-08 2.03537e-08 6.56851e-09 2.10978e-09 6.74582e-10 2.14753e-10 6.80804e-11 2.1496e-11 6.76142e-12 2.12052e-12 6.6862e-13 2.31264e-13 1.5406e-13 3.39248e-13 1.13625e-12 3.99507e-12 1.40937e-11 4.96801e-11 1.74914e-10 6.15054e-10 2.15986e-09 7.57417e-09 2.65225e-08 9.27333e-08 3.23718e-07 1.12817e-06 3.92485e-06 1.36292e-05 4.72356e-05 0.000163365 0.000563675 0.00193921 0.00664051 0.0225088 0.0741543 0.22395 0.528852 0.809616 0.936894 0.980372 0.993988 0.998158 0.999432 0.999824 0.999945 0.999982 0.999994 0.999998 0.999999 1 1 1 1 1 1 1 1 1 1 1 1 1 1 1 1 0.999999 0.999998 0.999994 0.999981 0.999944 0.999831 0.999482 0.998401 0.995029 0.984513 0.95222 0.858919 0.637323 0.324024 0.120797 0.0394979 0.0123363 0.00379069 0.00115691 0.000351769 0.000106669 3.22712e-05 9.74276e-06 2.93561e-06 8.82904e-07 2.65077e-07 7.94532e-08 2.37778e-08 7.10532e-09 2.12023e-09 6.31826e-10 1.88042e-10 5.58966e-11 1.65962e-11 4.92213e-12 1.45827e-12 4.31604e-13 1.27621e-13 3.77087e-14 1.11584e-14 3.39514e-15 1.38246e-15 1.80382e-15 5.63615e-15 2.0312e-14 7.4108e-14 2.70564e-13 9.87532e-13 3.60306e-12 1.31408e-11 4.79067e-11 1.74578e-10 6.35908e-10 2.31529e-09 8.4259e-09 3.06493e-08 1.11432e-07 4.04931e-07 1.4707e-06 5.33867e-06 1.93686e-05 7.02273e-05 0.000254461 0.000921164 0.00332888 0.0119742 0.0424334 0.142877 0.406221 0.749233 0.920314 0.976906 0.993477 0.998168 0.999486 0.999856 0.999959 0.999989 0.999997 0.999999 1 1 1 1 1 1 1 1 1 1 1 1 1 1 1 1 1 1 1 1 1 1 1 1 1 1 1 1 1 1 1 1 1 1 1 1 1 1 1 1 1 1 1 1 1 1 1 1 1 1 1 1 1 1 1 1 1 1 1 1 1 1 1 1 1 
1 1 1 1 1 1 1 1 1 1 1 1 1 0.999999 0.999998 0.999995 0.999988 0.99997 0.999925 0.99981 0.999514 0.998744 0.99672 0.991359 0.977142 0.939997 0.848368 0.656688 0.384455 0.171331 0.065683 0.023563 0.00820725 0.0028152 0.000956028 0.000322091 0.000107753 3.58131e-05 1.18296e-05 3.88452e-06 1.26841e-06 4.11948e-07 1.33102e-07 4.27935e-08 1.36935e-08 4.36191e-09 1.38339e-09 4.36912e-10 1.37435e-10 4.30648e-11 1.34445e-11 4.18339e-12 1.30119e-12 4.17358e-13 1.82635e-13 2.46828e-13 7.47432e-13 2.59175e-12 9.09331e-12 3.18991e-11 1.1176e-10 3.91e-10 1.36592e-09 4.76427e-09 1.65906e-08 5.76749e-08 2.00141e-07 6.93217e-07 2.39631e-06 8.26633e-06 2.84527e-05 9.77037e-05 0.000334643 0.00114275 0.0038864 0.01312 0.0434989 0.136846 0.368793 0.692113 0.888629 0.96401 0.988732 0.996486 0.998898 0.999651 0.999888 0.999964 0.999988 0.999996 0.999999 0.999999 1 1 1 1 1 1 1 1 1 1 1 1 1 1 0.999999 0.999998 0.999995 0.999986 0.999958 0.999878 0.999635 0.9989 0.996652 0.989749 0.968681 0.906643 0.74515 0.450852 0.188431 0.0647818 0.020711 0.00645295 0.00199017 0.000610641 0.000186716 5.69312e-05 1.73151e-05 5.25393e-06 1.59072e-06 4.80624e-07 1.44934e-07 4.36248e-08 1.3108e-08 3.93203e-09 1.17764e-09 3.52173e-10 1.05167e-10 3.13629e-11 9.34091e-12 2.7786e-12 8.25569e-13 2.45015e-13 7.26412e-14 2.15235e-14 6.40466e-15 2.0269e-15 1.08871e-15 2.11722e-15 7.20367e-15 2.62188e-14 9.59434e-14 3.51145e-13 1.28481e-12 4.69951e-12 1.71839e-11 6.28116e-11 2.29511e-10 8.38311e-10 3.06084e-09 1.11713e-08 4.07557e-08 1.48624e-07 5.41748e-07 1.97383e-06 7.18823e-06 2.61653e-05 9.51934e-05 0.000346122 0.00125737 0.00455871 0.0164311 0.058052 0.191362 0.503958 0.812242 0.942812 0.983697 0.995435 0.998727 0.999645 0.999901 0.999972 0.999992 0.999998 0.999999 1 1 1 1 1 1 1 1 1 1 1 1 1 1 1 1 1 1 1 1 1 1 1 1 1 1 1 1 1 1 1 1 1 1 1 1 1 1 1 1 1 1 1 1 1 1 1 1 1 1 1 1 1 1 1 1 1 1 1 1 1 1 1 1 1 
1 1 1 1 1 1 1 1 1 1 1 1 1 1 0.999999 0.999998 0.999996 0.999989 0.999972 0.999929 0.999815 0.999517 0.998723 0.996588 0.990813 0.975186 0.93368 0.830653 0.619701 0.341819 0.144833 0.0536448 0.0187658 0.00640134 0.00215482 0.000718923 0.000238134 7.83723e-05 2.56386e-05 8.33974e-06 2.69809e-06 8.68377e-07 2.78105e-07 8.86436e-08 2.81263e-08 8.8856e-09 2.79542e-09 8.75924e-10 2.73411e-10 8.50278e-11 2.63492e-11 8.13822e-12 2.50791e-12 7.79493e-13 2.73433e-13 2.06182e-13 4.9316e-13 1.65663e-12 5.77004e-12 2.01349e-11 7.01757e-11 2.442e-10 8.48369e-10 2.94218e-09 1.01851e-08 3.51908e-08 1.21345e-07 4.17538e-07 1.43351e-06 4.91004e-06 1.67759e-05 5.71653e-05 0.000194238 0.00065788 0.00221949 0.00744378 0.0246665 0.079197 0.231963 0.530689 0.80452 0.93281 0.978303 0.993087 0.99779 0.999286 0.999766 0.999922 0.999974 0.999991 0.999997 0.999999 1 1 1 1 1 1 1 1 1 1 1 1 1 0.999999 0.999998 0.999995 0.999988 0.999966 0.999904 0.999724 0.999193 0.997609 0.992845 0.97851 0.936228 0.820903 0.573606 0.275536 0.101491 0.0334969 0.0106249 0.00331906 0.00102941 0.00031785 9.78004e-05 3.0001e-05 9.17737e-06 2.80007e-06 8.52231e-07 2.58788e-07 7.84124e-08 2.371e-08 7.15535e-09 2.1554e-09 6.48128e-10 1.94568e-10 5.83166e-11 1.74525e-11 5.21555e-12 1.5565e-12 4.63904e-13 1.38093e-13 4.1061e-14 1.22068e-14 3.66722e-15 1.25557e-15 9.91621e-16 2.56953e-15 9.11552e-15 3.33601e-14 1.22373e-13 4.48876e-13 1.64611e-12 6.03499e-12 2.21194e-11 8.1048e-11 2.96881e-10 1.08714e-09 3.97968e-09 1.45634e-08 5.32753e-08 1.94818e-07 7.12143e-07 2.60215e-06 9.50425e-06 3.46988e-05 0.000126621 0.000461783 0.00168244 0.00611484 0.0220542 0.0774535 0.248011 0.595553 0.858876 0.958266 0.988242 0.99673 0.999093 0.999748 0.99993 0.999981 0.999995 0.999998 1 1 1 1 1 1 1 1 1 1 1 1 1 1 1 1 1 1 1 1 1 1 1 1 1 1 1 1 1 1 1 1 1 1 1 1 1 1 1 1 1 1 1 1 1 1 1 1 1 1 1 1 1 1 1 1 1 1 1 1 1 1 1 1 1 1 
1 1 1 1 1 1 1 1 1 1 1 1 1 1 1 0.999999 0.999998 0.999996 0.999989 0.999973 0.999929 0.999812 0.999497 0.998639 0.996282 0.989768 0.971809 0.923461 0.803686 0.568615 0.291393 0.116947 0.0418523 0.0142881 0.00477746 0.0015795 0.000518126 0.000168862 5.47112e-05 1.76293e-05 5.65107e-06 1.80247e-06 5.72197e-07 1.80822e-07 5.68945e-08 1.78272e-08 5.56371e-09 1.72976e-09 5.35814e-10 1.65392e-10 5.08797e-11 1.56019e-11 4.77094e-12 1.46034e-12 4.66019e-13 2.18976e-13 3.37447e-13 1.04666e-12 3.60118e-12 1.24918e-11 4.32957e-11 1.49806e-10 5.17384e-10 1.78343e-09 6.13505e-09 2.10596e-08 7.21282e-08 2.4645e-07 8.39971e-07 2.85527e-06 9.6785e-06 3.2709e-05 0.000110187 0.000369882 0.00123663 0.00411268 0.0135579 0.0438285 0.134354 0.354837 0.669042 0.873796 0.957253 0.985991 0.995418 0.998486 0.999492 0.999826 0.999939 0.999978 0.999992 0.999997 0.999999 0.999999 1 1 1 1 1 1 1 1 1 1 0.999999 0.999998 0.999995 0.999988 0.999969 0.999918 0.999773 0.999362 0.998171 0.994683 0.984409 0.954416 0.871117 0.674715 0.374624 0.150711 0.0518863 0.0168397 0.00534383 0.00167882 0.000524339 0.000163054 5.05179e-05 1.55992e-05 4.80187e-06 1.47386e-06 4.51147e-07 1.37741e-07 4.19522e-08 1.27483e-08 3.86552e-09 1.16969e-09 3.53256e-10 1.06489e-10 3.20448e-11 9.62687e-12 2.88749e-12 8.64767e-13 2.58613e-13 7.72339e-14 2.30392e-14 6.87833e-15 2.10353e-15 8.35284e-16 1.02124e-15 3.14755e-15 1.13953e-14 4.18474e-14 1.53827e-13 5.6539e-13 2.07765e-12 7.63314e-12 2.80371e-11 1.02958e-10 3.77993e-10 1.38738e-09 5.09085e-09 1.86752e-08 6.8488e-08 2.51091e-07 9.20251e-07 3.37158e-06 1.23482e-05 4.52065e-05 0.000165424 0.00060496 0.00220976 0.00804659 0.0290068 0.10096 0.311442 0.673381 0.892723 0.968952 0.991333 0.997603 0.999339 0.999817 0.99995 0.999986 0.999996 0.999999 1 1 1 1 1 1 1 1 1 1 1 1 1 1 1 1 1 1 1 1 1 1 1 1 1 1 1 1 1 1 1 1 1 1 1 1 1 1 1 1 1 1 1 1 1 1 1 1 1 1 1 1 1 1 1 1 1 1 1 1 1 1 1 1 1 1 
1 1 1 1 1 1 1 1 1 1 1 1 1 1 1 1 0.999999 0.999998 0.999996 0.99999 0.999972 0.999926 0.999799 0.99945 0.998477 0.995748 0.988052 0.966463 0.907809 0.764504 0.502687 0.236812 0.0900062 0.031172 0.0104002 0.00341235 0.00110906 0.000357995 0.000114886 3.66733e-05 1.16482e-05 3.6822e-06 1.15875e-06 3.6307e-07 1.13291e-07 3.52113e-08 1.09024e-08 3.36343e-09 1.03402e-09 3.16828e-10 9.67663e-11 2.94638e-11 8.94574e-12 2.712e-12 8.32644e-13 2.99143e-13 2.57973e-13 6.59843e-13 2.2122e-12 7.61672e-12 2.62413e-11 9.02499e-11 3.0976e-10 1.06089e-09 3.62517e-09 1.23581e-08 4.20227e-08 1.42515e-07 4.81967e-07 1.6251e-06 5.46215e-06 1.82971e-05 6.107e-05 0.000203036 0.000672087 0.00221322 0.00723563 0.0233464 0.0730239 0.209937 0.485163 0.767251 0.914611 0.970849 0.990192 0.996677 0.998856 0.999598 0.999855 0.999946 0.999979 0.999991 0.999996 0.999998 0.999999 0.999999 1 1 1 1 1 1 0.999999 0.999999 0.999997 0.999994 0.999987 0.999969 0.999921 0.999795 0.999449 0.998484 0.99575 0.987918 0.965503 0.903319 0.74934 0.472747 0.210677 0.0765 0.0255562 0.0082674 0.0026374 0.000834898 0.000262859 8.23849e-05 2.57169e-05 7.99791e-06 2.47875e-06 7.65746e-07 2.3584e-07 7.24284e-08 2.21836e-08 6.77721e-09 2.06551e-09 6.28081e-10 1.90576e-10 5.77078e-11 1.74404e-11 5.26112e-12 1.5843e-12 4.76287e-13 1.42958e-13 4.28453e-14 1.28271e-14 3.85232e-15 1.21979e-15 6.21824e-16 1.13686e-15 3.84514e-15 1.40633e-14 5.17703e-14 1.9065e-13 7.01999e-13 2.58442e-12 9.5129e-12 3.50093e-11 1.28817e-10 4.73892e-10 1.74301e-09 6.40958e-09 2.35649e-08 8.66175e-08 3.18304e-07 1.16942e-06 4.29518e-06 1.57713e-05 5.78909e-05 0.000212412 0.00077889 0.00285229 0.0104048 0.0374682 0.128947 0.380357 0.736261 0.917207 0.976428 0.993469 0.998203 0.999506 0.999864 0.999963 0.99999 0.999997 0.999999 1 1 1 1 1 1 1 1 1 1 1 1 1 1 1 1 1 1 1 1 1 1 1 1 1 1 1 1 1 1 1 1 1 1 1 1 1 1 1 1 1 1 1 1 1 1 1 1 1 1 1 1 1 1 1 1 1 1 1 1 1 1 1 1 1 1 
1 1 1 1 1 1 1 1 1 1 1 1 1 1 1 1 1 0.999999 0.999998 0.999996 0.999989 0.99997 0.999919 0.999774 0.999368 0.998211 0.994895 0.985364 0.958227 0.884307 0.709358 0.423652 0.182653 0.0659506 0.0221639 0.00723922 0.00233354 0.000746302 0.000237256 7.50344e-05 2.36167e-05 7.39963e-06 2.30851e-06 7.17249e-07 2.21974e-07 6.84392e-08 2.10255e-08 6.43713e-09 1.96429e-09 5.97505e-10 1.812e-10 5.47911e-11 1.65219e-11 4.97089e-12 1.49954e-12 4.78336e-13 2.45248e-13 4.2611e-13 1.3408e-12 4.56466e-12 1.56225e-11 5.33865e-11 1.82033e-10 6.19199e-10 2.10097e-09 7.10977e-09 2.39924e-08 8.07244e-08 2.70751e-07 9.05073e-07 3.01476e-06 1.0004e-05 3.30618e-05 0.000108786 0.000356234 0.0011602 0.00375322 0.0120205 0.0377583 0.113141 0.299471 0.597662 0.830596 0.938206 0.978396 0.99246 0.997329 0.999032 0.999638 0.99986 0.999943 0.999976 0.999989 0.999994 0.999997 0.999998 0.999999 0.999999 0.999999 0.999999 0.999999 0.999998 0.999997 0.999996 0.999992 0.999983 0.999963 0.999914 0.999791 0.999472 0.998621 0.996304 0.989892 0.972052 0.923306 0.800462 0.557151 0.275937 0.106701 0.036926 0.012227 0.00397241 0.0012776 0.000408084 0.000129627 4.09749e-05 1.28946e-05 4.04117e-06 1.26165e-06 3.92472e-07 1.21679e-07 3.76051e-08 1.15873e-08 3.56041e-09 1.0911e-09 3.33532e-10 1.01714e-10 3.09486e-11 9.3967e-12 2.84726e-12 8.6107e-13 2.59927e-13 7.83259e-14 2.35647e-14 7.08397e-15 2.14744e-15 7.27935e-16 5.30948e-16 1.31482e-15 4.65933e-15 1.71337e-14 6.31911e-14 2.33082e-13 8.59623e-13 3.16991e-12 1.16876e-11 4.30862e-11 1.58814e-10 5.85295e-10 2.15673e-09 7.94602e-09 2.92709e-08 1.07808e-07 3.97006e-07 1.46173e-06 5.38094e-06 1.98045e-05 7.28739e-05 0.000268069 0.000985549 0.00361811 0.0132214 0.0475408 0.161437 0.452279 0.78645 0.935162 0.981764 0.994978 0.998624 0.999623 0.999897 0.999972 0.999992 0.999998 0.999999 1 1 1 1 1 1 1 1 1 1 1 1 1 1 1 1 1 1 1 1 1 1 1 1 1 1 1 1 1 1 1 1 1 1 1 1 1 1 1 1 1 1 1 1 1 1 1 1 1 1 1 1 1 1 1 1 1 1 1 1 1 1 1 1 1 1 
1 1 1 1 1 1 1 1 1 1 1 1 1 1 1 1 1 1 0.999999 0.999998 0.999996 0.999988 0.999967 0.999906 0.999733 0.999236 0.997789 0.99356 0.981189 0.945573 0.849275 0.634414 0.337014 0.133359 0.0459986 0.0150499 0.00482122 0.00152873 0.000481572 0.000150914 4.70744e-05 1.46207e-05 4.52249e-06 1.39347e-06 4.27768e-07 1.30851e-07 3.98908e-08 1.21215e-08 3.67187e-09 1.10897e-09 3.33971e-10 1.003e-10 3.00436e-11 8.97769e-12 2.68093e-12 8.15042e-13 3.03213e-13 3.00115e-13 8.07643e-13 2.69018e-12 9.13514e-12 3.1005e-11 1.04985e-10 3.54556e-10 1.19407e-09 4.00957e-09 1.34218e-08 4.4781e-08 1.48886e-07 4.93167e-07 1.62707e-06 5.3453e-06 1.74806e-05 5.68857e-05 0.000184132 0.000592498 0.00189352 0.00599839 0.0187423 0.0569594 0.161854 0.389407 0.68011 0.868995 0.9514 0.982374 0.993551 0.997586 0.999067 0.999625 0.999842 0.999929 0.999966 0.999982 0.99999 0.999994 0.999995 0.999996 0.999997 0.999996 0.999996 0.999994 0.999992 0.999986 0.999974 0.999949 0.999892 0.999759 0.999432 0.998605 0.996459 0.990767 0.975493 0.934853 0.832928 0.620816 0.338289 0.14003 0.0504949 0.0171894 0.00570665 0.00186986 0.000607407 0.000195968 6.28517e-05 2.00504e-05 6.36488e-06 2.01128e-06 6.32855e-07 1.98339e-07 6.19289e-08 1.9269e-08 5.97581e-09 1.84751e-09 5.69519e-10 1.75077e-10 5.36803e-11 1.64182e-11 5.00972e-12 1.52522e-12 4.63374e-13 1.40493e-13 4.25155e-14 1.28442e-14 3.88036e-15 1.19556e-15 4.60866e-16 5.13644e-16 1.54118e-15 5.58789e-15 2.06135e-14 7.61418e-14 2.8125e-13 1.03876e-12 3.83604e-12 1.41644e-11 5.22955e-11 1.93053e-10 7.12588e-10 2.62996e-09 9.70531e-09 3.58113e-08 1.32124e-07 4.87411e-07 1.79789e-06 6.63104e-06 2.44542e-05 9.01711e-05 0.000332423 0.00122489 0.00450638 0.0164882 0.0591448 0.197648 0.522629 0.826264 0.948518 0.985647 0.996065 0.998926 0.999707 0.99992 0.999978 0.999994 0.999998 1 1 1 1 1 1 1 1 1 1 1 1 1 1 1 1 1 1 1 1 1 1 1 1 1 1 1 1 1 1 1 1 1 1 1 1 1 1 1 1 1 1 1 1 1 1 1 1 1 1 1 1 1 1 1 1 1 1 1 1 1 1 1 1 1 1 1 
1 1 1 1 1 1 1 1 1 1 1 1 1 1 1 1 1 1 1 0.999999 0.999998 0.999995 0.999986 0.99996 0.999886 0.999668 0.999027 0.997127 0.991465 0.974648 0.92597 0.797381 0.537847 0.251262 0.0921062 0.0305565 0.00976674 0.00307443 0.000960131 0.00029821 9.22026e-05 2.83906e-05 8.70823e-06 2.66129e-06 8.10471e-07 2.45999e-07 7.44289e-08 2.24503e-08 6.75198e-09 2.02498e-09 6.05675e-10 1.80691e-10 5.37718e-11 1.59646e-11 4.73177e-12 1.40905e-12 4.51736e-13 2.56135e-13 4.93585e-13 1.56207e-12 5.24702e-12 1.76772e-11 5.94192e-11 1.99155e-10 6.6546e-10 2.21636e-09 7.35631e-09 2.43272e-08 8.01372e-08 2.62891e-07 8.58605e-07 2.79094e-06 9.02597e-06 2.90301e-05 9.28145e-05 0.000294812 0.000929607 0.00290605 0.00898143 0.0272498 0.079621 0.212899 0.465151 0.733298 0.890319 0.957894 0.983967 0.993783 0.997512 0.998962 0.999545 0.999788 0.999894 0.999943 0.999966 0.999978 0.999984 0.999986 0.999987 0.999987 0.999985 0.99998 0.999971 0.999953 0.999917 0.999842 0.999678 0.999303 0.99841 0.996218 0.990687 0.976488 0.940075 0.850752 0.662368 0.389301 0.172219 0.0649665 0.022834 0.00777509 0.00260381 0.000862604 0.000283377 9.24256e-05 2.99514e-05 9.64896e-06 3.09156e-06 9.85554e-07 3.12709e-07 9.87853e-08 3.10785e-08 9.73992e-09 3.04143e-09 9.46503e-10 2.9361e-10 9.08033e-11 2.80019e-11 8.61182e-12 2.6417e-12 8.08374e-13 2.46793e-13 7.51788e-14 2.28537e-14 6.93558e-15 2.10883e-15 6.6982e-16 3.22171e-16 5.4144e-16 1.80737e-15 6.62779e-15 2.45006e-14 9.06199e-14 3.35156e-13 1.23944e-12 4.58306e-12 1.69449e-11 6.26432e-11 2.3156e-10 8.55869e-10 3.16306e-09 1.16886e-08 4.31895e-08 1.59571e-07 5.89511e-07 2.17769e-06 8.04394e-06 2.97106e-05 0.000109728 0.000405183 0.00149543 0.00550943 0.0201649 0.0720498 0.236186 0.586393 0.857352 0.958492 0.988504 0.996859 0.999145 0.999767 0.999937 0.999983 0.999995 0.999999 1 1 1 1 1 1 1 1 1 1 1 1 1 1 1 1 1 1 1 1 1 1 1 1 1 1 1 1 1 1 1 1 1 1 1 1 1 1 1 1 1 1 1 1 1 1 1 1 1 1 1 1 1 1 1 1 1 1 1 1 1 1 1 1 1 1 1 
1 1 1 1 1 1 1 1 1 1 1 1 1 1 1 1 1 1 1 1 0.999999 0.999998 0.999994 0.999983 0.99995 0.999853 0.999565 0.998697 0.996073 0.98812 0.964218 0.895286 0.721896 0.424348 0.175089 0.060246 0.0193578 0.00606412 0.00187903 0.000578634 0.00017737 5.41546e-05 1.64742e-05 4.9943e-06 1.50911e-06 4.5458e-07 1.36521e-07 4.08831e-08 1.22095e-08 3.63672e-09 1.0805e-09 3.20251e-10 9.46988e-11 2.79406e-11 8.22771e-12 2.42347e-12 7.31555e-13 2.8499e-13 3.22425e-13 8.98745e-13 2.96173e-12 9.89417e-12 3.30008e-11 1.09732e-10 3.63646e-10 1.20079e-09 3.95008e-09 1.29417e-08 4.2219e-08 1.37098e-07 4.43018e-07 1.42405e-06 4.55161e-06 1.44594e-05 4.56302e-05 0.000142959 0.000444324 0.00136854 0.00416966 0.0125195 0.0367017 0.102554 0.257371 0.517104 0.761691 0.89914 0.959333 0.983552 0.993165 0.997042 0.998653 0.999349 0.999662 0.99981 0.999883 0.999921 0.999941 0.99995 0.999954 0.999952 0.999944 0.999928 0.999898 0.999841 0.999729 0.999501 0.999015 0.997936 0.995446 0.989516 0.975067 0.939699 0.856111 0.682527 0.422406 0.197972 0.0782069 0.0284847 0.00998681 0.0034305 0.00116274 0.000390064 0.000129715 4.28021e-05 1.40238e-05 4.56506e-06 1.47714e-06 4.75311e-07 1.52155e-07 4.84729e-08 1.53728e-08 4.85477e-09 1.52708e-09 4.78558e-10 1.49444e-10 4.65141e-11 1.4432e-11 4.46461e-12 1.37727e-12 4.23735e-13 1.30038e-13 3.98111e-14 1.21609e-14 3.70918e-15 1.13836e-15 3.83425e-16 2.56543e-16 5.97722e-16 2.10751e-15 7.77395e-15 2.87819e-14 1.06583e-13 3.94657e-13 1.46119e-12 5.40941e-12 2.00238e-11 7.41132e-11 2.74284e-10 1.01498e-09 3.75554e-09 1.38945e-08 5.14007e-08 1.90132e-07 7.03238e-07 2.60083e-06 9.61808e-06 3.55657e-05 0.000131502 0.000486122 0.00179596 0.00662089 0.0242161 0.086045 0.275816 0.640776 0.881245 0.965936 0.990618 0.997444 0.999306 0.999812 0.999949 0.999986 0.999996 0.999999 1 1 1 1 1 1 1 1 1 1 1 1 1 1 1 1 1 1 1 1 1 1 1 1 1 1 1 1 1 1 1 1 1 1 1 1 1 1 1 1 1 1 1 1 1 1 1 1 1 1 1 1 1 1 1 1 1 1 1 1 1 1 1 1 1 1 1 
1 1 1 1 1 1 1 1 1 1 1 1 1 1 1 1 1 1 1 1 1 0.999999 0.999997 0.999992 0.999978 0.999934 0.999801 0.999398 0.998162 0.994357 0.98265 0.947242 0.847019 0.616901 0.307897 0.114249 0.0374123 0.011715 0.00360697 0.00110188 0.00033496 0.000101428 3.0607e-05 9.20614e-06 2.76059e-06 8.25389e-07 2.46095e-07 7.31789e-08 2.17049e-08 6.4219e-09 1.89561e-09 5.58279e-10 1.64064e-10 4.81138e-11 1.40827e-11 4.11721e-12 1.21238e-12 3.92961e-13 2.48526e-13 5.2087e-13 1.64541e-12 5.4373e-12 1.79858e-11 5.93087e-11 1.94854e-10 6.3767e-10 2.07812e-09 6.74242e-09 2.17724e-08 6.99519e-08 2.23532e-07 7.10157e-07 2.24205e-06 7.03068e-06 2.18855e-05 6.75833e-05 0.000206873 0.000627074 0.00187966 0.00555859 0.0161394 0.0454964 0.121164 0.286509 0.54118 0.768342 0.897016 0.955793 0.980796 0.991359 0.995916 0.997951 0.998899 0.99936 0.999595 0.999719 0.999785 0.999818 0.999829 0.999823 0.999797 0.999744 0.999643 0.999457 0.9991 0.998393 0.996928 0.99377 0.986712 0.970519 0.933051 0.84895 0.681325 0.433289 0.21221 0.0876161 0.0331613 0.0120183 0.00425105 0.00147948 0.000508483 0.000172919 5.8255e-05 1.94599e-05 6.45033e-06 2.12289e-06 6.94086e-07 2.25553e-07 7.28823e-08 2.34261e-08 7.49262e-09 2.3854e-09 7.56145e-10 2.38715e-10 7.50741e-11 2.3525e-11 7.34657e-12 2.28685e-12 7.09678e-13 2.19596e-13 6.77631e-14 2.08559e-14 6.40378e-15 1.96453e-15 6.12132e-16 2.30408e-16 2.32414e-16 6.72611e-16 2.43678e-15 9.01818e-15 3.34311e-14 1.23937e-13 4.59427e-13 1.70289e-12 6.31118e-12 2.33878e-11 8.66607e-11 3.21076e-10 1.18945e-09 4.4059e-09 1.63183e-08 6.0432e-08 2.23774e-07 8.28525e-07 3.06727e-06 1.13541e-05 4.20242e-05 0.000155518 0.000575364 0.002127 0.00784251 0.0286442 0.101085 0.316003 0.685886 0.899586 0.971532 0.992198 0.997881 0.999426 0.999844 0.999958 0.999989 0.999997 0.999999 1 1 1 1 1 1 1 1 1 1 1 1 1 1 1 1 1 1 1 1 1 1 1 1 1 1 1 1 1 1 1 1 1 1 1 1 1 1 1 1 1 1 1 1 1 1 1 1 1 1 1 1 1 1 1 1 1 1 1 1 1 1 1 1 1 1 1 
1 1 1 1 1 1 1 1 1 1 1 1 1 1 1 1 1 1 1 1 1 1 0.999999 0.999997 0.99999 0.99997 0.999908 0.999716 0.999123 0.997272 0.991482 0.973462 0.919094 0.771883 0.483776 0.205179 0.0701258 0.0221223 0.0067852 0.00205808 0.000620694 0.000186453 5.58234e-05 1.66627e-05 4.95943e-06 1.4721e-06 4.35831e-07 1.28712e-07 3.79218e-08 1.11472e-08 3.26962e-09 9.57006e-10 2.79548e-10 8.15e-11 2.37169e-11 6.8912e-12 2.00495e-12 6.02715e-13 2.48357e-13 3.17512e-13 9.03837e-13 2.9351e-12 9.62014e-12 3.14466e-11 1.02388e-10 3.31944e-10 1.07127e-09 3.44051e-09 1.09925e-08 3.49268e-08 1.10317e-07 3.46217e-07 1.0791e-06 3.33842e-06 1.02449e-05 3.11633e-05 9.38827e-05 0.00027983 0.000824173 0.00239432 0.0068409 0.0191142 0.0515878 0.130801 0.294047 0.535534 0.752972 0.88248 0.945592 0.974348 0.987389 0.993443 0.996356 0.997818 0.998582 0.998994 0.999217 0.999331 0.99937 0.999349 0.99926 0.999076 0.998738 0.998122 0.996973 0.994749 0.990275 0.980938 0.960904 0.917518 0.826441 0.656674 0.41927 0.211326 0.0908406 0.0358002 0.0134646 0.00492484 0.00176692 0.000624428 0.000217869 7.51642e-05 2.56695e-05 8.68587e-06 2.9143e-06 9.70228e-07 3.20695e-07 1.05298e-07 3.43606e-08 1.11481e-08 3.59753e-09 1.15511e-09 3.69144e-10 1.17447e-10 3.72117e-11 1.17438e-11 3.69258e-12 1.15698e-12 3.61311e-13 1.12479e-13 3.4911e-14 1.08052e-14 3.33616e-15 1.03074e-15 3.30019e-16 1.51102e-16 2.31809e-16 7.59938e-16 2.79034e-15 1.03481e-14 3.84048e-14 1.42529e-13 5.28907e-13 1.96253e-12 7.28131e-12 2.70121e-11 1.00199e-10 3.71637e-10 1.37825e-09 5.11076e-09 1.89492e-08 7.02497e-08 2.60401e-07 9.65125e-07 3.57656e-06 1.32521e-05 4.9095e-05 0.000181844 0.000673287 0.00249049 0.0091834 0.0334867 0.117279 0.356783 0.723444 0.913916 0.975824 0.993402 0.998213 0.999517 0.999869 0.999965 0.99999 0.999997 0.999999 1 1 1 1 1 1 1 1 1 1 1 1 1 1 1 1 1 1 1 1 1 1 1 1 1 1 1 1 1 1 1 1 1 1 1 1 1 1 1 1 1 1 1 1 1 1 1 1 1 1 1 1 1 1 1 1 1 1 1 1 1 1 1 1 1 1 1 
1 1 1 1 1 1 1 1 1 1 1 1 1 1 1 1 1 1 1 1 1 1 0.999999 0.999998 0.999995 0.999986 0.999956 0.999864 0.999573 0.998656 0.995745 0.986514 0.957618 0.871972 0.659931 0.340897 0.12638 0.0407129 0.0124933 0.00376803 0.00112807 0.000336275 9.99158e-05 2.96026e-05 8.74726e-06 2.57822e-06 7.58095e-07 2.22398e-07 6.51e-08 1.90159e-08 5.54336e-09 1.61282e-09 4.68368e-10 1.35772e-10 3.92904e-11 1.13522e-11 3.2781e-12 9.56263e-13 3.15208e-13 2.22805e-13 4.97498e-13 1.55837e-12 5.05095e-12 1.63589e-11 5.27664e-11 1.69411e-10 5.41217e-10 1.71989e-09 5.43473e-09 1.70698e-08 5.32671e-08 1.65067e-07 5.07681e-07 1.54876e-06 4.6831e-06 1.40248e-05 4.156e-05 0.000121733 0.000351999 0.00100318 0.00281166 0.00772325 0.0206637 0.0531903 0.12844 0.277262 0.498069 0.710987 0.850063 0.924142 0.960811 0.978805 0.987823 0.992494 0.995 0.996383 0.997145 0.997536 0.997674 0.997598 0.997289 0.996658 0.995512 0.993464 0.989731 0.982704 0.969039 0.941786 0.887159 0.781855 0.603852 0.379214 0.194241 0.0866251 0.0356128 0.013955 0.00530154 0.00196931 0.000718475 0.000258141 9.15044e-05 3.20454e-05 1.11e-05 3.8065e-06 1.29342e-06 4.35798e-07 1.45693e-07 4.83566e-08 1.59425e-08 5.22328e-09 1.70136e-09 5.51167e-10 1.77643e-10 5.69811e-11 1.8195e-11 5.78531e-12 1.83214e-12 5.78018e-13 1.81705e-13 5.69264e-14 1.77771e-14 5.53476e-15 1.71919e-15 5.3628e-16 1.80769e-16 1.12166e-16 2.44464e-16 8.55494e-16 3.16268e-15 1.17464e-14 4.36402e-14 1.62125e-13 6.02253e-13 2.23703e-12 8.30856e-12 3.0856e-11 1.14581e-10 4.25444e-10 1.57953e-09 5.8636e-09 2.17646e-08 8.07767e-08 2.99755e-07 1.11221e-06 4.12618e-06 1.53053e-05 5.6762e-05 0.000210461 0.000780008 0.0028876 0.0106508 0.0387782 0.134733 0.398183 0.7553 0.925422 0.979208 0.994344 0.998472 0.999588 0.999889 0.99997 0.999992 0.999998 0.999999 1 1 1 1 1 1 1 1 1 1 1 1 1 1 1 1 1 1 1 1 1 1 1 1 1 1 1 1 1 1 1 1 1 1 1 1 1 1 1 1 1 1 1 1 1 1 1 1 1 1 1 1 1 1 1 1 1 1 1 1 1 1 1 1 1 1 1 
1 1 1 1 1 1 1 1 1 1 1 1 1 1 1 1 1 1 1 1 1 1 1 0.999999 0.999998 0.999993 0.999979 0.999933 0.999788 0.999324 0.997833 0.993035 0.97766 0.929695 0.793848 0.509387 0.216141 0.0726954 0.0224798 0.00675731 0.0020099 0.000594809 0.000175442 5.16066e-05 1.51426e-05 4.43288e-06 1.29482e-06 3.77409e-07 1.09783e-07 3.18725e-08 9.23604e-09 2.67164e-09 7.71477e-10 2.22407e-10 6.40155e-11 1.83979e-11 5.28152e-12 1.52e-12 4.56401e-13 2.00371e-13 2.84508e-13 8.16952e-13 2.60445e-12 8.35132e-12 2.6676e-11 8.47863e-11 2.68037e-10 8.42508e-10 2.63203e-09 8.16879e-09 2.51748e-08 7.69987e-08 2.33588e-07 7.02382e-07 2.09182e-06 6.16492e-06 1.79621e-05 5.16797e-05 0.000146636 0.000409673 0.00112474 0.00302659 0.00795202 0.0202721 0.0495854 0.114007 0.237791 0.427393 0.633301 0.788091 0.881141 0.932078 0.959375 0.974158 0.982354 0.986988 0.98959 0.990939 0.991415 0.991152 0.990081 0.987914 0.984036 0.977253 0.965231 0.943433 0.903312 0.829949 0.703401 0.517068 0.315213 0.163201 0.0754573 0.0324425 0.0132998 0.00527233 0.00203694 0.000770484 0.000286188 0.000104609 3.76916e-05 1.34052e-05 4.71162e-06 1.63822e-06 5.63989e-07 1.924e-07 6.50847e-08 2.18455e-08 7.27945e-09 2.40938e-09 7.92458e-10 2.59114e-10 8.42579e-11 2.72572e-11 8.77481e-12 2.81191e-12 8.97193e-13 2.85098e-13 9.02449e-14 2.84616e-14 8.94521e-15 2.80242e-15 8.76337e-16 2.774e-16 1.031e-16 9.51024e-17 2.64443e-16 9.56029e-16 3.54732e-15 1.31904e-14 4.90535e-14 1.82415e-13 6.78303e-13 2.52207e-12 9.37691e-12 3.48602e-11 1.29589e-10 4.8169e-10 1.79032e-09 6.65357e-09 2.4725e-08 9.187e-08 3.41322e-07 1.26795e-06 4.70966e-06 1.7491e-05 6.49488e-05 0.000241116 0.000894717 0.00331591 0.0122379 0.044499 0.15335 0.439675 0.782707 0.934871 0.981942 0.995099 0.998677 0.999644 0.999904 0.999974 0.999993 0.999998 0.999999 1 1 1 1 1 1 1 1 1 1 1 1 1 1 1 1 1 1 1 1 1 1 1 1 1 1 1 1 1 1 1 1 1 1 1 1 1 1 1 1 1 1 1 1 1 1 1 1 1 1 1 1 1 1 1 1 1 1 1 1 1 1 1 1 1 1 1 
1 1 1 1 1 1 1 1 1 1 1 1 1 1 1 1 1 1 1 1 1 1 1 1 0.999999 0.999997 0.999989 0.999966 0.999892 0.999652 0.998873 0.996332 0.988056 0.961424 0.880023 0.670795 0.344304 0.125081 0.0394372 0.011859 0.00350898 0.0010315 0.000302126 8.82575e-05 2.57222e-05 7.48056e-06 2.17108e-06 6.2889e-07 1.8183e-07 5.24787e-08 1.51202e-08 4.34928e-09 1.24908e-09 3.58184e-10 1.02562e-10 2.93263e-11 8.37511e-12 2.39182e-12 6.92453e-13 2.33312e-13 1.83357e-13 4.27598e-13 1.32052e-12 4.18515e-12 1.32329e-11 4.16233e-11 1.30169e-10 4.04566e-10 1.24911e-09 3.82944e-09 1.16512e-08 3.51603e-08 1.05172e-07 3.11606e-07 9.13708e-07 2.64916e-06 7.58669e-06 2.14347e-05 5.96632e-05 0.000163349 0.000439058 0.00115587 0.00297155 0.00742984 0.0179596 0.0415771 0.0908047 0.1828 0.328607 0.510435 0.677065 0.795385 0.869206 0.912952 0.938628 0.953721 0.96241 0.966976 0.968599 0.967698 0.964058 0.956771 0.943997 0.922379 0.885885 0.824454 0.724516 0.576402 0.396993 0.235677 0.123954 0.0596334 0.0269163 0.0115949 0.00481879 0.00194532 0.000766271 0.000295462 0.000111791 4.15871e-05 1.52359e-05 5.50491e-06 1.96398e-06 6.92618e-07 2.41676e-07 8.35059e-08 2.85938e-08 9.7092e-09 3.27125e-09 1.0942e-09 3.63528e-10 1.20015e-10 3.93872e-11 1.28546e-11 4.17341e-12 1.34829e-12 4.33567e-13 1.3881e-13 4.42569e-14 1.40551e-14 4.44705e-15 1.40241e-15 4.4201e-16 1.43482e-16 6.3578e-17 8.97131e-17 2.88216e-16 1.05873e-15 3.93681e-15 1.46531e-14 5.45426e-14 2.03013e-13 7.55604e-13 2.81218e-12 1.04657e-11 3.8947e-11 1.44929e-10 5.39273e-10 2.00649e-09 7.46512e-09 2.7772e-08 1.03311e-07 3.84282e-07 1.42929e-06 5.31556e-06 1.97667e-05 7.34966e-05 0.000273221 0.00101524 0.00376738 0.0139152 0.0505393 0.172718 0.48002 0.806265 0.942695 0.984175 0.995711 0.998844 0.999689 0.999916 0.999977 0.999994 0.999998 1 1 1 1 1 1 1 1 1 1 1 1 1 1 1 1 1 1 1 1 1 1 1 1 1 1 1 1 1 1 1 1 1 1 1 1 1 1 1 1 1 1 1 1 1 1 1 1 1 1 1 1 1 1 1 1 1 1 1 1 1 1 1 1 1 1 1 1 
1 1 1 1 1 1 1 1 1 1 1 1 1 1 1 1 1 1 1 1 1 1 1 1 0.999999 0.999998 0.999995 0.999983 0.999944 0.999817 0.9994 0.998028 0.993495 0.978609 0.931017 0.793015 0.500042 0.205389 0.0672373 0.0203443 0.00599971 0.00175317 0.000510131 0.000148036 4.28649e-05 1.23873e-05 3.57307e-06 1.02882e-06 2.9573e-07 8.48685e-08 2.43175e-08 6.95727e-09 1.98761e-09 5.67051e-10 1.61559e-10 4.59708e-11 1.3065e-11 3.71031e-12 1.05774e-12 3.18107e-13 1.49227e-13 2.30453e-13 6.6057e-13 2.06001e-12 6.4432e-12 2.00504e-11 6.20106e-11 1.90514e-10 5.8117e-10 1.75946e-09 5.28337e-09 1.57265e-08 4.63705e-08 1.35334e-07 3.90615e-07 1.1139e-06 3.13487e-06 8.69602e-06 2.37425e-05 6.36971e-05 0.000167599 0.000431527 0.00108435 0.00265058 0.0062765 0.0143193 0.0312393 0.0645027 0.124327 0.219951 0.35104 0.49951 0.63327 0.732985 0.800368 0.843663 0.86994 0.884148 0.889259 0.886412 0.875016 0.852715 0.815293 0.756565 0.66865 0.546497 0.401375 0.263284 0.155742 0.0843464 0.042529 0.0202528 0.0092094 0.0040308 0.00170798 0.000703683 0.000282833 0.000111204 4.2867e-05 1.62323e-05 6.04795e-06 2.22045e-06 8.04324e-07 2.87783e-07 1.01806e-07 3.56406e-08 1.23571e-08 4.24616e-09 1.44697e-09 4.8928e-10 1.64252e-10 5.47677e-11 1.81461e-11 5.97662e-12 1.95747e-12 6.37741e-13 2.06744e-13 6.6708e-14 2.14285e-14 6.85454e-15 2.18398e-15 6.93582e-16 2.20826e-16 7.51108e-17 4.41422e-17 9.03966e-17 3.13583e-16 1.16102e-15 4.32307e-15 1.61043e-14 5.99928e-14 2.23484e-13 8.32497e-13 3.10104e-12 1.1551e-11 4.30246e-11 1.60252e-10 5.96861e-10 2.22295e-09 8.27883e-09 3.08314e-08 1.14815e-07 4.2755e-07 1.59205e-06 5.92793e-06 2.20712e-05 8.21704e-05 0.00030587 0.00113809 0.00422857 0.0156309 0.0567022 0.192135 0.517596 0.826193 0.949132 0.985994 0.996208 0.998978 0.999725 0.999926 0.99998 0.999995 0.999999 1 1 1 1 1 1 1 1 1 1 1 1 1 1 1 1 1 1 1 1 1 1 1 1 1 1 1 1 1 1 1 1 1 1 1 1 1 1 1 1 1 1 1 1 1 1 1 1 1 1 1 1 1 1 1 1 1 1 1 1 1 1 1 1 1 1 1 1 
1 1 1 1 1 1 1 1 1 1 1 1 1 1 1 1 1 1 1 1 1 1 1 1 1 0.999999 0.999997 0.999991 0.99997 0.999901 0.999674 0.998915 0.996384 0.987943 0.960188 0.873811 0.65091 0.317534 0.11088 0.0340629 0.0100407 0.00291948 0.000844333 0.000243481 7.00647e-05 2.01251e-05 5.7708e-06 1.65209e-06 4.7224e-07 1.34787e-07 3.84163e-08 1.09343e-08 3.1081e-09 8.82368e-10 2.50194e-10 7.08587e-11 2.00458e-11 5.66559e-12 1.60226e-12 4.61148e-13 1.59373e-13 1.376e-13 3.2916e-13 9.97123e-13 3.08072e-12 9.48103e-12 2.89907e-11 8.80209e-11 2.65228e-10 7.92734e-10 2.34884e-09 6.89465e-09 2.0035e-08 5.75877e-08 1.63584e-07 4.58749e-07 1.26863e-06 3.45504e-06 9.25312e-06 2.43282e-05 6.26731e-05 0.000157851 0.000387705 0.000925906 0.00214261 0.00478469 0.0102607 0.0210073 0.0407759 0.0744429 0.126762 0.199783 0.28989 0.388274 0.48235 0.559645 0.614029 0.645898 0.65779 0.651127 0.625173 0.57761 0.507089 0.417582 0.320025 0.227261 0.148995 0.090463 0.0512496 0.0273061 0.0137904 0.00664772 0.00307695 0.0013742 0.000594615 0.000250129 0.000102589 4.11282e-05 1.61521e-05 6.22591e-06 2.35933e-06 8.80299e-07 3.23816e-07 1.1757e-07 4.21773e-08 1.49637e-08 5.25464e-09 1.82772e-09 6.30128e-10 2.15458e-10 7.31055e-11 2.46266e-11 8.23994e-12 2.73959e-12 9.0543e-13 2.97564e-13 9.72751e-14 3.16406e-14 1.0243e-14 3.30112e-15 1.05947e-15 3.39046e-16 1.09547e-16 4.07194e-17 3.5132e-17 9.40803e-17 3.39103e-16 1.26051e-15 4.69794e-15 1.75131e-14 6.52862e-14 2.43375e-13 9.07253e-13 3.38202e-12 1.26072e-11 4.69957e-11 1.75184e-10 6.53016e-10 2.43416e-09 9.07341e-09 3.3821e-08 1.26066e-07 4.69901e-07 1.75149e-06 6.52838e-06 2.43329e-05 9.06914e-05 0.000337977 0.00125901 0.00468286 0.0173202 0.0627439 0.210791 0.550971 0.842645 0.95434 0.987459 0.996607 0.999086 0.999754 0.999934 0.999982 0.999995 0.999999 1 1 1 1 1 1 1 1 1 1 1 1 1 1 1 1 1 1 1 1 1 1 1 1 1 1 1 1 1 1 1 1 1 1 1 1 1 1 1 1 1 1 1 1 1 1 1 1 1 1 1 1 1 1 1 1 1 1 1 1 1 1 1 1 1 1 1 1 
1 1 1 1 1 1 1 1 1 1 1 1 1 1 1 1 1 1 1 1 1 1 1 1 1 1 0.999999 0.999995 0.999984 0.999946 0.999818 0.99939 0.997945 0.99307 0.976729 0.923637 0.76932 0.455657 0.175805 0.0555539 0.0164354 0.00476186 0.00136961 0.000392622 0.000112315 3.20744e-05 9.14542e-06 2.60384e-06 7.40317e-07 2.10203e-07 5.96078e-08 1.68822e-08 4.77573e-09 1.34943e-09 3.80876e-10 1.07388e-10 3.0247e-11 8.51138e-12 2.39411e-12 6.76984e-13 2.04363e-13 1.02196e-13 1.67848e-13 4.76082e-13 1.44739e-12 4.40284e-12 1.33072e-11 3.99198e-11 1.18793e-10 3.50465e-10 1.02443e-09 2.96488e-09 8.48955e-09 2.40296e-08 6.71713e-08 1.8524e-07 5.03363e-07 1.346e-06 3.53647e-06 9.11418e-06 2.2996e-05 5.66799e-05 0.000136138 0.000317755 0.000718473 0.00156822 0.00329141 0.006614 0.0126656 0.0230006 0.039417 0.0634612 0.0956741 0.135005 0.178125 0.21962 0.253886 0.276798 0.286037 0.2808 0.261591 0.230322 0.190599 0.147657 0.107087 0.0728283 0.0464669 0.0278813 0.0158021 0.00849904 0.00435835 0.00214063 0.00101123 0.000461223 0.000203801 8.75109e-05 3.66151e-05 1.4964e-05 5.98625e-06 2.3486e-06 9.05204e-07 3.43256e-07 1.28235e-07 4.72529e-08 1.71929e-08 6.18281e-09 2.19943e-09 7.74564e-10 2.70229e-10 9.34563e-11 3.2058e-11 1.09129e-11 3.68833e-12 1.2382e-12 4.13046e-13 1.36965e-13 4.51619e-14 1.48122e-14 4.83367e-15 1.56988e-15 5.07675e-16 1.63888e-16 5.42583e-17 2.37284e-17 3.14324e-17 9.90757e-17 3.63786e-16 1.35508e-15 5.05382e-15 1.88504e-14 7.03116e-14 2.62262e-13 9.78239e-13 3.64885e-12 1.36104e-11 5.07675e-11 1.89367e-10 7.06359e-10 2.63481e-09 9.82829e-09 3.66615e-08 1.36756e-07 5.10138e-07 1.90298e-06 7.09883e-06 2.64815e-05 9.87852e-05 0.000368468 0.00137381 0.00511385 0.01892 0.0684306 0.227973 0.57934 0.85588 0.958472 0.988617 0.996922 0.999171 0.999777 0.99994 0.999984 0.999996 0.999999 1 1 1 1 1 1 1 1 1 1 1 1 1 1 1 1 1 1 1 1 1 1 1 1 1 1 1 1 1 1 1 1 1 1 1 1 1 1 1 1 1 1 1 1 1 1 1 1 1 1 1 1 1 1 1 1 1 1 1 1 1 1 1 1 1 1 1 1 
1 1 1 1 1 1 1 1 1 1 1 1 1 1 1 1 1 1 1 1 1 1 1 1 1 1 0.999999 0.999997 0.999991 0.999969 0.999896 0.999649 0.998805 0.995931 0.98616 0.953526 0.851558 0.597529 0.265556 0.087983 0.0262872 0.00760456 0.00217693 0.000620637 0.000176551 5.01412e-05 1.42201e-05 4.02751e-06 1.13926e-06 3.21875e-07 9.08339e-08 2.5605e-08 7.21001e-09 2.02814e-09 5.69939e-10 1.60008e-10 4.488e-11 1.25772e-11 3.52223e-12 9.87603e-13 2.82991e-13 1.00417e-13 9.3621e-14 2.26151e-13 6.69013e-13 2.00904e-12 6.00034e-12 1.77817e-11 5.22481e-11 1.52127e-10 4.38633e-10 1.25153e-09 3.53086e-09 9.84101e-09 2.70703e-08 7.34125e-08 1.96038e-07 5.1477e-07 1.32717e-06 3.35385e-06 8.29142e-06 2.00103e-05 4.70307e-05 0.000107364 0.00023736 0.000506574 0.00104007 0.00204683 0.00384643 0.00687611 0.0116507 0.0186494 0.0281321 0.0399351 0.0532301 0.066489 0.0778739 0.0857441 0.0889813 0.0871395 0.08049 0.0699869 0.0571443 0.043769 0.0315015 0.0213618 0.0136712 0.00827499 0.00475216 0.00259833 0.00135752 0.000680186 0.000327992 0.000152721 6.88786e-05 3.01751e-05 1.28741e-05 5.36171e-06 2.18434e-06 8.72136e-07 3.41847e-07 1.3174e-07 4.99846e-08 1.86943e-08 6.89949e-09 2.51526e-09 9.06557e-10 3.23295e-10 1.14159e-10 3.99406e-11 1.38539e-11 4.76672e-12 1.6277e-12 5.51862e-13 1.85855e-13 6.21971e-14 2.06906e-14 6.8442e-15 2.25192e-15 7.37231e-16 2.40316e-16 7.84249e-17 2.71458e-17 1.55306e-17 3.0362e-17 1.04454e-16 3.86945e-16 1.44299e-15 5.38431e-15 2.00919e-14 7.49754e-14 2.79783e-13 1.04407e-12 3.89623e-12 1.454e-11 5.42614e-11 2.02499e-10 7.55726e-10 2.82041e-09 1.05261e-08 3.92857e-08 1.46626e-07 5.47261e-07 2.04263e-06 7.62426e-06 2.84586e-05 0.000106225 0.000396463 0.00147906 0.00550831 0.0203798 0.0735838 0.243206 0.602605 0.866291 0.961693 0.989519 0.997169 0.999238 0.999795 0.999945 0.999985 0.999996 0.999999 1 1 1 1 1 1 1 1 1 1 1 1 1 1 1 1 1 1 1 1 1 1 1 1 1 1 1 1 1 1 1 1 1 1 1 1 1 1 1 1 1 1 1 1 1 1 1 1 1 1 1 1 1 1 1 1 1 1 1 1 1 1 1 1 1 1 1 1 
1 1 1 1 1 1 1 1 1 1 1 1 1 1 1 1 1 1 1 1 1 1 1 1 1 1 1 0.999998 0.999995 0.999982 0.999939 0.999793 0.999289 0.997557 0.991603 0.97134 0.905103 0.717376 0.379021 0.134928 0.0410503 0.0118875 0.00339011 0.00096165 0.00027212 7.68805e-05 2.16923e-05 6.1133e-06 1.7209e-06 4.83914e-07 1.35934e-07 3.81466e-08 1.06946e-08 2.99552e-09 8.38284e-10 2.34388e-10 6.54815e-11 1.82791e-11 5.09895e-12 1.42225e-12 3.99398e-13 1.21169e-13 6.40935e-14 1.09509e-13 3.05109e-13 9.01449e-13 2.65928e-12 7.78372e-12 2.25803e-11 6.4879e-11 1.84509e-10 5.18973e-10 1.44256e-09 3.95905e-09 1.07172e-08 2.85841e-08 7.5021e-08 1.93491e-07 4.89662e-07 1.21381e-06 2.94173e-06 6.95575e-06 1.60091e-05 3.57742e-05 7.74016e-05 0.000161664 0.000324931 0.000626409 0.00115444 0.00202724 0.0033816 0.00534343 0.00798052 0.0112455 0.0149163 0.0185888 0.0217638 0.0239742 0.0248874 0.024367 0.0224955 0.0195588 0.0159939 0.012298 0.00890692 0.00609208 0.00394303 0.00242012 0.00141235 0.000786031 0.00041849 0.000213828 0.000105183 4.99626e-05 2.29836e-05 1.02666e-05 4.46418e-06 1.89385e-06 7.85475e-07 3.19084e-07 1.27173e-07 4.9803e-08 1.91904e-08 7.28469e-09 2.72723e-09 1.00798e-09 3.68125e-10 1.32956e-10 4.75246e-11 1.68236e-11 5.90175e-12 2.05281e-12 7.08351e-13 2.42597e-13 8.24995e-14 2.78688e-14 9.35509e-15 3.12169e-15 1.03582e-15 3.41899e-16 1.12406e-16 3.72469e-17 1.40349e-17 1.17105e-17 3.0531e-17 1.09707e-16 4.08126e-16 1.52296e-15 5.68464e-15 2.12194e-14 7.92081e-14 2.95674e-13 1.10373e-12 4.12024e-12 1.53812e-11 5.74201e-11 2.14361e-10 8.00274e-10 2.98772e-09 1.11546e-08 4.16461e-08 1.55492e-07 5.80569e-07 2.16776e-06 8.09434e-06 3.02246e-05 0.00011286 0.000421381 0.00157256 0.00585785 0.0216689 0.0781012 0.256282 0.621189 0.874348 0.964168 0.990213 0.997358 0.999289 0.999809 0.999949 0.999986 0.999996 0.999999 1 1 1 1 1 1 1 1 1 1 1 1 1 1 1 1 1 1 1 1 1 1 1 1 1 1 1 1 1 1 1 1 1 1 1 1 1 1 1 1 1 1 1 1 1 1 1 1 1 1 1 1 1 1 1 1 1 1 1 1 1 1 1 1 1 1 1 1 
1 1 1 1 1 1 1 1 1 1 1 1 1 1 1 1 1 1 1 1 1 1 1 1 1 1 1 0.999999 0.999997 0.999989 0.999964 0.999875 0.999567 0.998499 0.994795 0.982012 0.938973 0.806589 0.506153 0.199385 0.06248 0.0181785 0.00517118 0.00146037 0.000411229 0.000115612 3.24636e-05 9.10583e-06 2.55155e-06 7.14282e-07 1.99772e-07 5.58229e-08 1.55854e-08 4.34775e-09 1.21189e-09 3.37544e-10 9.39447e-11 2.61278e-11 7.26176e-12 2.01738e-12 5.61464e-13 1.60351e-13 5.83061e-14 5.7499e-14 1.38392e-13 3.98229e-13 1.15912e-12 3.35038e-12 9.59494e-12 2.72037e-11 7.63033e-11 2.11571e-10 5.79432e-10 1.56596e-09 4.17208e-09 1.09453e-08 2.824e-08 7.15598e-08 1.77819e-07 4.32577e-07 1.0283e-06 2.38373e-06 5.3766e-06 1.17711e-05 2.49485e-05 5.10485e-05 0.000100545 0.000190055 0.000343735 0.000593088 0.000973562 0.00151664 0.00223745 0.00311998 0.00410361 0.0050829 0.00592826 0.00651691 0.00676017 0.00662136 0.00612262 0.00534041 0.00439011 0.00340121 0.00248701 0.00172026 0.00112795 0.000702549 0.000416677 0.000235948 0.000127925 6.66001e-05 3.33908e-05 1.61673e-05 7.58009e-06 3.45018e-06 1.52815e-06 6.60071e-07 2.78603e-07 1.15117e-07 4.6642e-08 1.85587e-08 7.2618e-09 2.79772e-09 1.06247e-09 3.98126e-10 1.47339e-10 5.38987e-11 1.95043e-11 6.98681e-12 2.47914e-12 8.71873e-13 3.04065e-13 1.05209e-13 3.61338e-14 1.23233e-14 4.17506e-15 1.40564e-15 4.70452e-16 1.56605e-16 5.19839e-17 1.76575e-17 7.7925e-18 1.00313e-17 3.12286e-17 1.14566e-16 4.27066e-16 1.59422e-15 5.95195e-15 2.2222e-14 8.29683e-14 3.09777e-13 1.15663e-12 4.31863e-12 1.61253e-11 6.02109e-11 2.24829e-10 8.39534e-10 3.13497e-09 1.17068e-08 4.37173e-08 1.6326e-07 6.097e-07 2.277e-06 8.50397e-06 3.17606e-05 0.000118618 0.00044296 0.00165334 0.00615902 0.0227755 0.0819525 0.26722 0.635772 0.880516 0.966052 0.990741 0.997502 0.999328 0.99982 0.999952 0.999987 0.999997 0.999999 1 1 1 1 1 1 1 1 1 1 1 1 1 1 1 1 1 1 1 1 1 1 1 1 1 1 1 1 1 1 1 1 1 1 1 1 1 1 1 1 1 1 1 1 1 1 1 1 1 1 1 1 1 1 1 1 1 1 1 1 1 1 1 1 1 1 1 1 
1 1 1 1 1 1 1 1 1 1 1 1 1 1 1 1 1 1 1 1 1 1 1 1 1 1 1 0.999999 0.999998 0.999994 0.999978 0.999922 0.99973 0.999056 0.996701 0.988487 0.960273 0.868844 0.627049 0.28216 0.0925061 0.0271805 0.00772574 0.00217361 0.000609326 0.000170517 4.76627e-05 1.33097e-05 3.71334e-06 1.03512e-06 2.88313e-07 8.02406e-08 2.23148e-08 6.20118e-09 1.72206e-09 4.77885e-10 1.32529e-10 3.67303e-11 1.01735e-11 2.81638e-12 7.79854e-13 2.17718e-13 6.63818e-14 3.66824e-14 6.38613e-14 1.73698e-13 4.97285e-13 1.41894e-12 4.01134e-12 1.12222e-11 3.10453e-11 8.48609e-11 2.29002e-10 6.09519e-10 1.59846e-09 4.12567e-09 1.0467e-08 2.6067e-08 6.36278e-08 1.51974e-07 3.54547e-07 8.063e-07 1.78363e-06 3.82907e-06 7.95763e-06 1.59676e-05 3.08521e-05 5.72413e-05 0.000101699 0.000172558 0.000278915 0.000428484 0.000624366 0.000861333 0.00112287 0.00138154 0.00160403 0.0017587 0.00182257 0.00178608 0.00165499 0.00144916 0.00119837 0.000935936 0.000691182 0.000483585 0.00032119 0.000202929 0.000122235 7.03694e-05 3.88176e-05 2.05727e-05 1.05034e-05 5.17953e-06 2.47325e-06 1.14632e-06 5.16879e-07 2.27208e-07 9.75557e-08 4.09873e-08 1.6878e-08 6.82203e-09 2.7103e-09 1.05966e-09 4.08183e-10 1.55069e-10 5.81548e-11 2.1548e-11 7.89455e-12 2.86193e-12 1.02727e-12 3.65317e-13 1.2878e-13 4.50241e-14 1.56193e-14 5.37881e-15 1.83947e-15 6.2495e-16 2.11013e-16 7.08642e-17 2.38006e-17 8.45829e-18 4.87431e-18 9.37417e-18 3.2099e-17 1.18903e-16 4.43659e-16 1.65649e-15 6.18529e-15 2.30961e-14 8.6243e-14 3.22044e-13 1.20258e-12 4.49074e-12 1.67699e-11 6.26251e-11 2.3387e-10 8.73393e-10 3.26176e-09 1.21815e-08 4.54947e-08 1.69914e-07 6.34606e-07 2.37022e-06 8.85281e-06 3.30658e-05 0.0001235 0.000461215 0.00172151 0.00641249 0.0237036 0.0851627 0.276189 0.647091 0.885213 0.967481 0.991141 0.997612 0.999358 0.999828 0.999954 0.999988 0.999997 0.999999 1 1 1 1 1 1 1 1 1 1 1 1 1 1 1 1 1 1 1 1 1 1 1 1 1 1 1 1 1 1 1 1 1 1 1 1 1 1 1 1 1 1 1 1 1 1 1 1 1 1 1 1 1 1 1 1 1 1 1 1 1 1 1 1 1 1 1 1 
1 1 1 1 1 1 1 1 1 1 1 1 1 1 1 1 1 1 1 1 1 1 1 1 1 1 1 1 0.999999 0.999996 0.999986 0.999951 0.999827 0.999393 0.997862 0.992474 0.9737 0.910717 0.726369 0.381318 0.133152 0.0397414 0.0113067 0.00317113 0.000885269 0.000246666 6.86527e-05 1.90908e-05 5.30454e-06 1.4728e-06 4.08628e-07 1.13295e-07 3.13907e-08 8.69181e-09 2.40518e-09 6.65156e-10 1.83842e-10 5.07836e-11 1.40206e-11 3.86892e-12 1.06735e-12 2.95162e-13 8.40721e-14 3.11707e-14 3.17934e-14 7.53813e-14 2.10263e-13 5.9169e-13 1.65103e-12 4.5577e-12 1.24362e-11 3.35142e-11 8.91236e-11 2.33652e-10 6.03269e-10 1.53223e-09 3.82357e-09 9.36174e-09 2.24565e-08 5.2689e-08 1.20704e-07 2.69476e-07 5.85078e-07 1.23266e-06 2.51415e-06 4.9521e-06 9.39587e-06 1.71284e-05 2.99241e-05 4.99772e-05 7.96084e-05 0.000120685 0.000173788 0.00023729 0.000306716 0.000374922 0.000433351 0.000473881 0.000490596 0.000481033 0.000446676 0.000392639 0.000326578 0.000257047 0.000191642 0.000135564 9.11557e-05 5.83798e-05 3.56858e-05 2.08676e-05 1.17013e-05 6.30743e-06 3.27649e-06 1.64425e-06 7.99038e-07 3.76872e-07 1.72895e-07 7.73053e-08 3.3751e-08 1.44135e-08 6.03043e-09 2.47549e-09 9.98371e-10 3.96072e-10 1.54738e-10 5.95947e-11 2.26473e-11 8.49964e-12 3.15284e-12 1.15674e-12 4.20045e-13 1.51059e-13 5.38311e-14 1.90188e-14 6.66509e-15 2.3179e-15 8.00261e-16 2.744e-16 9.34865e-17 3.16911e-17 1.08198e-17 4.19548e-18 3.54207e-18 9.18804e-18 3.29705e-17 1.22674e-16 4.57936e-16 1.70997e-15 6.38539e-15 2.38447e-14 8.90436e-14 3.3252e-13 1.24176e-12 4.6373e-12 1.7318e-11 6.46748e-11 2.41534e-10 9.02043e-10 3.36886e-09 1.25818e-08 4.69907e-08 1.75503e-07 6.55489e-07 2.44823e-06 9.14413e-06 3.41535e-05 0.000127561 0.000476363 0.00177794 0.00662182 0.0244677 0.0877911 0.28343 0.655824 0.888781 0.968563 0.991443 0.997695 0.999381 0.999834 0.999955 0.999988 0.999997 0.999999 1 1 1 1 1 1 1 1 1 1 1 1 1 1 1 1 1 1 1 1 1 1 1 1 1 1 1 1 1 1 1 1 1 1 1 1 1 1 1 1 1 1 1 1 1 1 1 1 1 1 1 1 1 1 1 1 1 1 1 1 1 1 1 1 1 1 1 1 
1 1 1 1 1 1 1 1 1 1 1 1 1 1 1 1 1 1 1 1 1 1 1 1 1 1 1 1 0.999999 0.999997 0.999991 0.999968 0.999887 0.9996 0.998582 0.994972 0.982253 0.93855 0.801691 0.489729 0.185799 0.0567522 0.0162002 0.00453348 0.00126096 0.000349957 9.70146e-05 2.68725e-05 7.43827e-06 2.05753e-06 5.68782e-07 1.57137e-07 4.33867e-08 1.19726e-08 3.30202e-09 9.10214e-10 2.50776e-10 6.9058e-11 1.9008e-11 5.2295e-12 1.43823e-12 3.95747e-13 1.09931e-13 3.36434e-14 1.91147e-14 3.32684e-14 8.78686e-14 2.43135e-13 6.69458e-13 1.8236e-12 4.90822e-12 1.30419e-11 3.41819e-11 8.82837e-11 2.24462e-10 5.61167e-10 1.37782e-09 3.31791e-09 7.82478e-09 1.80437e-08 4.06147e-08 8.90715e-08 1.89948e-07 3.93054e-07 7.87467e-07 1.52394e-06 2.84206e-06 5.09549e-06 8.76186e-06 1.44168e-05 2.26498e-05 3.39088e-05 4.82858e-05 6.52928e-05 8.37223e-05 0.000101713 0.000117061 0.000127683 0.000132058 0.000129551 0.000120546 0.000106356 8.89487e-05 7.05242e-05 5.30532e-05 3.79211e-05 2.57984e-05 1.6736e-05 1.03735e-05 6.15642e-06 3.5062e-06 1.92064e-06 1.0143e-06 5.17601e-07 2.55804e-07 1.22699e-07 5.72384e-08 2.60187e-08 1.15457e-08 5.00984e-09 2.12898e-09 8.87341e-10 3.63207e-10 1.46182e-10 5.79157e-11 2.26104e-11 8.70644e-12 3.30958e-12 1.24294e-12 4.61525e-13 1.69551e-13 6.16652e-14 2.22158e-14 7.93233e-15 2.80846e-15 9.86429e-16 3.43856e-16 1.1901e-16 4.09205e-17 1.40178e-17 4.91579e-18 2.24775e-18 2.95444e-18 9.20608e-18 3.3767e-17 1.2589e-16 4.70031e-16 1.75519e-15 6.55436e-15 2.4476e-14 9.14018e-14 3.41329e-13 1.27466e-12 4.76015e-12 1.77767e-11 6.63873e-11 2.47926e-10 9.25902e-10 3.45789e-09 1.2914e-08 4.82298e-08 1.80125e-07 6.72723e-07 2.51248e-06 9.38363e-06 3.5046e-05 0.000130886 0.000488743 0.00182397 0.00679217 0.0250878 0.0899148 0.289214 0.662544 0.891494 0.969382 0.991672 0.997758 0.999398 0.999838 0.999957 0.999988 0.999997 0.999999 1 1 1 1 1 1 1 1 1 1 1 1 1 1 1 1 1 1 1 1 1 1 1 1 1 1 1 1 1 1 1 1 1 1 1 1 1 1 1 1 1 1 1 1 1 1 1 1 1 1 1 1 1 1 1 1 1 1 1 1 1 1 1 1 1 1 1 1 
1 1 1 1 1 1 1 1 1 1 1 1 1 1 1 1 1 1 1 1 1 1 1 1 1 1 1 1 1 0.999998 0.999994 0.999979 0.999924 0.99973 0.999038 0.996567 0.987784 0.957103 0.856597 0.594086 0.250242 0.0790215 0.0227123 0.00635036 0.00176104 0.000487015 0.000134518 3.71255e-05 1.02396e-05 2.82251e-06 7.77581e-07 2.14104e-07 5.89225e-08 1.62078e-08 4.45619e-09 1.22463e-09 3.36398e-10 9.23669e-11 2.53513e-11 6.95523e-12 1.9075e-12 5.23104e-13 1.43865e-13 4.08748e-14 1.53367e-14 1.58139e-14 3.65718e-14 9.8583e-14 2.67611e-13 7.19307e-13 1.90987e-12 5.00442e-12 1.29293e-11 3.29045e-11 8.24033e-11 2.02842e-10 4.90189e-10 1.16142e-09 2.69412e-09 6.10901e-09 1.35186e-08 2.91424e-08 6.10839e-08 1.24242e-07 2.44699e-07 4.65672e-07 8.54364e-07 1.50783e-06 2.55416e-06 4.14385e-06 6.42603e-06 9.50714e-06 1.33962e-05 1.79503e-05 2.28448e-05 2.75939e-05 3.16297e-05 3.44159e-05 3.55619e-05 3.49043e-05 3.25414e-05 2.88117e-05 2.42209e-05 1.93359e-05 1.46688e-05 1.05882e-05 7.28334e-06 4.78268e-06 3.0037e-06 1.80781e-06 1.04488e-06 5.81199e-07 3.11801e-07 1.61681e-07 8.12066e-08 3.95877e-08 1.8768e-08 8.66893e-09 3.90807e-09 1.72233e-09 7.4317e-10 3.14403e-10 1.30581e-10 5.3308e-11 2.14143e-11 8.47352e-12 3.30583e-12 1.27272e-12 4.83919e-13 1.81853e-13 6.7589e-14 2.48607e-14 9.05502e-15 3.26767e-15 1.16891e-15 4.14684e-16 1.45963e-16 5.09977e-17 1.77027e-17 6.14293e-18 2.26405e-18 1.37153e-18 2.70982e-18 9.3024e-18 3.44615e-17 1.28592e-16 4.80153e-16 1.79297e-15 6.69532e-15 2.50019e-14 9.33633e-14 3.48644e-13 1.30194e-12 4.86187e-12 1.81559e-11 6.78006e-11 2.53194e-10 9.45528e-10 3.531e-09 1.31864e-08 4.9244e-08 1.83901e-07 6.8678e-07 2.56479e-06 9.57829e-06 3.57702e-05 0.000133579 0.000498752 0.00186112 0.0069294 0.0255862 0.0916154 0.293802 0.667718 0.893562 0.970005 0.991846 0.997805 0.999411 0.999842 0.999958 0.999989 0.999997 0.999999 1 1 1 1 1 1 1 1 1 1 1 1 1 1 1 1 1 1 1 1 1 1 1 1 1 1 1 1 1 1 1 1 1 1 1 1 1 1 1 1 1 1 1 1 1 1 1 1 1 1 1 1 1 1 1 1 1 1 1 1 1 1 1 1 1 1 1 1 
1 1 1 1 1 1 1 1 1 1 1 1 1 1 1 1 1 1 1 1 1 1 1 1 1 1 1 1 1 0.999999 0.999996 0.999985 0.999948 0.999814 0.999332 0.997603 0.991414 0.969524 0.895542 0.68311 0.325198 0.107364 0.0311864 0.00872254 0.00241274 0.000665042 0.000183055 5.03475e-05 1.38395e-05 3.80223e-06 1.04412e-06 2.86595e-07 7.8632e-08 2.1565e-08 5.91188e-09 1.62007e-09 4.43789e-10 1.21524e-10 3.32652e-11 9.10267e-12 2.49002e-12 6.80987e-13 1.86376e-13 5.15457e-14 1.57959e-14 9.06208e-15 1.54956e-14 3.95576e-14 1.05552e-13 2.79893e-13 7.33195e-13 1.89483e-12 4.82657e-12 1.21063e-11 2.98707e-11 7.24196e-11 1.72314e-10 4.01865e-10 9.17325e-10 2.04645e-09 4.45463e-09 9.44526e-09 1.94723e-08 3.89578e-08 7.54884e-08 1.41379e-07 2.55387e-07 4.44037e-07 7.41564e-07 1.18719e-06 1.81851e-06 2.66055e-06 3.71185e-06 4.93137e-06 6.23204e-06 7.4869e-06 8.54917e-06 9.28084e-06 9.58132e-06 9.40859e-06 8.78799e-06 7.80659e-06 6.59466e-06 5.29851e-06 4.05153e-06 2.95163e-06 2.05165e-06 1.36283e-06 8.66653e-07 5.28592e-07 3.09826e-07 1.74868e-07 9.52324e-08 5.01444e-08 2.55794e-08 1.26658e-08 6.09901e-09 2.86114e-09 1.30979e-09 5.8605e-10 2.56671e-10 1.10185e-10 4.64231e-11 1.92186e-11 7.82648e-12 3.1384e-12 1.24039e-12 4.83609e-13 1.86152e-13 7.07949e-14 2.66194e-14 9.90227e-15 3.64644e-15 1.32997e-15 4.80701e-16 1.72257e-16 6.12272e-17 2.15977e-17 7.57337e-18 2.67684e-18 1.08807e-18 9.84592e-19 2.6194e-18 9.42001e-18 3.50519e-17 1.30843e-16 4.88559e-16 1.8243e-15 6.81204e-15 2.54366e-14 9.49826e-14 3.54674e-13 1.32439e-12 4.94545e-12 1.8467e-11 6.89584e-11 2.57502e-10 9.61555e-10 3.59062e-09 1.34081e-08 5.00684e-08 1.86966e-07 6.9817e-07 2.60712e-06 9.73553e-06 3.63542e-05 0.000135747 0.0005068 0.00189094 0.0070394 0.0259851 0.092972 0.297435 0.671718 0.895149 0.970482 0.99198 0.997842 0.999421 0.999845 0.999958 0.999989 0.999997 0.999999 1 1 1 1 1 1 1 1 1 1 1 1 1 1 1 1 1 1 1 1 1 1 1 1 1 1 1 1 1 1 1 1 1 1 1 1 1 1 1 1 1 1 1 1 1 1 1 1 1 1 1 1 1 1 1 1 1 1 1 1 1 1 1 1 1 1 1 1 
1 1 1 1 1 1 1 1 1 1 1 1 1 1 1 1 1 1 1 1 1 1 1 1 1 1 1 1 1 0.999999 0.999997 0.99999 0.999963 0.999868 0.999525 0.998288 0.993833 0.977919 0.922901 0.754003 0.408365 0.142496 0.0419723 0.0117528 0.00324334 0.00089114 0.000244475 6.70208e-05 1.83642e-05 5.02986e-06 1.37713e-06 3.76907e-07 1.03119e-07 2.82031e-08 7.71094e-09 2.10753e-09 5.75839e-10 1.57286e-10 4.29481e-11 1.17238e-11 3.19935e-12 8.72862e-13 2.38153e-13 6.51881e-14 1.84689e-14 6.94805e-15 7.08178e-15 1.58333e-14 4.11355e-14 1.07515e-13 2.77876e-13 7.08394e-13 1.77944e-12 4.40005e-12 1.06993e-11 2.55567e-11 5.98946e-11 1.37548e-10 3.09111e-10 6.78789e-10 1.45425e-09 3.03467e-09 6.15742e-09 1.21258e-08 2.31329e-08 4.26691e-08 7.59471e-08 1.30188e-07 2.14513e-07 3.39116e-07 5.1344e-07 7.43294e-07 1.02734e-06 1.35395e-06 1.6998e-06 2.03168e-06 2.31159e-06 2.50394e-06 2.58281e-06 2.53739e-06 2.3742e-06 2.11568e-06 1.79542e-06 1.45127e-06 1.118e-06 8.21625e-07 5.76769e-07 3.87328e-07 2.49241e-07 1.53952e-07 9.14476e-08 5.23362e-08 2.89139e-08 1.54496e-08 7.99934e-09 4.02085e-09 1.96553e-09 9.36001e-10 4.34922e-10 1.9749e-10 8.77608e-11 3.82173e-11 1.63293e-11 6.85378e-12 2.82891e-12 1.1494e-12 4.60144e-13 1.81662e-13 7.0784e-14 2.72413e-14 1.03621e-14 3.89826e-15 1.45132e-15 5.3501e-16 1.95387e-16 7.07256e-17 2.5387e-17 9.04288e-18 3.20742e-18 1.16962e-18 5.7332e-19 8.17956e-19 2.59597e-18 9.53524e-18 3.55491e-17 1.32716e-16 4.95536e-16 1.85026e-15 6.90861e-15 2.57958e-14 9.63185e-14 3.59642e-13 1.34286e-12 5.0141e-12 1.87221e-11 6.99066e-11 2.61025e-10 9.74642e-10 3.63923e-09 1.35886e-08 5.07385e-08 1.89453e-07 7.07403e-07 2.64138e-06 9.86266e-06 3.68258e-05 0.000137496 0.000513282 0.00191493 0.00712777 0.026305 0.0940575 0.300325 0.674839 0.89638 0.970851 0.992083 0.99787 0.999428 0.999847 0.999959 0.999989 0.999997 0.999999 1 1 1 1 1 1 1 1 1 1 1 1 1 1 1 1 1 1 1 1 1 1 1 1 1 1 1 1 1 1 1 1 1 1 1 1 1 1 1 1 1 1 1 1 1 1 1 1 1 1 1 1 1 1 1 1 1 1 1 1 1 1 1 1 1 1 1 1 
1 1 1 1 1 1 1 1 1 1 1 1 1 1 1 1 1 1 1 1 1 1 1 1 1 1 1 1 1 0.999999 0.999998 0.999993 0.999974 0.999905 0.999655 0.99875 0.995475 0.983687 0.942265 0.809012 0.494478 0.184357 0.0552865 0.015518 0.00427461 0.00117116 0.000320336 8.7559e-05 2.39234e-05 6.53439e-06 1.78425e-06 4.87054e-07 1.32914e-07 3.62606e-08 9.88952e-09 2.69644e-09 7.34992e-10 2.00288e-10 5.45641e-11 1.48609e-11 4.04639e-12 1.1015e-12 2.99809e-13 8.16756e-14 2.2499e-14 6.88118e-15 3.91232e-15 6.46694e-15 1.58889e-14 4.08055e-14 1.04035e-13 2.61665e-13 6.48319e-13 1.5808e-12 3.78938e-12 8.92067e-12 2.05996e-11 4.66031e-11 1.03155e-10 2.23083e-10 4.70649e-10 9.67149e-10 1.93256e-09 3.74856e-09 7.04549e-09 1.28079e-08 2.24782e-08 3.80157e-08 6.18437e-08 9.66049e-08 1.44662e-07 2.07344e-07 2.84061e-07 3.71545e-07 4.63563e-07 5.51417e-07 6.2525e-07 6.75871e-07 6.96596e-07 6.84639e-07 6.4168e-07 5.73509e-07 4.88799e-07 3.97356e-07 3.08259e-07 2.28413e-07 1.61848e-07 1.09819e-07 7.14656e-08 4.4677e-08 2.68774e-08 1.55875e-08 8.73049e-09 4.73103e-09 2.48488e-09 1.26721e-09 6.28518e-10 3.03685e-10 1.43165e-10 6.59475e-11 2.97242e-11 1.31263e-11 5.68621e-12 2.41908e-12 1.01179e-12 4.16458e-13 1.68849e-13 6.74915e-14 2.66176e-14 1.03654e-14 3.98841e-15 1.51737e-15 5.71121e-16 2.12789e-16 7.85211e-17 2.87113e-17 1.04083e-17 3.745e-18 1.3478e-18 5.22029e-19 3.51163e-19 7.49038e-19 2.60026e-18 9.64024e-18 3.59696e-17 1.34289e-16 5.01383e-16 1.87198e-15 6.98929e-15 2.60955e-14 9.74313e-14 3.63774e-13 1.3582e-12 5.07104e-12 1.89335e-11 7.06908e-11 2.63934e-10 9.85436e-10 3.67926e-09 1.3737e-08 5.12891e-08 1.91495e-07 7.1497e-07 2.66943e-06 9.96659e-06 3.72108e-05 0.000138922 0.000518563 0.00193446 0.00719962 0.0265647 0.0949372 0.302655 0.677318 0.897353 0.971142 0.992164 0.997892 0.999434 0.999848 0.999959 0.999989 0.999997 0.999999 1 1 1 1 1 1 1 1 1 1 1 1 1 1 1 1 1 1 1 1 1 1 1 1 1 1 1 1 1 1 1 1 1 1 1 1 1 1 1 1 1 1 1 1 1 1 1 1 1 1 1 1 1 1 1 1 1 1 1 1 1 1 1 1 1 1 1 1 
1 1 1 1 1 1 1 1 1 1 1 1 1 1 1 1 1 1 1 1 1 1 1 1 1 1 1 1 1 1 0.999999 0.999995 0.999981 0.99993 0.999744 0.999068 0.99661 0.987714 0.956084 0.850925 0.575601 0.231754 0.0711341 0.0200563 0.00552053 0.00150931 0.000411819 0.000112286 3.06041e-05 8.33892e-06 2.27155e-06 6.18613e-07 1.68422e-07 4.58422e-08 1.24743e-08 3.39356e-09 9.22961e-10 2.50959e-10 6.8221e-11 1.85408e-11 5.0378e-12 1.36854e-12 3.71702e-13 1.00972e-13 2.75243e-14 7.77074e-15 2.90212e-15 2.8619e-15 6.13453e-15 1.53241e-14 3.85038e-14 9.5554e-14 2.33574e-13 5.61746e-13 1.32787e-12 3.08185e-12 7.01477e-12 1.56399e-11 3.41127e-11 7.26881e-11 1.51094e-10 3.05921e-10 6.02363e-10 1.15154e-09 2.13368e-09 3.82526e-09 6.62395e-09 1.10597e-08 1.77746e-08 2.7452e-08 4.06808e-08 5.77597e-08 7.84738e-08 1.01912e-07 1.26409e-07 1.49686e-07 1.6918e-07 1.82516e-07 1.87968e-07 1.84817e-07 1.73496e-07 1.55501e-07 1.33074e-07 1.0876e-07 8.49327e-08 6.34248e-08 4.53408e-08 3.10687e-08 2.04354e-08 1.29224e-08 7.86874e-09 4.62165e-09 2.62276e-09 1.44056e-09 7.67098e-10 3.96679e-10 1.99526e-10 9.77705e-11 4.67424e-11 2.18337e-11 9.9779e-12 4.46683e-12 1.96122e-12 8.45487e-13 3.58258e-13 1.49356e-13 6.1317e-14 2.48111e-14 9.90293e-15 3.90175e-15 1.51856e-15 5.8421e-16 2.22295e-16 8.37066e-17 3.12099e-17 1.15278e-17 4.22084e-18 1.53527e-18 5.64877e-19 2.47111e-19 2.56886e-19 7.22804e-19 2.61525e-18 9.73461e-18 3.6333e-17 1.35642e-16 5.06403e-16 1.8906e-15 7.05836e-15 2.63516e-14 9.8381e-14 3.67295e-13 1.37126e-12 5.11943e-12 1.91128e-11 7.13554e-11 2.66397e-10 9.94561e-10 3.71307e-09 1.38623e-08 5.17529e-08 1.93212e-07 7.21329e-07 2.69297e-06 1.00537e-05 3.75334e-05 0.000140116 0.000522979 0.00195077 0.00725959 0.0267813 0.0956695 0.304587 0.679348 0.898146 0.971379 0.99223 0.99791 0.999439 0.99985 0.99996 0.999989 0.999997 0.999999 1 1 1 1 1 1 1 1 1 1 1 1 1 1 1 1 1 1 1 1 1 1 1 1 1 1 1 1 1 1 1 1 1 1 1 1 1 1 1 1 1 1 1 1 1 1 1 1 1 1 1 1 1 1 1 1 1 1 1 1 1 1 1 1 1 1 1 1 
1 1 1 1 1 1 1 1 1 1 1 1 1 1 1 1 1 1 1 1 1 1 1 1 1 1 1 1 1 1 0.999999 0.999996 0.999985 0.999947 0.999805 0.999289 0.997406 0.990554 0.96597 0.882229 0.645591 0.283127 0.0894513 0.0253943 0.00699252 0.00190903 0.000519872 0.00014145 3.84701e-05 1.04594e-05 2.84297e-06 7.72543e-07 2.09875e-07 5.70017e-08 1.54778e-08 4.20171e-09 1.14036e-09 3.09431e-10 8.39442e-11 2.27681e-11 6.17417e-12 1.67396e-12 4.53774e-13 1.23001e-13 3.33749e-14 9.15902e-15 2.78582e-15 1.54177e-15 2.426e-15 5.71341e-15 1.40994e-14 3.45182e-14 8.32612e-14 1.97562e-13 4.60656e-13 1.0544e-12 2.36651e-12 5.202e-12 1.11854e-11 2.34948e-11 4.81426e-11 9.60924e-11 1.86548e-10 3.51683e-10 6.42789e-10 1.13719e-09 1.94413e-09 3.20654e-09 5.09417e-09 7.78328e-09 1.14202e-08 1.60702e-08 2.16619e-08 2.79426e-08 3.44683e-08 4.06403e-08 4.57927e-08 4.93096e-08 5.07452e-08 4.99136e-08 4.69272e-08 4.21722e-08 3.62296e-08 2.97604e-08 2.33861e-08 1.7593e-08 1.26828e-08 8.77201e-09 5.82875e-09 3.72626e-09 2.29538e-09 1.3646e-09 7.84198e-10 4.36331e-10 2.35437e-10 1.23393e-10 6.29113e-11 3.12494e-11 1.51443e-11 7.1705e-12 3.32128e-12 1.50679e-12 6.70341e-13 2.92761e-13 1.25646e-13 5.30429e-14 2.20464e-14 9.02918e-15 3.64674e-15 1.45355e-15 5.72166e-16 2.2257e-16 8.561e-17 3.25795e-17 1.22732e-17 4.57933e-18 1.69379e-18 6.23988e-19 2.38998e-19 1.31849e-19 2.17842e-19 7.14982e-19 2.63419e-18 9.82146e-18 3.66604e-17 1.36857e-16 5.10903e-16 1.90727e-15 7.12008e-15 2.65802e-14 9.92272e-14 3.70428e-13 1.38285e-12 5.16236e-12 1.92717e-11 7.19435e-11 2.68573e-10 1.00261e-09 3.74287e-09 1.39725e-08 5.21608e-08 1.94721e-07 7.26911e-07 2.71362e-06 1.01301e-05 3.78158e-05 0.00014116 0.000526838 0.00196502 0.00731192 0.0269701 0.096307 0.306263 0.68109 0.898825 0.971582 0.992286 0.997925 0.999443 0.999851 0.99996 0.999989 0.999997 0.999999 1 1 1 1 1 1 1 1 1 1 1 1 1 1 1 1 1 1 1 1 1 1 1 1 1 1 1 1 1 1 1 1 1 1 1 1 1 1 1 1 1 1 1 1 1 1 1 1 1 1 1 1 1 1 1 1 1 1 1 1 1 1 1 1 1 1 1 1 
1 1 1 1 1 1 1 1 1 1 1 1 1 1 1 1 1 1 1 1 1 1 1 1 1 1 1 1 1 1 0.999999 0.999997 0.999989 0.999959 0.999849 0.999446 0.997971 0.992579 0.973086 0.90543 0.703012 0.337407 0.110271 0.0315762 0.00870369 0.00237347 0.000645196 0.000175198 4.75498e-05 1.29009e-05 3.49917e-06 9.48848e-07 2.5723e-07 6.97177e-08 1.88916e-08 5.11803e-09 1.38627e-09 3.75416e-10 1.01648e-10 2.75174e-11 7.44813e-12 2.01567e-12 5.45418e-13 1.47569e-13 3.99366e-14 1.08468e-14 3.04921e-15 1.11999e-15 1.04748e-15 2.13486e-15 5.11622e-15 1.23432e-14 2.93825e-14 6.88034e-14 1.58297e-13 3.57454e-13 7.91374e-13 1.71577e-12 3.6385e-12 7.53731e-12 1.52321e-11 2.99874e-11 5.74283e-11 1.06824e-10 1.92707e-10 3.3662e-10 5.68484e-10 9.26749e-10 1.45618e-09 2.20216e-09 3.20088e-09 4.46614e-09 5.97532e-09 7.65882e-09 9.39811e-09 1.1036e-08 1.2399e-08 1.33274e-08 1.37058e-08 1.34861e-08 1.26975e-08 1.14399e-08 9.8639e-09 8.14155e-09 6.43567e-09 4.87535e-09 3.54275e-09 2.47216e-09 1.65866e-09 1.07146e-09 6.67349e-10 4.01362e-10 2.33446e-10 1.31513e-10 7.18701e-11 3.81572e-11 1.97103e-11 9.92018e-12 4.8714e-12 2.33705e-12 1.09676e-12 5.04084e-13 2.27161e-13 1.00478e-13 4.36666e-14 1.86631e-14 7.85165e-15 3.2542e-15 1.32976e-15 5.36132e-16 2.13421e-16 8.39362e-17 3.26342e-17 1.25504e-17 4.77679e-18 1.80042e-18 6.73034e-19 2.52318e-19 1.04885e-19 8.42064e-20 2.02416e-19 7.15148e-19 2.65502e-18 9.90559e-18 3.69741e-17 1.38017e-16 5.15196e-16 1.92314e-15 7.17877e-15 2.67972e-14 1.0003e-13 3.73394e-13 1.39382e-12 5.2029e-12 1.94216e-11 7.24975e-11 2.70621e-10 1.01018e-09 3.77084e-09 1.40759e-08 5.25429e-08 1.96133e-07 7.32129e-07 2.7329e-06 1.02014e-05 3.80791e-05 0.000142133 0.000530431 0.00197827 0.00736055 0.0271455 0.0968983 0.307813 0.682686 0.899445 0.971767 0.992337 0.997939 0.999447 0.999852 0.99996 0.999989 0.999997 0.999999 1 1 1 1 1 1 1 1 1 1 1 1 1 1 1 1 1 1 1 1 1 1 1 1 1 1 1 1 1 1 1 1 1 1 1 1 1 1 1 1 1 1 1 1 1 1 1 1 1 1 1 1 1 1 1 1 1 1 1 1 1 1 1 1 1 1 1 1 
1 1 1 1 1 1 1 1 1 1 1 1 1 1 1 1 1 1 1 1 1 1 1 1 1 1 1 1 1 1 0.999999 0.999998 0.999991 0.999967 0.99988 0.999559 0.998379 0.994048 0.978293 0.922815 0.749588 0.393686 0.133608 0.0386313 0.0106602 0.00290324 0.000787667 0.00021343 5.78008e-05 1.56482e-05 4.23528e-06 1.14604e-06 3.10043e-07 8.38613e-08 2.26789e-08 6.13208e-09 1.65778e-09 4.48104e-10 1.21108e-10 3.27273e-11 8.84289e-12 2.38907e-12 6.45384e-13 1.74329e-13 4.70906e-14 1.27344e-14 3.48229e-15 1.04998e-15 5.56701e-16 8.21435e-16 1.84668e-15 4.37299e-15 1.02708e-14 2.37402e-14 5.39097e-14 1.20138e-13 2.62457e-13 5.61459e-13 1.17475e-12 2.40108e-12 4.78779e-12 9.30141e-12 1.75809e-11 3.22844e-11 5.7513e-11 9.9248e-11 1.6566e-10 2.67069e-10 4.15256e-10 6.21879e-10 8.95852e-10 1.23994e-09 1.64722e-09 2.09858e-09 2.56242e-09 2.9974e-09 3.35828e-09 3.60358e-09 3.70341e-09 3.64533e-09 3.43688e-09 3.10396e-09 2.68567e-09 2.22683e-09 1.77015e-09 1.34988e-09 9.88368e-10 6.95538e-10 4.7099e-10 3.07286e-10 1.93421e-10 1.17627e-10 6.92108e-11 3.94582e-11 2.18287e-11 1.17346e-11 6.13856e-12 3.12911e-12 1.55635e-12 7.56264e-13 3.59461e-13 1.67319e-13 7.63546e-14 3.41957e-14 1.50447e-14 6.50847e-15 2.77099e-15 1.16202e-15 4.8034e-16 1.95866e-16 7.88392e-17 3.13458e-17 1.23177e-17 4.78681e-18 1.84065e-18 7.00873e-19 2.65117e-19 1.02361e-19 5.03289e-20 6.49025e-20 1.9706e-19 7.19046e-19 2.67786e-18 9.99289e-18 3.72975e-17 1.39212e-16 5.19607e-16 1.93943e-15 7.23892e-15 2.70193e-14 1.0085e-13 3.76422e-13 1.405e-12 5.24418e-12 1.9574e-11 7.30602e-11 2.72699e-10 1.01785e-09 3.79917e-09 1.41805e-08 5.2929e-08 1.97559e-07 7.37393e-07 2.75234e-06 1.02731e-05 3.83441e-05 0.000143111 0.000534041 0.00199157 0.00740936 0.0273213 0.0974905 0.309361 0.684265 0.900056 0.971949 0.992388 0.997953 0.999451 0.999853 0.999961 0.999989 0.999997 0.999999 1 1 1 1 1 1 1 1 1 1 1 1 1 1 1 1 1 1 1 1 1 1 1 1 1 1 1 1 1 1 1 1 1 1 1 1 1 1 1 1 1 1 1 1 1 1 1 1 1 1 1 1 1 1 1 1 1 1 1 1 1 1 1 1 1 1 1 1 
1 1 1 1 1 1 1 1 1 1 1 1 1 1 1 1 1 1 1 1 1 1 1 1 1 1 1 1 1 1 0.999999 0.999998 0.999993 0.999974 0.999903 0.999642 0.998679 0.995135 0.982182 0.936085 0.787498 0.450206 0.159119 0.0464882 0.0128414 0.00349197 0.000945357 0.000255579 6.90601e-05 1.86555e-05 5.0385e-06 1.36058e-06 3.67349e-07 9.9169e-08 2.67682e-08 7.22459e-09 1.94967e-09 5.261e-10 1.4195e-10 3.82973e-11 1.03316e-11 2.787e-12 7.51757e-13 2.02765e-13 5.46895e-14 1.47557e-14 3.99548e-15 1.11777e-15 4.00653e-16 3.48914e-16 6.70227e-16 1.53761e-15 3.55852e-15 8.11987e-15 1.82043e-14 4.00492e-14 8.63662e-14 1.82369e-13 3.76634e-13 7.59854e-13 1.49569e-12 2.86874e-12 5.35428e-12 9.71127e-12 1.70928e-11 2.91542e-11 4.8121e-11 7.67562e-11 1.18156e-10 1.75308e-10 2.50397e-10 3.43926e-10 4.53831e-10 5.74879e-10 6.98642e-10 8.14245e-10 9.09875e-10 9.74747e-10 1.00111e-09 9.85738e-10 9.30587e-10 8.4238e-10 7.31276e-10 6.08966e-10 4.86662e-10 3.73462e-10 2.7542e-10 1.95385e-10 1.33476e-10 8.79142e-11 5.58994e-11 3.43578e-11 2.04412e-11 1.17883e-11 6.59862e-12 3.59014e-12 1.90111e-12 9.811e-13 4.9406e-13 2.43074e-13 1.16978e-13 5.51267e-14 2.5467e-14 1.15451e-14 5.14085e-15 2.25056e-15 9.69475e-16 4.1127e-16 1.71947e-16 7.09015e-17 2.88537e-17 1.15961e-17 4.60521e-18 1.80827e-18 7.02451e-19 2.70295e-19 1.03796e-19 4.25011e-20 2.84265e-20 5.73827e-20 1.96088e-19 7.25161e-19 2.7039e-18 1.00902e-17 3.76568e-17 1.40537e-16 5.24495e-16 1.95746e-15 7.30541e-15 2.72645e-14 1.01754e-13 3.79758e-13 1.4173e-12 5.28956e-12 1.97413e-11 7.36776e-11 2.74976e-10 1.02625e-09 3.83015e-09 1.42948e-08 5.33506e-08 1.99114e-07 7.43131e-07 2.7735e-06 1.03512e-05 3.86322e-05 0.000144174 0.000537961 0.00200601 0.00746229 0.0275119 0.0981313 0.31103 0.685953 0.900708 0.972143 0.992442 0.997968 0.999455 0.999854 0.999961 0.99999 0.999997 0.999999 1 1 1 1 1 1 1 1 1 1 1 1 1 1 1 1 1 1 1 1 1 1 1 1 1 1 1 1 1 1 1 1 1 1 1 1 1 1 1 1 1 1 1 1 1 1 1 1 1 1 1 1 1 1 1 1 1 1 1 1 1 1 1 1 1 1 1 1 
1 1 1 1 1 1 1 1 1 1 1 1 1 1 1 1 1 1 1 1 1 1 1 1 1 1 1 1 1 1 1 0.999998 0.999994 0.999978 0.99992 0.999703 0.998903 0.995952 0.985128 0.946309 0.818196 0.504058 0.185861 0.0549087 0.0151852 0.00412316 0.00111388 0.000300478 8.10185e-05 2.18408e-05 5.88715e-06 1.58673e-06 4.27629e-07 1.1524e-07 3.10536e-08 8.36757e-09 2.25458e-09 6.07452e-10 1.6366e-10 4.40916e-11 1.18783e-11 3.19995e-12 8.62027e-13 2.32214e-13 6.25538e-14 1.68526e-14 4.54548e-15 1.23906e-15 3.69459e-16 1.85167e-16 2.52302e-16 5.38954e-16 1.22317e-15 2.75439e-15 6.0981e-15 1.32482e-14 2.82117e-14 5.88228e-14 1.19957e-13 2.38982e-13 4.64564e-13 8.80088e-13 1.62275e-12 2.90841e-12 5.06012e-12 8.53473e-12 1.39369e-11 2.2005e-11 3.3551e-11 4.93393e-11 6.99026e-11 9.53153e-11 1.24972e-10 1.57444e-10 1.90484e-10 2.21229e-10 2.4659e-10 2.6376e-10 2.70727e-10 2.66656e-10 2.52052e-10 2.28662e-10 1.99129e-10 1.66507e-10 1.33742e-10 1.03249e-10 7.6668e-11 5.48073e-11 3.77575e-11 2.50957e-11 1.61119e-11 1.00044e-11 6.01586e-12 3.50775e-12 1.9859e-12 1.09308e-12 5.85687e-13 3.05879e-13 1.55895e-13 7.76301e-14 3.78124e-14 1.80351e-14 8.43211e-15 3.86828e-15 1.7429e-15 7.71948e-16 3.36382e-16 1.44329e-16 6.10211e-17 2.54402e-17 1.04657e-17 4.2511e-18 1.706e-18 6.76788e-19 2.65609e-19 1.03368e-19 4.0642e-20 1.88679e-20 1.97985e-20 5.47672e-20 1.97209e-19 7.33223e-19 2.73504e-18 1.02055e-17 3.80817e-17 1.42103e-16 5.30266e-16 1.97872e-15 7.38377e-15 2.75532e-14 1.02818e-13 3.83678e-13 1.43175e-12 5.3428e-12 1.99376e-11 7.44006e-11 2.77641e-10 1.03607e-09 3.86634e-09 1.44282e-08 5.38423e-08 2.00927e-07 7.49812e-07 2.79813e-06 1.0442e-05 3.89669e-05 0.000145408 0.000542509 0.00202276 0.00752363 0.0277325 0.0988725 0.312955 0.687878 0.901448 0.972363 0.992503 0.997984 0.999459 0.999855 0.999961 0.99999 0.999997 0.999999 1 1 1 1 1 1 1 1 1 1 1 1 1 1 1 1 1 1 1 1 1 1 1 1 1 1 1 1 1 1 1 1 1 1 1 1 1 1 1 1 1 1 1 1 1 1 1 1 1 1 1 1 1 1 1 1 1 1 1 1 1 1 1 1 1 1 1 1 
1 1 1 1 1 1 1 1 1 1 1 1 1 1 1 1 1 1 1 1 1 1 1 1 1 1 1 1 1 1 1 0.999999 0.999995 0.999982 0.999932 0.999749 0.999071 0.996567 0.987359 0.954146 0.842559 0.552154 0.212447 0.0635096 0.0175924 0.00477143 0.00128672 0.000346455 9.32446e-05 2.50927e-05 6.75234e-06 1.817e-06 4.88936e-07 1.31567e-07 3.54031e-08 9.52652e-09 2.56347e-09 6.898e-10 1.85618e-10 4.99479e-11 1.34406e-11 3.61677e-12 9.73259e-13 2.61902e-13 7.04785e-14 1.89669e-14 5.1063e-15 1.37945e-15 3.83958e-16 1.33514e-16 1.06436e-16 1.90756e-16 4.17946e-16 9.27225e-16 2.02732e-15 4.35067e-15 9.15158e-15 1.88485e-14 3.79691e-14 7.47263e-14 1.43517e-13 2.68657e-13 4.89588e-13 8.67474e-13 1.49254e-12 2.49053e-12 4.02534e-12 6.29394e-12 9.50895e-12 1.38655e-11 1.94927e-11 2.63952e-11 3.43977e-11 4.31108e-11 5.19355e-11 6.01174e-11 6.68483e-11 7.13969e-11 7.32397e-11 7.21601e-11 6.82898e-11 6.20826e-11 5.42272e-11 4.55216e-11 3.67407e-11 2.85261e-11 2.13211e-11 1.53536e-11 1.06627e-11 7.14881e-12 4.6324e-12 2.90469e-12 1.7646e-12 1.03988e-12 5.95196e-13 3.31293e-13 1.79546e-13 9.48577e-14 4.8912e-14 2.46433e-14 1.2145e-14 5.86106e-15 2.77248e-15 1.28675e-15 5.86485e-16 2.62744e-16 1.15793e-16 5.02401e-17 2.14762e-17 9.05129e-18 3.76356e-18 1.54488e-18 6.26415e-19 2.51054e-19 9.95566e-20 3.92808e-20 1.61664e-20 9.65551e-21 1.65326e-20 5.42507e-20 1.9959e-19 7.43577e-19 2.77375e-18 1.03482e-17 3.86077e-17 1.4404e-16 5.37399e-16 2.00499e-15 7.48052e-15 2.79096e-14 1.0413e-13 3.88511e-13 1.44955e-12 5.40834e-12 2.01789e-11 7.52895e-11 2.80914e-10 1.04813e-09 3.91075e-09 1.45917e-08 5.44447e-08 2.03145e-07 7.57986e-07 2.82824e-06 1.05529e-05 3.93756e-05 0.000146914 0.000548055 0.00204316 0.00759829 0.0280008 0.0997726 0.315283 0.690179 0.90233 0.972625 0.992575 0.998004 0.999465 0.999857 0.999962 0.99999 0.999997 0.999999 1 1 1 1 1 1 1 1 1 1 1 1 1 1 1 1 1 1 1 1 1 1 1 1 1 1 1 1 1 1 1 1 1 1 1 1 1 1 1 1 1 1 1 1 1 1 1 1 1 1 1 1 1 1 1 1 1 1 1 1 1 1 1 1 1 1 1 1 
1 1 1 1 1 1 1 1 1 1 1 1 1 1 1 1 1 1 1 1 1 1 1 1 1 1 1 1 1 1 1 0.999999 0.999996 0.999984 0.999942 0.999783 0.999197 0.997027 0.989033 0.960064 0.861382 0.592535 0.237487 0.0718641 0.0199502 0.00540782 0.0014565 0.000391624 0.000105256 2.82872e-05 7.60219e-06 2.04316e-06 5.49141e-07 1.47598e-07 3.96731e-08 1.06642e-08 2.86664e-09 7.70609e-10 2.07162e-10 5.5693e-11 1.49729e-11 4.02555e-12 1.08233e-12 2.91009e-13 7.82472e-14 2.10402e-14 5.65847e-15 1.52349e-15 4.14189e-16 1.21932e-16 5.71455e-17 7.0718e-17 1.42728e-16 3.1008e-16 6.69215e-16 1.41894e-15 2.94923e-15 6.00213e-15 1.19479e-14 2.32383e-14 4.41116e-14 8.16285e-14 1.47083e-13 2.57747e-13 4.38747e-13 7.24599e-13 1.15965e-12 1.79635e-12 2.69028e-12 3.89116e-12 5.43005e-12 7.30428e-12 9.46365e-12 1.18023e-11 1.41604e-11 1.63391e-11 1.81268e-11 1.93327e-11 1.98205e-11 1.9534e-11 1.85075e-11 1.6859e-11 1.47682e-11 1.24438e-11 1.00897e-11 7.87659e-12 5.924e-12 4.29589e-12 3.00639e-12 2.03247e-12 1.32879e-12 8.41063e-13 5.15995e-13 3.072e-13 1.77694e-13 9.99805e-14 5.47851e-14 2.92695e-14 1.52639e-14 7.77835e-15 3.87745e-15 1.8927e-15 9.05577e-16 4.25091e-16 1.95949e-16 8.87724e-17 3.95586e-17 1.73528e-17 7.49856e-18 3.19427e-18 1.34225e-18 5.56721e-19 2.28058e-19 9.23352e-20 3.70222e-20 1.49085e-20 6.77971e-21 6.13412e-21 1.54408e-20 5.47303e-20 2.03046e-19 7.56932e-19 2.82315e-18 1.05302e-17 3.92778e-17 1.46508e-16 5.46484e-16 2.03844e-15 7.60365e-15 2.83629e-14 1.05799e-13 3.94654e-13 1.47216e-12 5.49159e-12 2.04854e-11 7.64176e-11 2.85067e-10 1.06342e-09 3.96701e-09 1.47988e-08 5.52071e-08 2.05952e-07 7.68318e-07 2.86628e-06 1.0693e-05 3.98912e-05 0.000148812 0.000555041 0.00206884 0.00769223 0.0283381 0.100902 0.318191 0.693011 0.90341 0.972944 0.992664 0.998028 0.999471 0.999858 0.999962 0.99999 0.999997 0.999999 1 1 1 1 1 1 1 1 1 1 1 1 1 1 1 1 1 1 1 1 1 1 1 1 1 1 1 1 1 1 1 1 1 1 1 1 1 1 1 1 1 1 1 1 1 1 1 1 1 1 1 1 1 1 1 1 1 1 1 1 1 1 1 1 1 1 1 1 
1 1 1 1 1 1 1 1 1 1 1 1 1 1 1 1 1 1 1 1 1 1 1 1 1 1 1 1 1 1 1 0.999999 0.999996 0.999986 0.999948 0.999809 0.99929 0.997369 0.990274 0.964462 0.875576 0.624839 0.259964 0.0796098 0.0221578 0.006006 0.00161643 0.000434235 0.000116601 3.13078e-05 8.40654e-06 2.2574e-06 6.06214e-07 1.62806e-07 4.37262e-08 1.17446e-08 3.1547e-09 8.47427e-10 2.27651e-10 6.11586e-11 1.64311e-11 4.41468e-12 1.18618e-12 3.1873e-13 8.56476e-14 2.30159e-14 6.18556e-15 1.66304e-15 4.48538e-16 1.2421e-16 4.1732e-17 2.99708e-17 4.94928e-17 1.03262e-16 2.19483e-16 4.59781e-16 9.4455e-16 1.90012e-15 3.73901e-15 7.18943e-15 1.34936e-14 2.46933e-14 4.40109e-14 7.63084e-14 1.28563e-13 2.1023e-13 3.33283e-13 5.11667e-13 7.59892e-13 1.0906e-12 1.51119e-12 2.01997e-12 2.60266e-12 3.23051e-12 3.86093e-12 4.44145e-12 4.91656e-12 5.23647e-12 5.36571e-12 5.28962e-12 5.01715e-12 4.57905e-12 4.02219e-12 3.40127e-12 2.76999e-12 2.17367e-12 1.6446e-12 1.20061e-12 8.46426e-13 5.76807e-13 3.80334e-13 2.42916e-13 1.50446e-13 9.04544e-14 5.28561e-14 3.00518e-14 1.66435e-14 8.98875e-15 4.73923e-15 2.44191e-15 1.23086e-15 6.07546e-16 2.93935e-16 1.39515e-16 6.50241e-17 2.9783e-17 1.34169e-17 5.94912e-18 2.59827e-18 1.11852e-18 4.74914e-19 1.99006e-19 8.23514e-20 3.36867e-20 1.36836e-20 5.72694e-21 3.22548e-21 4.84777e-21 1.52616e-20 5.58136e-20 2.07696e-19 7.743e-19 2.8872e-18 1.07661e-17 4.01461e-17 1.49704e-16 5.58253e-16 2.08177e-15 7.76315e-15 2.895e-14 1.0796e-13 4.02609e-13 1.50144e-12 5.59935e-12 2.0882e-11 7.78771e-11 2.90437e-10 1.08318e-09 4.03974e-09 1.50664e-08 5.61917e-08 2.09575e-07 7.81649e-07 2.91533e-06 1.08735e-05 4.05553e-05 0.000151255 0.000564028 0.00210185 0.00781289 0.0287709 0.102348 0.321892 0.69655 0.904752 0.973341 0.992774 0.998058 0.999479 0.99986 0.999963 0.99999 0.999997 0.999999 1 1 1 1 1 1 1 1 1 1 1 1 1 1 1 1 1 1 1 1 1 1 1 1 1 1 1 1 1 1 1 1 1 1 1 1 1 1 1 1 1 1 1 1 1 1 1 1 1 1 1 1 1 1 1 1 1 1 1 1 1 1 1 1 1 1 1 1 
1 1 1 1 1 1 1 1 1 1 1 1 1 1 1 1 1 1 1 1 1 1 1 1 1 1 1 1 1 1 1 0.999999 0.999997 0.999988 0.999954 0.999827 0.999359 0.997619 0.991183 0.967691 0.886104 0.649856 0.279359 0.0865036 0.0241427 0.00654626 0.00176128 0.000472917 0.00012692 3.40601e-05 9.14063e-06 2.4532e-06 6.58448e-07 1.76741e-07 4.74444e-08 1.27368e-08 3.41948e-09 9.18097e-10 2.46515e-10 6.61945e-11 1.77757e-11 4.77369e-12 1.28205e-12 3.44334e-13 9.24862e-14 2.48426e-14 6.67335e-15 1.79293e-15 4.82215e-16 1.30809e-16 3.79837e-17 1.65135e-17 1.82189e-17 3.44794e-17 7.16056e-17 1.48087e-16 3.00743e-16 5.982e-16 1.16401e-15 2.21347e-15 4.10914e-15 7.43919e-15 1.31199e-14 2.25159e-14 3.756e-14 6.08362e-14 9.55721e-14 1.4547e-13 2.14312e-13 3.05306e-13 4.20197e-13 5.58276e-13 7.15516e-13 8.84117e-13 1.05273e-12 1.20749e-12 1.33384e-12 1.41877e-12 1.45303e-12 1.43281e-12 1.36043e-12 1.24393e-12 1.09553e-12 9.29587e-13 7.60245e-13 5.99553e-13 4.56217e-13 3.35191e-13 2.3798e-13 1.63419e-13 1.08641e-13 6.99925e-14 4.37453e-14 2.65521e-14 1.56684e-14 8.99864e-15 5.03533e-15 2.74814e-15 1.46442e-15 7.62691e-16 3.88615e-16 1.93908e-16 9.48368e-17 4.55042e-17 2.14382e-17 9.92528e-18 4.51911e-18 2.02507e-18 8.93749e-19 3.88748e-19 1.66755e-19 7.05858e-20 2.95049e-20 1.22007e-20 5.04988e-21 2.30292e-21 1.90859e-21 4.44547e-21 1.55138e-20 5.74117e-20 2.13837e-19 7.97008e-19 2.97085e-18 1.10741e-17 4.12804e-17 1.53881e-16 5.73632e-16 2.13839e-15 7.97163e-15 2.97175e-14 1.10786e-13 4.1301e-13 1.53973e-12 5.74026e-12 2.14006e-11 7.97855e-11 2.9746e-10 1.10902e-09 4.13481e-09 1.54162e-08 5.74785e-08 2.14308e-07 7.9906e-07 2.97937e-06 1.1109e-05 4.14216e-05 0.000154441 0.000575738 0.00214484 0.00796989 0.0293333 0.104223 0.326655 0.701001 0.906428 0.973835 0.99291 0.998095 0.999489 0.999863 0.999963 0.99999 0.999997 0.999999 1 1 1 1 1 1 1 1 1 1 1 1 1 1 1 1 1 1 1 1 1 1 1 1 1 1 1 1 1 1 1 1 1 1 1 1 1 1 1 1 1 1 1 1 1 1 1 1 1 1 1 1 1 1 1 1 1 1 1 1 1 1 1 1 1 1 1 1 
1 1 1 1 1 1 1 1 1 1 1 1 1 1 1 1 1 1 1 1 1 1 1 1 1 1 1 1 1 1 1 0.999999 0.999997 0.999989 0.999957 0.999841 0.999409 0.997802 0.991845 0.970042 0.893833 0.668838 0.295546 0.0924198 0.0258621 0.00701628 0.00188767 0.00050675 0.000135965 3.64774e-05 9.78655e-06 2.62579e-06 7.0456e-07 1.89062e-07 5.07362e-08 1.36163e-08 3.65449e-09 9.80889e-10 2.63293e-10 7.06779e-11 1.89737e-11 5.09384e-12 1.36761e-12 3.672e-13 9.85977e-14 2.6476e-14 7.1099e-15 1.90947e-15 5.13009e-16 1.38213e-16 3.80816e-17 1.23359e-17 7.86681e-18 1.17799e-17 2.33105e-17 4.74421e-17 9.52307e-17 1.87341e-16 3.60591e-16 6.78361e-16 1.24604e-15 2.23247e-15 3.89736e-15 6.62267e-15 1.09425e-14 1.75618e-14 2.7349e-14 4.12858e-14 6.03567e-14 8.53735e-14 1.16742e-13 1.54208e-13 1.96641e-13 2.41927e-13 2.8704e-13 3.2832e-13 3.61942e-13 3.84504e-13 3.93593e-13 3.88215e-13 3.68978e-13 3.37975e-13 2.98408e-13 2.54039e-13 2.086e-13 1.65293e-13 1.26465e-13 9.34878e-14 6.6825e-14 4.62262e-14 3.09739e-14 2.01224e-14 1.26873e-14 7.77153e-15 4.6296e-15 2.68491e-15 1.51745e-15 8.36645e-16 4.50451e-16 2.37061e-16 1.22066e-16 6.15538e-17 3.0425e-17 1.47536e-17 7.02449e-18 3.28648e-18 1.51208e-18 6.84643e-19 3.05281e-19 1.34144e-19 5.81237e-20 2.485e-20 1.04933e-20 4.39431e-21 1.88426e-21 1.04294e-21 1.44745e-21 4.40876e-21 1.60324e-20 5.95761e-20 2.21905e-19 8.26761e-19 3.08044e-18 1.14777e-17 4.27669e-17 1.59356e-16 5.93795e-16 2.21265e-15 8.2451e-15 3.07246e-14 1.14494e-13 4.26666e-13 1.59e-12 5.92536e-12 2.2082e-11 8.22939e-11 3.06693e-10 1.143e-09 4.25984e-09 1.58763e-08 5.9171e-08 2.20534e-07 8.2196e-07 3.06359e-06 1.14187e-05 4.25603e-05 0.000158627 0.000591122 0.00220128 0.00817589 0.0300704 0.106672 0.332823 0.706601 0.908517 0.974448 0.993079 0.998141 0.999502 0.999867 0.999964 0.99999 0.999997 0.999999 1 1 1 1 1 1 1 1 1 1 1 1 1 1 1 1 1 1 1 1 1 1 1 1 1 1 1 1 1 1 1 1 1 1 1 1 1 1 1 1 1 1 1 1 1 1 1 1 1 1 1 1 1 1 1 1 1 1 1 1 1 1 1 1 1 1 1 1 
1 1 1 1 1 1 1 1 1 1 1 1 1 1 1 1 1 1 1 1 1 1 1 1 1 1 1 1 1 1 1 0.999999 0.999997 0.999989 0.99996 0.999851 0.999445 0.997933 0.992322 0.971742 0.899457 0.683007 0.308631 0.0973161 0.0272964 0.00740983 0.00199376 0.000535211 0.00014359 3.85187e-05 1.0333e-05 2.77204e-06 7.43696e-07 1.99534e-07 5.3538e-08 1.43659e-08 3.85501e-09 1.03453e-09 2.77641e-10 7.45157e-11 2.00002e-11 5.3684e-12 1.44105e-12 3.86841e-13 1.03851e-13 2.78809e-14 7.48563e-15 2.0099e-15 5.39746e-16 1.4508e-16 3.92808e-17 1.12479e-17 4.51545e-18 4.35204e-18 7.64128e-18 1.51407e-17 3.00032e-17 5.83811e-17 1.11187e-16 2.06997e-16 3.76335e-16 6.67504e-16 1.1539e-15 1.94216e-15 3.17957e-15 5.05804e-15 7.81094e-15 1.16982e-14 1.69757e-14 2.38484e-14 3.24091e-14 4.25731e-14 5.40245e-14 6.61913e-14 7.82662e-14 8.9282e-14 9.82341e-14 1.04231e-13 1.06644e-13 1.05213e-13 1.00096e-13 9.18416e-14 8.12864e-14 6.94183e-14 5.72222e-14 4.55498e-14 3.50331e-14 2.60506e-14 1.87422e-14 1.30567e-14 8.81507e-15 5.77294e-15 3.67077e-15 2.26844e-15 1.36376e-15 7.98393e-16 4.55614e-16 2.5369e-16 1.37962e-16 7.33453e-17 3.81546e-17 1.9439e-17 9.70799e-18 4.75641e-18 2.28811e-18 1.08157e-18 5.0274e-19 2.29957e-19 1.03577e-19 4.59705e-20 2.01172e-20 8.68649e-21 3.70739e-21 1.58119e-21 7.3512e-22 5.91195e-22 1.31765e-21 4.54634e-21 1.67834e-20 6.24379e-20 2.32482e-19 8.65731e-19 3.22399e-18 1.20065e-17 4.47148e-17 1.66532e-16 6.2023e-16 2.31004e-15 8.60388e-15 3.20463e-14 1.19363e-13 4.44602e-13 1.65608e-12 6.16873e-12 2.29783e-11 8.55949e-11 3.18848e-10 1.18775e-09 4.42461e-09 1.64828e-08 6.14032e-08 2.28749e-07 8.52183e-07 3.17477e-06 1.18276e-05 4.40641e-05 0.000164156 0.000611434 0.00227579 0.0084477 0.0310419 0.10989 0.340832 0.713615 0.911105 0.975205 0.993287 0.998197 0.999517 0.999871 0.999965 0.999991 0.999998 0.999999 1 1 1 1 1 1 1 1 1 1 1 1 1 1 1 1 1 1 1 1 1 1 1 1 1 1 1 1 1 1 1 1 1 1 1 1 1 1 1 1 1 1 1 1 1 1 1 1 1 1 1 1 1 1 1 1 1 1 1 1 1 1 1 1 1 1 1 1 
1 1 1 1 1 1 1 1 1 1 1 1 1 1 1 1 1 1 1 1 1 1 1 1 1 1 1 1 1 1 1 0.999999 0.999997 0.99999 0.999962 0.999858 0.99947 0.998026 0.992662 0.972951 0.903484 0.693353 0.31881 0.101198 0.0284407 0.00772472 0.00207882 0.000558068 0.000149722 4.01632e-05 1.07738e-05 2.89019e-06 7.75356e-07 2.08016e-07 5.58102e-08 1.49745e-08 4.018e-09 1.07817e-09 2.89327e-10 7.76442e-11 2.08377e-11 5.59258e-12 1.50105e-12 4.029e-13 1.08148e-13 2.9031e-14 7.79338e-15 2.09223e-15 5.61733e-16 1.50866e-16 4.06144e-17 1.11359e-17 3.47792e-18 1.94753e-18 2.59088e-18 4.83373e-18 9.41287e-18 1.81097e-17 3.41334e-17 6.29057e-17 1.13234e-16 1.98894e-16 3.40572e-16 5.67966e-16 9.21604e-16 1.45365e-15 2.22673e-15 3.30955e-15 4.76859e-15 6.6554e-15 8.99068e-15 1.17476e-14 1.48381e-14 1.81075e-14 2.13406e-14 2.42816e-14 2.66664e-14 2.82615e-14 2.89023e-14 2.85211e-14 2.71595e-14 2.49605e-14 2.21433e-14 1.89676e-14 1.56932e-14 1.25469e-14 9.69869e-15 7.25281e-15 5.25069e-15 3.68275e-15 2.50454e-15 1.65295e-15 1.05964e-15 6.60434e-16 4.00569e-16 2.36656e-16 1.36321e-16 7.66336e-17 4.20819e-17 2.25937e-17 1.18709e-17 6.10884e-18 3.08166e-18 1.52515e-18 7.41118e-19 3.53864e-19 1.6614e-19 7.67555e-20 3.49163e-20 1.56499e-20 6.91589e-21 3.01625e-21 1.30365e-21 5.75993e-22 3.24133e-22 4.41269e-22 1.32404e-21 4.79599e-21 1.77931e-20 6.61912e-20 2.46317e-19 9.16689e-19 3.41168e-18 1.26979e-17 4.72622e-17 1.75918e-16 6.54816e-16 2.43749e-15 9.07359e-15 3.37774e-14 1.25743e-13 4.68116e-13 1.74274e-12 6.48812e-12 2.41554e-11 8.99325e-11 3.34832e-10 1.24664e-09 4.64157e-09 1.7282e-08 6.43468e-08 2.39589e-07 8.92093e-07 3.32169e-06 1.23683e-05 4.60534e-05 0.000171473 0.000638329 0.00237448 0.00880766 0.0323271 0.11413 0.351234 0.722328 0.914276 0.976127 0.993539 0.998265 0.999535 0.999875 0.999967 0.999991 0.999998 0.999999 1 1 1 1 1 1 1 1 1 1 1 1 1 1 1 1 1 1 1 1 1 1 1 1 1 1 1 1 1 1 1 1 1 1 1 1 1 1 1 1 1 1 1 1 1 1 1 1 1 1 1 1 1 1 1 1 1 1 1 1 1 1 1 1 1 1 1 1 
1 1 1 1 1 1 1 1 1 1 1 1 1 1 1 1 1 1 1 1 1 1 1 1 1 1 1 1 1 1 1 0.999999 0.999997 0.99999 0.999963 0.999863 0.999488 0.99809 0.992894 0.973782 0.906264 0.700603 0.32629 0.104092 0.0292978 0.00796106 0.00214275 0.000575268 0.000154342 4.14035e-05 1.11067e-05 2.97949e-06 7.9931e-07 2.1444e-07 5.75326e-08 1.54362e-08 4.14175e-09 1.11134e-09 2.98213e-10 8.00249e-11 2.14754e-11 5.76337e-12 1.54679e-12 4.15147e-13 1.11427e-13 2.99089e-14 8.02835e-15 2.15512e-15 5.78549e-16 1.55334e-16 4.17383e-17 1.12816e-17 3.18724e-18 1.18124e-18 9.74368e-19 1.56333e-18 2.94664e-18 5.59454e-18 1.04355e-17 1.90429e-17 3.3949e-17 5.90707e-17 1.00223e-16 1.65658e-16 2.66507e-16 4.16927e-16 6.33695e-16 9.34964e-16 1.33796e-15 1.85563e-15 2.49243e-15 3.24008e-15 4.07418e-15 4.95291e-15 5.81888e-15 6.60441e-15 7.24001e-15 7.66448e-15 7.83475e-15 7.73319e-15 7.37064e-15 6.78451e-15 6.03229e-15 5.18219e-15 4.30291e-15 3.45474e-15 2.68343e-15 2.01763e-15 1.46945e-15 1.0374e-15 7.10471e-16 4.72409e-16 3.05234e-16 1.91812e-16 1.17337e-16 6.99371e-17 4.06526e-17 2.3066e-17 1.27864e-17 6.93103e-18 3.67704e-18 1.91079e-18 9.73423e-19 4.86525e-19 2.38758e-19 1.15128e-19 5.45864e-20 2.54661e-20 1.16978e-20 5.29405e-21 2.36233e-21 1.04129e-21 4.58636e-22 2.20508e-22 1.82106e-22 4.06407e-22 1.39738e-21 5.14818e-21 1.91222e-20 7.10961e-20 2.64377e-19 9.83185e-19 3.65656e-18 1.35999e-17 5.05849e-17 1.8816e-16 6.99932e-16 2.60377e-15 9.68649e-15 3.60369e-14 1.34074e-13 4.9883e-13 1.85599e-12 6.90574e-12 2.56954e-11 9.56116e-11 3.55774e-10 1.32387e-09 4.92633e-09 1.83319e-08 6.82175e-08 2.53857e-07 9.4468e-07 3.51547e-06 1.30822e-05 4.86829e-05 0.000181154 0.000673947 0.00250527 0.00928496 0.0340302 0.119724 0.364711 0.733021 0.918104 0.977233 0.993841 0.998346 0.999557 0.999881 0.999968 0.999991 0.999998 0.999999 1 1 1 1 1 1 1 1 1 1 1 1 1 1 1 1 1 1 1 1 1 1 1 1 1 1 1 1 1 1 1 1 1 1 1 1 1 1 1 1 1 1 1 1 1 1 1 1 1 1 1 1 1 1 1 1 1 1 1 1 1 1 1 1 1 1 1 1 
1 1 1 1 1 1 1 1 1 1 1 1 1 1 1 1 1 1 1 1 1 1 1 1 1 1 1 1 1 1 1 0.999999 0.999997 0.99999 0.999964 0.999866 0.999499 0.998131 0.993041 0.974309 0.908031 0.70526 0.331255 0.106033 0.0298743 0.00812027 0.00218585 0.000586873 0.000157462 4.22415e-05 1.13317e-05 3.0399e-06 8.15523e-07 2.1879e-07 5.86996e-08 1.57492e-08 4.22568e-09 1.13384e-09 3.04243e-10 8.16408e-11 2.19084e-11 5.87934e-12 1.57784e-12 4.23464e-13 1.13654e-13 3.0505e-14 8.1879e-15 2.19782e-15 5.89969e-16 1.58379e-16 4.25289e-17 1.14421e-17 3.12294e-18 9.42405e-19 4.6084e-19 5.31262e-19 9.25943e-19 1.72305e-18 3.17837e-18 5.74368e-18 1.0144e-17 1.74897e-17 2.94114e-17 4.81972e-17 7.68988e-17 1.19352e-16 1.80048e-16 2.63773e-16 3.74991e-16 5.16934e-16 6.90518e-16 8.93247e-16 1.11837e-15 1.35459e-15 1.5866e-15 1.79649e-15 1.96597e-15 2.07899e-15 2.12426e-15 2.09718e-15 2.0006e-15 1.8443e-15 1.64336e-15 1.41572e-15 1.17955e-15 9.50887e-16 7.42033e-16 5.60847e-16 4.10832e-16 2.91865e-16 2.01242e-16 1.34777e-16 8.77461e-17 5.55804e-17 3.42824e-17 2.06089e-17 1.20852e-17 6.919e-18 3.8708e-18 2.11785e-18 1.13419e-18 5.95023e-19 3.0604e-19 1.54439e-19 7.6523e-20 3.72561e-20 1.78351e-20 8.40073e-21 3.89586e-21 1.78003e-21 8.02158e-22 3.58197e-22 1.64029e-22 9.7079e-23 1.38521e-22 4.19335e-22 1.51709e-21 5.61792e-21 2.08613e-20 7.7496e-20 2.87921e-19 1.06982e-18 3.97542e-18 1.47738e-17 5.49077e-17 2.04083e-16 7.58594e-16 2.81994e-15 1.04833e-14 3.89742e-14 1.44904e-13 5.38771e-13 2.00331e-12 7.44917e-12 2.77003e-11 1.03009e-10 3.83071e-10 1.4246e-09 5.29809e-09 1.97039e-08 7.32808e-08 2.72542e-07 1.01363e-06 3.76989e-06 1.40209e-05 5.21451e-05 0.00019392 0.000720984 0.00267824 0.00991681 0.0362841 0.127089 0.382053 0.745923 0.922636 0.978534 0.994195 0.998441 0.999582 0.999888 0.99997 0.999992 0.999998 0.999999 1 1 1 1 1 1 1 1 1 1 1 1 1 1 1 1 1 1 1 1 1 1 1 1 1 1 1 1 1 1 1 1 1 1 1 1 1 1 1 1 1 1 1 1 1 1 1 1 1 1 1 1 1 1 1 1 1 1 1 1 1 1 1 1 1 1 1 1 
1 1 1 1 1 1 1 1 1 1 1 1 1 1 1 1 1 1 1 1 1 1 1 1 1 1 1 1 1 1 1 0.999999 0.999997 0.99999 0.999964 0.999867 0.999505 0.998151 0.993116 0.974577 0.908935 0.707656 0.333862 0.107057 0.0301794 0.00820455 0.00220867 0.000593019 0.000159114 4.26852e-05 1.14508e-05 3.07188e-06 8.24105e-07 2.21092e-07 5.93169e-08 1.59147e-08 4.27002e-09 1.14572e-09 3.07425e-10 8.24927e-11 2.21364e-11 5.94036e-12 1.59417e-12 4.2783e-13 1.14822e-13 3.0817e-14 8.27131e-15 2.2201e-15 5.9592e-16 1.59964e-16 4.29445e-17 1.15364e-17 3.11342e-18 8.68885e-19 2.98673e-19 2.07197e-19 2.97407e-19 5.30633e-19 9.64969e-19 1.72652e-18 3.02137e-18 5.16327e-18 8.6083e-18 1.39897e-17 2.21426e-17 3.41051e-17 5.10772e-17 7.43209e-17 1.04989e-16 1.43888e-16 1.91189e-16 2.46152e-16 3.06912e-16 3.70424e-16 4.32602e-16 4.88706e-16 5.33916e-16 5.64019e-16 5.76062e-16 5.6884e-16 5.43097e-16 5.01398e-16 4.47701e-16 3.86729e-16 3.23282e-16 2.61629e-16 2.05081e-16 1.55787e-16 1.14753e-16 8.20189e-17 5.69222e-17 3.8388e-17 2.51763e-17 1.60703e-17 9.9919e-18 6.05658e-18 3.582e-18 2.06875e-18 1.16771e-18 6.44703e-19 3.48447e-19 1.84505e-19 9.57875e-20 4.87936e-20 2.44054e-20 1.19945e-20 5.7963e-21 2.75596e-21 1.29013e-21 5.95087e-22 2.71061e-22 1.23622e-22 6.25132e-23 5.63724e-23 1.32289e-22 4.57441e-22 1.68256e-21 6.23591e-21 2.31346e-20 8.58479e-20 3.1861e-19 1.18262e-18 4.39022e-18 1.62996e-17 6.0522e-17 2.24748e-16 8.34681e-16 3.10017e-15 1.15157e-14 4.27787e-14 1.58928e-13 5.90479e-13 2.19401e-12 8.15265e-12 3.0296e-11 1.12589e-10 4.18432e-10 1.55516e-09 5.78016e-09 2.14843e-08 7.98571e-08 2.96836e-07 1.10338e-06 4.10148e-06 1.5246e-05 5.66711e-05 0.000210637 0.000782695 0.00290559 0.0107485 0.0392506 0.136721 0.404078 0.761145 0.927867 0.980024 0.994599 0.998549 0.999611 0.999896 0.999972 0.999993 0.999998 0.999999 1 1 1 1 1 1 1 1 1 1 1 1 1 1 1 1 1 1 1 1 1 1 1 1 1 1 1 1 1 1 1 1 1 1 1 1 1 1 1 1 1 1 1 1 1 1 1 1 1 1 1 1 1 1 1 1 1 1 1 1 1 1 1 1 1 1 1 1 
1 1 1 1 1 1 1 1 1 1 1 1 1 1 1 1 1 1 1 1 1 1 1 1 1 1 1 1 1 1 1 0.999999 0.999997 0.999991 0.999965 0.999868 0.999505 0.998154 0.993127 0.974616 0.909067 0.708004 0.33424 0.107206 0.0302235 0.00821668 0.00221194 0.000593894 0.000159348 4.27475e-05 1.14674e-05 3.07628e-06 8.25272e-07 2.21402e-07 5.93987e-08 1.59363e-08 4.27572e-09 1.14722e-09 3.07819e-10 8.25959e-11 2.21634e-11 5.94741e-12 1.59601e-12 4.28307e-13 1.14945e-13 3.0849e-14 8.27954e-15 2.22222e-15 5.96461e-16 1.60101e-16 4.29766e-17 1.1539e-17 3.10282e-18 8.43414e-19 2.46912e-19 1.05701e-19 1.02703e-19 1.64867e-19 2.92487e-19 5.1742e-19 8.9722e-19 1.52008e-18 2.51324e-18 4.05159e-18 6.36334e-18 9.72899e-18 1.44689e-17 2.09153e-17 2.93659e-17 4.00201e-17 5.29052e-17 6.78043e-17 8.42041e-17 1.01283e-16 1.1795e-16 1.32952e-16 1.45017e-16 1.53039e-16 1.56244e-16 1.54316e-16 1.47452e-16 1.36323e-16 1.21968e-16 1.05632e-16 8.85839e-17 7.19602e-17 5.66508e-17 4.32433e-17 3.20245e-17 2.30233e-17 1.60793e-17 1.09168e-17 7.21058e-18 4.63693e-18 2.90549e-18 1.77534e-18 1.05869e-18 6.16642e-19 3.5109e-19 1.95556e-19 1.06642e-19 5.69801e-20 2.98525e-20 1.53467e-20 7.747e-21 3.84269e-21 1.87416e-21 8.99356e-22 4.24926e-22 1.97926e-22 9.14363e-23 4.37645e-23 2.84397e-23 4.5549e-23 1.42255e-22 5.15234e-22 1.90324e-21 7.04814e-21 2.61132e-20 9.67711e-20 3.58685e-19 1.32971e-18 4.93031e-18 1.82836e-17 6.78132e-17 2.51554e-16 9.33269e-16 3.4629e-15 1.28507e-14 4.76944e-14 1.77034e-13 6.57189e-13 2.43989e-12 9.05921e-12 3.36396e-11 1.24925e-10 4.63959e-10 1.72323e-09 6.40085e-09 2.37771e-08 8.83292e-08 3.28149e-07 1.21915e-06 4.52958e-06 1.68294e-05 6.25287e-05 0.000232307 0.000862827 0.00320134 0.0118321 0.0431135 0.149157 0.431451 0.778585 0.933723 0.981679 0.995045 0.998668 0.999642 0.999904 0.999974 0.999993 0.999998 1 1 1 1 1 1 1 1 1 1 1 1 1 1 1 1 1 1 1 1 1 1 1 1 1 1 1 1 1 1 1 1 1 1 1 1 1 1 1 1 1 1 1 1 1 1 1 1 1 1 1 1 1 1 1 1 1 1 1 1 1 1 1 1 1 1 1 1 1 
1 1 1 1 1 1 1 1 1 1 1 1 1 1 1 1 1 1 1 1 1 1 1 1 1 1 1 1 1 1 1 0.999999 0.999997 0.99999 0.999964 0.999867 0.999502 0.998141 0.993078 0.97444 0.908471 0.706417 0.3325 0.106519 0.0300186 0.00815992 0.00219653 0.000589729 0.000158224 4.24444e-05 1.13857e-05 3.05423e-06 8.19325e-07 2.19797e-07 5.8966e-08 1.58195e-08 4.24422e-09 1.13872e-09 3.05526e-10 8.19772e-11 2.19964e-11 5.90236e-12 1.58385e-12 4.25025e-13 1.14059e-13 3.06099e-14 8.21502e-15 2.2048e-15 5.91759e-16 1.58831e-16 4.26329e-17 1.14445e-17 3.07374e-18 8.28409e-19 2.28777e-19 7.35971e-20 4.2518e-20 5.30787e-20 8.89096e-20 1.54729e-19 2.65709e-19 4.46353e-19 7.32023e-19 1.17092e-18 1.8253e-18 2.77087e-18 4.09306e-18 5.87923e-18 8.20607e-18 1.11228e-17 1.46317e-17 1.86699e-17 2.30964e-17 2.76894e-17 3.21585e-17 3.61709e-17 3.93919e-17 4.15304e-17 4.23837e-17 4.18692e-17 4.0038e-17 3.70666e-17 3.3228e-17 2.88499e-17 2.42683e-17 1.97858e-17 1.56414e-17 1.19956e-17 8.9296e-18 6.45605e-18 4.53636e-18 3.09991e-18 2.06159e-18 1.33533e-18 8.43016e-19 5.19131e-19 3.12067e-19 1.83268e-19 1.05227e-19 5.91156e-20 3.25191e-20 1.7529e-20 9.26563e-21 4.80614e-21 2.44806e-21 1.22529e-21 6.03025e-22 2.92008e-22 1.39255e-22 6.55952e-23 3.11147e-23 1.69974e-23 1.79988e-23 4.62752e-23 1.6196e-22 5.94575e-22 2.19623e-21 8.12041e-21 3.00353e-20 1.11123e-19 4.11232e-19 1.5222e-18 5.63579e-18 2.08705e-17 7.73035e-17 2.86386e-16 1.06117e-15 3.93277e-15 1.45776e-14 5.40436e-14 2.00388e-13 7.4313e-13 2.75627e-12 1.02244e-11 3.79326e-11 1.40748e-10 5.22306e-10 1.93847e-09 7.19515e-09 2.67096e-08 9.91605e-08 3.68172e-07 1.3671e-06 5.07675e-06 1.88538e-05 7.00216e-05 0.000260048 0.000965516 0.00358078 0.0132234 0.0480642 0.164902 0.464395 0.797853 0.940041 0.983452 0.995523 0.998795 0.999676 0.999913 0.999977 0.999994 0.999998 1 1 1 1 1 1 1 1 1 1 1 1 1 1 1 1 1 1 1 1 1 1 1 1 1 1 1 1 1 1 1 1 1 1 1 1 1 1 1 1 1 1 1 1 1 1 1 1 1 1 1 1 1 1 1 1 1 1 1 1 1 1 1 1 1 1 1 1 1 
1 1 1 1 1 1 1 1 1 1 1 1 1 1 1 1 1 1 1 1 1 1 1 1 1 1 1 1 1 1 1 0.999999 0.999997 0.99999 0.999964 0.999864 0.999494 0.998111 0.992969 0.974049 0.907155 0.702932 0.328731 0.105039 0.0295773 0.00803778 0.00216338 0.00058078 0.000155811 4.17944e-05 1.12105e-05 3.00706e-06 8.06619e-07 2.16375e-07 5.80443e-08 1.55713e-08 4.17738e-09 1.12072e-09 3.00679e-10 8.06723e-11 2.16451e-11 5.80777e-12 1.55838e-12 4.18171e-13 1.12214e-13 3.01132e-14 8.08131e-15 2.16881e-15 5.82071e-16 1.56224e-16 4.19308e-17 1.1255e-17 3.02159e-18 8.12116e-19 2.19989e-19 6.28048e-20 2.38041e-20 1.89904e-20 2.7482e-20 4.62791e-20 7.85131e-20 1.3075e-19 2.12738e-19 3.37721e-19 5.22658e-19 7.87951e-19 1.15636e-18 1.65083e-18 2.29109e-18 3.08919e-18 4.04446e-18 5.13882e-18 6.33357e-18 7.56897e-18 8.7675e-18 9.84101e-18 1.07012e-17 1.12715e-17 1.14988e-17 1.13613e-17 1.08727e-17 1.0079e-17 9.05225e-18 7.87865e-18 6.64719e-18 5.43843e-18 4.31661e-18 3.32547e-18 2.4879e-18 1.80857e-18 1.27828e-18 8.79007e-19 5.88474e-19 3.83831e-19 2.44088e-19 1.51448e-19 9.17521e-20 5.43161e-20 3.1443e-20 1.78124e-20 9.88187e-21 5.37263e-21 2.86465e-21 1.49896e-21 7.70253e-22 3.88943e-22 1.9312e-22 9.43602e-23 4.5447e-23 2.17746e-23 1.10696e-23 8.42702e-24 1.6115e-23 5.25721e-23 1.90693e-22 7.01709e-22 2.58756e-21 9.54727e-21 3.52399e-20 1.30119e-19 4.80608e-19 1.77572e-18 6.5628e-18 2.4262e-17 8.97181e-17 3.31854e-16 1.22778e-15 4.54358e-15 1.6818e-14 6.22653e-14 2.30573e-13 8.54005e-13 3.16371e-12 1.17223e-11 4.34422e-11 1.61022e-10 5.96945e-10 2.21338e-09 8.20817e-09 3.04443e-08 1.12936e-07 4.19008e-07 1.55481e-06 5.7702e-06 2.14171e-05 7.95022e-05 0.000295128 0.00109532 0.00406026 0.0149795 0.0542861 0.184339 0.502391 0.818257 0.946582 0.985277 0.996013 0.998926 0.999711 0.999922 0.999979 0.999994 0.999998 1 1 1 1 1 1 1 1 1 1 1 1 1 1 1 1 1 1 1 1 1 1 1 1 1 1 1 1 1 1 1 1 1 1 1 1 1 1 1 1 1 1 1 1 1 1 1 1 1 1 1 1 1 1 1 1 1 1 1 1 1 1 1 1 1 1 1 1 1 
1 1 1 1 1 1 1 1 1 1 1 1 1 1 1 1 1 1 1 1 1 1 1 1 1 1 1 1 1 1 1 0.999999 0.999997 0.99999 0.999963 0.999861 0.999481 0.998064 0.992798 0.973434 0.905088 0.697496 0.322995 0.102801 0.0289121 0.00785376 0.00211346 0.000567308 0.000152182 4.08168e-05 1.09473e-05 2.93619e-06 7.87542e-07 2.1124e-07 5.66623e-08 1.51994e-08 4.0773e-09 1.09379e-09 2.93435e-10 7.87234e-11 2.11209e-11 5.66676e-12 1.52046e-12 4.07971e-13 1.09471e-13 2.93756e-14 7.88295e-15 2.11547e-15 5.67729e-16 1.52367e-16 4.08939e-17 1.0976e-17 2.94623e-18 7.91147e-19 2.12981e-19 5.83221e-20 1.77675e-20 8.56769e-21 8.99045e-21 1.39453e-20 2.31776e-20 3.82202e-20 6.16958e-20 9.72223e-20 1.49408e-19 2.23744e-19 3.26288e-19 4.63057e-19 6.39119e-19 8.57403e-19 1.11739e-18 1.41393e-18 1.7364e-18 2.06872e-18 2.39021e-18 2.6775e-18 2.90728e-18 3.05943e-18 3.11998e-18 3.08327e-18 2.95281e-18 2.74077e-18 2.46603e-18 2.15137e-18 1.82033e-18 1.49437e-18 1.19074e-18 9.21347e-19 6.92632e-19 5.06166e-19 3.59793e-19 2.48916e-19 1.67718e-19 1.10135e-19 7.05331e-20 4.40849e-20 2.69108e-20 1.60552e-20 9.36846e-21 5.35049e-21 2.99294e-21 1.6409e-21 8.82355e-22 4.65662e-22 2.4135e-22 1.22929e-22 6.15727e-23 3.03633e-23 1.48116e-23 7.37858e-24 4.58034e-24 6.19029e-24 1.7779e-23 6.30214e-23 2.30541e-22 8.47118e-22 3.11582e-21 1.14667e-20 4.22194e-20 1.55516e-19 5.7309e-19 2.11273e-18 7.79164e-18 2.87456e-17 1.06088e-16 3.91653e-16 1.44636e-15 5.34295e-15 1.9743e-14 7.29739e-14 2.69798e-13 9.9775e-13 3.69075e-12 1.36556e-11 5.05372e-11 1.87073e-10 6.92637e-10 2.56505e-09 9.50118e-09 3.52006e-08 1.30441e-07 4.83463e-07 1.79226e-06 6.64547e-06 2.46453e-05 9.14153e-05 0.000339113 0.00125771 0.00465862 0.0171633 0.0619596 0.207699 0.54409 0.838907 0.953071 0.987081 0.996499 0.999055 0.999745 0.999931 0.999982 0.999995 0.999999 1 1 1 1 1 1 1 1 1 1 1 1 1 1 1 1 1 1 1 1 1 1 1 1 1 1 1 1 1 1 1 1 1 1 1 1 1 1 1 1 1 1 1 1 1 1 1 1 1 1 1 1 1 1 1 1 1 1 1 1 1 1 1 1 1 1 1 1 1 
1 1 1 1 1 1 1 1 1 1 1 1 1 1 1 1 1 1 1 1 1 1 1 1 1 1 1 1 1 1 1 0.999999 0.999997 0.99999 0.999961 0.999856 0.999463 0.997998 0.992556 0.97257 0.902194 0.689964 0.315316 0.0998378 0.0280336 0.00761106 0.00204766 0.000549563 0.000147403 3.95306e-05 1.06012e-05 2.84307e-06 7.62492e-07 2.04503e-07 5.48502e-08 1.47121e-08 3.94627e-09 1.05856e-09 2.83964e-10 7.61775e-11 2.04365e-11 5.48283e-12 1.47102e-12 3.94686e-13 1.05901e-13 2.84163e-14 7.62518e-15 2.04621e-15 5.49121e-16 1.47368e-16 3.95506e-17 1.06151e-17 2.84915e-18 7.64845e-19 2.0549e-19 5.55115e-20 1.55412e-20 5.31325e-21 3.42028e-21 4.32747e-21 6.86238e-21 1.11572e-20 1.78587e-20 2.79382e-20 4.26422e-20 6.3446e-20 9.19593e-20 1.29759e-19 1.78144e-19 2.3782e-19 3.0856e-19 3.88898e-19 4.75935e-19 5.65337e-19 6.51587e-19 7.28488e-19 7.89888e-19 8.30492e-19 8.46631e-19 8.36818e-19 8.01981e-19 7.45313e-19 6.71782e-19 5.87398e-19 4.98398e-19 4.10495e-19 3.28322e-19 2.55119e-19 1.92687e-19 1.41533e-19 1.0116e-19 7.03981e-20 4.77299e-20 3.15486e-20 2.03432e-20 1.28057e-20 7.87462e-21 4.73371e-21 2.78367e-21 1.60243e-21 9.03604e-22 4.9947e-22 2.70807e-22 1.44116e-22 7.53252e-23 3.86931e-23 1.95515e-23 9.74495e-24 4.8716e-24 2.72739e-24 2.68438e-24 6.34254e-24 2.1562e-23 7.81404e-23 2.85777e-22 1.04698e-21 3.83876e-21 1.40838e-20 5.17016e-20 1.89903e-19 6.9789e-19 2.56602e-18 9.43933e-18 3.47392e-17 1.27904e-16 4.7112e-16 1.736e-15 6.39927e-15 2.35977e-14 8.7048e-14 3.21213e-13 1.18568e-12 4.37799e-12 1.61701e-11 5.97414e-11 2.2078e-10 8.16135e-10 3.01772e-09 1.11611e-08 4.12902e-08 1.5279e-07 5.65521e-07 2.09368e-06 7.7531e-06 2.87174e-05 0.000106392 0.00039421 0.00146035 0.00540192 0.019859 0.0713134 0.235179 0.587646 0.858937 0.95926 0.988799 0.996962 0.999179 0.999779 0.99994 0.999984 0.999996 0.999999 1 1 1 1 1 1 1 1 1 1 1 1 1 1 1 1 1 1 1 1 1 1 1 1 1 1 1 1 1 1 1 1 1 1 1 1 1 1 1 1 1 1 1 1 1 1 1 1 1 1 1 1 1 1 1 1 1 1 1 1 1 1 1 1 1 1 1 1 1 
1 1 1 1 1 1 1 1 1 1 1 1 1 1 1 1 1 1 1 1 1 1 1 1 1 1 1 1 1 1 1 0.999999 0.999997 0.999989 0.99996 0.999849 0.999439 0.997909 0.992233 0.971414 0.898339 0.680069 0.305681 0.0961692 0.0269508 0.00731241 0.00196679 0.000527773 0.00014154 3.79541e-05 1.01774e-05 2.72916e-06 7.31875e-07 1.96275e-07 5.26395e-08 1.41181e-08 3.78671e-09 1.0157e-09 2.72451e-10 7.30854e-11 1.96061e-11 5.25982e-12 1.41114e-12 3.78605e-13 1.01583e-13 2.72569e-14 7.31388e-15 1.96263e-15 5.26681e-16 1.41343e-16 3.79331e-17 1.01808e-17 2.73252e-18 7.33465e-19 1.96935e-19 5.29703e-20 1.44126e-20 4.21094e-21 1.72305e-21 1.46792e-21 2.06236e-21 3.25958e-21 5.16204e-21 8.01532e-21 1.21522e-20 1.79674e-20 2.58882e-20 3.63273e-20 4.96164e-20 6.5924e-20 8.51664e-20 1.06929e-19 1.3042e-19 1.54473e-19 1.77616e-19 1.98206e-19 2.14617e-19 2.25456e-19 2.29759e-19 2.27135e-19 2.17829e-19 2.0268e-19 1.82996e-19 1.60363e-19 1.36432e-19 1.12727e-19 9.04903e-20 7.06031e-20 5.35673e-20 3.95412e-20 2.84128e-20 1.98856e-20 1.35641e-20 9.02275e-21 5.85681e-21 3.7123e-21 2.29917e-21 1.39231e-21 8.24949e-22 4.78557e-22 2.71982e-22 1.51542e-22 8.283e-23 4.44407e-23 2.34202e-23 1.21325e-23 6.18944e-24 3.13896e-24 1.68406e-24 1.31106e-24 2.42173e-24 7.68105e-24 2.7425e-23 9.96703e-23 3.63353e-22 1.32613e-21 4.8441e-21 1.77082e-20 6.4782e-20 2.37155e-19 8.68752e-19 3.1844e-18 1.16792e-17 4.28594e-17 1.57365e-16 5.78085e-16 2.12464e-15 7.81232e-15 2.87387e-14 1.05764e-13 3.89389e-13 1.43417e-12 5.28417e-12 1.94764e-11 7.18112e-11 2.64862e-10 9.77205e-10 3.6065e-09 1.33143e-08 4.9167e-08 1.81616e-07 6.71048e-07 2.48011e-06 9.16859e-06 3.39035e-05 0.000125396 0.000463847 0.00171531 0.00633204 0.0232051 0.0827367 0.267243 0.631382 0.87774 0.964987 0.990387 0.997392 0.999295 0.999809 0.999949 0.999986 0.999996 0.999999 1 1 1 1 1 1 1 1 1 1 1 1 1 1 1 1 1 1 1 1 1 1 1 1 1 1 1 1 1 1 1 1 1 1 1 1 1 1 1 1 1 1 1 1 1 1 1 1 1 1 1 1 1 1 1 1 1 1 1 1 1 1 1 1 1 1 1 1 1 
1 1 1 1 1 1 1 1 1 1 1 1 1 1 1 1 1 1 1 1 1 1 1 1 1 1 1 1 1 1 1 0.999999 0.999997 0.999989 0.999957 0.999841 0.999407 0.997793 0.99181 0.969901 0.893317 0.667405 0.294033 0.0918097 0.025671 0.00696033 0.0018716 0.000502163 0.000134659 3.61062e-05 9.68125e-06 2.59596e-06 6.96123e-07 1.86679e-07 5.00641e-08 1.3427e-08 3.60125e-09 9.65938e-10 2.59099e-10 6.9503e-11 1.8645e-11 5.00196e-12 1.34196e-12 3.60045e-13 9.6604e-14 2.59211e-14 6.95553e-15 1.86649e-15 5.00889e-16 1.34424e-16 3.60768e-17 9.68276e-18 2.5989e-18 6.97593e-19 1.8727e-19 5.03026e-20 1.35618e-20 3.74289e-21 1.18049e-21 6.12667e-22 6.51613e-22 9.59394e-22 1.49178e-21 2.29644e-21 3.4583e-21 5.08191e-21 7.28021e-21 1.0161e-20 1.38089e-20 1.82635e-20 2.34963e-20 2.93908e-20 3.57309e-20 4.22026e-20 4.84132e-20 5.39269e-20 5.83144e-20 6.12087e-20 6.23561e-20 6.16545e-20 5.91679e-20 5.51171e-20 4.98466e-20 4.37749e-20 3.734e-20 3.09473e-20 2.49304e-20 1.95287e-20 1.48817e-20 1.10378e-20 7.97241e-21 5.61067e-21 3.84954e-21 2.57652e-21 1.68328e-21 1.07412e-21 6.69877e-22 4.0857e-22 2.43863e-22 1.42532e-22 8.16286e-23 4.58364e-23 2.52516e-23 1.36568e-23 7.25602e-24 3.79242e-24 1.96125e-24 1.04129e-24 6.99986e-25 1.0013e-24 2.8673e-24 1.00071e-23 3.60649e-23 1.30674e-22 4.74259e-22 1.72318e-21 6.26731e-21 2.28161e-20 8.31356e-20 3.03179e-19 1.10651e-18 4.0415e-18 1.4772e-17 5.40299e-17 1.97747e-16 7.2419e-16 2.65369e-15 9.72954e-15 3.56916e-14 1.30997e-13 4.81024e-13 1.76716e-12 6.49499e-12 2.38818e-11 8.7848e-11 3.23271e-10 1.19005e-09 4.38249e-09 1.61445e-08 5.94941e-08 2.19311e-07 8.08682e-07 2.98279e-06 1.10049e-05 4.06127e-05 0.000149909 0.00055338 0.00204191 0.00751782 0.0274375 0.0969254 0.30495 0.674334 0.895076 0.970193 0.99183 0.997783 0.9994 0.999838 0.999956 0.999988 0.999997 0.999999 1 1 1 1 1 1 1 1 1 1 1 1 1 1 1 1 1 1 1 1 1 1 1 1 1 1 1 1 1 1 1 1 1 1 1 1 1 1 1 1 1 1 1 1 1 1 1 1 1 1 1 1 1 1 1 1 1 1 1 1 1 1 1 1 1 1 1 1 1 
1 1 1 1 1 1 1 1 1 1 1 1 1 1 1 1 1 1 1 1 1 1 1 1 1 1 1 1 1 1 1 0.999999 0.999997 0.999988 0.999954 0.999829 0.999366 0.997642 0.99126 0.967939 0.88684 0.651416 0.280305 0.0867745 0.0242029 0.00655772 0.00176299 0.000472995 0.000126837 3.4009e-05 9.11907e-06 2.44528e-06 6.55737e-07 1.75855e-07 4.71634e-08 1.26497e-08 3.39293e-09 9.1011e-10 2.44138e-10 6.54934e-11 1.75704e-11 4.71397e-12 1.26478e-12 3.39359e-13 9.10598e-14 2.44351e-14 6.55722e-15 1.75973e-15 4.72269e-16 1.26751e-16 3.402e-17 9.13136e-18 2.45106e-18 6.57949e-19 1.76628e-19 4.74265e-20 1.27498e-20 3.45345e-21 9.79133e-22 3.49683e-22 2.35824e-22 2.90293e-22 4.32651e-22 6.57533e-22 9.82982e-22 1.43569e-21 2.04523e-21 2.83965e-21 3.84046e-21 5.05681e-21 6.47948e-21 8.0758e-21 9.78687e-21 1.15283e-20 1.31951e-20 1.46719e-20 1.58452e-20 1.66182e-20 1.69243e-20 1.67366e-20 1.6072e-20 1.49886e-20 1.35771e-20 1.19481e-20 1.02176e-20 8.4936e-21 6.8657e-21 5.39883e-21 4.13168e-21 3.07874e-21 2.23489e-21 1.58127e-21 1.09111e-21 7.34674e-22 4.82991e-22 3.10217e-22 1.94779e-22 1.19629e-22 7.19154e-23 4.23414e-23 2.44307e-23 1.38229e-23 7.67408e-24 4.18315e-24 2.2413e-24 1.18504e-24 6.32983e-25 3.92714e-25 4.49241e-25 1.12852e-24 3.81191e-24 1.35873e-23 4.88645e-23 1.76158e-22 6.35992e-22 2.2991e-21 8.32117e-21 3.0151e-20 1.09366e-19 3.97105e-19 1.44326e-18 5.2502e-18 1.91154e-17 6.96541e-17 2.54008e-16 9.26981e-16 3.38532e-15 1.23714e-14 4.52395e-14 1.65532e-13 6.06033e-13 2.22e-12 8.13656e-12 2.98365e-11 1.09463e-10 4.01778e-10 1.47536e-09 5.41994e-09 1.99189e-08 7.32326e-08 2.69341e-07 9.90949e-07 3.64706e-06 1.34266e-05 4.94436e-05 0.000182114 0.000670795 0.00246935 0.00906519 0.0329257 0.114985 0.349995 0.716275 0.910993 0.9749 0.993131 0.998136 0.999495 0.999863 0.999963 0.99999 0.999997 0.999999 1 1 1 1 1 1 1 1 1 1 1 1 1 1 1 1 1 1 1 1 1 1 1 1 1 1 1 1 1 1 1 1 1 1 1 1 1 1 1 1 1 1 1 1 1 1 1 1 1 1 1 1 1 1 1 1 1 1 1 1 1 1 1 1 1 1 1 1 1 
1 1 1 1 1 1 1 1 1 1 1 1 1 1 1 1 1 1 1 1 1 1 1 1 1 1 1 1 1 1 1 0.999999 0.999996 0.999987 0.99995 0.999815 0.999313 0.997447 0.99055 0.965406 0.878529 0.631432 0.264458 0.0810965 0.0225605 0.00610899 0.00164226 0.000440644 0.000118178 3.16921e-05 8.49917e-06 2.27942e-06 6.11359e-07 1.63981e-07 4.39859e-08 1.17993e-08 3.16537e-09 8.49206e-10 2.27837e-10 6.11301e-11 1.64024e-11 4.40129e-12 1.18106e-12 3.16945e-13 8.50579e-14 2.28278e-14 6.12678e-15 1.64444e-15 4.41391e-16 1.1848e-16 3.18043e-17 8.53775e-18 2.29202e-18 6.15333e-19 1.65205e-19 4.43584e-20 1.19154e-20 3.20841e-21 8.76829e-22 2.60866e-22 1.11322e-22 9.54458e-23 1.27403e-22 1.88566e-22 2.79189e-22 4.05174e-22 5.74014e-22 7.92934e-22 1.06737e-21 1.39937e-21 1.78606e-21 2.21831e-21 2.68008e-21 3.14866e-21 3.5961e-21 3.99171e-21 4.30552e-21 4.51202e-21 4.5937e-21 4.54347e-21 4.3658e-21 4.07597e-21 3.69789e-21 3.26076e-21 2.79536e-21 2.33045e-21 1.89006e-21 1.4918e-21 1.14639e-21 8.5809e-22 6.25933e-22 4.45183e-22 3.08887e-22 2.09194e-22 1.38369e-22 8.94374e-23 5.65262e-23 3.49534e-23 2.11592e-23 1.2547e-23 7.29245e-24 4.1568e-24 2.32529e-24 1.27771e-24 6.91673e-25 3.74886e-25 2.24071e-25 2.16364e-25 4.70224e-25 1.52156e-24 5.34805e-24 1.90619e-23 6.81768e-23 2.44305e-22 8.76852e-22 3.15189e-21 1.13457e-20 4.08948e-20 1.4759e-19 5.33294e-19 1.92917e-18 6.98622e-18 2.53255e-17 9.18961e-17 3.33762e-16 1.21327e-15 4.4141e-15 1.60721e-14 5.85642e-14 2.13553e-13 7.79254e-13 2.84537e-12 1.03961e-11 3.80071e-11 1.3903e-10 5.08851e-10 1.86338e-09 6.82699e-09 2.50246e-08 9.17706e-08 3.36691e-07 1.23578e-06 4.53754e-06 1.66672e-05 6.1242e-05 0.000225086 0.000827298 0.00303854 0.0111223 0.0401825 0.138381 0.404079 0.757201 0.92562 0.979153 0.9943 0.998452 0.99958 0.999886 0.999969 0.999992 0.999998 0.999999 1 1 1 1 1 1 1 1 1 1 1 1 1 1 1 1 1 1 1 1 1 1 1 1 1 1 1 1 1 1 1 1 1 1 1 1 1 1 1 1 1 1 1 1 1 1 1 1 1 1 1 1 1 1 1 1 1 1 1 1 1 1 1 1 1 1 1 1 1 
1 1 1 1 1 1 1 1 1 1 1 1 1 1 1 1 1 1 1 1 1 1 1 1 1 1 1 1 1 1 1 0.999999 0.999996 0.999985 0.999945 0.999797 0.999245 0.997198 0.989639 0.962157 0.867938 0.606772 0.246563 0.0748476 0.0207686 0.00562143 0.00151144 0.000405674 0.000108838 2.91977e-05 7.83302e-06 2.10149e-06 5.63829e-07 1.51282e-07 4.05929e-08 1.08926e-08 2.92302e-09 7.84423e-10 2.10517e-10 5.64993e-11 1.51641e-11 4.0701e-12 1.09247e-12 2.93247e-13 7.87179e-14 2.11314e-14 5.67282e-15 1.52295e-15 4.08873e-16 1.09775e-16 2.94739e-17 7.9138e-18 2.12495e-18 5.70591e-19 1.53221e-19 4.11466e-20 1.10514e-20 2.97059e-21 8.02302e-22 2.22903e-22 7.18444e-23 3.81946e-23 3.94125e-23 5.45326e-23 7.93403e-23 1.1426e-22 1.60962e-22 2.21243e-22 2.96456e-22 3.87043e-22 4.92121e-22 6.09149e-22 7.33762e-22 8.59856e-22 9.79972e-22 1.08597e-21 1.16992e-21 1.2251e-21 1.24689e-21 1.23345e-21 1.18594e-21 1.10839e-21 1.0071e-21 8.89792e-22 7.64618e-22 6.39247e-22 5.20122e-22 4.12016e-22 3.17888e-22 2.38988e-22 1.75155e-22 1.25207e-22 8.7341e-23 5.94872e-23 3.95808e-23 2.57422e-23 1.6374e-23 1.01921e-23 6.21184e-24 3.70923e-24 2.17123e-24 1.24668e-24 7.02756e-25 3.89834e-25 2.15395e-25 1.27276e-25 1.09675e-25 2.07489e-25 6.3824e-25 2.20569e-24 7.77991e-24 2.75725e-23 9.79535e-23 3.48675e-22 1.24341e-21 4.44184e-21 1.58936e-20 5.69582e-20 2.04424e-19 7.34707e-19 2.64407e-18 9.52754e-18 3.43723e-17 1.24145e-16 4.48871e-16 1.62465e-15 5.88608e-15 2.1345e-14 7.74738e-14 2.81437e-13 1.0232e-12 3.72283e-12 1.35553e-11 4.93914e-11 1.80089e-10 6.5706e-10 2.39879e-09 8.76268e-09 3.2028e-08 1.17128e-07 4.28567e-07 1.56891e-06 5.74628e-06 2.1056e-05 7.71884e-05 0.000283059 0.0010381 0.00380397 0.0138814 0.0498423 0.168681 0.467454 0.796684 0.938971 0.982971 0.995344 0.998734 0.999656 0.999907 0.999975 0.999993 0.999998 0.999999 1 1 1 1 1 1 1 1 1 1 1 1 1 1 1 1 1 1 1 1 1 1 1 1 1 1 1 1 1 1 1 1 1 1 1 1 1 1 1 1 1 1 1 1 1 1 1 1 1 1 1 1 1 1 1 1 1 1 1 1 1 1 1 1 1 1 1 1 1 
1 1 1 1 1 1 1 1 1 1 1 1 1 1 1 1 1 1 1 1 1 1 1 1 1 1 1 1 1 1 1 0.999999 0.999996 0.999984 0.999939 0.999774 0.99916 0.996883 0.988484 0.958035 0.854614 0.576974 0.22689 0.0681614 0.0188682 0.00510639 0.0013736 0.000368898 9.90326e-05 2.65836e-05 7.13591e-06 1.91556e-06 5.14225e-07 1.38046e-07 3.706e-08 9.94948e-09 2.6712e-09 7.17173e-10 1.92554e-10 5.17003e-11 1.38818e-11 3.72742e-12 1.00088e-12 2.68761e-13 7.2171e-14 1.93807e-14 5.20461e-15 1.39771e-15 3.75369e-16 1.00812e-16 2.70753e-17 7.2719e-18 1.95314e-18 5.24603e-19 1.40909e-19 3.78496e-20 1.01675e-20 2.732e-21 7.35219e-22 1.99672e-22 5.71097e-23 2.07814e-23 1.39218e-23 1.62355e-23 2.26519e-23 3.22233e-23 4.51049e-23 6.16867e-23 8.22881e-23 1.06995e-22 1.35542e-22 1.67222e-22 2.00849e-22 2.34781e-22 2.6703e-22 2.95433e-22 3.17895e-22 3.32642e-22 3.38461e-22 3.34863e-22 3.22157e-22 3.01402e-22 2.74262e-22 2.42776e-22 2.09108e-22 1.753e-22 1.4308e-22 1.13741e-22 8.80984e-23 6.65143e-23 4.89728e-23 3.51799e-23 2.46688e-23 1.68944e-23 1.13059e-23 7.39733e-24 4.73467e-24 2.96614e-24 1.81981e-24 1.09405e-24 6.44901e-25 3.73024e-25 2.1216e-25 1.19826e-25 7.10902e-26 5.72775e-26 9.65565e-26 2.81725e-25 9.55221e-25 3.32974e-24 1.16801e-23 4.10923e-23 1.4491e-22 5.12133e-22 1.8137e-21 6.43581e-21 2.28798e-20 8.14842e-20 2.90689e-19 1.03868e-18 3.71705e-18 1.33213e-17 4.78072e-17 1.71796e-16 6.18123e-16 2.22667e-15 8.03026e-15 2.89917e-14 1.04777e-13 3.79042e-13 1.37252e-12 4.97436e-12 1.80439e-11 6.55059e-11 2.37998e-10 8.6535e-10 3.14865e-09 1.14646e-08 4.17716e-08 1.52294e-07 5.55586e-07 2.02805e-06 7.40719e-06 2.70688e-05 9.89706e-05 0.000362014 0.00132431 0.00483947 0.017593 0.062665 0.207268 0.537512 0.833607 0.950891 0.986337 0.996261 0.998982 0.999723 0.999925 0.99998 0.999994 0.999998 1 1 1 1 1 1 1 1 1 1 1 1 1 1 1 1 1 1 1 1 1 1 1 1 1 1 1 1 1 1 1 1 1 1 1 1 1 1 1 1 1 1 1 1 1 1 1 1 1 1 1 1 1 1 1 1 1 1 1 1 1 1 1 1 1 1 1 1 1 1 
1 1 1 1 1 1 1 1 1 1 1 1 1 1 1 1 1 1 1 1 1 1 1 1 1 1 1 1 1 1 1 0.999999 0.999995 0.999982 0.999931 0.999745 0.999054 0.996491 0.987043 0.952899 0.8382 0.542118 0.205984 0.0612434 0.0169178 0.00457944 0.0012328 0.000331382 8.90404e-05 2.39219e-05 6.42671e-06 1.72654e-06 4.63832e-07 1.24607e-07 3.34753e-08 8.99305e-09 2.41595e-09 6.4904e-10 1.74364e-10 4.68426e-11 1.25843e-11 3.38081e-12 9.08268e-13 2.44012e-13 6.5556e-14 1.76124e-14 4.73182e-15 1.27129e-15 3.41557e-16 9.17676e-17 2.46559e-17 6.62459e-18 1.77993e-18 4.78249e-19 1.28503e-19 3.45285e-20 9.27805e-21 2.49331e-21 6.70371e-22 1.8077e-22 4.958e-23 1.48863e-23 6.38201e-24 5.26324e-24 6.5795e-24 9.11085e-24 1.26372e-23 1.71892e-23 2.28277e-23 2.95638e-23 3.73173e-23 4.5892e-23 5.49656e-23 6.40973e-23 7.2756e-23 8.03681e-23 8.63791e-23 9.03213e-23 9.18749e-23 9.09115e-23 8.75125e-23 8.19571e-23 7.46839e-23 6.62324e-23 5.71763e-23 4.80597e-23 3.9346e-23 3.13853e-23 2.44017e-23 1.84996e-23 1.36817e-23 9.87536e-24 6.96002e-24 4.79212e-24 3.22498e-24 2.12245e-24 1.36674e-24 8.61617e-25 5.32054e-25 3.22007e-25 1.91153e-25 1.11515e-25 6.44906e-26 3.879e-26 3.02858e-26 4.70338e-26 1.30804e-25 4.34819e-25 1.49646e-24 5.19065e-24 1.80672e-23 6.30588e-23 2.20647e-22 7.73916e-22 2.72074e-21 9.58592e-21 3.38446e-20 1.19733e-19 4.24389e-19 1.50696e-18 5.36036e-18 1.90986e-17 6.81539e-17 2.43574e-16 8.71751e-16 3.12424e-15 1.12115e-14 4.02826e-14 1.44906e-13 5.21852e-13 1.88138e-12 6.78977e-12 2.4528e-11 8.86907e-11 3.20987e-10 1.16272e-09 4.21522e-09 1.52937e-08 5.55311e-08 2.0178e-07 7.33716e-07 2.66975e-06 9.72069e-06 3.54154e-05 0.000129102 0.000470833 0.00171716 0.00625339 0.0226174 0.0796784 0.255471 0.609244 0.866631 0.961186 0.989222 0.997046 0.999194 0.99978 0.99994 0.999984 0.999996 0.999999 1 1 1 1 1 1 1 1 1 1 1 1 1 1 1 1 1 1 1 1 1 1 1 1 1 1 1 1 1 1 1 1 1 1 1 1 1 1 1 1 1 1 1 1 1 1 1 1 1 1 1 1 1 1 1 1 1 1 1 1 1 1 1 1 1 1 1 1 1 1 
1 1 1 1 1 1 1 1 1 1 1 1 1 1 1 1 1 1 1 1 1 1 1 1 1 1 1 1 1 1 1 0.999998 0.999994 0.999979 0.999922 0.99971 0.998925 0.996013 0.985286 0.946648 0.818554 0.50311 0.184648 0.0543557 0.0149885 0.00405903 0.0010938 0.000294342 7.91739e-05 2.12933e-05 5.72621e-06 1.5398e-06 4.1404e-07 1.11327e-07 2.99324e-08 8.04763e-09 2.16362e-09 5.81675e-10 1.56376e-10 4.20387e-11 1.13011e-11 3.03797e-12 8.16658e-13 2.19529e-13 5.90118e-14 1.58629e-14 4.26404e-15 1.1462e-15 3.08102e-16 8.2819e-17 2.2262e-17 5.9841e-18 1.60855e-18 4.32384e-19 1.16227e-19 3.12427e-20 8.39832e-21 2.25762e-21 6.06988e-22 1.6335e-22 4.42006e-23 1.23303e-23 3.9939e-24 2.07994e-24 2.01615e-24 2.60277e-24 3.54558e-24 4.78858e-24 6.32957e-24 8.16505e-24 1.02704e-23 1.25909e-23 1.50391e-23 1.74966e-23 1.98217e-23 2.1862e-23 2.34708e-23 2.45249e-23 2.49397e-23 2.46817e-23 2.37723e-23 2.2285e-23 2.03357e-23 1.80669e-23 1.56308e-23 1.31726e-23 1.08162e-23 8.65659e-24 6.75523e-24 5.14194e-24 3.81935e-24 2.76963e-24 1.96166e-24 1.3577e-24 9.18701e-25 6.08077e-25 3.93894e-25 2.49842e-25 1.55262e-25 9.46045e-26 5.66266e-26 3.35738e-26 2.06104e-26 1.60235e-26 2.3777e-26 6.37453e-26 2.07978e-25 7.06379e-25 2.42121e-24 8.33193e-24 2.87598e-23 9.95536e-23 3.45546e-22 1.20251e-21 4.19525e-21 1.46714e-20 5.14263e-20 1.80658e-19 6.35984e-19 2.24343e-18 7.92895e-18 2.80751e-17 9.95844e-17 3.53829e-16 1.25919e-15 4.48807e-15 1.60201e-14 5.72635e-14 2.04962e-13 7.34556e-13 2.63578e-12 9.46895e-12 3.40551e-11 1.22611e-10 4.41898e-10 1.5942e-09 5.75672e-09 2.08065e-08 7.52665e-08 2.725e-07 9.87363e-07 3.58031e-06 1.29921e-05 4.71781e-05 0.000171422 0.000623138 0.00226487 0.00821452 0.0295199 0.102476 0.315128 0.67788 0.894973 0.969797 0.991625 0.997702 0.999371 0.999828 0.999953 0.999987 0.999997 0.999999 1 1 1 1 1 1 1 1 1 1 1 1 1 1 1 1 1 1 1 1 1 1 1 1 1 1 1 1 1 1 1 1 1 1 1 1 1 1 1 1 1 1 1 1 1 1 1 1 1 1 1 1 1 1 1 1 1 1 1 1 1 1 1 1 1 1 1 1 1 1 
1 1 1 1 1 1 1 1 1 1 1 1 1 1 1 1 1 1 1 1 1 1 1 1 1 1 1 1 1 1 1 0.999998 0.999994 0.999976 0.999911 0.999669 0.99877 0.995441 0.983189 0.939238 0.795797 0.461674 0.163816 0.0477709 0.0131516 0.00356344 0.000961258 0.00025897 6.97377e-05 1.87758e-05 5.05447e-06 1.36053e-06 3.66184e-07 9.85499e-08 2.65204e-08 7.13634e-09 1.92019e-09 5.16638e-10 1.38997e-10 3.73944e-11 1.00597e-11 2.70613e-12 7.27941e-13 1.95807e-13 5.26681e-14 1.41662e-14 3.81023e-15 1.0248e-15 2.75623e-16 7.41284e-17 1.99364e-17 5.36172e-18 1.44197e-18 3.87794e-19 1.0429e-19 2.80468e-20 7.54258e-21 2.02842e-21 5.45528e-22 1.46759e-22 3.95506e-23 1.07646e-23 3.08832e-24 1.11558e-24 7.10579e-25 7.68935e-25 1.00106e-24 1.33502e-24 1.75457e-24 2.25416e-24 2.82559e-24 3.45349e-24 4.11402e-24 4.77538e-24 5.39975e-24 5.94669e-24 6.37737e-24 6.65923e-24 6.77004e-24 6.70094e-24 6.45757e-24 6.05934e-24 5.5368e-24 4.92769e-24 4.27239e-24 3.60954e-24 2.97242e-24 2.38664e-24 1.86911e-24 1.4283e-24 1.06541e-24 7.76095e-25 5.52337e-25 3.84226e-25 2.61378e-25 1.73967e-25 1.13344e-25 7.23273e-26 4.52396e-26 2.77907e-26 1.69106e-26 1.06518e-26 8.42841e-27 1.23826e-26 3.24988e-26 1.04357e-25 3.49853e-25 1.18469e-24 4.02893e-24 1.3747e-23 4.705e-23 1.6151e-22 5.56014e-22 1.91945e-21 6.64407e-21 2.30576e-20 8.02188e-20 2.79756e-19 9.77871e-19 3.42566e-18 1.20262e-17 4.23051e-17 1.49109e-16 5.26532e-16 1.86261e-15 6.60026e-15 2.34267e-14 8.32801e-14 2.96499e-13 1.05713e-12 3.77424e-12 1.34928e-11 4.82975e-11 1.7309e-10 6.21041e-10 2.23076e-09 8.02133e-09 2.88725e-08 1.04028e-07 3.75166e-07 1.35422e-06 4.89251e-06 1.76902e-05 6.40137e-05 0.000231799 0.000839748 0.00304126 0.0109818 0.0391648 0.133402 0.38827 0.740855 0.918688 0.976844 0.993587 0.998238 0.999517 0.999868 0.999964 0.99999 0.999997 0.999999 1 1 1 1 1 1 1 1 1 1 1 1 1 1 1 1 1 1 1 1 1 1 1 1 1 1 1 1 1 1 1 1 1 1 1 1 1 1 1 1 1 1 1 1 1 1 1 1 1 1 1 1 1 1 1 1 1 1 1 1 1 1 1 1 1 1 1 1 1 1 
1 1 1 1 1 1 1 1 1 1 1 1 1 1 1 1 1 1 1 1 1 1 1 1 1 1 1 1 1 1 0.999999 0.999998 0.999993 0.999972 0.999898 0.99962 0.998588 0.994769 0.980732 0.93064 0.770207 0.419891 0.144308 0.0417088 0.0114636 0.0031071 0.000838866 0.000226214 6.09761e-05 1.64326e-05 4.42778e-06 1.19292e-06 3.21356e-07 8.65596e-08 2.33132e-08 6.27842e-09 1.69068e-09 4.5524e-10 1.22571e-10 3.29993e-11 8.88373e-12 2.39145e-12 6.43728e-13 1.7327e-13 4.66361e-14 1.25517e-14 3.37806e-15 9.09105e-16 2.44651e-16 6.58362e-17 1.77162e-17 4.7672e-18 1.28276e-18 3.45158e-19 9.28712e-20 2.49883e-20 6.72331e-21 1.80894e-21 4.86706e-22 1.30962e-22 3.52586e-23 9.52275e-24 2.61702e-24 7.84727e-25 3.26698e-25 2.49778e-25 2.88712e-25 3.73658e-25 4.86566e-25 6.22166e-25 7.77139e-25 9.4699e-25 1.12519e-24 1.30317e-24 1.47085e-24 1.61749e-24 1.7328e-24 1.80818e-24 1.83778e-24 1.81927e-24 1.75413e-24 1.64749e-24 1.5074e-24 1.34386e-24 1.16757e-24 9.88844e-25 8.16592e-25 6.57736e-25 5.16909e-25 3.96509e-25 2.96987e-25 2.17294e-25 1.55371e-25 1.08617e-25 7.42739e-26 4.9704e-26 3.25688e-26 2.0913e-26 1.3188e-26 8.24508e-27 5.35644e-27 4.3989e-27 6.61081e-27 1.72672e-26 5.47791e-26 1.81405e-25 6.06954e-25 2.03985e-24 6.8791e-24 2.32736e-23 7.89867e-23 2.68889e-22 9.18097e-22 3.14388e-21 1.07961e-20 3.71758e-20 1.28352e-19 4.44279e-19 1.54164e-18 5.36222e-18 1.8694e-17 6.53159e-17 2.28695e-16 8.02379e-16 2.82067e-15 9.93437e-15 3.50519e-14 1.23889e-13 4.38606e-13 1.55527e-12 5.52334e-12 1.96441e-11 6.99635e-11 2.49515e-10 8.91008e-10 3.1857e-09 1.14037e-08 4.0868e-08 1.46622e-07 5.26589e-07 1.89315e-06 6.81276e-06 2.45395e-05 8.84692e-05 0.000319193 0.00115218 0.00415678 0.0149352 0.0527637 0.17526 0.474451 0.797106 0.938243 0.982536 0.995164 0.998669 0.999634 0.9999 0.999972 0.999992 0.999998 0.999999 1 1 1 1 1 1 1 1 1 1 1 1 1 1 1 1 1 1 1 1 1 1 1 1 1 1 1 1 1 1 1 1 1 1 1 1 1 1 1 1 1 1 1 1 1 1 1 1 1 1 1 1 1 1 1 1 1 1 1 1 1 1 1 1 1 1 1 1 1 1 
1 1 1 1 1 1 1 1 1 1 1 1 1 1 1 1 1 1 1 1 1 1 1 1 1 1 1 1 1 1 0.999999 0.999998 0.999991 0.999968 0.999882 0.999562 0.998374 0.993981 0.977874 0.920772 0.741961 0.379486 0.126619 0.0362872 0.0099544 0.00269786 0.000728706 0.000196626 5.30354e-05 1.43023e-05 3.85642e-06 1.0397e-06 2.80276e-07 7.55469e-08 2.03613e-08 5.48722e-09 1.47864e-09 3.98415e-10 1.07343e-10 2.89189e-11 7.79037e-12 2.09848e-12 5.65231e-13 1.52237e-13 4.10006e-14 1.10417e-14 2.97346e-15 8.00696e-16 2.15602e-16 5.80524e-17 1.56304e-17 4.20827e-18 1.13298e-18 3.05019e-19 8.21141e-20 2.21053e-20 5.95062e-21 1.60184e-21 4.31187e-22 1.16069e-22 3.12493e-23 8.42169e-24 2.28242e-24 6.3712e-25 2.03987e-25 1.00217e-25 8.87058e-26 1.06022e-25 1.35269e-25 1.7176e-25 2.13699e-25 2.59617e-25 3.07683e-25 3.55582e-25 4.00616e-25 4.39932e-25 4.70808e-25 4.90973e-25 4.98883e-25 4.93922e-25 4.76485e-25 4.47922e-25 4.10362e-25 3.66448e-25 3.19024e-25 2.70834e-25 2.24268e-25 1.81195e-25 1.42884e-25 1.10011e-25 8.27294e-26 6.07902e-26 4.36655e-26 3.06734e-26 2.10817e-26 1.41841e-26 9.35047e-27 6.05493e-27 3.89477e-27 2.6253e-27 2.28206e-27 3.61081e-27 9.52482e-27 2.99729e-26 9.81599e-26 3.24681e-25 1.07869e-24 3.59612e-24 1.20278e-23 4.03578e-23 1.35844e-22 4.58671e-22 1.55342e-21 5.27684e-21 1.79775e-20 6.14215e-20 2.10434e-19 7.22906e-19 2.4899e-18 8.59768e-18 2.97606e-17 1.03259e-16 3.59093e-16 1.25152e-15 4.37109e-15 1.52977e-14 5.3643e-14 1.8846e-13 6.63303e-13 2.33863e-12 8.25921e-12 2.92155e-11 1.03505e-10 3.6724e-10 1.30485e-09 4.64265e-09 1.65403e-08 5.90027e-08 2.10731e-07 7.53519e-07 2.69742e-06 9.6666e-06 3.46775e-05 0.000124521 0.000447502 0.0016089 0.00577884 0.0206341 0.0719686 0.230796 0.56766 0.845602 0.954061 0.987064 0.996415 0.999011 0.999728 0.999925 0.999979 0.999994 0.999998 1 1 1 1 1 1 1 1 1 1 1 1 1 1 1 1 1 1 1 1 1 1 1 1 1 1 1 1 1 1 1 1 1 1 1 1 1 1 1 1 1 1 1 1 1 1 1 1 1 1 1 1 1 1 1 1 1 1 1 1 1 1 1 1 1 1 1 1 1 1 1 
1 1 1 1 1 1 1 1 1 1 1 1 1 1 1 1 1 1 1 1 1 1 1 1 1 1 1 1 1 1 0.999999 0.999997 0.99999 0.999963 0.999863 0.999493 0.998121 0.993054 0.974529 0.909397 0.710854 0.34132 0.110845 0.0315119 0.00862549 0.00233653 0.000631115 0.000170327 4.59549e-05 1.23971e-05 3.34402e-06 9.01943e-07 2.4325e-07 6.55984e-08 1.76888e-08 4.76948e-09 1.28591e-09 3.46674e-10 9.34543e-11 2.51911e-11 6.78998e-12 1.83004e-12 4.93204e-13 1.32913e-13 3.58164e-14 9.65103e-15 2.60041e-15 7.0063e-16 1.88762e-16 5.08533e-17 1.36995e-17 3.69039e-18 9.9408e-19 2.67765e-19 7.21223e-20 1.94254e-20 5.23186e-21 1.40906e-21 3.79479e-22 1.02197e-22 2.75235e-23 7.41485e-24 2.00114e-24 5.453e-25 1.55967e-25 5.46711e-26 3.1913e-26 3.13787e-26 3.79447e-26 4.74947e-26 5.87702e-26 7.11632e-26 8.41224e-26 9.70114e-26 1.09107e-25 1.19649e-25 1.27918e-25 1.33313e-25 1.35427e-25 1.34097e-25 1.29429e-25 1.21777e-25 1.11706e-25 9.99131e-26 8.71548e-26 7.41618e-26 6.15745e-26 4.98976e-26 3.9478e-26 3.05052e-26 2.30301e-26 1.69937e-26 1.2261e-26 8.65377e-27 5.97807e-27 4.04603e-27 2.69154e-27 1.78476e-27 1.25816e-27 1.18282e-27 2.01822e-27 5.43534e-27 1.70246e-26 5.52123e-26 1.80688e-25 5.93809e-25 1.958e-24 6.47686e-24 2.14927e-23 7.15466e-23 2.38918e-22 8.00311e-22 2.68908e-21 9.06282e-21 3.0635e-20 1.03858e-19 3.53105e-19 1.20387e-18 4.11567e-18 1.41075e-17 4.84815e-17 1.67027e-16 5.76828e-16 1.99674e-15 6.92755e-15 2.40872e-14 8.3928e-14 2.93029e-13 1.0251e-12 3.59285e-12 1.26154e-11 4.43736e-11 1.56343e-10 5.51744e-10 1.95017e-09 6.90336e-09 2.44724e-08 8.6875e-08 3.08813e-07 1.09914e-06 3.91698e-06 1.39754e-05 4.99195e-05 0.000178496 0.00063879 0.00228666 0.0081714 0.0289475 0.0991937 0.302734 0.658287 0.885449 0.966487 0.990585 0.997386 0.999277 0.9998 0.999945 0.999985 0.999996 0.999999 1 1 1 1 1 1 1 1 1 1 1 1 1 1 1 1 1 1 1 1 1 1 1 1 1 1 1 1 1 1 1 1 1 1 1 1 1 1 1 1 1 1 1 1 1 1 1 1 1 1 1 1 1 1 1 1 1 1 1 1 1 1 1 1 1 1 1 1 1 1 1 
1 1 1 1 1 1 1 1 1 1 1 1 1 1 1 1 1 1 1 1 1 1 1 1 1 1 1 1 1 1 0.999999 0.999997 0.999988 0.999957 0.999841 0.99941 0.997817 0.991942 0.970545 0.896056 0.676175 0.305395 0.0967771 0.027308 0.00745781 0.00201868 0.00054511 0.000147102 3.96893e-05 1.07078e-05 2.88878e-06 7.79314e-07 2.1023e-07 5.67101e-08 1.5297e-08 4.12604e-09 1.11286e-09 3.0014e-10 8.09444e-11 2.18287e-11 5.88633e-12 1.58723e-12 4.27969e-13 1.15389e-13 3.11094e-14 8.38685e-15 2.26092e-15 6.09466e-16 1.64283e-16 4.42811e-17 1.1935e-17 3.21668e-18 8.66914e-19 2.33628e-19 6.29589e-20 1.69657e-20 4.57164e-21 1.23184e-21 3.31913e-22 8.94292e-23 2.40951e-23 6.49251e-24 1.7504e-24 4.73377e-25 1.30089e-25 3.85866e-26 1.51792e-26 1.04057e-26 1.09503e-26 1.32126e-26 1.61804e-26 1.95079e-26 2.29971e-26 2.64642e-26 2.97127e-26 3.25399e-26 3.47546e-26 3.61982e-26 3.67631e-26 3.64068e-26 3.51566e-26 3.31067e-26 3.04056e-26 2.72387e-26 2.38062e-26 2.03031e-26 1.69009e-26 1.37359e-26 1.09026e-26 8.45436e-27 6.40704e-27 4.74708e-27 3.44012e-27 2.43977e-27 1.69546e-27 1.15944e-27 7.9499e-28 5.92761e-28 6.17458e-28 1.1561e-27 3.19801e-27 9.9948e-27 3.21422e-26 1.0418e-25 3.38965e-25 1.10633e-24 3.62188e-24 1.18933e-23 3.91741e-23 1.29429e-22 4.2894e-22 1.42592e-21 4.75466e-21 1.59022e-20 5.33453e-20 1.79481e-19 6.05623e-19 2.0494e-18 6.95449e-18 2.36642e-17 8.07382e-17 2.76182e-16 9.47132e-16 3.25607e-15 1.12205e-14 3.87558e-14 1.34163e-13 4.65446e-13 1.61813e-12 5.63687e-12 1.96748e-11 6.88019e-11 2.41035e-10 8.45903e-10 2.97369e-09 1.04707e-08 3.69268e-08 1.30426e-07 4.61337e-07 1.63412e-06 5.79611e-06 2.05852e-05 7.31996e-05 0.000260587 0.000928481 0.00330833 0.0117551 0.0412376 0.137954 0.393216 0.739232 0.916839 0.975974 0.993258 0.998124 0.99948 0.999856 0.99996 0.999989 0.999997 0.999999 1 1 1 1 1 1 1 1 1 1 1 1 1 1 1 1 1 1 1 1 1 1 1 1 1 1 1 1 1 1 1 1 1 1 1 1 1 1 1 1 1 1 1 1 1 1 1 1 1 1 1 1 1 1 1 1 1 1 1 1 1 1 1 1 1 1 1 1 1 1 1 
1 1 1 1 1 1 1 1 1 1 1 1 1 1 1 1 1 1 1 1 1 1 1 1 1 1 1 1 1 1 0.999999 0.999996 0.999986 0.99995 0.999813 0.999309 0.997446 0.990588 0.965705 0.880085 0.636884 0.27126 0.0840921 0.0235722 0.00642453 0.00173776 0.000469111 0.000126575 3.41492e-05 9.21323e-06 2.48571e-06 6.7065e-07 1.80944e-07 4.88192e-08 1.31715e-08 3.55363e-09 9.5874e-10 2.58654e-10 6.97791e-11 1.88243e-11 5.07805e-12 1.36981e-12 3.69493e-13 9.96633e-14 2.68811e-14 7.25007e-15 1.95532e-15 5.27324e-16 1.42206e-16 3.83478e-17 1.03406e-17 2.78825e-18 7.51798e-19 2.027e-19 5.46498e-20 1.47335e-20 3.97199e-21 1.07076e-21 2.88644e-22 7.78069e-23 2.0973e-23 5.65333e-24 1.52411e-24 4.11295e-25 1.11569e-25 3.1058e-26 9.70089e-27 4.36452e-27 3.42565e-27 3.74759e-27 4.47331e-27 5.35179e-27 6.28723e-27 7.21882e-27 8.09104e-27 8.8492e-27 9.44245e-27 9.82877e-27 9.9798e-27 9.88427e-27 9.54945e-27 9.00016e-27 8.27571e-27 7.42513e-27 6.50165e-27 5.55718e-27 4.63768e-27 3.77991e-27 3.0097e-27 2.34189e-27 1.78141e-27 1.32526e-27 9.64849e-28 6.88565e-28 4.84618e-28 3.45311e-28 2.76848e-28 3.27936e-28 6.79714e-28 1.93371e-27 6.03855e-27 1.92807e-26 6.1962e-26 1.99802e-25 6.46115e-25 2.09525e-24 6.81389e-24 2.22232e-23 7.26921e-23 2.38479e-22 7.84706e-22 2.58977e-21 8.57263e-21 2.84619e-20 9.47774e-20 3.16538e-19 1.06026e-18 3.56167e-18 1.19985e-17 4.05331e-17 1.37304e-16 4.66357e-16 1.58815e-15 5.42217e-15 1.85582e-14 6.36721e-14 2.1897e-13 7.54764e-13 2.60735e-12 9.02649e-12 3.13141e-11 1.08852e-10 3.79116e-10 1.32289e-09 4.62452e-09 1.61945e-08 5.68074e-08 1.99596e-07 7.02396e-07 2.47556e-06 8.7378e-06 3.08846e-05 0.000109311 0.000387349 0.00137374 0.00487024 0.017189 0.0595293 0.192523 0.499549 0.807714 0.940908 0.983072 0.99525 0.998675 0.999631 0.999898 0.999972 0.999992 0.999998 0.999999 1 1 1 1 1 1 1 1 1 1 1 1 1 1 1 1 1 1 1 1 1 1 1 1 1 1 1 1 1 1 1 1 1 1 1 1 1 1 1 1 1 1 1 1 1 1 1 1 1 1 1 1 1 1 1 1 1 1 1 1 1 1 1 1 1 1 1 1 1 1 1 
1 1 1 1 1 1 1 1 1 1 1 1 1 1 1 1 1 1 1 1 1 1 1 1 1 1 1 1 1 1 0.999999 0.999996 0.999984 0.99994 0.99978 0.999185 0.99699 0.98892 0.959757 0.860741 0.592167 0.238538 0.0725271 0.0202189 0.00550255 0.00148786 0.000401635 0.000108376 2.92419e-05 7.89025e-06 2.12908e-06 5.74526e-07 1.55038e-07 4.18384e-08 1.12906e-08 3.04692e-09 8.2225e-10 2.21893e-10 5.98797e-11 1.61588e-11 4.36043e-12 1.17663e-12 3.17498e-13 8.567e-14 2.31155e-14 6.23686e-15 1.68273e-15 4.53991e-16 1.2248e-16 3.30421e-17 8.91364e-18 2.40451e-18 6.48607e-19 1.74953e-19 4.71895e-20 1.27278e-20 3.43277e-21 9.25808e-22 2.49679e-22 6.73329e-23 1.81576e-23 4.89644e-24 1.32043e-24 3.56185e-25 9.62407e-26 2.62249e-26 7.44054e-27 2.49071e-27 1.29231e-27 1.12544e-27 1.25353e-27 1.47254e-27 1.71986e-27 1.96924e-27 2.2032e-27 2.40646e-27 2.56538e-27 2.66877e-27 2.70915e-27 2.68354e-27 2.59385e-27 2.44665e-27 2.25232e-27 2.02386e-27 1.77539e-27 1.52075e-27 1.27226e-27 1.03983e-27 8.30502e-28 6.48419e-28 4.95104e-28 3.70007e-28 2.71277e-28 1.96913e-28 1.47027e-28 1.29766e-28 1.7906e-28 4.10337e-28 1.1976e-27 3.73876e-27 1.18655e-26 3.78512e-26 1.21097e-25 3.88404e-25 1.2489e-24 4.02613e-24 1.30136e-23 4.2178e-23 1.3708e-22 4.46766e-22 1.46024e-21 4.78653e-21 1.57353e-20 5.18791e-20 1.71544e-19 5.68883e-19 1.89202e-18 6.31071e-18 2.11089e-17 7.08069e-17 2.38171e-16 8.03313e-16 2.71672e-15 9.21176e-15 3.13152e-14 1.06723e-13 3.64603e-13 1.24858e-12 4.28569e-12 1.47436e-11 5.08316e-11 1.75625e-10 6.0804e-10 2.10933e-09 7.33152e-09 2.55302e-08 8.90637e-08 3.11247e-07 1.08954e-06 3.82026e-06 1.3416e-05 4.71859e-05 0.000166194 0.000586078 0.00206821 0.00729055 0.0255144 0.0867775 0.267089 0.610198 0.862835 0.958916 0.988286 0.996708 0.999079 0.999743 0.999928 0.99998 0.999994 0.999998 1 1 1 1 1 1 1 1 1 1 1 1 1 1 1 1 1 1 1 1 1 1 1 1 1 1 1 1 1 1 1 1 1 1 1 1 1 1 1 1 1 1 1 1 1 1 1 1 1 1 1 1 1 1 1 1 1 1 1 1 1 1 1 1 1 1 1 1 1 1 1 1 
1 1 1 1 1 1 1 1 1 1 1 1 1 1 1 1 1 1 1 1 1 1 1 1 1 1 1 1 1 1 0.999999 0.999995 0.999981 0.999929 0.999739 0.999034 0.99643 0.98687 0.952462 0.83744 0.542224 0.207305 0.0619792 0.0172048 0.00467877 0.00126533 0.000341695 9.22389e-05 2.48976e-05 6.7205e-06 1.81407e-06 4.89683e-07 1.32185e-07 3.56826e-08 9.6324e-09 2.60024e-09 7.01929e-10 1.89483e-10 5.115e-11 1.38075e-11 3.72718e-12 1.00609e-12 2.71574e-13 7.33042e-14 1.97861e-14 5.34047e-15 1.44141e-15 3.89031e-16 1.04995e-16 2.8336e-17 7.64709e-18 2.06367e-18 5.56889e-19 1.50274e-19 4.05493e-20 1.09413e-20 2.95216e-21 7.96519e-22 2.14901e-22 5.79781e-23 1.56414e-23 4.21964e-24 1.13833e-24 3.0711e-25 8.28981e-26 2.24376e-26 6.15482e-27 1.79423e-27 6.55187e-28 3.90411e-28 3.65877e-28 4.09088e-28 4.71474e-28 5.3743e-28 5.9997e-28 6.54415e-28 6.96972e-28 7.24646e-28 7.35442e-28 7.28573e-28 7.04545e-28 6.65091e-28 6.12958e-28 5.51587e-28 4.84733e-28 4.16084e-28 3.48937e-28 2.85966e-28 2.29099e-28 1.79507e-28 1.3771e-28 1.03813e-28 7.80186e-29 6.18987e-29 6.20578e-29 1.01347e-28 2.54046e-28 7.57088e-28 2.36285e-27 7.46077e-27 2.36512e-26 7.51572e-26 2.39351e-25 7.63933e-25 2.44381e-24 7.83623e-24 2.51889e-23 8.11717e-23 2.62255e-22 8.49559e-22 2.75953e-21 8.98811e-21 2.93568e-20 9.61541e-20 3.15831e-19 1.04034e-18 3.43657e-18 1.13844e-17 3.78197e-17 1.25992e-16 4.20898e-16 1.40994e-15 4.73588e-15 1.59499e-14 5.38584e-14 1.82332e-13 6.18822e-13 2.10541e-12 7.1804e-12 2.45459e-11 8.41007e-11 2.88791e-10 9.93817e-10 3.4272e-09 1.18428e-08 4.10043e-08 1.42244e-07 4.94364e-07 1.72123e-06 6.00325e-06 2.09731e-05 7.33901e-05 0.000257194 0.000902438 0.00316782 0.0110948 0.0384121 0.127341 0.364858 0.71112 0.904864 0.971998 0.992033 0.997756 0.99937 0.999824 0.999951 0.999986 0.999996 0.999999 1 1 1 1 1 1 1 1 1 1 1 1 1 1 1 1 1 1 1 1 1 1 1 1 1 1 1 1 1 1 1 1 1 1 1 1 1 1 1 1 1 1 1 1 1 1 1 1 1 1 1 1 1 1 1 1 1 1 1 1 1 1 1 1 1 1 1 1 1 1 1 1 
1 1 1 1 1 1 1 1 1 1 1 1 1 1 1 1 1 1 1 1 1 1 1 1 1 1 1 1 1 1 0.999998 0.999994 0.999977 0.999916 0.999689 0.998849 0.995749 0.984378 0.94365 0.809988 0.488822 0.178138 0.0524968 0.0145257 0.00394959 0.00106877 0.000288826 7.80226e-05 2.10741e-05 5.69186e-06 1.53726e-06 4.15173e-07 1.12126e-07 3.02812e-08 8.17779e-09 2.20848e-09 5.96407e-10 1.6106e-10 4.34936e-11 1.17451e-11 3.1716e-12 8.56433e-13 2.3126e-13 6.24449e-14 1.68611e-14 4.55263e-15 1.22922e-15 3.31883e-16 8.96045e-17 2.41915e-17 6.53104e-18 1.76315e-18 4.75976e-19 1.28489e-19 3.46844e-20 9.36243e-21 2.52714e-21 6.82113e-22 1.84106e-22 4.96898e-23 1.34107e-23 3.61929e-24 9.7675e-25 2.63599e-25 7.11491e-26 1.92207e-26 5.21497e-27 1.44426e-27 4.36917e-28 1.7664e-28 1.19109e-28 1.17045e-28 1.30158e-28 1.46908e-28 1.63441e-28 1.77975e-28 1.8936e-28 1.96764e-28 1.9965e-28 1.97807e-28 1.91369e-28 1.80792e-28 1.66805e-28 1.50318e-28 1.3233e-28 1.13823e-28 9.56821e-29 7.86328e-29 6.32138e-29 4.97945e-29 3.86651e-29 3.03008e-29 2.61301e-29 3.08584e-29 5.96778e-29 1.60859e-28 4.86861e-28 1.51869e-27 4.7751e-27 1.50585e-26 4.75809e-26 1.50619e-25 4.77687e-25 1.51797e-24 4.83369e-24 1.54252e-23 4.9335e-23 1.58157e-22 5.08235e-22 1.63724e-21 5.28764e-21 1.71213e-20 5.55847e-20 1.80942e-19 5.90612e-19 1.9331e-18 6.34461e-18 2.08813e-17 6.89148e-17 2.2807e-16 7.56869e-16 2.51861e-15 8.40384e-15 2.81164e-14 9.43168e-14 3.17213e-13 1.06961e-12 3.6157e-12 1.22526e-11 4.16211e-11 1.41717e-10 4.83649e-10 1.6543e-09 5.67082e-09 1.94806e-08 6.70593e-08 2.31307e-07 7.99407e-07 2.76803e-06 9.60222e-06 3.3369e-05 0.000116159 0.000404978 0.00141357 0.00493378 0.0171488 0.0585213 0.186911 0.483574 0.794912 0.935597 0.981259 0.99467 0.998495 0.999576 0.999881 0.999967 0.999991 0.999997 0.999999 1 1 1 1 1 1 1 1 1 1 1 1 1 1 1 1 1 1 1 1 1 1 1 1 1 1 1 1 1 1 1 1 1 1 1 1 1 1 1 1 1 1 1 1 1 1 1 1 1 1 1 1 1 1 1 1 1 1 1 1 1 1 1 1 1 1 1 1 1 1 1 1 
1 1 1 1 1 1 1 1 1 1 1 1 1 1 1 1 1 1 1 1 1 1 1 1 1 1 1 1 1 0.999999 0.999998 0.999993 0.999973 0.9999 0.999629 0.998627 0.994931 0.981394 0.933201 0.77857 0.434931 0.151804 0.0441819 0.0121929 0.00331545 0.000897806 0.000242826 6.56491e-05 1.77453e-05 4.79615e-06 1.29618e-06 3.50277e-07 9.46525e-08 2.55759e-08 6.91054e-09 1.86713e-09 5.04457e-10 1.36288e-10 3.68196e-11 9.94689e-12 2.6871e-12 7.25886e-13 1.96084e-13 5.29668e-14 1.43072e-14 3.8645e-15 1.04381e-15 2.81927e-16 7.6145e-17 2.05653e-17 5.55411e-18 1.49997e-18 4.05077e-19 1.09391e-19 2.954e-20 7.97677e-21 2.15392e-21 5.81595e-22 1.57036e-22 4.23996e-23 1.14475e-23 3.09064e-24 8.34396e-25 2.25262e-25 6.08155e-26 1.64231e-26 4.44117e-27 1.20908e-27 3.39377e-28 1.07752e-28 4.86699e-29 3.63578e-29 3.67182e-29 4.03685e-29 4.45792e-29 4.84164e-29 5.14509e-29 5.3429e-29 5.41998e-29 5.37052e-29 5.19797e-29 4.91442e-29 4.53909e-29 4.09617e-29 3.61218e-29 3.11344e-29 2.62395e-29 2.16419e-29 1.75179e-29 1.40618e-29 1.16435e-29 1.12953e-29 1.62208e-29 3.64955e-29 1.03776e-28 3.17429e-28 9.89444e-28 3.10033e-27 9.73555e-27 3.06187e-26 9.64412e-26 3.04241e-25 9.61377e-25 3.04321e-24 9.65101e-24 3.06661e-23 9.76403e-23 3.11545e-22 9.96257e-22 3.19311e-21 1.02584e-20 3.30367e-20 1.06658e-19 3.45216e-19 1.12024e-18 3.64475e-18 1.18899e-17 3.8891e-17 1.27553e-16 4.19474e-16 1.38323e-15 4.57358e-15 1.5163e-14 5.04051e-14 1.68001e-13 5.61421e-13 1.88099e-12 6.3182e-12 2.12759e-11 7.1821e-11 2.43033e-10 8.24338e-10 2.80254e-09 9.54947e-09 3.26112e-08 1.11606e-07 3.82756e-07 1.31535e-06 4.52925e-06 1.56259e-05 5.40101e-05 0.000187012 0.000648542 0.00225128 0.00780757 0.0268775 0.0898383 0.271229 0.608866 0.859975 0.957397 0.98768 0.996492 0.999006 0.999719 0.999921 0.999978 0.999994 0.999998 1 1 1 1 1 1 1 1 1 1 1 1 1 1 1 1 1 1 1 1 1 1 1 1 1 1 1 1 1 1 1 1 1 1 1 1 1 1 1 1 1 1 1 1 1 1 1 1 1 1 1 1 1 1 1 1 1 1 1 1 1 1 1 1 1 1 1 1 1 1 1 1 1 
1 1 1 1 1 1 1 1 1 1 1 1 1 1 1 1 1 1 1 1 1 1 1 1 1 1 1 1 1 0.999999 0.999998 0.999991 0.999968 0.99988 0.999556 0.99836 0.993951 0.977843 0.920955 0.74341 0.383438 0.1288 0.0370738 0.0102052 0.00277446 0.00075165 0.00020342 5.50305e-05 1.48844e-05 4.02533e-06 1.0885e-06 2.94317e-07 7.95736e-08 2.15126e-08 5.81552e-09 1.57203e-09 4.24922e-10 1.14852e-10 3.10418e-11 8.38955e-12 2.26732e-12 6.12736e-13 1.65584e-13 4.47454e-14 1.20911e-14 3.26714e-15 8.82792e-16 2.38526e-16 6.44465e-17 1.74121e-17 4.70423e-18 1.27091e-18 3.43343e-19 9.2753e-20 2.50562e-20 6.76846e-21 1.82832e-21 4.93856e-22 1.33394e-22 3.60295e-23 9.73122e-24 2.62823e-24 7.09816e-25 1.91698e-25 5.17706e-26 1.39823e-26 3.77798e-27 1.02301e-27 2.79826e-28 7.99947e-29 2.69673e-29 1.3631e-29 1.10228e-29 1.12741e-29 1.2208e-29 1.31843e-29 1.39833e-29 1.45092e-29 1.47144e-29 1.45814e-29 1.41189e-29 1.33586e-29 1.23515e-29 1.11618e-29 9.8608e-30 8.52063e-30 7.21193e-30 6.00974e-30 5.02369e-30 4.49925e-30 5.13659e-30 9.08465e-30 2.3041e-29 6.79327e-29 2.09188e-28 6.51505e-28 2.03586e-27 6.3715e-27 1.99641e-26 6.26287e-26 1.96718e-25 6.18731e-25 1.9489e-24 6.14824e-24 1.94279e-23 6.14972e-23 1.95021e-22 6.19644e-22 1.97277e-21 6.2939e-21 2.01237e-20 6.44867e-20 2.07128e-19 6.6687e-19 2.15229e-18 6.9637e-18 2.2588e-17 7.34563e-17 2.39501e-16 7.82929e-16 2.56614e-15 8.43304e-15 2.77866e-14 9.17977e-14 3.04067e-13 1.00981e-12 3.36226e-12 1.12237e-11 3.75611e-11 1.26016e-10 4.23814e-10 1.42881e-09 4.82838e-09 1.63545e-08 5.55212e-08 1.88906e-07 6.44133e-07 2.20103e-06 7.53656e-06 2.58578e-05 8.88893e-05 0.000306121 0.00105583 0.00364377 0.0125446 0.0426423 0.138253 0.383732 0.72148 0.907436 0.972398 0.992039 0.997728 0.999354 0.999817 0.999948 0.999985 0.999996 0.999999 1 1 1 1 1 1 1 1 1 1 1 1 1 1 1 1 1 1 1 1 1 1 1 1 1 1 1 1 1 1 1 1 1 1 1 1 1 1 1 1 1 1 1 1 1 1 1 1 1 1 1 1 1 1 1 1 1 1 1 1 1 1 1 1 1 1 1 1 1 1 1 1 1 
1 1 1 1 1 1 1 1 1 1 1 1 1 1 1 1 1 1 1 1 1 1 1 1 1 1 1 1 1 0.999999 0.999997 0.999989 0.999961 0.999856 0.999468 0.998037 0.99277 0.973595 0.906558 0.704296 0.335937 0.109106 0.0310914 0.00853517 0.00231901 0.000628268 0.000170066 4.60214e-05 1.2452e-05 3.36879e-06 9.11321e-07 2.46511e-07 6.66758e-08 1.80332e-08 4.87695e-09 1.31886e-09 3.56638e-10 9.64344e-11 2.60745e-11 7.04986e-12 1.90601e-12 5.15293e-13 1.39305e-13 3.76582e-14 1.01798e-14 2.75171e-15 7.43794e-16 2.01042e-16 5.43386e-17 1.46864e-17 3.96927e-18 1.07273e-18 2.89907e-19 7.83451e-20 2.11716e-20 5.72112e-21 1.54595e-21 4.17732e-22 1.12872e-22 3.04974e-23 8.23996e-24 2.22625e-24 6.01467e-25 1.62493e-25 4.38985e-26 1.18594e-26 3.20428e-27 8.66352e-28 2.35008e-28 6.46975e-29 1.8946e-29 6.85331e-30 3.85455e-30 3.30161e-30 3.38483e-30 3.60152e-30 3.80348e-30 3.94104e-30 3.99505e-30 3.95913e-30 3.8351e-30 3.63129e-30 3.36128e-30 3.04256e-30 2.69541e-30 2.34339e-30 2.01871e-30 1.78301e-30 1.79479e-30 2.52143e-30 5.40052e-30 1.49006e-29 4.49453e-29 1.38957e-28 4.32434e-28 1.3485e-27 4.20956e-27 1.31522e-26 4.1129e-26 1.28743e-25 4.03424e-25 1.26562e-24 3.9755e-24 1.25045e-23 3.93882e-23 1.24262e-22 3.9266e-22 1.24293e-21 3.94152e-21 1.2523e-20 3.98671e-20 1.2718e-19 4.06587e-19 1.30271e-18 4.18344e-18 1.34658e-17 4.34481e-17 1.4053e-16 4.5566e-16 1.48117e-15 4.82694e-15 1.57707e-14 5.16591e-14 1.69654e-13 5.58602e-13 1.844e-12 6.10285e-12 2.02494e-11 6.7358e-11 2.24623e-10 7.50919e-10 2.51647e-09 8.45343e-09 2.84643e-08 9.60677e-08 3.24969e-07 1.10173e-06 3.74332e-06 1.27457e-05 4.3488e-05 0.000148675 0.00050921 0.00174641 0.00598893 0.0204353 0.0682417 0.211203 0.518297 0.811466 0.94042 0.982447 0.994939 0.998551 0.999586 0.999882 0.999966 0.99999 0.999997 0.999999 1 1 1 1 1 1 1 1 1 1 1 1 1 1 1 1 1 1 1 1 1 1 1 1 1 1 1 1 1 1 1 1 1 1 1 1 1 1 1 1 1 1 1 1 1 1 1 1 1 1 1 1 1 1 1 1 1 1 1 1 1 1 1 1 1 1 1 1 1 1 1 1 1 
1 1 1 1 1 1 1 1 1 1 1 1 1 1 1 1 1 1 1 1 1 1 1 1 1 1 1 1 1 0.999999 0.999997 0.999987 0.999953 0.999827 0.999361 0.997642 0.991329 0.968437 0.889381 0.660428 0.292566 0.0922759 0.0260615 0.00713494 0.00193683 0.000524559 0.000141979 3.84215e-05 1.03967e-05 2.81317e-06 7.61166e-07 2.05942e-07 5.57176e-08 1.50737e-08 4.07784e-09 1.10311e-09 2.98394e-10 8.07126e-11 2.18311e-11 5.90459e-12 1.59693e-12 4.31884e-13 1.16797e-13 3.15848e-14 8.54102e-15 2.30954e-15 6.24492e-16 1.68855e-16 4.56547e-17 1.23436e-17 3.33724e-18 9.02229e-19 2.43912e-19 6.5938e-20 1.78248e-20 4.81839e-21 1.30246e-21 3.52059e-22 9.51595e-23 2.57203e-23 6.95164e-24 1.87882e-24 5.07774e-25 1.37228e-25 3.70854e-26 1.0022e-26 2.70841e-27 7.32088e-28 1.98092e-28 5.38604e-29 1.49559e-29 4.51551e-30 1.76666e-30 1.0931e-30 9.73571e-31 9.9337e-31 1.03715e-30 1.07121e-30 1.08491e-30 1.07509e-30 1.04184e-30 9.87367e-31 9.15527e-31 8.31877e-31 7.4469e-31 6.69194e-31 6.41854e-31 7.65765e-31 1.35269e-30 3.36553e-30 9.79577e-30 2.9952e-29 9.28175e-29 2.88676e-28 8.989e-28 2.80091e-27 8.73264e-27 2.72439e-26 8.50558e-26 2.65758e-25 8.31101e-25 2.60164e-24 8.15276e-24 2.5578e-23 8.03479e-23 2.52737e-22 7.96136e-22 2.51173e-21 7.93714e-21 2.51246e-20 7.96738e-20 2.53134e-19 8.0582e-19 2.57047e-18 8.21682e-18 2.63234e-17 8.45188e-17 2.71996e-16 8.77389e-16 2.83701e-15 9.19569e-15 2.98798e-14 9.73309e-14 3.17843e-13 1.04056e-12 3.41523e-12 1.12375e-11 3.7069e-11 1.22587e-10 4.06405e-10 1.35067e-09 4.49989e-09 1.50282e-08 5.03091e-08 1.68815e-07 5.67778e-07 1.91397e-06 6.46638e-06 2.18945e-05 7.42899e-05 0.00025258 0.000860271 0.00293304 0.00998619 0.0336799 0.109522 0.315304 0.65311 0.877693 0.962549 0.989033 0.996833 0.99909 0.999739 0.999925 0.999979 0.999994 0.999998 1 1 1 1 1 1 1 1 1 1 1 1 1 1 1 1 1 1 1 1 1 1 1 1 1 1 1 1 1 1 1 1 1 1 1 1 1 1 1 1 1 1 1 1 1 1 1 1 1 1 1 1 1 1 1 1 1 1 1 1 1 1 1 1 1 1 1 1 1 1 1 1 1 1 
1 1 1 1 1 1 1 1 1 1 1 1 1 1 1 1 1 1 1 1 1 1 1 1 1 1 1 1 1 0.999999 0.999996 0.999985 0.999943 0.999791 0.999228 0.997155 0.989549 0.962089 0.868602 0.61089 0.252743 0.0777429 0.0217925 0.00595251 0.00161457 0.000437139 0.0001183 3.20118e-05 8.6623e-06 2.34401e-06 6.3429e-07 1.71638e-07 4.64448e-08 1.25676e-08 3.40062e-09 9.20139e-10 2.48964e-10 6.73608e-11 1.82249e-11 4.93069e-12 1.33394e-12 3.60869e-13 9.76224e-14 2.64079e-14 7.1434e-15 1.93224e-15 5.2264e-16 1.41361e-16 3.82335e-17 1.03405e-17 2.79659e-18 7.56312e-19 2.04531e-19 5.53101e-20 1.49567e-20 4.04441e-21 1.0936e-21 2.95701e-22 7.99525e-23 2.16171e-23 5.84456e-24 1.58013e-24 4.27189e-25 1.15487e-25 3.12203e-26 8.43973e-27 2.28147e-27 6.16765e-28 1.66788e-28 4.5174e-29 1.23203e-29 3.45965e-30 1.08418e-30 4.60752e-31 3.09035e-31 2.82006e-31 2.85002e-31 2.91767e-31 2.9481e-31 2.92045e-31 2.83222e-31 2.69027e-31 2.51083e-31 2.32788e-31 2.22358e-31 2.42561e-31 3.61317e-31 7.8712e-31 2.16601e-30 6.50545e-30 2.00483e-29 6.2215e-29 1.93435e-28 6.01795e-28 1.87293e-27 5.83105e-27 1.81615e-26 5.6593e-26 1.76448e-25 5.5049e-25 1.71868e-24 5.37023e-24 1.6795e-23 5.25766e-23 1.64768e-22 5.16963e-22 1.62402e-21 5.10869e-21 1.60936e-20 5.07759e-20 1.60459e-19 5.07939e-19 1.61077e-18 5.1176e-18 1.62908e-17 5.19629e-17 1.66093e-16 5.32036e-16 1.70801e-15 5.49566e-15 1.77236e-14 5.72935e-14 1.8565e-13 6.0302e-13 1.96348e-12 6.40898e-12 2.09711e-11 6.87904e-11 2.26207e-10 7.45687e-10 2.46418e-09 8.16297e-09 2.71066e-08 9.02281e-08 3.0105e-07 1.00681e-06 3.37491e-06 1.13386e-05 3.81785e-05 0.000128828 0.000435588 0.00147517 0.00499785 0.0168713 0.0559867 0.17475 0.450593 0.76639 0.923241 0.976933 0.99326 0.998049 0.999437 0.999838 0.999953 0.999987 0.999996 0.999999 1 1 1 1 1 1 1 1 1 1 1 1 1 1 1 1 1 1 1 1 1 1 1 1 1 1 1 1 1 1 1 1 1 1 1 1 1 1 1 1 1 1 1 1 1 1 1 1 1 1 1 1 1 1 1 1 1 1 1 1 1 1 1 1 1 1 1 1 1 1 1 1 1 1 
1 1 1 1 1 1 1 1 1 1 1 1 1 1 1 1 1 1 1 1 1 1 1 1 1 1 1 1 1 0.999999 0.999995 0.999981 0.999931 0.999747 0.999065 0.996553 0.987348 0.954261 0.843478 0.555675 0.21606 0.0650799 0.0181363 0.00494636 0.00134122 0.000363122 9.82761e-05 2.6596e-05 7.19764e-06 1.94793e-06 5.27187e-07 1.42679e-07 3.86154e-08 1.0451e-08 2.82848e-09 7.65498e-10 2.0717e-10 5.60665e-11 1.51729e-11 4.10607e-12 1.11115e-12 3.0068e-13 8.1363e-14 2.20159e-14 5.95708e-15 1.61182e-15 4.36103e-16 1.1799e-16 3.19221e-17 8.63621e-18 2.33637e-18 6.32045e-19 1.70978e-19 4.62509e-20 1.25108e-20 3.38407e-21 9.15336e-22 2.47576e-22 6.69613e-23 1.81103e-23 4.89796e-24 1.32462e-24 3.58226e-25 9.68743e-26 2.61968e-26 7.08394e-27 1.91554e-27 5.17972e-28 1.40075e-28 3.78988e-29 1.0277e-29 2.81401e-30 8.01474e-31 2.62367e-31 1.21125e-31 8.66905e-32 8.01453e-32 7.99794e-32 8.02858e-32 7.94909e-32 7.7374e-32 7.44556e-32 7.24406e-32 7.62627e-32 1.00667e-31 1.90802e-31 4.86367e-31 1.42117e-30 4.34382e-30 1.34479e-29 4.1775e-29 1.29884e-28 4.03925e-28 1.25633e-27 3.90816e-27 1.21599e-26 3.78445e-26 1.17821e-25 3.66964e-25 1.1435e-24 3.56531e-24 1.11234e-23 3.47296e-23 1.08521e-22 3.39408e-22 1.06258e-21 3.33017e-21 1.04492e-20 3.28279e-20 1.03273e-19 3.25356e-19 1.02657e-18 3.24428e-18 1.02703e-17 3.25698e-17 1.03479e-16 3.29399e-16 1.05065e-15 3.35807e-15 1.07557e-14 3.45251e-14 1.1107e-13 3.58132e-13 1.15742e-12 3.74937e-12 1.21746e-11 3.96266e-11 1.2929e-10 4.22855e-10 1.38634e-09 4.55614e-09 1.50098e-08 4.95672e-08 1.64078e-07 5.44424e-07 1.81068e-06 6.03607e-06 2.01678e-05 6.75356e-05 0.000226642 0.00076206 0.00256566 0.00863125 0.0288155 0.0933191 0.272825 0.59917 0.850825 0.953103 0.986048 0.995922 0.998815 0.999657 0.999901 0.999971 0.999992 0.999998 0.999999 1 1 1 1 1 1 1 1 1 1 1 1 1 1 1 1 1 1 1 1 1 1 1 1 1 1 1 1 1 1 1 1 1 1 1 1 1 1 1 1 1 1 1 1 1 1 1 1 1 1 1 1 1 1 1 1 1 1 1 1 1 1 1 1 1 1 1 1 1 1 1 1 1 1 
1 1 1 1 1 1 1 1 1 1 1 1 1 1 1 1 1 1 1 1 1 1 1 1 1 1 1 1 1 0.999998 0.999994 0.999977 0.999917 0.999692 0.998864 0.995815 0.98465 0.944722 0.813671 0.496613 0.182697 0.0540876 0.0150081 0.00409027 0.0011093 0.000300446 8.13446e-05 2.20217e-05 5.96159e-06 1.61388e-06 4.36898e-07 1.18274e-07 3.20181e-08 8.6676e-09 2.34638e-09 6.35175e-10 1.71942e-10 4.6544e-11 1.25991e-11 3.41039e-12 9.23125e-13 2.49866e-13 6.76306e-14 1.8305e-14 4.95431e-15 1.34087e-15 3.62892e-16 9.82103e-17 2.65781e-17 7.1925e-18 1.94636e-18 5.26688e-19 1.42519e-19 3.85636e-20 1.04345e-20 2.82327e-21 7.63873e-22 2.0667e-22 5.59141e-23 1.5127e-23 4.09234e-24 1.10708e-24 2.99484e-25 8.10131e-26 2.19142e-26 5.92765e-27 1.60335e-27 4.33676e-28 1.17303e-28 3.17329e-29 8.59063e-30 2.33301e-30 6.42038e-31 1.86073e-31 6.39749e-32 3.19644e-32 2.40547e-32 2.23633e-32 2.20561e-32 2.19132e-32 2.19132e-32 2.29956e-32 2.82972e-32 4.75415e-32 1.10863e-31 3.11886e-31 9.41801e-31 2.90646e-30 9.02367e-30 2.80576e-29 8.72639e-29 2.714e-28 8.44036e-28 2.62482e-27 8.16299e-27 2.53884e-26 7.89739e-26 2.45711e-25 7.64691e-25 2.38068e-24 7.4148e-24 2.31055e-23 7.20417e-23 2.2477e-22 7.01804e-22 2.19306e-21 6.85936e-21 2.14758e-20 6.73109e-20 2.11218e-19 6.63629e-19 2.08787e-18 6.57818e-18 2.07571e-17 6.56027e-17 2.07686e-16 6.58653e-16 2.09268e-15 6.66154e-15 2.12473e-14 6.79069e-14 2.17487e-13 6.98045e-13 2.24535e-12 7.23862e-12 2.3389e-11 7.57473e-11 2.45885e-10 8.00047e-10 2.6093e-09 8.5302e-09 2.79528e-08 9.18164e-08 3.02302e-07 9.97666e-07 3.30023e-06 1.09423e-05 3.63635e-05 0.000121113 0.000404237 0.00135159 0.00452219 0.0150865 0.0495925 0.15456 0.40753 0.731233 0.908546 0.971982 0.9917 0.997568 0.999291 0.999794 0.99994 0.999983 0.999995 0.999999 1 1 1 1 1 1 1 1 1 1 1 1 1 1 1 1 1 1 1 1 1 1 1 1 1 1 1 1 1 1 1 1 1 1 1 1 1 1 1 1 1 1 1 1 1 1 1 1 1 1 1 1 1 1 1 1 1 1 1 1 1 1 1 1 1 1 1 1 1 1 1 1 1 1 1 
1 1 1 1 1 1 1 1 1 1 1 1 1 1 1 1 1 1 1 1 1 1 1 1 1 1 1 1 0.999999 0.999998 0.999993 0.999973 0.999899 0.999626 0.998621 0.994917 0.981383 0.933301 0.779311 0.43716 0.153203 0.0447093 0.0123648 0.00336887 0.000914059 0.00024771 6.71041e-05 1.81757e-05 4.92265e-06 1.33317e-06 3.61041e-07 9.77717e-08 2.64763e-08 7.16955e-09 1.9414e-09 5.25691e-10 1.42343e-10 3.85417e-11 1.04356e-11 2.8255e-12 7.65001e-13 2.07119e-13 5.60747e-14 1.51811e-14 4.1099e-15 1.11262e-15 3.01198e-16 8.15353e-17 2.20713e-17 5.97448e-18 1.61718e-18 4.37732e-19 1.1848e-19 3.20678e-20 8.67925e-21 2.349e-21 6.3573e-22 1.72048e-22 4.65603e-23 1.26e-23 3.40966e-24 9.22657e-25 2.49665e-25 6.7556e-26 1.82792e-26 4.94583e-27 1.33817e-27 3.6205e-28 9.7954e-29 2.65025e-29 7.1721e-30 1.94289e-30 5.28617e-31 1.46387e-31 4.33153e-32 1.57079e-32 8.45224e-33 6.64681e-33 6.3153e-33 6.57431e-33 7.79432e-33 1.19733e-32 2.5554e-32 6.86532e-32 2.03935e-31 6.2656e-31 1.9442e-30 6.04844e-30 1.88258e-29 5.85903e-29 1.82308e-28 5.67143e-28 1.76401e-27 5.48599e-27 1.70597e-26 5.30492e-26 1.64968e-25 5.13051e-25 1.59584e-24 4.96496e-24 1.54514e-23 4.81036e-23 1.49823e-22 4.66873e-22 1.45572e-21 4.542e-21 1.41822e-20 4.43204e-20 1.38632e-19 4.34069e-19 1.3606e-18 4.26983e-18 1.34165e-17 4.22139e-17 1.33012e-16 4.19746e-16 1.3267e-15 4.20035e-15 1.33216e-14 4.2327e-14 1.3474e-13 4.29756e-13 1.37348e-12 4.39861e-12 1.41165e-11 4.54023e-11 1.46346e-10 4.72776e-10 1.53077e-09 4.96771e-09 1.61585e-08 5.26809e-08 1.72152e-07 5.63872e-07 1.85122e-06 6.09171e-06 2.00918e-05 6.64179e-05 0.000220042 0.000730465 0.00242833 0.00806866 0.0266281 0.0854964 0.250304 0.564734 0.83104 0.945625 0.983572 0.995137 0.998571 0.999581 0.999878 0.999964 0.99999 0.999997 0.999999 1 1 1 1 1 1 1 1 1 1 1 1 1 1 1 1 1 1 1 1 1 1 1 1 1 1 1 1 1 1 1 1 1 1 1 1 1 1 1 1 1 1 1 1 1 1 1 1 1 1 1 1 1 1 1 1 1 1 1 1 1 1 1 1 1 1 1 1 1 1 1 1 1 1 1 
1 1 1 1 1 1 1 1 1 1 1 1 1 1 1 1 1 1 1 1 1 1 1 1 1 1 1 1 0.999999 0.999998 0.999991 0.999967 0.999877 0.999546 0.998324 0.993831 0.977454 0.919777 0.740618 0.380796 0.127941 0.0368788 0.0101687 0.00276944 0.000751634 0.000203784 5.52303e-05 1.49663e-05 4.05512e-06 1.09866e-06 2.97641e-07 8.06304e-08 2.18417e-08 5.91636e-09 1.60253e-09 4.34056e-10 1.17563e-10 3.18407e-11 8.62348e-12 2.33545e-12 6.32483e-13 1.71284e-13 4.63844e-14 1.25608e-14 3.40136e-15 9.21036e-16 2.49396e-16 6.75293e-17 1.82846e-17 4.95068e-18 1.3404e-18 3.62906e-19 9.82521e-20 2.65998e-20 7.20118e-21 1.94948e-21 5.27741e-22 1.4286e-22 3.86716e-23 1.04679e-23 2.83347e-24 7.66944e-25 2.07586e-25 5.6185e-26 1.52066e-26 4.11558e-27 1.11383e-27 3.01437e-28 8.15762e-29 2.20764e-29 5.97468e-30 1.61748e-30 4.38507e-31 1.19579e-31 3.33705e-32 1.01255e-32 3.91742e-33 2.35692e-33 2.21813e-33 3.02952e-33 5.92024e-33 1.51203e-32 4.40218e-32 1.34456e-31 4.16893e-31 1.29805e-30 4.04522e-30 1.26057e-29 3.92698e-29 1.22291e-28 3.80699e-28 1.18477e-27 3.68615e-27 1.14661e-26 3.566e-26 1.1089e-25 3.44806e-25 1.07213e-24 3.33382e-24 1.03676e-23 3.22471e-23 1.00324e-22 3.12211e-22 9.71975e-22 3.02731e-21 9.43379e-21 2.94156e-20 9.17836e-20 2.86605e-19 8.95716e-19 2.80195e-18 8.77384e-18 2.7504e-17 8.6321e-17 2.7126e-16 8.53574e-16 2.68979e-15 8.48887e-15 2.68331e-14 8.49602e-14 2.69471e-13 8.56235e-13 2.72574e-12 8.69389e-12 2.77847e-11 8.8978e-11 2.85539e-10 9.1827e-10 2.95948e-09 9.55905e-09 3.09442e-08 1.00396e-07 3.26465e-07 1.064e-06 3.47565e-06 1.13794e-05 3.73409e-05 0.000122806 0.00040474 0.00133633 0.00441552 0.0145509 0.0472889 0.146189 0.386649 0.710322 0.898754 0.968443 0.990526 0.997191 0.999171 0.999756 0.999928 0.999979 0.999994 0.999998 0.999999 1 1 1 1 1 1 1 1 1 1 1 1 1 1 1 1 1 1 1 1 1 1 1 1 1 1 1 1 1 1 1 1 1 1 1 1 1 1 1 1 1 1 1 1 1 1 1 1 1 1 1 1 1 1 1 1 1 1 1 1 1 1 1 1 1 1 1 1 1 1 1 1 1 1 1 
1 1 1 1 1 1 1 1 1 1 1 1 1 1 1 1 1 1 1 1 1 1 1 1 1 1 1 1 0.999999 0.999997 0.999989 0.999959 0.99985 0.999447 0.997962 0.992507 0.972699 0.903714 0.697348 0.329421 0.106728 0.03043 0.0083651 0.00227645 0.000617765 0.000167507 4.54067e-05 1.2307e-05 3.33541e-06 9.03894e-07 2.44941e-07 6.63715e-08 1.79838e-08 4.87263e-09 1.32017e-09 3.57665e-10 9.6897e-11 2.62501e-11 7.1111e-12 1.92633e-12 5.21811e-13 1.41346e-13 3.82863e-14 1.03703e-14 2.80885e-15 7.60774e-16 2.0605e-16 5.58055e-17 1.51137e-17 4.09313e-18 1.10848e-18 3.00187e-19 8.12914e-20 2.20134e-20 5.96098e-21 1.61413e-21 4.37066e-22 1.18344e-22 3.2043e-23 8.6758e-24 2.34896e-24 6.35961e-25 1.72177e-25 4.6613e-26 1.26191e-26 3.41617e-27 9.24782e-28 2.50339e-28 6.77651e-29 1.83432e-29 4.9653e-30 1.34417e-30 3.64046e-31 9.87863e-32 2.70203e-32 7.63451e-33 2.46033e-33 1.25092e-33 1.49803e-33 3.35424e-33 9.46279e-33 2.86747e-32 8.8808e-32 2.76789e-31 8.63974e-31 2.69699e-30 8.41597e-30 2.625e-29 8.18374e-29 2.55023e-28 7.94379e-28 2.47349e-27 7.69914e-27 2.39576e-26 7.453e-26 2.31807e-25 7.20856e-25 2.24141e-24 6.96894e-24 2.16675e-23 6.73714e-23 2.09504e-22 6.51608e-22 2.02716e-21 6.3085e-21 1.96396e-20 6.117e-20 1.90624e-19 5.94408e-19 1.85478e-18 5.7921e-18 1.81031e-17 5.66337e-17 1.77354e-16 5.56017e-16 1.74522e-15 5.48482e-15 1.72608e-14 5.43978e-14 1.71694e-13 5.4277e-13 1.71868e-12 5.45158e-12 1.73232e-11 5.51488e-11 1.75904e-10 5.62167e-10 1.80024e-09 5.77681e-09 1.85762e-08 5.9862e-08 1.93323e-07 6.25699e-07 2.02957e-06 6.5979e-06 2.14968e-05 7.01941e-05 0.000229703 0.000753171 0.00247303 0.00811614 0.0264579 0.0839639 0.243691 0.550862 0.821119 0.941375 0.982036 0.994616 0.998399 0.999526 0.99986 0.999959 0.999988 0.999996 0.999999 1 1 1 1 1 1 1 1 1 1 1 1 1 1 1 1 1 1 1 1 1 1 1 1 1 1 1 1 1 1 1 1 1 1 1 1 1 1 1 1 1 1 1 1 1 1 1 1 1 1 1 1 1 1 1 1 1 1 1 1 1 1 1 1 1 1 1 1 1 1 1 1 1 1 1 1 
1 1 1 1 1 1 1 1 1 1 1 1 1 1 1 1 1 1 1 1 1 1 1 1 1 1 1 1 0.999999 0.999996 0.999987 0.99995 0.999817 0.999325 0.997515 0.990877 0.966871 0.884386 0.648686 0.283158 0.0889382 0.0251182 0.00688462 0.00187165 0.000507704 0.000137639 3.73077e-05 1.01119e-05 2.74065e-06 7.42784e-07 2.01308e-07 5.45564e-08 1.47849e-08 4.00663e-09 1.08574e-09 2.94212e-10 7.97229e-11 2.1602e-11 5.85318e-12 1.58591e-12 4.29688e-13 1.16417e-13 3.15407e-14 8.54503e-15 2.31497e-15 6.27144e-16 1.69894e-16 4.60235e-17 1.24672e-17 3.37716e-18 9.1479e-19 2.47789e-19 6.71169e-20 1.81791e-20 4.92381e-21 1.33358e-21 3.61185e-22 9.78202e-23 2.64921e-23 7.17455e-24 1.94295e-24 5.26162e-25 1.42484e-25 3.85836e-26 1.04479e-26 2.82907e-27 7.66034e-28 2.07416e-28 5.61598e-29 1.52054e-29 4.11686e-30 1.11465e-30 3.01835e-31 8.17887e-32 2.22343e-32 6.15499e-33 1.92567e-33 1.15911e-33 2.13266e-33 6.09777e-33 1.87743e-32 5.85545e-32 1.8311e-31 5.72789e-31 1.79113e-30 5.59799e-30 1.74861e-29 5.45903e-29 1.70335e-28 5.31219e-28 1.6559e-27 5.15943e-27 1.6069e-26 5.0028e-26 1.557e-25 4.84438e-25 1.50687e-24 4.68623e-24 1.45715e-23 4.5304e-23 1.40847e-22 4.37885e-22 1.36145e-21 4.23348e-21 1.31667e-20 4.09607e-20 1.27468e-19 3.96834e-19 1.23601e-18 3.8519e-18 1.20115e-17 3.74826e-17 1.17058e-16 3.65889e-16 1.14474e-15 3.58521e-15 1.1241e-14 3.52867e-14 1.1091e-13 3.49073e-13 1.10023e-12 3.47297e-12 1.09801e-11 3.47715e-11 1.10303e-10 3.50525e-10 1.11596e-09 3.5596e-09 1.13762e-08 3.64296e-08 1.16895e-07 3.75866e-07 1.21111e-06 3.91071e-06 1.26549e-05 4.10393e-05 0.000133373 0.000434336 0.00141687 0.00462507 0.0150546 0.0483091 0.1474 0.385229 0.705287 0.895307 0.96691 0.98994 0.996981 0.999099 0.999732 0.99992 0.999976 0.999993 0.999998 0.999999 1 1 1 1 1 1 1 1 1 1 1 1 1 1 1 1 1 1 1 1 1 1 1 1 1 1 1 1 1 1 1 1 1 1 1 1 1 1 1 1 1 1 1 1 1 1 1 1 1 1 1 1 1 1 1 1 1 1 1 1 1 1 1 1 1 1 1 1 1 1 1 1 1 1 1 1 
1 1 1 1 1 1 1 1 1 1 1 1 1 1 1 1 1 1 1 1 1 1 1 1 1 1 1 1 0.999999 0.999996 0.999984 0.999939 0.999776 0.999175 0.996961 0.988853 0.959661 0.860921 0.593966 0.241339 0.0738639 0.0206994 0.00565996 0.00153741 0.000416884 0.000112994 3.06242e-05 8.29991e-06 2.24951e-06 6.09689e-07 1.65246e-07 4.47869e-08 1.21386e-08 3.28989e-09 8.91638e-10 2.41651e-10 6.54907e-11 1.77485e-11 4.80991e-12 1.30347e-12 3.5323e-13 9.57202e-14 2.59382e-14 7.02857e-15 1.90452e-15 5.16051e-16 1.39827e-16 3.78861e-17 1.0265e-17 2.78117e-18 7.53508e-19 2.04145e-19 5.53068e-20 1.49834e-20 4.05911e-21 1.09962e-21 2.97882e-22 8.06931e-23 2.18584e-23 5.92095e-24 1.60381e-24 4.34417e-25 1.17666e-25 3.187e-26 8.63188e-27 2.33786e-27 6.33171e-28 1.7148e-28 4.64404e-29 1.25768e-29 3.40591e-30 9.22343e-31 2.49787e-31 6.76698e-32 1.83805e-32 5.11311e-33 1.7673e-33 1.63456e-33 4.02683e-33 1.22993e-32 3.84674e-32 1.20592e-31 3.77994e-31 1.18417e-30 3.70744e-30 1.16e-29 3.62722e-29 1.13351e-28 3.54017e-28 1.10504e-27 3.44749e-27 1.075e-26 3.35046e-26 1.04378e-25 3.2504e-25 1.01182e-24 3.14864e-24 9.79531e-24 3.04654e-23 9.47345e-23 2.94541e-22 9.15673e-22 2.84654e-21 8.84914e-21 2.75117e-20 8.55451e-20 2.66048e-19 8.27645e-19 2.57558e-18 8.01838e-18 2.49752e-17 7.78351e-17 2.42728e-16 7.57488e-16 2.3658e-15 7.39539e-15 2.31398e-14 7.24785e-14 2.27271e-13 7.13508e-13 2.24289e-12 7.05998e-12 2.22546e-11 7.02567e-11 2.22145e-10 7.03556e-10 2.23203e-09 7.09358e-09 2.25851e-08 7.2043e-08 2.30248e-07 7.37314e-07 2.36581e-06 7.60661e-06 2.45074e-05 7.9123e-05 0.000255971 0.000829628 0.00269227 0.00873015 0.0281028 0.0879401 0.25093 0.556505 0.821923 0.940943 0.981684 0.994445 0.998329 0.999499 0.99985 0.999955 0.999987 0.999996 0.999999 1 1 1 1 1 1 1 1 1 1 1 1 1 1 1 1 1 1 1 1 1 1 1 1 1 1 1 1 1 1 1 1 1 1 1 1 1 1 1 1 1 1 1 1 1 1 1 1 1 1 1 1 1 1 1 1 1 1 1 1 1 1 1 1 1 1 1 1 1 1 1 1 1 1 1 1 1 
1 1 1 1 1 1 1 1 1 1 1 1 1 1 1 1 1 1 1 1 1 1 1 1 1 1 1 1 0.999999 0.999995 0.99998 0.999926 0.999726 0.998988 0.996276 0.986348 0.950774 0.83266 0.533926 0.203559 0.0609966 0.0169934 0.0046396 0.00125982 0.000341599 9.2592e-05 2.5096e-05 6.80202e-06 1.84366e-06 4.99728e-07 1.35454e-07 3.67158e-08 9.95213e-09 2.6976e-09 7.31203e-10 1.98196e-10 5.37213e-11 1.45611e-11 3.94669e-12 1.06971e-12 2.89929e-13 7.85797e-14 2.12971e-14 5.77196e-15 1.56429e-15 4.23939e-16 1.14889e-16 3.1135e-17 8.43739e-18 2.28643e-18 6.19585e-19 1.67893e-19 4.54944e-20 1.23274e-20 3.34025e-21 9.05057e-22 2.45224e-22 6.64419e-23 1.80016e-23 4.87721e-24 1.32136e-24 3.57985e-25 9.69832e-26 2.62736e-26 7.11759e-27 1.92813e-27 5.22313e-28 1.41487e-28 3.83258e-29 1.03814e-29 2.81199e-30 7.61664e-31 2.06312e-31 5.5908e-32 1.52218e-32 4.3621e-33 1.92391e-33 2.84698e-33 8.07921e-33 2.51625e-32 7.90157e-32 2.48169e-31 7.7897e-31 2.44342e-30 7.6591e-30 2.39919e-29 7.51039e-29 2.34953e-28 7.34562e-28 2.29516e-27 7.1671e-27 2.23682e-26 6.97733e-26 2.17534e-25 6.77892e-25 2.11156e-24 6.5746e-24 2.04633e-23 6.3671e-23 1.98054e-22 6.15918e-22 1.91505e-21 5.95353e-21 1.85068e-20 5.75276e-20 1.78827e-19 5.55938e-19 1.72857e-18 5.37576e-18 1.67231e-17 5.20413e-17 1.62018e-16 5.04659e-16 1.57283e-15 4.90511e-15 1.53085e-14 4.78154e-14 1.49482e-13 4.67767e-13 1.46529e-12 4.59524e-12 1.44283e-11 4.53602e-11 1.42799e-10 4.50188e-10 1.42139e-09 4.49483e-09 1.42371e-08 4.51714e-08 1.43571e-07 4.57143e-07 1.45829e-06 4.66079e-06 1.49251e-05 4.7888e-05 0.000153953 0.000495866 0.00159958 0.00516183 0.0165997 0.0525463 0.157547 0.401477 0.715439 0.898359 0.967543 0.99002 0.996971 0.999085 0.999725 0.999917 0.999975 0.999993 0.999998 0.999999 1 1 1 1 1 1 1 1 1 1 1 1 1 1 1 1 1 1 1 1 1 1 1 1 1 1 1 1 1 1 1 1 1 1 1 1 1 1 1 1 1 1 1 1 1 1 1 1 1 1 1 1 1 1 1 1 1 1 1 1 1 1 1 1 1 1 1 1 1 1 1 1 1 1 1 1 1 
1 1 1 1 1 1 1 1 1 1 1 1 1 1 1 1 1 1 1 1 1 1 1 1 1 1 1 1 0.999998 0.999993 0.999975 0.999909 0.999664 0.99876 0.995434 0.983282 0.939984 0.799448 0.471414 0.170017 0.050081 0.0138928 0.00379022 0.00102933 0.00027919 7.56995e-05 2.05231e-05 5.56391e-06 1.50839e-06 4.08925e-07 1.1086e-07 3.0054e-08 8.1476e-09 2.20879e-09 5.98792e-10 1.62328e-10 4.40055e-11 1.19293e-11 3.23384e-12 8.76631e-13 2.37634e-13 6.44159e-14 1.74611e-14 4.73306e-15 1.28294e-15 3.47746e-16 9.42565e-17 2.55477e-17 6.92445e-18 1.87677e-18 5.0866e-19 1.37859e-19 3.73626e-20 1.01258e-20 2.74418e-21 7.43683e-22 2.01537e-22 5.46152e-23 1.48001e-23 4.01056e-24 1.08677e-24 2.94483e-25 7.9795e-26 2.16213e-26 5.85841e-27 1.58733e-27 4.30078e-28 1.16525e-28 3.15704e-29 8.55327e-30 2.31727e-30 6.27789e-31 1.70091e-31 4.61273e-32 1.26479e-32 3.90365e-33 2.56128e-33 5.43417e-33 1.64108e-32 5.14962e-32 1.62036e-31 5.0964e-31 1.60181e-30 5.03087e-30 1.57894e-29 4.95199e-29 1.55201e-28 4.86086e-28 1.5214e-27 4.75877e-27 1.48755e-26 4.64716e-26 1.45094e-25 4.52763e-25 1.41208e-24 4.40183e-24 1.37152e-23 4.2715e-23 1.3298e-22 4.13843e-22 1.28749e-21 4.00438e-21 1.24516e-20 3.87112e-20 1.20335e-19 3.74035e-19 1.16258e-18 3.61371e-18 1.12338e-17 3.49277e-17 1.08621e-16 3.37898e-16 1.05152e-15 3.27373e-15 1.01974e-14 3.17829e-14 9.91255e-14 3.09385e-13 9.66431e-13 3.02157e-12 9.45622e-12 2.96252e-11 9.29172e-11 2.9178e-10 9.1743e-10 2.88854e-09 9.1076e-09 2.87593e-08 9.09559e-08 2.8813e-07 9.14273e-07 2.90615e-06 9.25413e-06 2.95221e-05 9.43542e-05 0.00030211 0.000968901 0.00311033 0.00997153 0.0316929 0.0975733 0.271535 0.579654 0.832494 0.944131 0.9825 0.994633 0.998367 0.999505 0.99985 0.999955 0.999986 0.999996 0.999999 1 1 1 1 1 1 1 1 1 1 1 1 1 1 1 1 1 1 1 1 1 1 1 1 1 1 1 1 1 1 1 1 1 1 1 1 1 1 1 1 1 1 1 1 1 1 1 1 1 1 1 1 1 1 1 1 1 1 1 1 1 1 1 1 1 1 1 1 1 1 1 1 1 1 1 1 1 1 
1 1 1 1 1 1 1 1 1 1 1 1 1 1 1 1 1 1 1 1 1 1 1 1 1 1 1 0.999999 0.999998 0.999992 0.99997 0.999888 0.999588 0.998481 0.99441 0.979566 0.927091 0.761521 0.410456 0.141116 0.0409834 0.0113303 0.00308968 0.000839307 0.000227743 6.17751e-05 1.67541e-05 4.54354e-06 1.23211e-06 3.34108e-07 9.05969e-08 2.45657e-08 6.66095e-09 1.80608e-09 4.89698e-10 1.32774e-10 3.59993e-11 9.7604e-12 2.64628e-12 7.17457e-13 1.94514e-13 5.27351e-14 1.42969e-14 3.87594e-15 1.05076e-15 2.84857e-16 7.72222e-17 2.09339e-17 5.67479e-18 1.53831e-18 4.16993e-19 1.13034e-19 3.06392e-20 8.30502e-21 2.25111e-21 6.1016e-22 1.6538e-22 4.48245e-23 1.2149e-23 3.29272e-24 8.92406e-25 2.41859e-25 6.55471e-26 1.77638e-26 4.81406e-27 1.3046e-27 3.53538e-28 9.58046e-29 2.59614e-29 7.03494e-30 1.90628e-30 5.16547e-31 1.39995e-31 3.80293e-32 1.06101e-32 3.84202e-33 4.09803e-33 1.07667e-32 3.33976e-32 1.05189e-31 3.31513e-31 1.04413e-30 3.28614e-30 1.03346e-29 3.24773e-29 1.01988e-28 3.20041e-28 1.00359e-27 3.14486e-27 9.8481e-27 3.08187e-26 9.6382e-26 3.01235e-25 9.40915e-25 2.93727e-24 9.16422e-24 2.85771e-23 8.90685e-23 2.77477e-22 8.64059e-22 2.6896e-21 8.36911e-21 2.60336e-20 8.09602e-20 2.51717e-19 7.82491e-19 2.43217e-18 7.55925e-18 2.34942e-17 7.30238e-17 2.26995e-16 7.05743e-16 2.19473e-15 6.82735e-15 2.12466e-14 6.61489e-14 2.06056e-13 6.42259e-13 2.00323e-12 6.25285e-12 1.95338e-11 6.10789e-11 1.91172e-10 5.9899e-10 1.87892e-09 5.901e-09 1.85567e-08 5.8434e-08 1.84268e-07 5.81946e-07 1.84073e-06 5.83175e-06 1.85068e-05 5.88307e-05 0.000187336 0.000597506 0.00190808 0.0060925 0.019365 0.0604146 0.177164 0.434327 0.738365 0.906889 0.970064 0.990703 0.997147 0.999129 0.999735 0.99992 0.999976 0.999993 0.999998 0.999999 1 1 1 1 1 1 1 1 1 1 1 1 1 1 1 1 1 1 1 1 1 1 1 1 1 1 1 1 1 1 1 1 1 1 1 1 1 1 1 1 1 1 1 1 1 1 1 1 1 1 1 1 1 1 1 1 1 1 1 1 1 1 1 1 1 1 1 1 1 1 1 1 1 1 1 1 1 1 
1 1 1 1 1 1 1 1 1 1 1 1 1 1 1 1 1 1 1 1 1 1 1 1 1 1 1 0.999999 0.999997 0.99999 0.999963 0.999863 0.999495 0.99814 0.993162 0.975069 0.911763 0.71894 0.354188 0.116881 0.0335333 0.00924083 0.00251816 0.000684061 0.000185654 5.03704e-05 1.36643e-05 3.70651e-06 1.00535e-06 2.72675e-07 7.39531e-08 2.00564e-08 5.43922e-09 1.47506e-09 4.0001e-10 1.08474e-10 2.9415e-11 7.97638e-12 2.16289e-12 5.86486e-13 1.59028e-13 4.31203e-14 1.16919e-14 3.17015e-15 8.59546e-16 2.33051e-16 6.31869e-17 1.71315e-17 4.64471e-18 1.25926e-18 3.414e-19 9.25561e-20 2.50923e-20 6.80249e-21 1.84412e-21 4.99922e-22 1.35522e-22 3.67373e-23 9.95861e-24 2.6995e-24 7.31745e-25 1.98349e-25 5.37639e-26 1.45729e-26 3.94994e-27 1.07061e-27 2.90175e-28 7.86472e-29 2.13156e-29 5.77704e-30 1.56569e-30 4.24344e-31 1.15062e-31 3.13774e-32 9.12175e-33 4.43143e-33 7.40441e-33 2.16315e-32 6.78984e-32 2.14352e-31 6.76557e-31 2.13387e-30 6.72513e-30 2.11788e-29 6.66461e-29 2.09566e-28 6.58484e-28 2.06752e-27 6.48696e-27 2.03387e-26 6.37237e-26 1.99518e-25 6.24274e-25 1.95203e-24 6.09993e-24 1.90502e-23 5.94598e-23 1.85484e-22 5.7831e-22 1.80219e-21 5.61355e-21 1.7478e-20 5.4397e-20 1.69242e-19 5.26388e-19 1.63679e-18 5.08845e-18 1.58164e-17 4.91567e-17 1.52768e-16 4.74773e-16 1.47559e-15 4.58669e-15 1.42599e-14 4.4345e-14 1.37948e-13 4.29296e-13 1.3366e-12 4.16375e-12 1.29788e-11 4.0484e-11 1.26377e-10 3.94836e-10 1.23472e-09 3.86501e-09 1.21115e-08 3.79967e-08 1.1935e-07 3.7537e-07 1.18219e-06 3.72847e-06 1.17766e-05 3.72546e-05 0.000118038 0.000374567 0.00119017 0.00378365 0.0120021 0.0376604 0.113779 0.306044 0.617467 0.850508 0.950102 0.984246 0.99512 0.998499 0.99954 0.999859 0.999957 0.999987 0.999996 0.999999 1 1 1 1 1 1 1 1 1 1 1 1 1 1 1 1 1 1 1 1 1 1 1 1 1 1 1 1 1 1 1 1 1 1 1 1 1 1 1 1 1 1 1 1 1 1 1 1 1 1 1 1 1 1 1 1 1 1 1 1 1 1 1 1 1 1 1 1 1 1 1 1 1 1 1 1 1 1 1 
1 1 1 1 1 1 1 1 1 1 1 1 1 1 1 1 1 1 1 1 1 1 1 1 1 1 1 0.999999 0.999997 0.999988 0.999954 0.999832 0.99938 0.997719 0.991627 0.969571 0.89338 0.671156 0.303678 0.0967783 0.0274719 0.00754632 0.00205429 0.000557847 0.000151379 4.10701e-05 1.11416e-05 3.0224e-06 8.19858e-07 2.22388e-07 6.03214e-08 1.63614e-08 4.43769e-09 1.2036e-09 3.26438e-10 8.85338e-11 2.40109e-11 6.5118e-12 1.76598e-12 4.78921e-13 1.29878e-13 3.52207e-14 9.55114e-15 2.59004e-15 7.02345e-16 1.90453e-16 5.16441e-17 1.40038e-17 3.79722e-18 1.02962e-18 2.7918e-19 7.5698e-20 2.05248e-20 5.565e-21 1.50885e-21 4.0909e-22 1.10914e-22 3.00709e-23 8.15268e-24 2.21028e-24 5.99221e-25 1.6245e-25 4.40399e-26 1.19389e-26 3.23651e-27 8.77367e-28 2.37837e-28 6.44716e-29 1.74764e-29 4.73726e-30 1.2841e-30 3.48104e-31 9.4478e-32 2.60011e-32 8.2955e-33 6.20861e-33 1.4239e-32 4.36391e-32 1.37758e-31 4.35684e-31 1.37716e-30 4.34981e-30 1.37283e-29 4.32942e-29 1.36429e-28 4.29585e-28 1.35164e-27 4.24957e-27 1.33507e-26 4.19126e-26 1.31483e-25 4.12175e-25 1.29119e-24 4.04206e-24 1.26452e-23 3.95334e-23 1.23518e-22 3.85688e-22 1.20362e-21 3.75407e-21 1.17027e-20 3.64636e-20 1.13562e-19 3.53526e-19 1.10013e-18 3.4223e-18 1.0643e-17 3.30901e-17 1.02859e-16 3.19685e-16 9.93479e-16 3.08728e-15 9.594e-15 2.98165e-14 9.26773e-14 2.88124e-13 8.9599e-13 2.78724e-12 8.67411e-12 2.70075e-11 8.4137e-11 2.62278e-10 8.18173e-10 2.55427e-09 7.98107e-09 2.49609e-08 7.81441e-08 2.44907e-07 7.68437e-07 2.41405e-06 7.59356e-06 2.39184e-05 7.54443e-05 0.000238305 0.000753706 0.00238574 0.00754525 0.0237146 0.0728263 0.207674 0.482604 0.770441 0.919116 0.973889 0.99182 0.997465 0.999218 0.999759 0.999926 0.999977 0.999993 0.999998 0.999999 1 1 1 1 1 1 1 1 1 1 1 1 1 1 1 1 1 1 1 1 1 1 1 1 1 1 1 1 1 1 1 1 1 1 1 1 1 1 1 1 1 1 1 1 1 1 1 1 1 1 1 1 1 1 1 1 1 1 1 1 1 1 1 1 1 1 1 1 1 1 1 1 1 1 1 1 1 1 1 
1 1 1 1 1 1 1 1 1 1 1 1 1 1 1 1 1 1 1 1 1 1 1 1 1 1 1 0.999999 0.999996 0.999985 0.999944 0.999793 0.999238 0.997197 0.989722 0.962775 0.871083 0.617354 0.258476 0.0800039 0.0225083 0.00616537 0.0016766 0.000455057 0.00012345 3.34867e-05 9.08337e-06 2.46389e-06 6.68341e-07 1.8129e-07 4.91753e-08 1.33388e-08 3.6181e-09 9.81387e-10 2.66192e-10 7.22008e-11 1.95832e-11 5.31153e-12 1.44062e-12 3.90727e-13 1.05972e-13 2.87411e-14 7.79486e-15 2.11402e-15 5.73327e-16 1.55486e-16 4.2167e-17 1.14353e-17 3.10113e-18 8.40977e-19 2.28057e-19 6.18438e-20 1.67704e-20 4.54762e-21 1.23316e-21 3.34385e-22 9.06713e-23 2.45859e-23 6.66648e-24 1.80759e-24 4.90115e-25 1.32889e-25 3.60308e-26 9.76903e-27 2.64864e-27 7.18105e-28 1.94691e-28 5.27835e-29 1.43101e-29 3.87956e-30 1.05178e-30 2.85211e-31 7.75667e-32 2.18173e-32 8.42629e-33 1.02664e-32 2.81286e-32 8.80412e-32 2.78811e-31 8.83205e-31 2.79585e-30 8.84361e-30 2.79515e-29 8.82753e-29 2.7857e-28 8.78396e-28 2.76764e-27 8.7135e-27 2.74122e-26 8.61717e-26 2.70682e-25 8.49635e-25 2.66494e-24 8.35281e-24 2.6162e-23 8.18865e-23 2.56131e-22 8.00628e-22 2.50107e-21 7.80835e-21 2.43636e-20 7.59772e-20 2.3681e-19 7.3774e-19 2.29726e-18 7.15049e-18 2.22483e-17 6.92012e-17 2.15181e-16 6.68939e-16 2.07915e-15 6.46134e-15 2.0078e-14 6.23886e-14 1.93866e-13 6.02473e-13 1.87258e-12 5.82151e-12 1.81033e-11 5.6316e-11 1.75264e-10 5.45719e-10 1.70018e-09 5.30028e-09 1.65355e-08 5.16273e-08 1.61332e-07 5.04626e-07 1.58002e-06 4.95251e-06 1.55415e-05 4.88298e-05 0.00015361 0.000483811 0.00152522 0.00480773 0.0151019 0.0467681 0.138171 0.35531 0.665993 0.872917 0.957688 0.986558 0.995798 0.998695 0.999596 0.999875 0.999962 0.999988 0.999996 0.999999 1 1 1 1 1 1 1 1 1 1 1 1 1 1 1 1 1 1 1 1 1 1 1 1 1 1 1 1 1 1 1 1 1 1 1 1 1 1 1 1 1 1 1 1 1 1 1 1 1 1 1 1 1 1 1 1 1 1 1 1 1 1 1 1 1 1 1 1 1 1 1 1 1 1 1 1 1 1 1 1 
1 1 1 1 1 1 1 1 1 1 1 1 1 1 1 1 1 1 1 1 1 1 1 1 1 1 1 0.999999 0.999995 0.999981 0.999931 0.999745 0.999062 0.996549 0.987354 0.95436 0.844062 0.557636 0.217903 0.0658562 0.0183998 0.00502976 0.00136688 0.000370891 0.000100602 2.72862e-05 7.40092e-06 2.00743e-06 5.44511e-07 1.477e-07 4.00644e-08 1.08677e-08 2.94796e-09 7.99655e-10 2.16911e-10 5.88383e-11 1.596e-11 4.32917e-12 1.17428e-12 3.18517e-13 8.63953e-14 2.34338e-14 6.3561e-15 1.72398e-15 4.67596e-16 1.26824e-16 3.43978e-17 9.32937e-18 2.53028e-18 6.86247e-19 1.86117e-19 5.04762e-20 1.36893e-20 3.71254e-21 1.00683e-21 2.73045e-22 7.40469e-23 2.00805e-23 5.44547e-24 1.4767e-24 4.00444e-25 1.08589e-25 2.94458e-26 7.98464e-27 2.16512e-27 5.87086e-28 1.5919e-28 4.31642e-29 1.17038e-29 3.17338e-30 8.6047e-31 2.33458e-31 6.37939e-32 1.88792e-32 1.01604e-32 1.87995e-32 5.6118e-32 1.77332e-31 5.62799e-31 1.78555e-30 5.66063e-30 1.79316e-29 5.67585e-29 1.79515e-28 5.67317e-28 1.79147e-27 5.65262e-27 1.78217e-26 5.61449e-26 1.7674e-25 5.55933e-25 1.74735e-24 5.48792e-24 1.72232e-23 5.40132e-23 1.69268e-22 5.30081e-22 1.65887e-21 5.18787e-21 1.62138e-20 5.06415e-20 1.58076e-19 4.93148e-19 1.53762e-18 4.79176e-18 1.49256e-17 4.64698e-17 1.44622e-16 4.49918e-16 1.39924e-15 4.35038e-15 1.35226e-14 4.20254e-14 1.30589e-13 4.0576e-13 1.26073e-12 3.91736e-12 1.21733e-11 3.78353e-11 1.17621e-10 3.65768e-10 1.13785e-09 3.54127e-09 1.10269e-08 3.43562e-08 1.07113e-07 3.34193e-07 1.04353e-06 3.26132e-06 1.02022e-05 3.19476e-05 0.000100148 0.000314277 0.000987132 0.0031014 0.00972588 0.0302356 0.0912224 0.251026 0.543887 0.807383 0.933026 0.978331 0.993161 0.997861 0.999334 0.999793 0.999936 0.99998 0.999994 0.999998 0.999999 1 1 1 1 1 1 1 1 1 1 1 1 1 1 1 1 1 1 1 1 1 1 1 1 1 1 1 1 1 1 1 1 1 1 1 1 1 1 1 1 1 1 1 1 1 1 1 1 1 1 1 1 1 1 1 1 1 1 1 1 1 1 1 1 1 1 1 1 1 1 1 1 1 1 1 1 1 1 1 1 
1 1 1 1 1 1 1 1 1 1 1 1 1 1 1 1 1 1 1 1 1 1 1 1 1 1 1 0.999998 0.999994 0.999977 0.999915 0.999686 0.998845 0.995749 0.984435 0.94406 0.811946 0.494179 0.181834 0.0539134 0.014987 0.00409222 0.00111196 0.000301754 8.18601e-05 2.22054e-05 6.02341e-06 1.63392e-06 4.43227e-07 1.20234e-07 3.2616e-08 8.84783e-09 2.40018e-09 6.51108e-10 1.76628e-10 4.79145e-11 1.29979e-11 3.52593e-12 9.56475e-13 2.5946e-13 7.03822e-14 1.9092e-14 5.17889e-15 1.40481e-15 3.8106e-16 1.03363e-16 2.80371e-17 7.60494e-18 2.06278e-18 5.59509e-19 1.51759e-19 4.11623e-20 1.11645e-20 3.02811e-21 8.21297e-22 2.22753e-22 6.04147e-23 1.63853e-23 4.44389e-24 1.20522e-24 3.26862e-25 8.86453e-26 2.40404e-26 6.51964e-27 1.76807e-27 4.79479e-28 1.30027e-28 3.52609e-29 9.56195e-30 2.59298e-30 7.03235e-31 1.91004e-31 5.27845e-32 1.74771e-32 1.48306e-32 3.61832e-32 1.12233e-31 3.56351e-31 1.13295e-30 3.59981e-30 1.14293e-29 3.62591e-29 1.1494e-28 3.64069e-28 1.15226e-27 3.64395e-27 1.15146e-26 3.63562e-26 1.14701e-25 3.61583e-25 1.13896e-24 3.58486e-24 1.12745e-23 3.54314e-23 1.11263e-22 3.4913e-22 1.09472e-21 3.4301e-21 1.074e-20 3.36046e-20 1.05076e-19 3.28341e-19 1.02535e-18 3.20008e-18 9.98154e-18 3.1117e-17 9.69557e-17 3.01954e-16 9.39972e-16 2.92491e-15 9.09814e-15 2.82913e-14 8.79495e-14 2.73348e-13 8.49421e-13 2.63923e-12 8.1998e-12 2.54757e-11 7.9154e-11 2.45963e-10 7.64445e-10 2.37646e-09 7.39011e-09 2.299e-08 7.15528e-08 2.22815e-07 6.94259e-07 2.16467e-06 6.75441e-06 2.10929e-05 6.59269e-05 0.000206243 0.000645736 0.00202265 0.00632972 0.0197031 0.0601704 0.17296 0.419427 0.720244 0.896641 0.965729 0.989058 0.996553 0.99892 0.999663 0.999895 0.999967 0.99999 0.999997 0.999999 1 1 1 1 1 1 1 1 1 1 1 1 1 1 1 1 1 1 1 1 1 1 1 1 1 1 1 1 1 1 1 1 1 1 1 1 1 1 1 1 1 1 1 1 1 1 1 1 1 1 1 1 1 1 1 1 1 1 1 1 1 1 1 1 1 1 1 1 1 1 1 1 1 1 1 1 1 1 1 1 1 
1 1 1 1 1 1 1 1 1 1 1 1 1 1 1 1 1 1 1 1 1 1 1 1 1 1 0.999999 0.999998 0.999992 0.999972 0.999895 0.999614 0.998578 0.994771 0.980881 0.931664 0.774868 0.430952 0.150586 0.043961 0.0121739 0.00332208 0.000902863 0.000245093 6.65104e-05 1.80466e-05 4.89643e-06 1.32847e-06 3.60426e-07 9.77856e-08 2.65296e-08 7.19752e-09 1.95268e-09 5.2976e-10 1.43722e-10 3.89911e-11 1.0578e-11 2.86973e-12 7.78527e-13 2.11205e-13 5.72968e-14 1.55437e-14 4.21671e-15 1.1439e-15 3.10314e-16 8.41801e-17 2.28357e-17 6.1946e-18 1.68039e-18 4.55828e-19 1.23648e-19 3.35406e-20 9.09805e-21 2.46787e-21 6.69408e-22 1.81575e-22 4.9251e-23 1.33589e-23 3.62344e-24 9.82802e-25 2.66567e-25 7.23007e-26 1.96098e-26 5.31862e-27 1.44251e-27 3.91232e-28 1.06107e-28 2.87773e-29 7.80462e-30 2.1167e-30 5.74241e-31 1.56349e-31 4.43738e-32 1.83402e-32 2.51165e-32 7.10995e-32 2.24311e-31 7.14222e-31 2.27434e-30 7.23726e-30 2.30122e-29 7.31147e-29 2.32118e-28 7.36323e-28 2.33391e-27 7.39183e-27 2.33923e-26 7.39685e-26 2.33707e-25 7.37819e-25 2.32745e-24 7.33611e-24 2.3105e-23 7.2712e-23 2.28648e-22 7.18442e-22 2.25572e-21 7.07706e-21 2.2187e-20 6.95072e-20 2.17597e-19 6.80729e-19 2.12816e-18 6.64892e-18 2.07599e-17 6.47797e-17 2.02024e-16 6.29694e-16 1.96171e-15 6.10849e-15 1.90126e-14 5.91527e-14 1.83973e-13 5.72e-13 1.77796e-12 5.5253e-12 1.71679e-11 5.33374e-11 1.657e-10 5.14775e-10 1.59934e-09 4.9696e-09 1.5445e-08 4.8014e-08 1.49311e-07 4.64505e-07 1.44575e-06 4.5023e-06 1.40294e-05 4.37461e-05 0.000136505 0.000426247 0.00133161 0.00415832 0.0129434 0.0397972 0.117595 0.309032 0.613647 0.844952 0.946833 0.982777 0.99453 0.998276 0.999458 0.99983 0.999947 0.999983 0.999995 0.999998 1 1 1 1 1 1 1 1 1 1 1 1 1 1 1 1 1 1 1 1 1 1 1 1 1 1 1 1 1 1 1 1 1 1 1 1 1 1 1 1 1 1 1 1 1 1 1 1 1 1 1 1 1 1 1 1 1 1 1 1 1 1 1 1 1 1 1 1 1 1 1 1 1 1 1 1 1 1 1 1 1 1 
1 1 1 1 1 1 1 1 1 1 1 1 1 1 1 1 1 1 1 1 1 1 1 1 1 1 0.999999 0.999997 0.999991 0.999965 0.999871 0.999525 0.998252 0.993576 0.97657 0.916887 0.733012 0.371753 0.124297 0.0358147 0.00988473 0.00269566 0.000732667 0.000198939 5.39995e-05 1.46555e-05 3.97721e-06 1.07928e-06 2.92868e-07 7.9469e-08 2.15631e-08 5.85082e-09 1.5875e-09 4.30731e-10 1.16867e-10 3.17083e-11 8.60299e-12 2.33411e-12 6.33271e-13 1.71812e-13 4.66138e-14 1.26465e-14 3.43103e-15 9.30839e-16 2.52534e-16 6.85113e-17 1.85866e-17 5.04237e-18 1.36793e-18 3.711e-19 1.00673e-19 2.73106e-20 7.40877e-21 2.00981e-21 5.45207e-22 1.47898e-22 4.012e-23 1.08831e-23 2.95218e-24 8.00805e-25 2.17223e-25 5.89226e-26 1.59828e-26 4.33529e-27 1.17593e-27 3.1896e-28 8.65145e-29 2.34659e-29 6.36476e-30 1.72643e-30 4.68637e-31 1.28328e-31 3.87214e-32 2.3037e-32 4.63417e-32 1.40716e-31 4.4745e-31 1.42758e-30 4.55283e-30 1.45092e-29 4.62035e-29 1.47017e-28 4.67437e-28 1.48503e-27 4.71415e-27 1.49529e-26 4.73914e-26 1.5008e-25 4.74896e-25 1.50149e-24 4.74348e-24 1.49734e-23 4.72275e-23 1.4884e-22 4.68707e-22 1.47481e-21 4.63695e-21 1.45677e-20 4.57314e-20 1.43454e-19 4.49661e-19 1.40845e-18 4.4085e-18 1.37892e-17 4.31015e-17 1.34637e-16 4.20303e-16 1.3113e-15 4.08875e-15 1.27422e-14 3.96898e-14 1.23569e-13 3.84546e-13 1.19624e-12 3.71994e-12 1.15643e-11 3.59414e-11 1.11681e-10 3.46973e-10 1.07788e-09 3.34834e-09 1.04015e-08 3.23146e-08 1.00407e-07 3.12048e-07 9.70062e-07 3.01668e-06 9.38508e-06 2.92116e-05 9.0971e-05 0.000283456 0.000883581 0.00275391 0.00856622 0.026436 0.0794759 0.220649 0.496291 0.774907 0.919154 0.973314 0.991446 0.997287 0.999143 0.99973 0.999915 0.999973 0.999992 0.999997 0.999999 1 1 1 1 1 1 1 1 1 1 1 1 1 1 1 1 1 1 1 1 1 1 1 1 1 1 1 1 1 1 1 1 1 1 1 1 1 1 1 1 1 1 1 1 1 1 1 1 1 1 1 1 1 1 1 1 1 1 1 1 1 1 1 1 1 1 1 1 1 1 1 1 1 1 1 1 1 1 1 1 1 1 
1 1 1 1 1 1 1 1 1 1 1 1 1 1 1 1 1 1 1 1 1 1 1 1 1 1 0.999999 0.999997 0.999988 0.999957 0.999841 0.999416 0.99785 0.992108 0.971305 0.899185 0.686026 0.318424 0.102552 0.0292152 0.00803675 0.00218956 0.000594942 0.000161532 4.38468e-05 1.19007e-05 3.22987e-06 8.76554e-07 2.3788e-07 6.4554e-08 1.75178e-08 4.75361e-09 1.28991e-09 3.50018e-10 9.49758e-11 2.57709e-11 6.99264e-12 1.89735e-12 5.14813e-13 1.39684e-13 3.79001e-14 1.02832e-14 2.79007e-15 7.57e-16 2.05387e-16 5.57246e-17 1.51188e-17 4.10188e-18 1.11287e-18 3.01929e-19 8.19143e-20 2.22234e-20 6.02918e-21 1.63569e-21 4.43753e-22 1.20386e-22 3.26594e-23 8.86006e-24 2.40359e-24 6.52049e-25 1.76887e-25 4.79852e-26 1.30171e-26 3.53116e-27 9.57891e-28 2.59843e-28 7.04856e-29 1.912e-29 5.1865e-30 1.4071e-30 3.8243e-31 1.06151e-31 3.65447e-32 3.47591e-32 8.90125e-32 2.78874e-31 8.90381e-31 2.8455e-30 9.08829e-30 2.90058e-29 9.25037e-29 2.94782e-28 9.38654e-28 2.98656e-27 9.49499e-27 3.01629e-26 9.57425e-26 3.0366e-25 9.6232e-25 3.04719e-24 9.64112e-24 3.04791e-23 9.62772e-23 3.03873e-22 9.58316e-22 3.01978e-21 9.50807e-21 2.99133e-20 9.40357e-20 2.95381e-19 9.27121e-19 2.90778e-18 9.11301e-18 2.85394e-17 8.93136e-17 2.79311e-16 8.72904e-16 2.72622e-15 8.50912e-15 2.65428e-14 8.27488e-14 2.57836e-13 8.02981e-13 2.49956e-12 7.77746e-12 2.41904e-11 7.52141e-11 2.33791e-10 7.26521e-10 2.25727e-09 7.01226e-09 2.17819e-08 6.76583e-08 2.10166e-07 6.52895e-07 2.0286e-06 6.30442e-06 1.95984e-05 6.0946e-05 0.000189597 0.00059 0.00183595 0.00570598 0.0176427 0.0536144 0.154402 0.382223 0.685653 0.879713 0.959279 0.986801 0.995786 0.998662 0.999577 0.999866 0.999958 0.999987 0.999996 0.999999 1 1 1 1 1 1 1 1 1 1 1 1 1 1 1 1 1 1 1 1 1 1 1 1 1 1 1 1 1 1 1 1 1 1 1 1 1 1 1 1 1 1 1 1 1 1 1 1 1 1 1 1 1 1 1 1 1 1 1 1 1 1 1 1 1 1 1 1 1 1 1 1 1 1 1 1 1 1 1 1 1 1 1 
1 1 1 1 1 1 1 1 1 1 1 1 1 1 1 1 1 1 1 1 1 1 1 1 1 1 0.999999 0.999996 0.999986 0.999947 0.999804 0.99928 0.99735 0.990286 0.964799 0.877727 0.633086 0.270874 0.0845398 0.0238524 0.00654152 0.00178021 0.000483466 0.000131228 3.56146e-05 9.66534e-06 2.62302e-06 7.11841e-07 1.9318e-07 5.24246e-08 1.42267e-08 3.86072e-09 1.04768e-09 2.84304e-10 7.71492e-11 2.09351e-11 5.68088e-12 1.54153e-12 4.18294e-13 1.13503e-13 3.07986e-14 8.35698e-15 2.26759e-15 6.15283e-16 1.66948e-16 4.52987e-17 1.2291e-17 3.33489e-18 9.04846e-19 2.45507e-19 6.66115e-20 1.8073e-20 4.90353e-21 1.3304e-21 3.60956e-22 9.79314e-23 2.65696e-23 7.2085e-24 1.95569e-24 5.30583e-25 1.43947e-25 3.90523e-26 1.05947e-26 2.87425e-27 7.79752e-28 2.11537e-28 5.73866e-29 1.5568e-29 4.22342e-30 1.14618e-30 3.12411e-31 8.95128e-32 3.95848e-32 5.98543e-32 1.73775e-31 5.52087e-31 1.7671e-30 5.65593e-30 1.80908e-29 5.78223e-29 1.84675e-28 5.89377e-28 1.87952e-27 5.98914e-27 1.90697e-26 6.06709e-26 1.92873e-25 6.12656e-25 1.94451e-24 6.16672e-24 1.95409e-23 6.18698e-23 1.95731e-22 6.18704e-22 1.95412e-21 6.16685e-21 1.94456e-20 6.1267e-20 1.92877e-19 6.06718e-19 1.90699e-18 5.98919e-18 1.87954e-17 5.8939e-17 1.84684e-16 5.78277e-16 1.80939e-15 5.65752e-15 1.76777e-14 5.52007e-14 1.72262e-13 5.37249e-13 1.67462e-12 5.21702e-12 1.62447e-11 5.05594e-11 1.57292e-10 4.89157e-10 1.5207e-09 4.72623e-09 1.46853e-08 4.56217e-08 1.41711e-07 4.40153e-07 1.36709e-06 4.24632e-06 1.31909e-05 4.09833e-05 0.000127358 0.000395845 0.00123031 0.00382075 0.0118252 0.0361797 0.106754 0.283297 0.580492 0.825369 0.938813 0.979886 0.993532 0.997937 0.999344 0.999792 0.999934 0.999979 0.999993 0.999998 0.999999 1 1 1 1 1 1 1 1 1 1 1 1 1 1 1 1 1 1 1 1 1 1 1 1 1 1 1 1 1 1 1 1 1 1 1 1 1 1 1 1 1 1 1 1 1 1 1 1 1 1 1 1 1 1 1 1 1 1 1 1 1 1 1 1 1 1 1 1 1 1 1 1 1 1 1 1 1 1 1 1 1 1 1 
1 1 1 1 1 1 1 1 1 1 1 1 1 1 1 1 1 1 1 1 1 1 1 1 1 1 0.999999 0.999995 0.999982 0.999934 0.999758 0.99911 0.996728 0.988013 0.956718 0.851626 0.57392 0.228346 0.0694552 0.0194468 0.00532083 0.00144681 0.00039277 0.000106586 2.89222e-05 7.8482e-06 2.1297e-06 5.77932e-07 1.56835e-07 4.25609e-08 1.155e-08 3.13439e-09 8.50598e-10 2.30831e-10 6.26414e-11 1.69991e-11 4.61305e-12 1.25183e-12 3.39705e-13 9.21838e-14 2.50152e-14 6.78811e-15 1.842e-15 4.99837e-16 1.35632e-16 3.6804e-17 9.98672e-18 2.70986e-18 7.35306e-19 1.9952e-19 5.41377e-20 1.46896e-20 3.98582e-21 1.08149e-21 2.93441e-22 7.96192e-23 2.16028e-23 5.86139e-24 1.59033e-24 4.31488e-25 1.17071e-25 3.17631e-26 8.61777e-27 2.3381e-27 6.34348e-28 1.72103e-28 4.66923e-29 1.26678e-29 3.43706e-30 9.33369e-31 2.5613e-31 7.88544e-32 5.15212e-32 1.10809e-31 3.41065e-31 1.09074e-30 3.4976e-30 1.12109e-29 3.591e-29 1.14942e-28 3.67641e-28 1.17502e-27 3.7527e-27 1.1976e-26 3.81894e-26 1.21685e-25 3.87426e-25 1.23253e-24 3.91793e-24 1.24442e-23 3.94933e-23 1.25235e-22 3.96801e-22 1.25621e-21 3.97368e-21 1.25593e-20 3.96624e-20 1.25151e-19 3.94578e-19 1.24302e-18 3.91261e-18 1.23057e-17 3.86721e-17 1.21436e-16 3.81028e-16 1.19463e-15 3.7427e-15 1.1717e-14 3.66551e-14 1.14591e-13 3.57991e-13 1.11766e-12 3.48722e-12 1.0874e-11 3.38884e-11 1.05556e-10 3.28625e-10 1.02263e-09 3.18095e-09 9.89086e-09 3.07446e-08 9.55397e-08 2.96825e-07 9.22022e-07 2.86372e-06 8.89393e-06 2.76219e-05 8.57882e-05 0.000266452 0.000827515 0.00256849 0.00795388 0.0244409 0.0732872 0.204213 0.468257 0.753652 0.909529 0.969706 0.990178 0.996851 0.998995 0.99968 0.999898 0.999968 0.99999 0.999997 0.999999 1 1 1 1 1 1 1 1 1 1 1 1 1 1 1 1 1 1 1 1 1 1 1 1 1 1 1 1 1 1 1 1 1 1 1 1 1 1 1 1 1 1 1 1 1 1 1 1 1 1 1 1 1 1 1 1 1 1 1 1 1 1 1 1 1 1 1 1 1 1 1 1 1 1 1 1 1 1 1 1 1 1 1 1 
1 1 1 1 1 1 1 1 1 1 1 1 1 1 1 1 1 1 1 1 1 1 1 1 1 1 0.999998 0.999994 0.999978 0.999919 0.999701 0.998901 0.995956 0.985198 0.946763 0.820337 0.510156 0.190498 0.0567593 0.0158028 0.00431777 0.00117373 0.000318633 8.64706e-05 2.34649e-05 6.36751e-06 1.72794e-06 4.68919e-07 1.27254e-07 3.45345e-08 9.3721e-09 2.54345e-09 6.90256e-10 1.87326e-10 5.08375e-11 1.37965e-11 3.74414e-12 1.01609e-12 2.75748e-13 7.48323e-14 2.03078e-14 5.51104e-15 1.49555e-15 4.05849e-16 1.10135e-16 2.98871e-17 8.11033e-18 2.20085e-18 5.97225e-19 1.62062e-19 4.39768e-20 1.19333e-20 3.23815e-21 8.78674e-22 2.38427e-22 6.46964e-23 1.7555e-23 4.76343e-24 1.29251e-24 3.50707e-25 9.51596e-26 2.582e-26 7.0058e-27 1.90088e-27 5.15761e-28 1.39939e-28 3.79688e-29 1.03019e-29 2.79565e-30 7.60274e-31 2.11976e-31 7.58851e-32 7.97533e-32 2.12036e-31 6.69854e-31 2.14972e-30 6.90403e-30 2.21605e-29 7.10826e-29 2.27846e-28 7.2981e-28 2.33595e-27 7.47133e-27 2.38785e-26 7.62584e-26 2.43352e-25 7.75973e-25 2.47239e-24 7.87122e-24 2.50392e-23 7.9588e-23 2.52768e-22 8.02124e-22 2.54333e-21 8.0576e-21 2.55063e-20 8.06732e-20 2.54947e-19 8.05022e-19 2.53984e-18 8.00652e-18 2.52188e-17 7.93686e-17 2.49586e-16 7.84227e-16 2.46217e-15 7.72423e-15 2.42135e-14 7.58457e-14 2.37402e-13 7.42547e-13 2.32092e-12 7.24941e-12 2.26288e-11 7.05912e-11 2.2008e-10 6.85752e-10 2.13562e-09 6.64765e-09 2.06831e-08 6.43261e-08 1.99986e-07 6.21548e-07 1.93122e-06 5.99924e-06 1.86332e-05 5.78662e-05 0.000179687 0.000557875 0.00173118 0.0053634 0.016529 0.0501005 0.144392 0.36126 0.664266 0.868588 0.954887 0.985223 0.995237 0.998474 0.999512 0.999844 0.99995 0.999984 0.999995 0.999998 0.999999 1 1 1 1 1 1 1 1 1 1 1 1 1 1 1 1 1 1 1 1 1 1 1 1 1 1 1 1 1 1 1 1 1 1 1 1 1 1 1 1 1 1 1 1 1 1 1 1 1 1 1 1 1 1 1 1 1 1 1 1 1 1 1 1 1 1 1 1 1 1 1 1 1 1 1 1 1 1 1 1 1 1 1 1 
1 1 1 1 1 1 1 1 1 1 1 1 1 1 1 1 1 1 1 1 1 1 1 1 1 0.999999 0.999998 0.999993 0.999973 0.9999 0.999631 0.998642 0.995007 0.981746 0.934693 0.783859 0.445538 0.157546 0.04617 0.0128016 0.00349524 0.000950261 0.000258044 7.00475e-05 1.90128e-05 5.16038e-06 1.40059e-06 3.80133e-07 1.03171e-07 2.80014e-08 7.59977e-09 2.06262e-09 5.59804e-10 1.51933e-10 4.1235e-11 1.11912e-11 3.0373e-12 8.24319e-13 2.23718e-13 6.0716e-14 1.64779e-14 4.47197e-15 1.21365e-15 3.29369e-16 8.93862e-17 2.4258e-17 6.58319e-18 1.78655e-18 4.84829e-19 1.31571e-19 3.57049e-20 9.68931e-21 2.62939e-21 7.13531e-22 1.93628e-22 5.25436e-23 1.42583e-23 3.86913e-24 1.04992e-24 2.84901e-25 7.73087e-26 2.09778e-26 5.69231e-27 1.54459e-27 4.19118e-28 1.13725e-28 3.08582e-29 8.37336e-30 2.27307e-30 6.20214e-31 1.79427e-31 8.46288e-32 1.38851e-31 4.11083e-31 1.31397e-30 4.22613e-30 1.35916e-29 4.36855e-29 1.40319e-28 4.50399e-28 1.4447e-27 4.63076e-27 1.48325e-26 4.74743e-26 1.51838e-25 4.85262e-25 1.54968e-24 4.94504e-24 1.57674e-23 5.02348e-23 1.5992e-22 5.08687e-22 1.61676e-21 5.13434e-21 1.62916e-20 5.16517e-20 1.63622e-19 5.1789e-19 1.63783e-18 5.1753e-18 1.63395e-17 5.15438e-17 1.62462e-16 5.11645e-16 1.61e-15 5.06208e-15 1.5903e-14 4.9921e-14 1.56583e-13 4.90761e-13 1.53697e-12 4.80994e-12 1.50418e-11 4.70062e-11 1.46797e-10 4.58137e-10 1.42891e-09 4.45406e-09 1.3876e-08 4.32062e-08 1.34467e-07 4.18305e-07 1.30076e-06 4.04337e-06 1.25648e-05 3.90347e-05 0.000121238 0.000376452 0.00116835 0.00362163 0.0111851 0.0341552 0.100756 0.268881 0.560751 0.813004 0.933579 0.977956 0.992853 0.997701 0.999263 0.999764 0.999925 0.999976 0.999992 0.999998 0.999999 1 1 1 1 1 1 1 1 1 1 1 1 1 1 1 1 1 1 1 1 1 1 1 1 1 1 1 1 1 1 1 1 1 1 1 1 1 1 1 1 1 1 1 1 1 1 1 1 1 1 1 1 1 1 1 1 1 1 1 1 1 1 1 1 1 1 1 1 1 1 1 1 1 1 1 1 1 1 1 1 1 1 1 1 1 
1 1 1 1 1 1 1 1 1 1 1 1 1 1 1 1 1 1 1 1 1 1 1 1 1 0.999999 0.999998 0.999991 0.999966 0.999876 0.999545 0.998324 0.993843 0.97754 0.920227 0.742377 0.384215 0.129696 0.0374888 0.0103587 0.00282656 0.000768569 0.000208766 5.66877e-05 1.53907e-05 4.17827e-06 1.13426e-06 3.07904e-07 8.35805e-08 2.26874e-08 6.15825e-09 1.67156e-09 4.53714e-10 1.23151e-10 3.34262e-11 9.07264e-12 2.4625e-12 6.68368e-13 1.81406e-13 4.9236e-14 1.33632e-14 3.62691e-15 9.84371e-16 2.67164e-16 7.25091e-17 1.96791e-17 5.34088e-18 1.4495e-18 3.93387e-19 1.06762e-19 2.89744e-20 7.86331e-21 2.134e-21 5.79134e-22 1.57167e-22 4.26521e-23 1.15748e-23 3.14114e-24 8.52424e-25 2.31324e-25 6.27745e-26 1.7035e-26 4.62272e-27 1.25444e-27 3.40407e-28 9.2373e-29 2.50663e-29 6.80254e-30 1.84797e-30 5.08172e-31 1.59613e-31 1.13461e-31 2.57223e-31 8.00286e-31 2.57236e-30 8.28696e-30 2.66868e-29 8.5888e-29 2.76242e-28 8.87895e-28 2.85195e-27 9.15427e-27 2.93631e-26 9.41178e-26 3.01458e-25 9.64856e-25 3.08584e-24 9.86178e-24 3.14922e-23 1.00488e-22 3.20391e-22 1.02071e-21 3.24917e-21 1.03345e-20 3.28436e-20 1.04293e-19 3.30898e-19 1.04899e-18 3.32265e-18 1.05155e-17 3.32515e-17 1.05057e-16 3.31641e-16 1.04604e-15 3.29656e-15 1.03803e-14 3.26589e-14 1.02668e-13 3.22486e-13 1.01214e-12 3.17413e-12 9.94655e-12 3.1145e-11 9.745e-11 3.04692e-10 9.51995e-10 2.97245e-09 9.27496e-09 2.89228e-08 9.01387e-08 2.80764e-07 8.7407e-07 2.71983e-06 8.45953e-06 2.63012e-05 8.17416e-05 0.000253948 0.000788544 0.00244609 0.00756788 0.0232318 0.0696481 0.194681 0.451645 0.740456 0.903392 0.967368 0.989344 0.99656 0.998894 0.999645 0.999886 0.999964 0.999988 0.999996 0.999999 1 1 1 1 1 1 1 1 1 1 1 1 1 1 1 1 1 1 1 1 1 1 1 1 1 1 1 1 1 1 1 1 1 1 1 1 1 1 1 1 1 1 1 1 1 1 1 1 1 1 1 1 1 1 1 1 1 1 1 1 1 1 1 1 1 1 1 1 1 1 1 1 1 1 1 1 1 1 1 1 1 1 1 1 1 1 
1 1 1 1 1 1 1 1 1 1 1 1 1 1 1 1 1 1 1 1 1 1 1 1 1 0.999999 0.999997 0.999989 0.999958 0.999847 0.999438 0.997931 0.992407 0.972388 0.902848 0.695637 0.32863 0.106643 0.0304618 0.00838912 0.0022871 0.000621772 0.000168897 4.58665e-05 1.24543e-05 3.38155e-06 9.18101e-07 2.49258e-07 6.76694e-08 1.83706e-08 4.98706e-09 1.35381e-09 3.67502e-10 9.976e-11 2.70799e-11 7.35073e-12 1.99531e-12 5.41606e-13 1.47012e-13 3.99041e-14 1.08313e-14 2.93992e-15 7.97973e-16 2.16589e-16 5.87871e-17 1.5956e-17 4.33073e-18 1.17543e-18 3.19026e-19 8.6587e-20 2.35004e-20 6.37817e-21 1.73106e-21 4.69813e-22 1.27507e-22 3.46052e-23 9.39168e-24 2.54884e-24 6.91733e-25 1.87729e-25 5.09472e-26 1.38263e-26 3.75222e-27 1.01828e-27 2.7634e-28 7.49923e-29 2.03514e-29 5.52406e-30 1.5031e-30 4.20954e-31 1.56477e-31 1.79048e-31 4.89966e-31 1.55851e-30 5.02458e-30 1.62091e-29 5.22641e-29 1.68419e-28 5.4239e-28 1.74565e-27 5.61461e-27 1.80466e-26 5.79665e-26 1.86063e-25 5.96809e-25 1.91294e-24 6.12702e-24 1.96099e-23 6.27156e-23 2.00421e-22 6.39992e-22 2.04204e-21 6.51043e-21 2.07399e-20 6.60159e-20 2.0996e-19 6.67211e-19 2.1185e-18 6.72093e-18 2.13041e-17 6.74731e-17 2.13515e-16 6.7508e-16 2.13261e-15 6.7313e-15 2.12284e-14 6.68908e-14 2.10596e-13 6.62477e-13 2.08224e-12 6.53937e-12 2.05205e-11 6.43422e-11 2.01588e-10 6.31102e-10 1.97429e-09 6.17173e-09 1.92796e-08 6.0186e-08 1.87763e-07 5.85404e-07 1.82409e-06 5.68063e-06 1.76816e-05 5.50087e-05 0.000171053 0.0005316 0.00165065 0.00511527 0.0157654 0.0478054 0.138093 0.348256 0.650724 0.861445 0.952053 0.984201 0.99488 0.99835 0.99947 0.99983 0.999945 0.999982 0.999994 0.999998 0.999999 1 1 1 1 1 1 1 1 1 1 1 1 1 1 1 1 1 1 1 1 1 1 1 1 1 1 1 1 1 1 1 1 1 1 1 1 1 1 1 1 1 1 1 1 1 1 1 1 1 1 1 1 1 1 1 1 1 1 1 1 1 1 1 1 1 1 1 1 1 1 1 1 1 1 1 1 1 1 1 1 1 1 1 1 1 1 
1 1 1 1 1 1 1 1 1 1 1 1 1 1 1 1 1 1 1 1 1 1 1 1 1 0.999999 0.999996 0.999986 0.999949 0.999811 0.999304 0.99744 0.990618 0.966002 0.881724 0.642817 0.279068 0.0876095 0.0247724 0.00680095 0.00185212 0.000503293 0.000136684 3.71147e-05 1.00775e-05 2.73618e-06 7.42903e-07 2.01702e-07 5.47622e-08 1.48677e-08 4.03644e-09 1.09584e-09 2.97499e-10 8.07643e-11 2.19253e-11 5.95206e-12 1.61578e-12 4.38624e-13 1.19069e-13 3.23219e-14 8.77389e-15 2.38168e-15 6.465e-16 1.75489e-16 4.76351e-17 1.293e-17 3.50969e-18 9.52651e-19 2.5858e-19 7.01863e-20 1.90505e-20 5.17077e-21 1.40346e-21 3.80928e-22 1.03391e-22 2.80618e-23 7.61635e-24 2.06716e-24 5.61046e-25 1.52272e-25 4.13272e-26 1.12163e-26 3.0441e-27 8.26164e-28 2.24217e-28 6.08514e-29 1.65153e-29 4.48449e-30 1.22485e-30 3.57725e-31 1.79064e-31 3.13938e-31 9.43579e-31 3.03151e-30 9.79195e-30 3.16271e-29 1.021e-28 3.29416e-28 1.0622e-27 3.42299e-27 1.10239e-26 3.54804e-26 1.14119e-25 3.66807e-25 1.17821e-24 3.78184e-24 1.21305e-23 3.88812e-23 1.24532e-22 3.98565e-22 1.27464e-21 4.07325e-21 1.30064e-20 4.14979e-20 1.32297e-19 4.21424e-19 1.34132e-18 4.26569e-18 1.35545e-17 4.30339e-17 1.36512e-16 4.32675e-16 1.37019e-15 4.33539e-15 1.37057e-14 4.32915e-14 1.36625e-13 4.3081e-13 1.35728e-12 4.27254e-12 1.34381e-11 4.22303e-11 1.32603e-10 4.16034e-10 1.30424e-09 4.08549e-09 1.27878e-08 3.99968e-08 1.25008e-07 3.90432e-07 1.21859e-06 3.80091e-06 1.18481e-05 3.69105e-05 0.000114921 0.000357579 0.00111169 0.00345079 0.0106697 0.0326216 0.0964567 0.258967 0.54736 0.804659 0.930087 0.976682 0.992407 0.997548 0.99921 0.999746 0.999918 0.999974 0.999992 0.999997 0.999999 1 1 1 1 1 1 1 1 1 1 1 1 1 1 1 1 1 1 1 1 1 1 1 1 1 1 1 1 1 1 1 1 1 1 1 1 1 1 1 1 1 1 1 1 1 1 1 1 1 1 1 1 1 1 1 1 1 1 1 1 1 1 1 1 1 1 1 1 1 1 1 1 1 1 1 1 1 1 1 1 1 1 1 1 1 1 1 
1 1 1 1 1 1 1 1 1 1 1 1 1 1 1 1 1 1 1 1 1 1 1 1 1 0.999999 0.999995 0.999983 0.999936 0.999765 0.999136 0.996825 0.988375 0.958026 0.85589 0.58343 0.234817 0.0717388 0.0201204 0.00551007 0.00149926 0.000407252 0.000110578 3.00221e-05 8.15102e-06 2.21304e-06 6.00856e-07 1.63137e-07 4.42932e-08 1.2026e-08 3.26512e-09 8.86491e-10 2.40683e-10 6.53449e-11 1.77408e-11 4.81648e-12 1.30762e-12 3.54999e-13 9.63757e-14 2.6164e-14 7.10287e-15 1.92824e-15 5.23457e-16 1.42101e-16 3.85753e-17 1.04717e-17 2.84262e-18 7.71645e-19 2.09465e-19 5.68593e-20 1.54343e-20 4.18956e-21 1.13722e-21 3.08687e-22 8.37892e-23 2.27433e-23 6.17326e-24 1.67561e-24 4.54806e-25 1.23446e-25 3.3506e-26 9.09421e-27 2.46833e-27 6.69945e-28 1.81832e-28 4.93518e-29 1.3396e-29 3.64042e-30 1.00313e-30 3.21241e-31 2.45961e-31 5.81141e-31 1.82343e-30 5.88631e-30 1.90395e-29 6.15656e-29 1.98975e-28 6.42726e-28 2.07496e-27 6.69487e-27 2.15883e-26 6.9571e-26 2.24062e-25 7.21155e-25 2.31955e-24 7.4557e-24 2.39483e-23 7.68702e-23 2.46565e-22 7.90292e-22 2.53118e-21 8.10088e-21 2.59065e-20 8.27844e-20 2.6433e-19 8.43329e-19 2.68842e-18 8.56331e-18 2.72538e-17 8.66665e-17 2.75365e-16 8.74176e-16 2.7728e-15 8.78747e-15 2.7825e-14 8.80302e-14 2.78261e-13 8.7881e-13 2.77308e-12 8.74287e-12 2.75405e-11 8.668e-11 2.72582e-10 8.56466e-10 2.68883e-09 8.43451e-09 2.64367e-08 8.27965e-08 2.59109e-07 8.10262e-07 2.53193e-06 7.90628e-06 2.46715e-05 7.69352e-05 0.000239747 0.000746488 0.00232126 0.00719729 0.0221417 0.0665665 0.187059 0.438905 0.730597 0.898946 0.965725 0.988773 0.996365 0.998828 0.999622 0.999879 0.999961 0.999987 0.999996 0.999999 1 1 1 1 1 1 1 1 1 1 1 1 1 1 1 1 1 1 1 1 1 1 1 1 1 1 1 1 1 1 1 1 1 1 1 1 1 1 1 1 1 1 1 1 1 1 1 1 1 1 1 1 1 1 1 1 1 1 1 1 1 1 1 1 1 1 1 1 1 1 1 1 1 1 1 1 1 1 1 1 1 1 1 1 1 1 1 1 
1 1 1 1 1 1 1 1 1 1 1 1 1 1 1 1 1 1 1 1 1 1 1 1 1 0.999998 0.999994 0.999978 0.999921 0.999708 0.998927 0.996056 0.985572 0.948119 0.824656 0.518785 0.195424 0.0584163 0.0162856 0.00445306 0.00121125 0.000329008 8.93367e-05 2.42562e-05 6.58592e-06 1.7882e-06 4.85537e-07 1.31835e-07 3.57967e-08 9.71976e-09 2.63917e-09 7.16598e-10 1.94573e-10 5.28305e-11 1.43444e-11 3.89474e-12 1.05747e-12 2.87113e-13 7.79529e-14 2.11645e-14 5.74615e-15 1.56006e-15 4.23546e-16 1.14989e-16 3.1218e-17 8.47519e-18 2.30085e-18 6.24631e-19 1.69572e-19 4.60341e-20 1.24968e-20 3.39247e-21 9.20932e-22 2.49997e-22 6.78638e-23 1.8422e-23 5.0007e-24 1.35744e-24 3.68474e-25 1.0002e-25 2.71498e-26 7.36953e-27 2.00037e-27 5.42969e-28 1.4738e-28 4.00042e-29 1.0861e-29 2.95693e-30 8.31734e-31 3.20359e-31 3.93857e-31 1.10208e-30 3.52479e-30 1.14075e-29 3.694e-29 1.19574e-28 3.86872e-28 1.25106e-27 4.0435e-27 1.30617e-26 4.21697e-26 1.36065e-25 4.38769e-25 1.41403e-24 4.55416e-24 1.46581e-23 4.71476e-23 1.51548e-22 4.86786e-22 1.56251e-21 5.01179e-21 1.60637e-20 5.14488e-20 1.64655e-19 5.26551e-19 1.68254e-18 5.37212e-18 1.71387e-17 5.46328e-17 1.74009e-16 5.5377e-16 1.76084e-15 5.59427e-15 1.7758e-14 5.63211e-14 1.78473e-13 5.6506e-13 1.78747e-12 5.64941e-12 1.78397e-11 5.62851e-11 1.77427e-10 5.58819e-10 1.75852e-09 5.52908e-09 1.73696e-08 5.45211e-08 1.70994e-07 5.35854e-07 1.6779e-06 5.2499e-06 1.64137e-05 5.12785e-05 0.00016008 0.000499313 0.00155562 0.00483588 0.0149499 0.0454897 0.132097 0.336513 0.638989 0.855535 0.949818 0.98343 0.99462 0.998263 0.99944 0.99982 0.999942 0.999981 0.999994 0.999998 0.999999 1 1 1 1 1 1 1 1 1 1 1 1 1 1 1 1 1 1 1 1 1 1 1 1 1 1 1 1 1 1 1 1 1 1 1 1 1 1 1 1 1 1 1 1 1 1 1 1 1 1 1 1 1 1 1 1 1 1 1 1 1 1 1 1 1 1 1 1 1 1 1 1 1 1 1 1 1 1 1 1 1 1 1 1 1 1 1 1 
1 1 1 1 1 1 1 1 1 1 1 1 1 1 1 1 1 1 1 1 1 1 1 1 0.999999 0.999998 0.999993 0.999973 0.999902 0.999638 0.998667 0.995101 0.982103 0.935988 0.78786 0.452512 0.161039 0.0473086 0.0131317 0.00358798 0.000976082 0.000265214 7.20368e-05 1.95643e-05 5.31323e-06 1.44293e-06 3.91854e-07 1.06414e-07 2.88983e-08 7.84767e-09 2.13111e-09 5.78715e-10 1.57152e-10 4.26748e-11 1.15882e-11 3.14672e-12 8.54464e-13 2.32019e-13 6.30012e-14 1.71068e-14 4.64495e-15 1.26122e-15 3.42446e-16 9.29799e-17 2.52453e-17 6.85436e-18 1.861e-18 5.05269e-19 1.37181e-19 3.72441e-20 1.01115e-20 2.74519e-21 7.45284e-22 2.02333e-22 5.49296e-23 1.49122e-23 4.04829e-24 1.099e-24 2.98345e-25 8.09907e-26 2.19861e-26 5.96836e-27 1.62016e-27 4.39802e-28 1.19386e-28 3.2409e-29 8.80268e-30 2.40674e-30 7.09459e-31 3.74981e-31 6.93957e-31 2.11015e-30 6.80721e-30 2.20648e-29 7.1522e-29 2.31743e-28 7.50545e-28 2.42964e-27 7.86127e-27 2.54227e-26 8.21714e-26 2.6545e-25 8.57033e-25 2.76542e-24 8.9179e-24 2.87407e-23 9.25672e-23 2.97944e-22 9.58351e-22 3.08048e-21 9.89489e-21 3.17611e-20 1.01874e-19 3.26523e-19 1.04577e-18 3.34679e-18 1.07024e-17 3.41974e-17 1.09183e-16 3.48311e-16 1.11025e-15 3.536e-15 1.12523e-14 3.57765e-14 1.13654e-13 3.60742e-13 1.14401e-12 3.62481e-12 1.14751e-11 3.62952e-11 1.14698e-10 3.62145e-10 1.14242e-09 3.6007e-09 1.13388e-08 3.56757e-08 1.12151e-07 3.52259e-07 1.1055e-06 3.4665e-06 1.0861e-05 3.40016e-05 0.000106359 0.000332412 0.00103779 0.00323424 0.0100391 0.0308218 0.0916379 0.248362 0.53361 0.796497 0.926864 0.975574 0.992041 0.997427 0.99917 0.999733 0.999914 0.999972 0.999991 0.999997 0.999999 1 1 1 1 1 1 1 1 1 1 1 1 1 1 1 1 1 1 1 1 1 1 1 1 1 1 1 1 1 1 1 1 1 1 1 1 1 1 1 1 1 1 1 1 1 1 1 1 1 1 1 1 1 1 1 1 1 1 1 1 1 1 1 1 1 1 1 1 1 1 1 1 1 1 1 1 1 1 1 1 1 1 1 1 1 1 1 1 1 
1 1 1 1 1 1 1 1 1 1 1 1 1 1 1 1 1 1 1 1 1 1 1 1 0.999999 0.999998 0.999991 0.999967 0.999878 0.999549 0.998343 0.993918 0.977831 0.921295 0.745593 0.389025 0.131906 0.0382002 0.0105663 0.0028855 0.000785154 0.000213417 5.79901e-05 1.57549e-05 4.27998e-06 1.16264e-06 3.15814e-07 8.5783e-08 2.33002e-08 6.32859e-09 1.71888e-09 4.66846e-10 1.26793e-10 3.44356e-11 9.35218e-12 2.53987e-12 6.89768e-13 1.87321e-13 5.08704e-14 1.38146e-14 3.75147e-15 1.01873e-15 2.76638e-16 7.51203e-17 2.03984e-17 5.53898e-18 1.50403e-18 4.08393e-19 1.1089e-19 3.01094e-20 8.17535e-21 2.21975e-21 6.02693e-22 1.63638e-22 4.44288e-23 1.20626e-23 3.27499e-24 8.89152e-25 2.41399e-25 6.55377e-26 1.77927e-26 4.83044e-27 1.31137e-27 3.5601e-28 9.66491e-29 2.62407e-29 7.13379e-30 1.96983e-30 6.4279e-31 5.25625e-31 1.28342e-30 4.05317e-30 1.31283e-29 4.26007e-29 1.38211e-28 4.48231e-28 1.45305e-27 4.70839e-27 1.52498e-26 4.93687e-26 1.59744e-25 5.16622e-25 1.6699e-24 5.39473e-24 1.74182e-23 5.62057e-23 1.81258e-22 5.84176e-22 1.88154e-21 6.05622e-21 1.94804e-20 6.26178e-20 2.01138e-19 6.45622e-19 2.07084e-18 6.63732e-18 2.12574e-17 6.80286e-17 2.17537e-16 6.95073e-16 2.2191e-15 7.07891e-15 2.2563e-14 7.18558e-14 2.28644e-13 7.26916e-13 2.30905e-12 7.32834e-12 2.32378e-11 7.36213e-11 2.33038e-10 7.36993e-10 2.3287e-09 7.35154e-09 2.31877e-08 7.30719e-08 2.30071e-07 7.23756e-07 2.27481e-06 7.14374e-06 2.24148e-05 7.02702e-05 0.000220101 0.000688692 0.0021517 0.00670258 0.0207197 0.0626577 0.177682 0.423653 0.719182 0.894062 0.964026 0.988219 0.996187 0.99877 0.999604 0.999872 0.999959 0.999987 0.999996 0.999999 1 1 1 1 1 1 1 1 1 1 1 1 1 1 1 1 1 1 1 1 1 1 1 1 1 1 1 1 1 1 1 1 1 1 1 1 1 1 1 1 1 1 1 1 1 1 1 1 1 1 1 1 1 1 1 1 1 1 1 1 1 1 1 1 1 1 1 1 1 1 1 1 1 1 1 1 1 1 1 1 1 1 1 1 1 1 1 1 1 1 
1 1 1 1 1 1 1 1 1 1 1 1 1 1 1 1 1 1 1 1 1 1 1 1 0.999999 0.999997 0.999989 0.999959 0.999847 0.999439 0.997938 0.992442 0.972543 0.903462 0.697535 0.331186 0.10778 0.0308338 0.00850066 0.00231963 0.000631153 0.000171586 4.66342e-05 1.26728e-05 3.44352e-06 9.3564e-07 2.5421e-07 6.90649e-08 1.87631e-08 5.09728e-09 1.38471e-09 3.76153e-10 1.02179e-10 2.77553e-11 7.53912e-12 2.0478e-12 5.56216e-13 1.51075e-13 4.10329e-14 1.11446e-14 3.02683e-15 8.2206e-16 2.23261e-16 6.06336e-17 1.64667e-17 4.47193e-18 1.21444e-18 3.29798e-19 8.956e-20 2.43206e-20 6.6043e-21 1.79338e-21 4.86982e-22 1.32235e-22 3.59067e-23 9.74982e-24 2.64736e-24 7.18823e-25 1.95176e-25 5.29937e-26 1.43885e-26 3.90664e-27 1.06068e-27 2.8798e-28 7.81886e-29 2.1234e-29 5.78454e-30 1.63429e-30 6.5129e-31 8.51823e-31 2.42549e-30 7.78939e-30 2.52823e-29 8.211e-29 2.66603e-28 8.65333e-28 2.80763e-27 9.10593e-27 2.95208e-26 9.56626e-26 3.09855e-25 1.00315e-24 3.24608e-24 1.04985e-23 3.39364e-23 1.09639e-22 3.54008e-22 1.14237e-21 3.68416e-21 1.1874e-20 3.82455e-20 1.23105e-19 3.95987e-19 1.27288e-18 4.0887e-18 1.31242e-17 4.20959e-17 1.34922e-16 4.32108e-16 1.38282e-15 4.42177e-15 1.41279e-14 4.51031e-14 1.43872e-13 4.58545e-13 1.46023e-12 4.64609e-12 1.47699e-11 4.69128e-11 1.48875e-10 4.72028e-10 1.4953e-09 4.73258e-09 1.49651e-08 4.72795e-08 1.49236e-07 4.70639e-07 1.4829e-06 4.66821e-06 1.46826e-05 4.61392e-05 0.000144857 0.000454334 0.00142312 0.00444744 0.0138239 0.0423272 0.12401 0.320815 0.623406 0.847941 0.947088 0.982542 0.994339 0.998174 0.999412 0.999811 0.999939 0.99998 0.999994 0.999998 0.999999 1 1 1 1 1 1 1 1 1 1 1 1 1 1 1 1 1 1 1 1 1 1 1 1 1 1 1 1 1 1 1 1 1 1 1 1 1 1 1 1 1 1 1 1 1 1 1 1 1 1 1 1 1 1 1 1 1 1 1 1 1 1 1 1 1 1 1 1 1 1 1 1 1 1 1 1 1 1 1 1 1 1 1 1 1 1 1 1 1 1 
1 1 1 1 1 1 1 1 1 1 1 1 1 1 1 1 1 1 1 1 1 1 1 1 0.999999 0.999996 0.999986 0.999948 0.999809 0.999299 0.997427 0.990582 0.965912 0.88156 0.642791 0.279557 0.0879009 0.024886 0.00683969 0.0018646 0.000507189 0.000137876 3.74736e-05 1.01843e-05 2.76769e-06 7.52123e-07 2.04383e-07 5.55374e-08 1.50908e-08 4.10038e-09 1.1141e-09 3.02698e-10 8.22401e-11 2.23432e-11 6.07011e-12 1.64906e-12 4.47988e-13 1.21699e-13 3.30594e-14 8.9804e-15 2.43942e-15 6.62626e-16 1.79987e-16 4.88885e-17 1.32789e-17 3.60671e-18 9.79604e-19 2.66062e-19 7.22615e-20 1.96256e-20 5.33007e-21 1.44755e-21 3.93123e-22 1.06762e-22 2.89932e-23 7.87354e-24 2.13814e-24 5.80626e-25 1.5767e-25 4.2815e-26 1.16262e-26 3.15697e-27 8.57233e-28 2.32768e-28 6.32067e-29 1.71738e-29 4.70069e-30 1.39879e-30 7.78226e-31 1.50738e-30 4.62458e-30 1.49623e-29 4.86211e-29 1.58018e-28 5.13427e-28 1.6677e-27 5.41522e-27 1.75776e-26 5.7035e-26 1.84991e-25 5.99761e-25 1.94364e-24 6.29586e-24 2.03838e-23 6.59631e-23 2.13349e-22 6.89681e-22 2.22825e-21 7.19501e-21 2.32189e-20 7.48837e-20 2.41357e-19 7.77418e-19 2.50242e-18 8.04958e-18 2.58753e-17 8.31166e-17 2.66794e-16 8.55741e-16 2.74272e-15 8.78387e-15 2.81093e-14 8.98813e-14 2.87168e-13 9.16742e-13 2.92412e-12 9.31919e-12 2.96749e-11 9.44115e-11 3.00111e-10 9.53139e-10 3.02444e-09 9.58839e-09 3.03708e-08 9.61114e-08 3.03879e-07 9.59915e-07 3.0295e-06 9.55246e-06 3.00929e-05 9.47131e-05 0.000297801 0.000935246 0.00293174 0.0091544 0.0282912 0.084851 0.233323 0.513754 0.78474 0.922356 0.974089 0.991575 0.997283 0.999126 0.999719 0.99991 0.999971 0.999991 0.999997 0.999999 1 1 1 1 1 1 1 1 1 1 1 1 1 1 1 1 1 1 1 1 1 1 1 1 1 1 1 1 1 1 1 1 1 1 1 1 1 1 1 1 1 1 1 1 1 1 1 1 1 1 1 1 1 1 1 1 1 1 1 1 1 1 1 1 1 1 1 1 1 1 1 1 1 1 1 1 1 1 1 1 1 1 1 1 1 1 1 1 1 1 1 
1 1 1 1 1 1 1 1 1 1 1 1 1 1 1 1 1 1 1 1 1 1 1 1 0.999999 0.999995 0.999982 0.999935 0.999761 0.999123 0.996779 0.988222 0.957536 0.854498 0.580851 0.233525 0.071388 0.0200434 0.00549529 0.00149696 0.000407086 0.000110656 3.00756e-05 8.17423e-06 2.22165e-06 6.03807e-07 1.64103e-07 4.45989e-08 1.21206e-08 3.29391e-09 8.95137e-10 2.43252e-10 6.61013e-11 1.79619e-11 4.88073e-12 1.32619e-12 3.60341e-13 9.79065e-14 2.6601e-14 7.22728e-15 1.96355e-15 5.33454e-16 1.44925e-16 3.93712e-17 1.06956e-17 2.90551e-18 7.89279e-19 2.14402e-19 5.82398e-20 1.58198e-20 4.29708e-21 1.16718e-21 3.17025e-22 8.61076e-23 2.33874e-23 6.35204e-24 1.72519e-24 4.68547e-25 1.27251e-25 3.45593e-26 9.38553e-27 2.54886e-27 6.92192e-28 1.87977e-28 5.1054e-29 1.38862e-29 3.84296e-30 1.27832e-30 1.11115e-30 2.78793e-30 8.84626e-30 2.87174e-29 9.33888e-29 3.03686e-28 9.87324e-28 3.20909e-27 1.04275e-26 3.38725e-26 1.09994e-25 3.57058e-25 1.15863e-24 3.75819e-24 1.21852e-23 3.94906e-23 1.27925e-22 4.142e-22 1.34044e-21 4.33569e-21 1.40164e-20 4.52868e-20 1.46237e-19 4.71936e-19 1.5221e-18 4.90605e-18 1.58029e-17 5.08691e-17 1.63635e-16 5.26008e-16 1.68966e-15 5.42363e-15 1.73963e-14 5.5756e-14 1.78562e-13 5.71408e-13 1.82706e-12 5.83722e-12 1.86337e-11 5.94328e-11 1.89402e-10 6.03069e-10 1.91854e-09 6.09808e-09 1.93655e-08 6.14434e-08 1.94774e-07 6.16866e-07 1.95189e-06 6.17053e-06 1.9489e-05 6.14966e-05 0.00019386 0.00061044 0.00191923 0.00601666 0.0187275 0.0571212 0.164175 0.400956 0.701652 0.886597 0.961493 0.98742 0.995941 0.998695 0.999581 0.999865 0.999957 0.999986 0.999996 0.999999 1 1 1 1 1 1 1 1 1 1 1 1 1 1 1 1 1 1 1 1 1 1 1 1 1 1 1 1 1 1 1 1 1 1 1 1 1 1 1 1 1 1 1 1 1 1 1 1 1 1 1 1 1 1 1 1 1 1 1 1 1 1 1 1 1 1 1 1 1 1 1 1 1 1 1 1 1 1 1 1 1 1 1 1 1 1 1 1 1 1 1 1 
1 1 1 1 1 1 1 1 1 1 1 1 1 1 1 1 1 1 1 1 1 1 1 1 0.999998 0.999994 0.999978 0.999918 0.9997 0.998898 0.995956 0.985231 0.946999 0.821448 0.513213 0.192677 0.0575947 0.0160724 0.00440016 0.00119838 0.000325923 8.8609e-05 2.4088e-05 6.5481e-06 1.78002e-06 4.83874e-07 1.31533e-07 3.57543e-08 9.71884e-09 2.64175e-09 7.18055e-10 1.9517e-10 5.30465e-11 1.44175e-11 3.91841e-12 1.06492e-12 2.89411e-13 7.86504e-14 2.13734e-14 5.80812e-15 1.57829e-15 4.28869e-16 1.16534e-16 3.16642e-17 8.60348e-18 2.33759e-18 6.35117e-19 1.72555e-19 4.68805e-20 1.27364e-20 3.46012e-21 9.39995e-22 2.55359e-22 6.93693e-23 1.88441e-23 5.11885e-24 1.39047e-24 3.77696e-25 1.02592e-25 2.78662e-26 7.56892e-27 2.0558e-27 5.58369e-28 1.51658e-28 4.12027e-29 1.12328e-29 3.18887e-30 1.31587e-30 1.82153e-30 5.26026e-30 1.69385e-29 5.50732e-29 1.79187e-28 5.82956e-28 1.89622e-27 6.16667e-27 2.00498e-26 6.51717e-26 2.1178e-25 6.8798e-25 2.23421e-24 7.25303e-24 2.3537e-23 7.63503e-23 2.47564e-22 8.0237e-22 2.59933e-21 8.41663e-21 2.72394e-20 8.81112e-20 2.84859e-19 9.20417e-19 2.97227e-18 9.59252e-18 3.09392e-17 9.97266e-17 3.2124e-16 1.03409e-15 3.32649e-15 1.06933e-14 3.43497e-14 1.10259e-13 3.53655e-13 1.13348e-12 3.62999e-12 1.16159e-11 3.71406e-11 1.18655e-10 3.78757e-10 1.208e-09 3.84947e-09 1.22562e-08 3.89877e-08 1.23912e-07 3.93469e-07 1.24828e-06 3.95658e-06 1.25293e-05 3.96396e-05 0.000125289 0.000395584 0.00124734 0.0039243 0.0122847 0.037933 0.112525 0.297648 0.599033 0.835795 0.942742 0.981152 0.993911 0.998044 0.999372 0.999799 0.999935 0.999979 0.999993 0.999998 0.999999 1 1 1 1 1 1 1 1 1 1 1 1 1 1 1 1 1 1 1 1 1 1 1 1 1 1 1 1 1 1 1 1 1 1 1 1 1 1 1 1 1 1 1 1 1 1 1 1 1 1 1 1 1 1 1 1 1 1 1 1 1 1 1 1 1 1 1 1 1 1 1 1 1 1 1 1 1 1 1 1 1 1 1 1 1 1 1 1 1 1 1 1 
1 1 1 1 1 1 1 1 1 1 1 1 1 1 1 1 1 1 1 1 1 1 1 0.999999 0.999998 0.999992 0.999972 0.999897 0.999623 0.998614 0.994917 0.981469 0.933907 0.782095 0.443924 0.157193 0.046161 0.0128259 0.00350908 0.000955956 0.000260109 7.0748e-05 1.92405e-05 5.23227e-06 1.42281e-06 3.86892e-07 1.05201e-07 2.86045e-08 7.77745e-09 2.11459e-09 5.74915e-10 1.56303e-10 4.24931e-11 1.15519e-11 3.14035e-12 8.53668e-13 2.32052e-13 6.30768e-14 1.71451e-14 4.66013e-15 1.26661e-15 3.44251e-16 9.3561e-17 2.54274e-17 6.9103e-18 1.87793e-18 5.1033e-19 1.38679e-19 3.76841e-20 1.02399e-20 2.78241e-21 7.56024e-22 2.05419e-22 5.58127e-23 1.51641e-23 4.11993e-24 1.11931e-24 3.04092e-25 8.26131e-26 2.24431e-26 6.09687e-27 1.65624e-27 4.49915e-28 1.22224e-28 3.32254e-29 9.10641e-30 2.73827e-30 1.60544e-30 3.24087e-30 1.00103e-29 3.24383e-29 1.05547e-28 3.43521e-28 1.11797e-27 3.63793e-27 1.18362e-26 3.85025e-26 1.25221e-25 4.07158e-25 1.32354e-24 4.30118e-24 1.39735e-23 4.53817e-23 1.47334e-22 4.78145e-22 1.55112e-21 5.02976e-21 1.63027e-20 5.28165e-20 1.7103e-19 5.53546e-19 1.79064e-18 5.78934e-18 1.8707e-17 6.04126e-17 1.9498e-16 6.28902e-16 2.02721e-15 6.53026e-15 2.10218e-14 6.76251e-14 2.1739e-13 6.98322e-13 2.24156e-12 7.18978e-12 2.30433e-11 7.37959e-11 2.36141e-10 7.55014e-10 2.412e-09 7.69901e-09 2.45538e-08 7.82397e-08 2.49088e-07 7.92307e-07 2.51793e-06 7.99461e-06 2.53601e-05 8.037e-05 0.000254448 0.000804606 0.00253979 0.00798823 0.0248928 0.0755176 0.211823 0.483322 0.76574 0.914971 0.971665 0.990822 0.997053 0.999056 0.999698 0.999903 0.999969 0.99999 0.999997 0.999999 1 1 1 1 1 1 1 1 1 1 1 1 1 1 1 1 1 1 1 1 1 1 1 1 1 1 1 1 1 1 1 1 1 1 1 1 1 1 1 1 1 1 1 1 1 1 1 1 1 1 1 1 1 1 1 1 1 1 1 1 1 1 1 1 1 1 1 1 1 1 1 1 1 1 1 1 1 1 1 1 1 1 1 1 1 1 1 1 1 1 1 1 1 
1 1 1 1 1 1 1 1 1 1 1 1 1 1 1 1 1 1 1 1 1 1 1 0.999999 0.999997 0.99999 0.999965 0.99987 0.999524 0.998253 0.993602 0.976742 0.917754 0.736286 0.37776 0.127296 0.0368425 0.0102013 0.00278983 0.000760291 0.00020698 5.63271e-05 1.53262e-05 4.16976e-06 1.13437e-06 3.0858e-07 8.39379e-08 2.28311e-08 6.20976e-09 1.6889e-09 4.5932e-10 1.24913e-10 3.39692e-11 9.23731e-12 2.51183e-12 6.82995e-13 1.85708e-13 5.04925e-14 1.37281e-14 3.7323e-15 1.01468e-15 2.75846e-16 7.49878e-17 2.03845e-17 5.5411e-18 1.50619e-18 4.09399e-19 1.11276e-19 3.02444e-20 8.22007e-21 2.23405e-21 6.07152e-22 1.65002e-22 4.48406e-23 1.21854e-23 3.31129e-24 8.99795e-25 2.445e-25 6.64359e-26 1.80516e-26 4.90476e-27 1.33263e-27 3.62074e-28 9.83861e-29 2.67777e-29 7.43075e-30 2.52592e-30 2.33681e-30 6.00713e-30 1.9119e-29 6.21188e-29 2.02184e-28 6.58161e-28 2.14243e-27 6.97351e-27 2.26963e-26 7.3859e-26 2.40318e-25 7.81788e-25 2.54274e-24 8.26827e-24 2.68791e-23 8.7356e-23 2.83816e-22 9.21803e-22 2.99285e-21 9.71337e-21 3.15124e-20 1.0219e-19 3.31243e-19 1.07321e-18 3.47543e-18 1.1249e-17 3.63909e-17 1.17662e-16 3.80217e-16 1.22793e-15 3.96327e-15 1.27839e-14 4.12093e-14 1.32752e-13 4.27357e-13 1.3748e-12 4.41954e-12 1.41971e-11 4.55718e-11 1.46171e-10 4.68478e-10 1.50028e-09 4.80066e-09 1.53488e-08 4.90322e-08 1.56502e-07 4.99094e-07 1.59025e-06 5.06245e-06 1.61014e-05 5.11643e-05 0.000162423 0.000515055 0.00163087 0.00515035 0.0161621 0.0498204 0.145704 0.367752 0.673777 0.874318 0.957288 0.986097 0.995535 0.998572 0.999543 0.999854 0.999953 0.999985 0.999995 0.999998 1 1 1 1 1 1 1 1 1 1 1 1 1 1 1 1 1 1 1 1 1 1 1 1 1 1 1 1 1 1 1 1 1 1 1 1 1 1 1 1 1 1 1 1 1 1 1 1 1 1 1 1 1 1 1 1 1 1 1 1 1 1 1 1 1 1 1 1 1 1 1 1 1 1 1 1 1 1 1 1 1 1 1 1 1 1 1 1 1 1 1 1 1 1 
1 1 1 1 1 1 1 1 1 1 1 1 1 1 1 1 1 1 1 1 1 1 1 0.999999 0.999997 0.999988 0.999955 0.999836 0.999397 0.997791 0.991923 0.970749 0.897707 0.683364 0.317646 0.102658 0.0293481 0.00810007 0.00221384 0.000603398 0.000164324 4.47371e-05 1.21779e-05 3.31459e-06 9.02097e-07 2.45496e-07 6.68046e-08 1.81778e-08 4.94596e-09 1.34566e-09 3.661e-10 9.95958e-11 2.70933e-11 7.36991e-12 2.00467e-12 5.45263e-13 1.48303e-13 4.03345e-14 1.09695e-14 2.98316e-15 8.11244e-16 2.20602e-16 5.99861e-17 1.63108e-17 4.43493e-18 1.20582e-18 3.27838e-19 8.913e-20 2.42311e-20 6.58731e-21 1.79072e-21 4.86783e-22 1.32321e-22 3.59672e-23 9.77627e-24 2.65721e-24 7.22213e-25 1.96287e-25 5.33467e-26 1.4498e-26 3.94003e-27 1.07073e-27 2.90977e-28 7.90987e-29 2.15857e-29 6.16434e-30 2.64719e-30 3.88214e-30 1.13466e-29 3.65775e-29 1.18961e-28 3.87214e-28 1.26053e-27 4.10363e-27 1.33593e-26 4.34892e-26 1.41563e-25 4.60765e-25 1.49952e-24 4.87933e-24 1.58741e-23 5.16331e-23 1.67906e-22 5.45875e-22 1.77418e-21 5.7646e-21 1.87239e-20 6.07955e-20 1.97325e-19 6.40207e-19 2.07623e-18 6.73036e-18 2.18072e-17 7.06236e-17 2.28602e-16 7.39575e-16 2.39137e-15 7.72794e-15 2.4959e-14 8.05612e-14 2.59868e-13 8.37722e-13 2.69873e-12 8.68804e-12 2.79499e-11 8.98518e-11 2.88638e-10 9.26518e-10 2.9718e-09 9.52455e-09 3.05015e-08 9.75984e-08 3.12035e-07 9.96773e-07 3.18138e-06 1.01451e-05 3.23225e-05 0.000102885 0.000327156 0.00103899 0.00329299 0.010391 0.0324023 0.0975847 0.265646 0.561766 0.816077 0.935539 0.978835 0.993196 0.997826 0.999306 0.999779 0.999929 0.999977 0.999993 0.999998 0.999999 1 1 1 1 1 1 1 1 1 1 1 1 1 1 1 1 1 1 1 1 1 1 1 1 1 1 1 1 1 1 1 1 1 1 1 1 1 1 1 1 1 1 1 1 1 1 1 1 1 1 1 1 1 1 1 1 1 1 1 1 1 1 1 1 1 1 1 1 1 1 1 1 1 1 1 1 1 1 1 1 1 1 1 1 1 1 1 1 1 1 1 1 1 1 
1 1 1 1 1 1 1 1 1 1 1 1 1 1 1 1 1 1 1 1 1 1 1 0.999999 0.999996 0.999984 0.999943 0.999791 0.999234 0.997193 0.989755 0.963056 0.872546 0.622283 0.264093 0.0824438 0.0233283 0.00642018 0.00175345 0.000477889 0.000130167 3.54474e-05 9.65223e-06 2.62809e-06 7.15525e-07 1.94797e-07 5.30288e-08 1.44349e-08 3.92909e-09 1.06941e-09 2.91052e-10 7.92088e-11 2.15552e-11 5.86556e-12 1.59604e-12 4.34267e-13 1.18154e-13 3.21455e-14 8.74523e-15 2.37904e-15 6.47164e-16 1.76038e-16 4.7883e-17 1.30238e-17 3.54222e-18 9.63377e-19 2.61999e-19 7.12501e-20 1.93756e-20 5.26876e-21 1.43267e-21 3.89552e-22 1.05918e-22 2.87979e-23 7.82952e-24 2.12861e-24 5.78682e-25 1.57315e-25 4.27649e-26 1.16249e-26 3.15995e-27 8.5893e-28 2.33481e-28 6.35144e-29 1.74393e-29 5.31346e-30 3.30908e-30 6.9637e-30 2.16177e-29 7.00498e-29 2.27869e-28 7.41606e-28 2.41396e-27 7.85832e-27 2.55833e-26 8.32906e-26 2.71165e-25 8.82788e-25 2.87376e-24 9.35411e-24 3.04439e-23 9.9068e-23 3.22321e-22 1.04846e-21 3.40972e-21 1.10859e-20 3.60332e-20 1.17085e-19 3.80326e-19 1.23498e-18 4.00863e-18 1.30065e-17 4.21836e-17 1.36752e-16 4.43118e-16 1.43514e-15 4.6457e-15 1.50306e-14 4.86031e-14 1.57074e-13 5.07326e-13 1.63759e-12 5.28263e-12 1.703e-11 5.4864e-11 1.76629e-10 5.68239e-10 1.82678e-09 5.86839e-09 1.88375e-08 6.04212e-08 1.93647e-07 6.20131e-07 1.98425e-06 6.34372e-06 2.02637e-05 6.46704e-05 0.000206196 0.000656709 0.00208819 0.00661927 0.0208169 0.06399 0.183872 0.439601 0.735743 0.902876 0.967643 0.989566 0.996669 0.998939 0.999662 0.999892 0.999966 0.999989 0.999997 0.999999 1 1 1 1 1 1 1 1 1 1 1 1 1 1 1 1 1 1 1 1 1 1 1 1 1 1 1 1 1 1 1 1 1 1 1 1 1 1 1 1 1 1 1 1 1 1 1 1 1 1 1 1 1 1 1 1 1 1 1 1 1 1 1 1 1 1 1 1 1 1 1 1 1 1 1 1 1 1 1 1 1 1 1 1 1 1 1 1 1 1 1 1 1 1 1 
1 1 1 1 1 1 1 1 1 1 1 1 1 1 1 1 1 1 1 1 1 1 1 0.999999 0.999995 0.99998 0.999927 0.999733 0.999021 0.996417 0.98694 0.953133 0.840956 0.553119 0.216604 0.0657626 0.0184619 0.00507055 0.00138431 0.000377316 0.000102798 2.80031e-05 7.62779e-06 2.07765e-06 5.65878e-07 1.54117e-07 4.19717e-08 1.14297e-08 3.11237e-09 8.47462e-10 2.3074e-10 6.28205e-11 1.71023e-11 4.65567e-12 1.26732e-12 3.44957e-13 9.38903e-14 2.55537e-14 6.95445e-15 1.89256e-15 5.1501e-16 1.40139e-16 3.81314e-17 1.03749e-17 2.82272e-18 7.67943e-19 2.08916e-19 5.68322e-20 1.54596e-20 4.20517e-21 1.1438e-21 3.111e-22 8.46118e-23 2.30115e-23 6.25809e-24 1.70185e-24 4.62791e-25 1.25844e-25 3.42187e-26 9.30419e-27 2.52976e-27 6.87812e-28 1.87031e-28 5.09522e-29 1.41914e-29 4.96059e-30 4.93016e-30 1.29789e-29 4.1363e-29 1.34278e-28 4.36706e-28 1.42082e-27 4.62367e-27 1.5049e-26 4.89879e-26 1.59482e-25 5.19231e-25 1.69053e-24 5.50407e-24 1.79197e-23 5.83375e-23 1.899e-22 6.18085e-22 2.01143e-21 6.54465e-21 2.12901e-20 6.9242e-20 2.25139e-19 7.31827e-19 2.37812e-18 7.72533e-18 2.50869e-17 8.14352e-17 2.64244e-16 8.57065e-16 2.77863e-15 9.00417e-15 2.91639e-14 9.44118e-14 3.05476e-13 9.87841e-13 3.19264e-12 1.03123e-11 3.32884e-11 1.07388e-10 3.46207e-10 1.11539e-09 3.59098e-09 1.1553e-08 3.71413e-08 1.19315e-07 3.83004e-07 1.22849e-06 3.93723e-06 1.26082e-05 4.03414e-05 0.000128962 0.000411849 0.00131354 0.00417982 0.0132299 0.0412562 0.12309 0.323452 0.631602 0.854593 0.950385 0.983905 0.994861 0.998366 0.999481 0.999835 0.999948 0.999983 0.999995 0.999998 0.999999 1 1 1 1 1 1 1 1 1 1 1 1 1 1 1 1 1 1 1 1 1 1 1 1 1 1 1 1 1 1 1 1 1 1 1 1 1 1 1 1 1 1 1 1 1 1 1 1 1 1 1 1 1 1 1 1 1 1 1 1 1 1 1 1 1 1 1 1 1 1 1 1 1 1 1 1 1 1 1 1 1 1 1 1 1 1 1 1 1 1 1 1 1 1 1 
1 1 1 1 1 1 1 1 1 1 1 1 1 1 1 1 1 1 1 1 1 1 0.999999 0.999998 0.999993 0.999974 0.999906 0.999657 0.998744 0.995407 0.983293 0.940413 0.802001 0.478861 0.175043 0.0520017 0.0145181 0.00398343 0.00108773 0.000296621 8.08555e-05 2.20371e-05 6.00575e-06 1.63664e-06 4.45978e-07 1.2152e-07 3.31099e-08 9.02071e-09 2.45751e-09 6.69458e-10 1.82357e-10 4.96701e-11 1.35282e-11 3.68432e-12 1.00334e-12 2.7322e-13 7.43961e-14 2.02564e-14 5.51504e-15 1.50145e-15 4.0874e-16 1.11265e-16 3.02864e-17 8.24353e-18 2.24365e-18 6.10627e-19 1.66178e-19 4.5222e-20 1.23056e-20 3.3484e-21 9.11066e-22 2.4788e-22 6.74395e-23 1.83471e-23 4.99115e-24 1.35773e-24 3.69327e-25 1.00459e-25 2.73242e-26 7.43171e-27 2.02122e-27 5.49713e-28 1.49557e-28 4.08725e-29 1.1769e-29 5.3231e-30 8.33615e-30 2.46328e-29 7.93503e-29 2.57676e-28 8.37615e-28 2.72386e-27 8.86041e-27 2.88292e-26 9.38214e-26 3.05384e-25 9.94141e-25 3.23662e-24 1.05381e-23 3.43122e-23 1.11721e-22 3.6375e-22 1.18425e-21 3.85519e-21 1.25486e-20 4.08392e-20 1.32887e-19 4.32317e-19 1.40611e-18 4.57223e-18 1.48633e-17 4.83023e-17 1.5692e-16 5.09607e-16 1.65436e-15 5.36846e-15 1.74135e-14 5.64587e-14 1.82966e-13 5.92652e-13 1.9187e-12 6.20843e-12 2.00778e-11 6.48936e-11 2.09618e-10 6.76686e-10 2.18308e-09 7.0383e-09 2.26763e-08 7.30086e-08 2.3489e-07 7.55158e-07 2.42596e-06 7.78741e-06 2.4978e-05 8.00496e-05 0.000256311 0.000819769 0.00261738 0.00832635 0.0262316 0.0803112 0.225952 0.508842 0.785278 0.923886 0.975036 0.992016 0.997465 0.999197 0.999745 0.999919 0.999974 0.999992 0.999997 0.999999 1 1 1 1 1 1 1 1 1 1 1 1 1 1 1 1 1 1 1 1 1 1 1 1 1 1 1 1 1 1 1 1 1 1 1 1 1 1 1 1 1 1 1 1 1 1 1 1 1 1 1 1 1 1 1 1 1 1 1 1 1 1 1 1 1 1 1 1 1 1 1 1 1 1 1 1 1 1 1 1 1 1 1 1 1 1 1 1 1 1 1 1 1 1 1 1 
1 1 1 1 1 1 1 1 1 1 1 1 1 1 1 1 1 1 1 1 1 1 0.999999 0.999998 0.999991 0.999967 0.999879 0.999557 0.998381 0.994091 0.978572 0.924233 0.755139 0.404988 0.139701 0.0407996 0.011346 0.0031121 0.000850304 0.000232054 6.33035e-05 1.72658e-05 4.70859e-06 1.28397e-06 3.5009e-07 9.54486e-08 2.6021e-08 7.09326e-09 1.93346e-09 5.26975e-10 1.4362e-10 3.91387e-11 1.06652e-11 2.90602e-12 7.9177e-13 2.1571e-13 5.87639e-14 1.60075e-14 4.36019e-15 1.18757e-15 3.23436e-16 8.80823e-17 2.39862e-17 6.53145e-18 1.77841e-18 4.84202e-19 1.31825e-19 3.58876e-20 9.76936e-21 2.65928e-21 7.23835e-22 1.97012e-22 5.36193e-23 1.45925e-23 3.97113e-24 1.08063e-24 2.9405e-25 8.001e-26 2.17694e-26 5.92282e-27 1.61137e-27 4.38404e-28 1.19382e-28 3.28652e-29 1.02041e-29 6.87086e-30 1.51429e-29 4.71714e-29 1.52548e-28 4.95152e-28 1.60841e-27 5.22696e-27 1.6993e-26 5.5263e-26 1.79774e-25 5.84961e-25 1.90379e-24 6.19703e-24 2.01747e-23 6.5686e-23 2.13878e-22 6.96424e-22 2.26767e-21 7.38369e-21 2.40403e-20 7.82645e-20 2.54764e-19 8.29177e-19 2.69824e-18 8.77859e-18 2.85542e-17 9.2855e-17 3.0187e-16 9.81072e-16 3.18743e-15 1.0352e-14 3.36084e-14 1.09068e-13 3.53804e-13 1.14719e-12 3.71794e-12 1.20436e-11 3.89934e-11 1.2618e-10 4.08086e-10 1.31905e-09 4.26098e-09 1.37559e-08 4.43806e-08 1.4309e-07 4.61029e-07 1.48438e-06 4.77581e-06 1.53542e-05 4.93252e-05 0.000158326 0.00050771 0.00162589 0.00519341 0.0164833 0.0513645 0.151502 0.38255 0.690745 0.883666 0.961122 0.987513 0.996038 0.998747 0.999604 0.999875 0.99996 0.999987 0.999996 0.999999 1 1 1 1 1 1 1 1 1 1 1 1 1 1 1 1 1 1 1 1 1 1 1 1 1 1 1 1 1 1 1 1 1 1 1 1 1 1 1 1 1 1 1 1 1 1 1 1 1 1 1 1 1 1 1 1 1 1 1 1 1 1 1 1 1 1 1 1 1 1 1 1 1 1 1 1 1 1 1 1 1 1 1 1 1 1 1 1 1 1 1 1 1 1 1 1 1 
1 1 1 1 1 1 1 1 1 1 1 1 1 1 1 1 1 1 1 1 1 1 0.999999 0.999997 0.999988 0.999957 0.999843 0.999426 0.997904 0.992362 0.972417 0.903602 0.699591 0.3364 0.11055 0.031838 0.00882527 0.00242014 0.000661623 0.000180701 4.93338e-05 1.34661e-05 3.67513e-06 1.00288e-06 2.73638e-07 7.46549e-08 2.03655e-08 5.5551e-09 1.51512e-09 4.13204e-10 1.12679e-10 3.07245e-11 8.37703e-12 2.28381e-12 6.22581e-13 1.69706e-13 4.62557e-14 1.26067e-14 3.43561e-15 9.36213e-16 2.55103e-16 6.95063e-17 1.89366e-17 5.15885e-18 1.40531e-18 3.82794e-19 1.04263e-19 2.83965e-20 7.73344e-21 2.10598e-21 5.7347e-22 1.5615e-22 4.25153e-23 1.15751e-23 3.15123e-24 8.57849e-25 2.33517e-25 6.35627e-26 1.73007e-26 4.70872e-27 1.28152e-27 3.48828e-28 9.51608e-29 2.66526e-29 9.70124e-30 1.05599e-29 2.85096e-29 9.08004e-29 2.93894e-28 9.5311e-28 3.09312e-27 1.00435e-26 3.2627e-26 1.06037e-25 3.44746e-25 1.12121e-24 3.64755e-24 1.18692e-23 3.86309e-23 1.25754e-22 4.09416e-22 1.33307e-21 4.34078e-21 1.41351e-20 4.60285e-20 1.4988e-19 4.88014e-19 1.58885e-18 5.17227e-18 1.68351e-17 5.47866e-17 1.78257e-16 5.79855e-16 1.88574e-15 6.1309e-15 1.99267e-14 6.47444e-14 2.10289e-13 6.8276e-13 2.21588e-12 7.18853e-12 2.33099e-11 7.55505e-11 2.44749e-10 7.92466e-10 2.56453e-09 8.29455e-09 2.68118e-08 8.66161e-08 2.79641e-07 9.02243e-07 2.90909e-06 9.3733e-06 3.01798e-05 9.70985e-05 0.000312133 0.00100228 0.00321244 0.0102528 0.0323404 0.0984899 0.270451 0.571944 0.824022 0.939337 0.980353 0.993761 0.99803 0.999379 0.999804 0.999938 0.99998 0.999994 0.999998 0.999999 1 1 1 1 1 1 1 1 1 1 1 1 1 1 1 1 1 1 1 1 1 1 1 1 1 1 1 1 1 1 1 1 1 1 1 1 1 1 1 1 1 1 1 1 1 1 1 1 1 1 1 1 1 1 1 1 1 1 1 1 1 1 1 1 1 1 1 1 1 1 1 1 1 1 1 1 1 1 1 1 1 1 1 1 1 1 1 1 1 1 1 1 1 1 1 1 1 
1 1 1 1 1 1 1 1 1 1 1 1 1 1 1 1 1 1 1 1 1 1 0.999999 0.999996 0.999985 0.999944 0.999795 0.99925 0.997266 0.990061 0.964288 0.877024 0.634114 0.275165 0.0868806 0.0247344 0.00683675 0.0018742 0.000512581 0.000140083 3.8272e-05 1.04544e-05 2.85532e-06 7.79748e-07 2.12912e-07 5.81293e-08 1.58687e-08 4.3315e-09 1.1822e-09 3.22623e-10 8.80355e-11 2.40203e-11 6.55325e-12 1.7877e-12 4.87632e-13 1.33e-13 3.62722e-14 9.89139e-15 2.69715e-15 7.35387e-16 2.0049e-16 5.46555e-17 1.48985e-17 4.06084e-18 1.10677e-18 3.01624e-19 8.21947e-20 2.2397e-20 6.10248e-21 1.66262e-21 4.52948e-22 1.23389e-22 3.36104e-23 9.15471e-24 2.49338e-24 6.79053e-25 1.84924e-25 5.03566e-26 1.37118e-26 3.73343e-27 1.01652e-27 2.76886e-28 7.58351e-29 2.21192e-29 1.07795e-29 1.82968e-29 5.46258e-29 1.75445e-28 5.67562e-28 1.83844e-27 5.95949e-27 1.93306e-26 6.27383e-26 2.03726e-25 6.6186e-25 2.15114e-24 6.99413e-24 2.2748e-23 7.40078e-23 2.40835e-22 7.83883e-22 2.55187e-21 8.30851e-21 2.7054e-20 8.80984e-20 2.86893e-19 9.34268e-19 3.04236e-18 9.90658e-18 3.22551e-17 1.05008e-16 3.41808e-16 1.11242e-15 3.61965e-15 1.17752e-14 3.82964e-14 1.24517e-13 4.04732e-13 1.31512e-12 4.27177e-12 1.38704e-11 4.50191e-11 1.46056e-10 4.73641e-10 1.53523e-09 4.97378e-09 1.61055e-08 5.21229e-08 1.68593e-07 5.45002e-07 1.76074e-06 5.68483e-06 1.83425e-05 5.91424e-05 0.000190552 0.000613382 0.00197172 0.00632 0.0201057 0.0625561 0.182052 0.440212 0.739235 0.905517 0.968937 0.990107 0.996879 0.999018 0.999691 0.999903 0.999969 0.99999 0.999997 0.999999 1 1 1 1 1 1 1 1 1 1 1 1 1 1 1 1 1 1 1 1 1 1 1 1 1 1 1 1 1 1 1 1 1 1 1 1 1 1 1 1 1 1 1 1 1 1 1 1 1 1 1 1 1 1 1 1 1 1 1 1 1 1 1 1 1 1 1 1 1 1 1 1 1 1 1 1 1 1 1 1 1 1 1 1 1 1 1 1 1 1 1 1 1 1 1 1 1 1 
1 1 1 1 1 1 1 1 1 1 1 1 1 1 1 1 1 1 1 1 1 1 0.999998 0.999994 0.99998 0.999926 0.99973 0.999014 0.996409 0.986975 0.953473 0.842725 0.55855 0.221318 0.0676863 0.0190995 0.00526836 0.00144409 0.000395132 0.000108056 2.9543e-05 8.07605e-06 2.20744e-06 6.03286e-07 1.64856e-07 4.50437e-08 1.23058e-08 3.36152e-09 9.1814e-10 2.50745e-10 6.84712e-11 1.86954e-11 5.10405e-12 1.39331e-12 3.80311e-13 1.03797e-13 2.83261e-14 7.72941e-15 2.10894e-15 5.75365e-16 1.56957e-16 4.28135e-17 1.16773e-17 3.18468e-18 8.68463e-19 2.36811e-19 6.45678e-20 1.76034e-20 4.79889e-21 1.30813e-21 3.56558e-22 9.71798e-23 2.64844e-23 7.21725e-24 1.96663e-24 5.35851e-25 1.45994e-25 3.97737e-26 1.0835e-26 2.95147e-27 8.04011e-28 2.19263e-28 6.06129e-29 1.93906e-29 1.45605e-29 3.38646e-29 1.05664e-28 3.40174e-28 1.09907e-27 3.55495e-27 1.15081e-26 3.72821e-26 1.20863e-25 3.92069e-25 1.27256e-24 4.13254e-24 1.34264e-23 4.364e-23 1.41896e-22 4.61531e-22 1.5016e-21 4.88671e-21 1.59063e-20 5.17839e-20 1.68609e-19 5.49046e-19 1.788e-18 5.82291e-18 1.89633e-17 6.17556e-17 2.011e-16 6.54805e-16 2.13187e-15 6.9398e-15 2.2587e-14 7.34996e-14 2.39118e-13 7.77736e-13 2.5289e-12 8.22053e-12 2.67132e-11 8.67761e-11 2.81781e-10 9.14636e-10 2.96757e-09 9.62411e-09 3.11972e-08 1.01078e-07 3.2732e-07 1.05939e-06 3.42682e-06 1.10783e-05 3.57921e-05 0.000115561 0.000372819 0.00120149 0.00386437 0.0123688 0.0390396 0.118116 0.31574 0.626995 0.854001 0.950754 0.984214 0.995019 0.998435 0.999509 0.999846 0.999952 0.999985 0.999995 0.999998 1 1 1 1 1 1 1 1 1 1 1 1 1 1 1 1 1 1 1 1 1 1 1 1 1 1 1 1 1 1 1 1 1 1 1 1 1 1 1 1 1 1 1 1 1 1 1 1 1 1 1 1 1 1 1 1 1 1 1 1 1 1 1 1 1 1 1 1 1 1 1 1 1 1 1 1 1 1 1 1 1 1 1 1 1 1 1 1 1 1 1 1 1 1 1 1 1 1 1 
1 1 1 1 1 1 1 1 1 1 1 1 1 1 1 1 1 1 1 1 1 0.999999 0.999998 0.999993 0.999973 0.999901 0.999641 0.998694 0.995251 0.982825 0.939119 0.799173 0.476306 0.174744 0.052154 0.0146269 0.00403092 0.00110541 0.000302709 8.28548e-05 2.26732e-05 6.2036e-06 1.69713e-06 4.64223e-07 1.26965e-07 3.47201e-08 9.4934e-09 2.59541e-09 7.0947e-10 1.93913e-10 5.29939e-11 1.44808e-11 3.95644e-12 1.08085e-12 2.95241e-13 8.06377e-14 2.20217e-14 6.01335e-15 1.64186e-15 4.48238e-16 1.22359e-16 3.33981e-17 9.11512e-18 2.48749e-18 6.78763e-19 1.85197e-19 5.05256e-20 1.37831e-20 3.75964e-21 1.02543e-21 2.7966e-22 7.62637e-23 2.07955e-23 5.67002e-24 1.54584e-24 4.21417e-25 1.14875e-25 3.13117e-26 8.53407e-27 2.32586e-27 6.33996e-28 1.73311e-28 4.89891e-29 1.90087e-29 2.33519e-29 6.47797e-29 2.05675e-28 6.61946e-28 2.13504e-27 6.89405e-27 2.22822e-26 7.20808e-26 2.33363e-25 7.56075e-25 2.45127e-24 7.95221e-24 2.58125e-23 8.38288e-23 2.72369e-22 8.85328e-22 2.8788e-21 9.36397e-21 3.04673e-20 9.91548e-20 3.22764e-19 1.05083e-18 3.42165e-18 1.11426e-17 3.62881e-17 1.18184e-16 3.84906e-16 1.25354e-15 4.08225e-15 1.3293e-14 4.3281e-14 1.409e-13 4.58615e-13 1.49246e-12 4.85577e-12 1.57945e-11 5.13611e-11 1.66967e-10 5.42611e-10 1.76276e-09 5.72445e-09 1.85824e-08 6.02955e-08 1.95558e-07 6.33956e-07 2.05414e-06 6.65232e-06 2.15317e-05 6.96514e-05 0.000225161 0.000727256 0.00234567 0.00754165 0.0240356 0.0746058 0.213851 0.494165 0.778258 0.921975 0.974682 0.991995 0.997488 0.999213 0.999754 0.999923 0.999976 0.999992 0.999998 0.999999 1 1 1 1 1 1 1 1 1 1 1 1 1 1 1 1 1 1 1 1 1 1 1 1 1 1 1 1 1 1 1 1 1 1 1 1 1 1 1 1 1 1 1 1 1 1 1 1 1 1 1 1 1 1 1 1 1 1 1 1 1 1 1 1 1 1 1 1 1 1 1 1 1 1 1 1 1 1 1 1 1 1 1 1 1 1 1 1 1 1 1 1 1 1 1 1 1 1 1 
1 1 1 1 1 1 1 1 1 1 1 1 1 1 1 1 1 1 1 1 1 0.999999 0.999997 0.99999 0.999964 0.999868 0.99952 0.998256 0.993675 0.977222 0.920133 0.745177 0.394194 0.135704 0.039756 0.0111045 0.00306001 0.000839955 0.000230281 6.31035e-05 1.72877e-05 4.73516e-06 1.29675e-06 3.55067e-07 9.72061e-08 2.66079e-08 7.28217e-09 1.99272e-09 5.45218e-10 1.49153e-10 4.07972e-11 1.11576e-11 3.05106e-12 8.34207e-13 2.28055e-13 6.23377e-14 1.70375e-14 4.65596e-15 1.27221e-15 3.47582e-16 9.49524e-17 2.59361e-17 7.08362e-18 1.93445e-18 5.28219e-19 1.44219e-19 3.93721e-20 1.07476e-20 2.93351e-21 8.00615e-22 2.18483e-22 5.9617e-23 1.62661e-23 4.43768e-24 1.21057e-24 3.30207e-25 9.00627e-26 2.45622e-26 6.69815e-27 1.82655e-27 4.98364e-28 1.36967e-28 4.08343e-29 2.23007e-29 4.18334e-29 1.26039e-28 4.02436e-28 1.29316e-27 4.16242e-27 1.34142e-26 4.32769e-26 1.39761e-25 4.51771e-25 1.46159e-24 4.73233e-24 1.53335e-23 4.97163e-23 1.61295e-22 5.23586e-22 1.70049e-21 5.52537e-21 1.79608e-20 5.84054e-20 1.89986e-19 6.18177e-19 2.01192e-18 6.5494e-18 2.13239e-17 6.94369e-17 2.26131e-16 7.36476e-16 2.39869e-15 7.81254e-15 2.54449e-14 8.28675e-14 2.69856e-13 8.78682e-13 2.86068e-12 9.31183e-12 3.03051e-11 9.86054e-11 3.20758e-10 1.04312e-09 3.39127e-09 1.10217e-08 3.58084e-08 1.16294e-07 3.77533e-07 1.2251e-06 3.97365e-06 1.28826e-05 4.1744e-05 0.000135189 0.000437511 0.00141444 0.00456315 0.01464 0.0462074 0.138731 0.360318 0.673644 0.877147 0.959265 0.987054 0.995938 0.99873 0.999603 0.999876 0.999961 0.999988 0.999996 0.999999 1 1 1 1 1 1 1 1 1 1 1 1 1 1 1 1 1 1 1 1 1 1 1 1 1 1 1 1 1 1 1 1 1 1 1 1 1 1 1 1 1 1 1 1 1 1 1 1 1 1 1 1 1 1 1 1 1 1 1 1 1 1 1 1 1 1 1 1 1 1 1 1 1 1 1 1 1 1 1 1 1 1 1 1 1 1 1 1 1 1 1 1 1 1 1 1 1 1 1 1 
1 1 1 1 1 1 1 1 1 1 1 1 1 1 1 1 1 1 1 1 1 0.999999 0.999996 0.999986 0.999951 0.999821 0.999352 0.997651 0.991506 0.969579 0.894889 0.67929 0.318437 0.104062 0.0300426 0.00836582 0.00230579 0.000633596 0.000173925 4.77214e-05 1.309e-05 3.58976e-06 9.84239e-07 2.69805e-07 7.39463e-08 2.0263e-08 5.55156e-09 1.52073e-09 4.165e-10 1.14053e-10 3.12269e-11 8.54838e-12 2.33976e-12 6.40316e-13 1.75207e-13 4.79345e-14 1.31124e-14 3.58639e-15 9.80781e-16 2.68182e-16 7.33213e-17 2.00436e-17 5.47856e-18 1.49728e-18 4.09156e-19 1.11795e-19 3.05425e-20 8.34332e-21 2.27889e-21 6.22389e-22 1.69962e-22 4.64085e-23 1.26706e-23 3.45903e-24 9.44205e-25 2.57713e-25 7.03339e-26 1.91934e-26 5.23727e-27 1.42915e-27 3.90584e-28 1.08737e-28 3.6617e-29 3.21457e-29 7.94789e-29 2.47732e-28 7.91429e-28 2.53735e-27 8.14792e-27 2.61999e-26 8.43511e-26 2.71883e-25 8.77275e-25 2.83347e-24 9.16006e-24 2.96378e-23 9.59692e-23 3.10978e-22 1.00836e-21 3.27163e-21 1.06207e-20 3.44954e-20 1.1209e-19 3.64378e-19 1.18494e-18 3.85463e-18 1.25427e-17 4.08234e-17 1.32898e-16 4.32713e-16 1.4091e-15 4.58914e-15 1.49469e-14 4.86842e-14 1.58573e-13 5.16486e-13 1.68216e-12 5.47821e-12 1.78387e-11 5.80801e-11 1.89069e-10 6.15358e-10 2.00236e-09 6.51399e-09 2.11853e-08 6.888e-08 2.23877e-07 7.27405e-07 2.36254e-06 7.67022e-06 2.48914e-05 8.07392e-05 0.000261744 0.000847872 0.00274259 0.00884033 0.0282093 0.0872785 0.246046 0.542969 0.80941 0.934461 0.978957 0.993388 0.997935 0.999356 0.999799 0.999937 0.99998 0.999994 0.999998 0.999999 1 1 1 1 1 1 1 1 1 1 1 1 1 1 1 1 1 1 1 1 1 1 1 1 1 1 1 1 1 1 1 1 1 1 1 1 1 1 1 1 1 1 1 1 1 1 1 1 1 1 1 1 1 1 1 1 1 1 1 1 1 1 1 1 1 1 1 1 1 1 1 1 1 1 1 1 1 1 1 1 1 1 1 1 1 1 1 1 1 1 1 1 1 1 1 1 1 1 1 1 
1 1 1 1 1 1 1 1 1 1 1 1 1 1 1 1 1 1 1 1 1 0.999999 0.999995 0.999981 0.999933 0.999756 0.999117 0.996804 0.98848 0.959021 0.861097 0.600251 0.251724 0.078904 0.022519 0.00625608 0.00172478 0.000474434 0.000130397 3.5825e-05 9.8397e-06 2.70191e-06 7.41753e-07 2.03588e-07 5.58663e-08 1.5327e-08 4.20415e-09 1.15296e-09 3.16129e-10 8.66631e-11 2.37534e-11 6.50936e-12 1.78351e-12 4.88585e-13 1.33823e-13 3.66482e-14 1.00347e-14 2.74718e-15 7.51977e-16 2.05805e-16 5.63178e-17 1.54089e-17 4.21538e-18 1.15303e-18 3.15347e-19 8.62337e-20 2.35781e-20 6.44594e-21 1.76201e-21 4.81591e-22 1.31612e-22 3.59634e-23 9.826e-24 2.68437e-24 7.33265e-25 2.00277e-25 5.46959e-26 1.4936e-26 4.07832e-27 1.11389e-27 3.05474e-28 8.77853e-29 3.78972e-29 5.45702e-29 1.55542e-28 4.90632e-28 1.56471e-27 5.00275e-27 1.6022e-26 5.13907e-26 1.65067e-25 5.30888e-25 1.70951e-24 5.51097e-24 1.77844e-23 5.74477e-23 1.85736e-22 6.0101e-22 1.94626e-21 6.3071e-21 2.04523e-20 6.63612e-20 2.15439e-19 6.99766e-19 2.27394e-18 7.39232e-18 2.40405e-17 7.8207e-17 2.54491e-16 8.28336e-16 2.69669e-15 8.78077e-15 2.85953e-14 9.31327e-14 3.03348e-13 9.88095e-13 3.21855e-12 1.04837e-11 3.41464e-11 1.11209e-10 3.62152e-10 1.17919e-09 3.83885e-09 1.2495e-08 4.06611e-08 1.32286e-07 4.30262e-07 1.39901e-06 4.54746e-06 1.47762e-05 4.79942e-05 0.000155818 0.000505582 0.00163882 0.00530026 0.0170357 0.0537306 0.159913 0.403021 0.712551 0.895099 0.965687 0.989172 0.99662 0.998948 0.999673 0.999898 0.999968 0.99999 0.999997 0.999999 1 1 1 1 1 1 1 1 1 1 1 1 1 1 1 1 1 1 1 1 1 1 1 1 1 1 1 1 1 1 1 1 1 1 1 1 1 1 1 1 1 1 1 1 1 1 1 1 1 1 1 1 1 1 1 1 1 1 1 1 1 1 1 1 1 1 1 1 1 1 1 1 1 1 1 1 1 1 1 1 1 1 1 1 1 1 1 1 1 1 1 1 1 1 1 1 1 1 1 1 1 
1 1 1 1 1 1 1 1 1 1 1 1 1 1 1 1 1 1 1 1 0.999999 0.999998 0.999993 0.999974 0.999907 0.999663 0.998782 0.995607 0.984225 0.944372 0.816226 0.509982 0.194447 0.0590452 0.0167142 0.00463763 0.00127946 0.000352372 9.69819e-05 2.66823e-05 7.33892e-06 2.01804e-06 5.54778e-07 1.52477e-07 4.1897e-08 1.15096e-08 3.16112e-09 8.68009e-10 2.38294e-10 6.54048e-11 1.7948e-11 4.9242e-12 1.35073e-12 3.70441e-13 1.01575e-13 2.78469e-14 7.63285e-15 2.0918e-15 5.73166e-16 1.57024e-16 4.30112e-17 1.17795e-17 3.22553e-18 8.83101e-19 2.41742e-19 6.61655e-20 1.8107e-20 4.9545e-21 1.35548e-21 3.70787e-22 1.01414e-22 2.77342e-23 7.58363e-24 2.0734e-24 5.66807e-25 1.54929e-25 4.23429e-26 1.15712e-26 3.16203e-27 8.64802e-28 2.39084e-28 7.42258e-29 4.83908e-29 1.0208e-28 3.09403e-28 9.78373e-28 3.11128e-27 9.91645e-27 3.16646e-26 1.01281e-25 3.24466e-25 1.04099e-24 3.3444e-24 1.07583e-23 3.46483e-23 1.11713e-22 3.60551e-22 1.16479e-21 3.76627e-21 1.2188e-20 3.94715e-20 1.2792e-19 4.14835e-19 1.34608e-18 4.37021e-18 1.41954e-17 4.61309e-17 1.49973e-16 4.87742e-16 1.58675e-15 5.1636e-15 1.68075e-14 5.47199e-14 1.78182e-13 5.80288e-13 1.89004e-12 6.15643e-12 2.00543e-11 6.53266e-11 2.12797e-10 6.93139e-10 2.25757e-09 7.35219e-09 2.39405e-08 7.79435e-08 2.53714e-07 8.25686e-07 2.68646e-06 8.73828e-06 2.84145e-05 9.23637e-05 0.000300101 0.000974388 0.00315911 0.010203 0.0325767 0.100381 0.27797 0.58611 0.834288 0.944043 0.982186 0.994432 0.998269 0.999462 0.999833 0.999948 0.999984 0.999995 0.999998 1 1 1 1 1 1 1 1 1 1 1 1 1 1 1 1 1 1 1 1 1 1 1 1 1 1 1 1 1 1 1 1 1 1 1 1 1 1 1 1 1 1 1 1 1 1 1 1 1 1 1 1 1 1 1 1 1 1 1 1 1 1 1 1 1 1 1 1 1 1 1 1 1 1 1 1 1 1 1 1 1 1 1 1 1 1 1 1 1 1 1 1 1 1 1 1 1 1 1 1 1 1 
1 1 1 1 1 1 1 1 1 1 1 1 1 1 1 1 1 1 1 1 0.999999 0.999997 0.99999 0.999964 0.999869 0.999528 0.998302 0.993896 0.978197 0.924059 0.758012 0.41594 0.146778 0.0435472 0.0122643 0.00340285 0.000940033 0.000259311 7.14875e-05 1.97003e-05 5.42726e-06 1.49472e-06 4.11545e-07 1.13281e-07 3.11729e-08 8.57598e-09 2.35873e-09 6.48583e-10 1.78298e-10 4.90029e-11 1.34647e-11 3.6989e-12 1.0159e-12 2.78956e-13 7.65823e-14 2.10199e-14 5.76827e-15 1.58261e-15 4.34129e-16 1.19064e-16 3.26484e-17 8.95087e-18 2.45353e-18 6.72422e-19 1.84255e-19 5.04805e-20 1.38279e-20 3.78723e-21 1.0371e-21 2.83955e-22 7.77345e-23 2.12772e-23 5.82309e-24 1.59342e-24 4.3596e-25 1.19263e-25 3.26216e-26 8.9219e-27 2.44035e-27 6.69111e-28 1.88752e-28 6.98157e-29 7.62425e-29 2.00683e-28 6.22217e-28 1.96444e-27 6.22506e-27 1.97718e-26 6.29267e-26 2.00653e-25 6.40947e-25 2.05076e-24 6.57162e-24 2.10889e-23 6.77663e-23 2.1803e-22 7.02301e-22 2.26465e-21 7.30998e-21 2.36178e-20 7.63734e-20 2.4717e-19 8.00528e-19 2.59453e-18 8.4143e-18 2.73045e-17 8.86511e-17 2.87971e-16 9.35855e-16 3.0426e-15 9.89552e-15 3.21939e-14 1.04769e-13 3.41035e-13 1.11034e-12 3.61571e-12 1.17758e-11 3.83562e-11 1.24944e-10 4.07017e-10 1.32592e-09 4.31931e-09 1.40699e-08 4.58287e-08 1.49258e-07 4.86051e-07 1.58254e-06 5.15166e-06 1.67665e-05 5.45541e-05 0.000177447 0.000576899 0.00187378 0.00607166 0.0195379 0.0615333 0.181358 0.443142 0.744849 0.909163 0.970609 0.99078 0.997134 0.999111 0.999725 0.999915 0.999973 0.999992 0.999997 0.999999 1 1 1 1 1 1 1 1 1 1 1 1 1 1 1 1 1 1 1 1 1 1 1 1 1 1 1 1 1 1 1 1 1 1 1 1 1 1 1 1 1 1 1 1 1 1 1 1 1 1 1 1 1 1 1 1 1 1 1 1 1 1 1 1 1 1 1 1 1 1 1 1 1 1 1 1 1 1 1 1 1 1 1 1 1 1 1 1 1 1 1 1 1 1 1 1 1 1 1 1 1 1 
1 1 1 1 1 1 1 1 1 1 1 1 1 1 1 1 1 1 1 1 0.999999 0.999996 0.999986 0.999948 0.999814 0.999332 0.997603 0.991418 0.969561 0.895787 0.684231 0.327499 0.108666 0.0316926 0.00889744 0.00247045 0.000683627 0.000188942 5.21883e-05 1.44089e-05 3.97673e-06 1.09717e-06 3.02606e-07 8.34342e-08 2.29973e-08 6.33693e-09 1.74564e-09 4.80736e-10 1.32354e-10 3.64293e-11 1.00242e-11 2.75764e-12 7.58429e-13 2.08539e-13 5.73263e-14 1.57551e-14 4.329e-15 1.18921e-15 3.26613e-16 8.96843e-17 2.46212e-17 6.75794e-18 1.85453e-18 5.08823e-19 1.39578e-19 3.82815e-20 1.04974e-20 2.87802e-21 7.88918e-22 2.1622e-22 5.92498e-23 1.62333e-23 4.44689e-24 1.21797e-24 3.33543e-25 9.13273e-26 2.50027e-26 6.84438e-27 1.8745e-27 5.16853e-28 1.53485e-28 7.95251e-29 1.38907e-28 4.04811e-28 1.26266e-27 3.97285e-27 1.25392e-26 3.96738e-26 1.25811e-25 3.99806e-25 1.27301e-24 4.06081e-24 1.29759e-23 4.15295e-23 1.33115e-22 4.27271e-22 1.37324e-21 4.41898e-21 1.42361e-20 4.59117e-20 1.48213e-19 4.78906e-19 1.54877e-18 5.01272e-18 1.62361e-17 5.26243e-17 1.70674e-16 5.53864e-16 1.79834e-15 5.84188e-15 1.89858e-14 6.17276e-14 2.00765e-13 6.53188e-13 2.12575e-12 6.9198e-12 2.25304e-11 7.33703e-11 2.38966e-10 7.78392e-10 2.53569e-09 8.26065e-09 2.69116e-08 8.76717e-08 2.85602e-07 9.30316e-07 3.03009e-06 9.86787e-06 3.21305e-05 0.000104597 0.000340389 0.00110706 0.00359522 0.0116268 0.0371182 0.11381 0.30924 0.62383 0.854313 0.951511 0.98467 0.99523 0.998522 0.999543 0.999858 0.999956 0.999986 0.999996 0.999999 1 1 1 1 1 1 1 1 1 1 1 1 1 1 1 1 1 1 1 1 1 1 1 1 1 1 1 1 1 1 1 1 1 1 1 1 1 1 1 1 1 1 1 1 1 1 1 1 1 1 1 1 1 1 1 1 1 1 1 1 1 1 1 1 1 1 1 1 1 1 1 1 1 1 1 1 1 1 1 1 1 1 1 1 1 1 1 1 1 1 1 1 1 1 1 1 1 1 1 1 1 1 1 
1 1 1 1 1 1 1 1 1 1 1 1 1 1 1 1 1 1 1 1 0.999998 0.999994 0.999979 0.999925 0.999732 0.99904 0.996569 0.987776 0.957029 0.856289 0.593425 0.250153 0.0791254 0.0227859 0.00638432 0.00177452 0.000491968 0.000136253 3.77133e-05 1.04338e-05 2.88542e-06 7.97635e-07 2.20412e-07 6.08848e-08 1.68123e-08 4.64086e-09 1.28063e-09 3.53271e-10 9.74218e-11 2.68578e-11 7.4021e-12 2.03945e-12 5.61757e-13 1.5469e-13 4.25854e-14 1.17204e-14 3.2249e-15 8.87113e-16 2.4397e-16 6.70793e-17 1.84391e-17 5.06749e-18 1.39235e-18 3.82481e-19 1.05046e-19 2.88442e-20 7.91859e-21 2.17346e-21 5.96445e-22 1.63646e-22 4.48912e-23 1.23122e-23 3.37625e-24 9.2567e-25 2.53748e-25 6.95468e-26 1.90584e-26 5.22264e-27 1.43339e-27 4.00802e-28 1.35e-28 1.15004e-28 2.73704e-28 8.29356e-28 2.58447e-27 8.09643e-27 2.54414e-26 8.01594e-26 2.53193e-25 8.01603e-25 2.54339e-24 8.0863e-24 2.57581e-23 8.21962e-23 2.62732e-22 8.4111e-22 2.69666e-21 8.65751e-21 2.78302e-20 8.95691e-20 2.88593e-19 9.30826e-19 3.00521e-18 9.7113e-18 3.14086e-17 1.01663e-16 3.29302e-16 1.06739e-15 3.46198e-15 1.12351e-14 3.64807e-14 1.18511e-13 3.85168e-13 1.25232e-12 4.07323e-12 1.32526e-11 4.31311e-11 1.40407e-10 4.5717e-10 1.48883e-09 4.84928e-09 1.57964e-08 5.14606e-08 1.67654e-07 5.46209e-07 1.77951e-06 5.79727e-06 1.88849e-05 6.15109e-05 0.000200312 0.000652078 0.00212083 0.00688051 0.0221509 0.0696051 0.202942 0.480461 0.771799 0.920357 0.974454 0.992024 0.99753 0.999237 0.999764 0.999927 0.999977 0.999993 0.999998 0.999999 1 1 1 1 1 1 1 1 1 1 1 1 1 1 1 1 1 1 1 1 1 1 1 1 1 1 1 1 1 1 1 1 1 1 1 1 1 1 1 1 1 1 1 1 1 1 1 1 1 1 1 1 1 1 1 1 1 1 1 1 1 1 1 1 1 1 1 1 1 1 1 1 1 1 1 1 1 1 1 1 1 1 1 1 1 1 1 1 1 1 1 1 1 1 1 1 1 1 1 1 1 1 1 
1 1 1 1 1 1 1 1 1 1 1 1 1 1 1 1 1 1 1 0.999999 0.999998 0.999991 0.999969 0.999889 0.999607 0.9986 0.995019 0.982358 0.938732 0.801777 0.489148 0.185389 0.056617 0.0161662 0.00452663 0.00126012 0.000350102 9.71823e-05 2.69602e-05 7.47556e-06 2.07187e-06 5.7397e-07 1.58939e-07 4.39936e-08 1.21724e-08 3.36659e-09 9.30765e-10 2.57235e-10 7.10666e-11 1.96268e-11 5.41859e-12 1.49548e-12 4.12605e-13 1.13803e-13 3.13791e-14 8.64965e-15 2.38359e-15 6.56662e-16 1.80856e-16 4.97975e-17 1.37078e-17 3.77241e-18 1.03791e-18 2.85493e-19 7.85107e-20 2.15854e-20 5.93326e-21 1.63053e-21 4.47993e-22 1.23061e-22 3.37971e-23 9.28005e-24 2.54762e-24 6.99252e-25 1.91889e-25 5.26486e-26 1.44431e-26 3.9632e-27 1.09252e-27 3.16966e-28 1.40204e-28 2.02253e-28 5.60879e-28 1.71912e-27 5.33656e-27 1.66352e-26 5.20218e-26 1.63163e-25 5.13154e-25 1.61804e-24 5.11415e-24 1.62007e-23 5.1429e-23 1.63583e-22 5.21281e-22 1.66402e-21 5.32044e-21 1.70372e-20 5.46348e-20 1.75437e-19 5.64049e-19 1.81561e-18 5.85067e-18 1.88727e-17 6.09372e-17 1.96934e-16 6.36974e-16 2.06188e-15 6.67912e-15 2.16505e-14 7.02244e-14 2.27907e-13 7.40046e-13 2.4042e-12 7.81402e-12 2.5407e-11 8.26399e-11 2.68885e-10 8.75123e-10 2.84892e-09 9.27652e-09 3.02112e-08 9.84049e-08 3.20564e-07 1.04436e-06 3.40257e-06 1.10859e-05 3.61183e-05 0.000117666 0.000383256 0.00124768 0.0040558 0.0131241 0.0418603 0.127593 0.339796 0.65684 0.870678 0.957452 0.986622 0.995852 0.998719 0.999605 0.999878 0.999962 0.999988 0.999996 0.999999 1 1 1 1 1 1 1 1 1 1 1 1 1 1 1 1 1 1 1 1 1 1 1 1 1 1 1 1 1 1 1 1 1 1 1 1 1 1 1 1 1 1 1 1 1 1 1 1 1 1 1 1 1 1 1 1 1 1 1 1 1 1 1 1 1 1 1 1 1 1 1 1 1 1 1 1 1 1 1 1 1 1 1 1 1 1 1 1 1 1 1 1 1 1 1 1 1 1 1 1 1 1 1 1 
1 1 1 1 1 1 1 1 1 1 1 1 1 1 1 1 1 1 1 0.999999 0.999996 0.999987 0.999953 0.999835 0.999414 0.997925 0.992657 0.974202 0.911958 0.728608 0.382666 0.133448 0.0397728 0.0113023 0.00316714 0.00088363 0.000246128 6.84981e-05 1.90511e-05 5.29565e-06 1.47126e-06 4.08548e-07 1.13392e-07 3.14571e-08 8.72277e-09 2.41767e-09 6.69813e-10 1.85493e-10 5.13482e-11 1.42086e-11 3.93018e-12 1.0867e-12 3.00368e-13 8.29931e-14 2.29235e-14 6.3296e-15 1.74715e-15 4.82111e-16 1.32993e-16 3.66759e-17 1.01113e-17 2.7868e-18 7.67865e-19 2.11517e-19 5.82493e-20 1.6037e-20 4.41413e-21 1.21468e-21 3.34172e-22 9.19128e-23 2.52745e-23 6.94848e-24 1.90986e-24 5.2483e-25 1.44193e-25 3.96081e-26 1.08789e-26 2.9912e-27 8.3354e-28 2.66248e-28 1.86889e-28 3.98701e-28 1.17448e-27 3.60093e-27 1.11201e-26 3.44759e-26 1.07256e-25 3.34751e-25 1.04792e-24 3.28968e-24 1.03544e-23 3.26716e-23 1.03329e-22 3.27505e-22 1.04016e-21 3.30987e-21 1.05512e-20 3.36919e-20 1.07755e-19 3.45138e-19 1.10702e-18 3.55537e-18 1.14327e-17 3.68056e-17 1.18617e-16 3.82668e-16 1.23568e-15 3.99373e-15 1.29184e-14 4.18191e-14 1.35473e-13 4.39158e-13 1.42449e-12 4.62321e-12 1.50127e-11 4.87735e-11 1.58526e-10 5.15457e-10 1.67665e-09 5.45546e-09 1.7756e-08 5.78057e-08 1.88231e-07 6.1304e-07 1.99688e-06 6.50529e-06 2.11941e-05 6.90523e-05 0.000224967 0.000732741 0.00238464 0.00773999 0.0249097 0.0780248 0.224769 0.515196 0.794606 0.929461 0.977529 0.993011 0.997842 0.999335 0.999795 0.999937 0.999981 0.999994 0.999998 0.999999 1 1 1 1 1 1 1 1 1 1 1 1 1 1 1 1 1 1 1 1 1 1 1 1 1 1 1 1 1 1 1 1 1 1 1 1 1 1 1 1 1 1 1 1 1 1 1 1 1 1 1 1 1 1 1 1 1 1 1 1 1 1 1 1 1 1 1 1 1 1 1 1 1 1 1 1 1 1 1 1 1 1 1 1 1 1 1 1 1 1 1 1 1 1 1 1 1 1 1 1 1 1 1 1 
1 1 1 1 1 1 1 1 1 1 1 1 1 1 1 1 1 1 1 0.999998 0.999994 0.99998 0.999928 0.999748 0.999112 0.996871 0.988998 0.961752 0.872668 0.633822 0.286207 0.0937076 0.0274632 0.00778598 0.00218547 0.000611406 0.000170802 4.76731e-05 1.32969e-05 3.70635e-06 1.03248e-06 2.87454e-07 7.99852e-08 2.22442e-08 6.18299e-09 1.71775e-09 4.76989e-10 1.32389e-10 3.67277e-11 1.01846e-11 2.82295e-12 7.82135e-13 2.16612e-13 5.99668e-14 1.65948e-14 4.5906e-15 1.26943e-15 3.50908e-16 9.69679e-17 2.67865e-17 7.39711e-18 2.04206e-18 5.63559e-19 1.55481e-19 4.28833e-20 1.18242e-20 3.25937e-21 8.98205e-22 2.47457e-22 6.81569e-23 1.87676e-23 5.1665e-24 1.42193e-24 3.91252e-25 1.0763e-25 2.96022e-26 8.14263e-27 2.24755e-27 6.44888e-28 2.58679e-28 3.16755e-28 8.31618e-28 2.49578e-27 7.62045e-27 2.33932e-26 7.21046e-26 2.23077e-25 6.92569e-25 2.15721e-24 6.73996e-24 2.1119e-23 6.63536e-23 2.09006e-22 6.59914e-22 2.08828e-21 6.62223e-21 2.10416e-20 6.69822e-20 2.13599e-19 6.82263e-19 2.18261e-18 6.99245e-18 2.24325e-17 7.20579e-17 2.31745e-16 7.46157e-16 2.40498e-15 7.75939e-15 2.50581e-14 8.09936e-14 2.62004e-13 8.48197e-13 2.74786e-12 8.90801e-12 2.88957e-11 9.37852e-11 3.04553e-10 9.89463e-10 3.21609e-09 1.04576e-08 3.40168e-08 1.10687e-07 3.60265e-07 1.1729e-06 3.81937e-06 1.24395e-05 4.05205e-05 0.000132002 0.000429992 0.00140011 0.00455215 0.0147272 0.0468892 0.141915 0.369895 0.686084 0.884355 0.962301 0.988197 0.996351 0.998876 0.999654 0.999893 0.999967 0.99999 0.999997 0.999999 1 1 1 1 1 1 1 1 1 1 1 1 1 1 1 1 1 1 1 1 1 1 1 1 1 1 1 1 1 1 1 1 1 1 1 1 1 1 1 1 1 1 1 1 1 1 1 1 1 1 1 1 1 1 1 1 1 1 1 1 1 1 1 1 1 1 1 1 1 1 1 1 1 1 1 1 1 1 1 1 1 1 1 1 1 1 1 1 1 1 1 1 1 1 1 1 1 1 1 1 1 1 1 1 1 
1 1 1 1 1 1 1 1 1 1 1 1 1 1 1 1 1 1 0.999999 0.999997 0.999991 0.999968 0.999888 0.999608 0.998627 0.995194 0.983235 0.942549 0.815508 0.519156 0.205672 0.0643356 0.0186483 0.00528385 0.00148661 0.000417182 0.000116921 3.27391e-05 9.16011e-06 2.56106e-06 7.15547e-07 1.99788e-07 5.57471e-08 1.55456e-08 4.33247e-09 1.20674e-09 3.35929e-10 9.34652e-11 2.59911e-11 7.22406e-12 2.0069e-12 5.57265e-13 1.54668e-13 4.29084e-14 1.18986e-14 3.29813e-15 9.1382e-16 2.53093e-16 7.007e-17 1.93919e-17 5.36473e-18 1.48361e-18 4.10149e-19 1.13348e-19 3.13145e-20 8.64838e-21 2.38774e-21 6.59033e-22 1.81843e-22 5.01601e-23 1.38324e-23 3.8134e-24 1.05102e-24 2.89597e-25 7.9775e-26 2.19721e-26 6.05646e-27 1.68746e-27 5.24608e-28 3.23555e-28 6.25303e-28 1.78536e-27 5.36904e-27 1.62956e-26 4.97027e-26 1.5225e-25 4.68254e-25 1.44558e-24 4.47865e-24 1.3922e-23 4.34126e-23 1.35772e-22 4.25805e-22 1.33888e-21 4.22021e-21 1.3333e-20 4.22147e-20 1.33932e-19 4.25735e-19 1.35575e-18 4.32472e-18 1.38176e-17 4.42142e-17 1.4168e-16 4.54607e-16 1.46053e-15 4.69784e-15 1.51276e-14 4.87638e-14 1.57345e-13 5.08167e-13 1.64262e-12 5.31396e-12 1.7204e-11 5.57372e-11 1.80696e-10 5.86159e-10 1.90252e-09 6.17831e-09 2.00733e-08 6.52467e-08 2.12165e-07 6.90152e-07 2.24573e-06 7.30963e-06 2.3798e-05 7.74945e-05 0.000252375 0.000821805 0.00267398 0.0086761 0.0278886 0.0869823 0.247192 0.547901 0.814347 0.937073 0.980061 0.993815 0.998094 0.999414 0.99982 0.999945 0.999983 0.999995 0.999998 1 1 1 1 1 1 1 1 1 1 1 1 1 1 1 1 1 1 1 1 1 1 1 1 1 1 1 1 1 1 1 1 1 1 1 1 1 1 1 1 1 1 1 1 1 1 1 1 1 1 1 1 1 1 1 1 1 1 1 1 1 1 1 1 1 1 1 1 1 1 1 1 1 1 1 1 1 1 1 1 1 1 1 1 1 1 1 1 1 1 1 1 1 1 1 1 1 1 1 1 1 1 1 1 1 1 
1 1 1 1 1 1 1 1 1 1 1 1 1 1 1 1 1 1 0.999999 0.999996 0.999985 0.999948 0.99982 0.999376 0.997833 0.992473 0.974022 0.912812 0.734843 0.397305 0.142281 0.0431687 0.0124388 0.00352864 0.000995878 0.000280467 7.8889e-05 2.2168e-05 6.22379e-06 1.74593e-06 4.89388e-07 1.37073e-07 3.83649e-08 1.07303e-08 2.99911e-09 8.37704e-10 2.33837e-10 6.52338e-11 1.81876e-11 5.06791e-12 1.41137e-12 3.92847e-13 1.0929e-13 3.0389e-14 8.44583e-15 2.34618e-15 6.5145e-16 1.80804e-16 5.01584e-17 1.39091e-17 3.85543e-18 1.06825e-18 2.95874e-19 8.19173e-20 2.26717e-20 6.27243e-21 1.73474e-21 4.79609e-22 1.32554e-22 3.66235e-23 1.01155e-23 2.79306e-24 7.7098e-25 2.12754e-25 5.86949e-26 1.61932e-26 4.48058e-27 1.28112e-27 4.88194e-28 5.33389e-28 1.3311e-27 3.9017e-27 1.1684e-26 3.52198e-26 1.06693e-25 3.24691e-25 9.92371e-25 3.04538e-24 9.38152e-24 2.90048e-23 8.99792e-23 2.80028e-22 8.74116e-22 2.73632e-21 8.5886e-21 2.70252e-20 8.524e-20 2.69455e-19 8.53571e-19 2.70928e-18 8.61545e-18 2.74452e-17 8.75741e-17 2.79875e-16 8.95763e-16 2.87096e-15 9.2136e-15 2.96052e-14 9.52387e-14 3.06715e-13 9.88788e-13 3.19075e-12 1.03057e-11 3.33147e-11 1.0778e-10 3.48956e-10 1.13059e-09 3.6654e-09 1.18906e-08 3.85948e-08 1.25337e-07 4.0723e-07 1.3237e-06 4.3044e-06 1.40021e-05 4.55624e-05 0.000148295 0.000482711 0.00157079 0.00510375 0.0164939 0.0523654 0.157146 0.40008 0.71256 0.89612 0.966385 0.989509 0.996762 0.999004 0.999694 0.999906 0.999971 0.999991 0.999997 0.999999 1 1 1 1 1 1 1 1 1 1 1 1 1 1 1 1 1 1 1 1 1 1 1 1 1 1 1 1 1 1 1 1 1 1 1 1 1 1 1 1 1 1 1 1 1 1 1 1 1 1 1 1 1 1 1 1 1 1 1 1 1 1 1 1 1 1 1 1 1 1 1 1 1 1 1 1 1 1 1 1 1 1 1 1 1 1 1 1 1 1 1 1 1 1 1 1 1 1 1 1 1 1 1 1 1 1 
1 1 1 1 1 1 1 1 1 1 1 1 1 1 1 1 1 0.999999 0.999998 0.999993 0.999975 0.999914 0.999705 0.998986 0.996505 0.987973 0.959069 0.866781 0.626552 0.286093 0.0952165 0.0283339 0.0081461 0.0023169 0.000656406 0.000185615 5.24198e-05 1.47879e-05 4.16756e-06 1.17341e-06 3.30083e-07 9.27728e-08 2.6053e-08 7.31048e-09 2.04974e-09 5.74288e-10 1.60786e-10 4.49851e-11 1.25776e-11 3.51436e-12 9.8135e-13 2.73867e-13 7.63839e-14 2.12921e-14 5.93193e-15 1.65175e-15 4.59692e-16 1.27871e-16 3.55523e-17 9.88002e-18 2.74441e-18 7.61985e-19 2.11473e-19 5.86653e-20 1.62678e-20 4.50924e-21 1.24942e-21 3.46058e-22 9.58138e-23 2.65186e-23 7.33706e-24 2.02929e-24 5.61075e-25 1.55081e-25 4.28549e-26 1.18503e-26 3.30885e-27 1.01896e-27 5.88149e-28 1.06061e-27 2.93777e-27 8.64465e-27 2.57171e-26 7.6955e-26 2.31465e-25 6.99585e-25 2.12416e-24 6.47771e-24 1.98353e-23 6.09731e-23 1.88116e-22 5.8239e-22 1.8089e-21 5.63567e-21 1.7609e-20 5.51705e-20 1.73299e-19 5.45681e-19 1.72217e-18 5.4469e-18 1.72627e-17 5.48156e-17 1.74376e-16 5.55669e-16 1.77357e-15 5.66949e-15 1.81496e-14 5.81811e-14 1.86748e-13 6.00144e-13 1.93087e-12 6.21899e-12 2.00506e-11 6.4707e-11 2.09009e-10 6.75689e-10 2.18611e-09 7.07817e-09 2.29335e-08 7.43536e-08 2.4121e-07 7.82946e-07 2.54269e-06 8.26153e-06 2.68543e-05 8.73232e-05 0.000284029 0.000923853 0.00300286 0.00973116 0.0312109 0.0967999 0.27082 0.579336 0.831942 0.943649 0.982216 0.994494 0.998305 0.999479 0.99984 0.999951 0.999985 0.999995 0.999999 1 1 1 1 1 1 1 1 1 1 1 1 1 1 1 1 1 1 1 1 1 1 1 1 1 1 1 1 1 1 1 1 1 1 1 1 1 1 1 1 1 1 1 1 1 1 1 1 1 1 1 1 1 1 1 1 1 1 1 1 1 1 1 1 1 1 1 1 1 1 1 1 1 1 1 1 1 1 1 1 1 1 1 1 1 1 1 1 1 1 1 1 1 1 1 1 1 1 1 1 1 1 1 1 1 1 1 
1 1 1 1 1 1 1 1 1 1 1 1 1 1 1 1 1 0.999999 0.999996 0.999987 0.999957 0.999854 0.999504 0.998309 0.994232 0.980384 0.934551 0.796702 0.494538 0.195509 0.0618876 0.0182073 0.00523656 0.00149479 0.000425372 0.000120831 3.42759e-05 9.71115e-06 2.74826e-06 7.76917e-07 2.19403e-07 6.18987e-08 1.74465e-08 4.91289e-09 1.38225e-09 3.8857e-10 1.09144e-10 3.0633e-11 8.59118e-12 2.40768e-12 6.74279e-13 1.88706e-13 5.27772e-14 1.47513e-14 4.12049e-15 1.15029e-15 3.20934e-16 8.94914e-17 2.49408e-17 6.94723e-18 1.93415e-18 5.38212e-19 1.49695e-19 4.16157e-20 1.1564e-20 3.21194e-21 8.9174e-22 2.47473e-22 6.86496e-23 1.9036e-23 5.27647e-24 1.462e-24 4.04942e-25 1.12123e-25 3.10439e-26 8.61935e-27 2.46942e-27 9.274e-28 9.61701e-28 2.31281e-27 6.61692e-27 1.93903e-26 5.72518e-26 1.70018e-25 5.07611e-25 1.5233e-24 4.59358e-24 1.39162e-23 4.23439e-23 1.29378e-22 3.96854e-22 1.22183e-21 3.77495e-21 1.17017e-20 3.63865e-20 1.13478e-19 3.5489e-19 1.1128e-18 3.49799e-18 1.10215e-17 3.48034e-17 1.10132e-16 3.49194e-16 1.10926e-15 3.52992e-15 1.12519e-14 3.5923e-14 1.1486e-13 3.67774e-13 1.17916e-12 3.7854e-12 1.21666e-11 3.91487e-11 1.26103e-10 4.06603e-10 1.31228e-09 4.23903e-09 1.37047e-08 4.43421e-08 1.43576e-07 4.65206e-07 1.5083e-06 4.89318e-06 1.58831e-05 5.15816e-05 0.000167586 0.000544618 0.00176955 0.00574065 0.0185139 0.058541 0.173864 0.431123 0.737227 0.906588 0.969947 0.990641 0.997115 0.999113 0.999728 0.999916 0.999974 0.999992 0.999998 0.999999 1 1 1 1 1 1 1 1 1 1 1 1 1 1 1 1 1 1 1 1 1 1 1 1 1 1 1 1 1 1 1 1 1 1 1 1 1 1 1 1 1 1 1 1 1 1 1 1 1 1 1 1 1 1 1 1 0.999999 0.999999 0.999999 0.999999 0.999999 0.999999 0.999999 0.999998 0.999998 0.999998 0.999998 0.999998 0.999999 0.999999 0.999999 0.999999 0.999999 0.999999 0.999999 0.999999 1 1 1 1 1 1 1 1 1 1 1 1 1 1 1 1 1 1 1 1 1 1 1 1 1 1 1 1 1 1 1 
1 1 1 1 1 1 1 1 1 1 1 1 1 1 1 1 0.999999 0.999998 0.999993 0.999977 0.999923 0.999744 0.999142 0.99711 0.990256 0.967367 0.894277 0.694784 0.35849 0.127475 0.0391135 0.0114494 0.00330148 0.000946784 0.000270789 7.73078e-05 2.20373e-05 6.27327e-06 1.78346e-06 5.06403e-07 1.4362e-07 4.06861e-08 1.15135e-08 3.25473e-09 9.19161e-10 2.59331e-10 7.30998e-11 2.05871e-11 5.793e-12 1.62876e-12 4.57578e-13 1.28452e-13 3.60329e-14 1.01006e-14 2.8294e-15 7.92052e-16 2.21581e-16 6.19497e-17 1.73095e-17 4.83362e-18 1.34901e-18 3.76285e-19 1.04903e-19 2.923e-20 8.14052e-21 2.26601e-21 6.30467e-22 1.75332e-22 4.87376e-23 1.35417e-23 3.76096e-24 1.0441e-24 2.89742e-25 8.03809e-26 2.23138e-26 6.25645e-27 1.93542e-27 1.10959e-27 1.94707e-27 5.25806e-27 1.51217e-26 4.40075e-26 1.28913e-25 3.79843e-25 1.12548e-24 3.35268e-24 1.00384e-23 3.02033e-23 9.12968e-23 2.77185e-22 8.45077e-22 2.58668e-21 7.94723e-21 2.45036e-20 7.58054e-20 2.3526e-19 7.32319e-19 2.28604e-18 7.15539e-18 2.24536e-17 7.06284e-17 2.22669e-16 7.03516e-16 2.22726e-15 7.06489e-15 2.24507e-14 7.1467e-14 2.27871e-13 7.27689e-13 2.32722e-12 7.45301e-12 2.38999e-11 7.67358e-11 2.46666e-10 7.93787e-10 2.55713e-09 8.24577e-09 2.66143e-08 8.59767e-08 2.77975e-07 8.99433e-07 2.91238e-06 9.43677e-06 3.05965e-05 9.9258e-05 0.000322146 0.00104572 0.00339225 0.0109688 0.0350625 0.107959 0.296514 0.610352 0.848148 0.949538 0.98412 0.995089 0.998489 0.999536 0.999858 0.999956 0.999987 0.999996 0.999999 1 1 1 1 1 1 1 1 1 1 1 1 1 1 1 1 1 1 1 1 1 1 1 1 1 1 1 1 1 1 1 1 1 1 1 1 1 1 1 1 1 1 1 1 1 1 1 1 1 1 1 1 0.999999 0.999999 0.999999 0.999999 0.999998 0.999998 0.999997 0.999997 0.999996 0.999996 0.999995 0.999995 0.999994 0.999994 0.999994 0.999994 0.999994 0.999995 0.999995 0.999996 0.999996 0.999997 0.999997 0.999998 0.999998 0.999999 0.999999 0.999999 0.999999 1 1 1 1 1 1 1 1 1 1 1 1 1 1 1 1 1 1 1 1 1 1 1 1 1 1 1 
1 1 1 1 1 1 1 1 1 1 1 1 1 1 1 1 0.999999 0.999996 0.999987 0.999957 0.99986 0.999539 0.998475 0.994928 0.98314 0.944728 0.828883 0.558811 0.241293 0.0798723 0.0240772 0.00704412 0.00203997 0.000588241 0.000169199 4.85738e-05 1.3921e-05 3.9834e-06 1.13813e-06 3.24725e-07 9.2524e-08 2.6329e-08 7.48307e-09 2.12429e-09 6.02363e-10 1.70621e-10 4.82789e-11 1.36473e-11 3.85408e-12 1.08741e-12 3.06535e-13 8.63366e-14 2.42969e-14 6.83218e-15 1.9197e-15 5.38995e-16 1.51225e-16 4.23993e-17 1.18796e-17 3.3263e-18 9.30776e-19 2.60293e-19 7.27482e-20 2.03203e-20 5.67276e-21 1.58279e-21 4.41388e-22 1.23025e-22 3.4273e-23 9.54326e-24 2.65605e-24 7.38885e-25 2.05465e-25 5.71297e-26 1.5934e-26 4.59745e-27 1.75894e-27 1.84791e-27 4.36827e-27 1.22147e-26 3.49884e-26 1.0103e-25 2.93573e-25 8.58172e-25 2.52311e-24 7.45951e-24 2.21718e-23 6.62381e-23 1.98854e-22 5.99762e-22 1.81696e-21 5.52762e-21 1.68835e-20 5.17646e-20 1.5928e-19 4.91774e-19 1.52324e-18 4.73255e-18 1.47461e-17 4.60729e-17 1.44325e-16 4.5321e-16 1.42649e-15 4.49981e-15 1.42241e-14 4.50523e-14 1.42962e-13 4.54462e-13 1.44712e-12 4.61537e-12 1.47423e-11 4.71571e-11 1.5105e-10 4.84452e-10 1.55565e-09 5.00121e-09 1.60958e-08 5.18559e-08 1.67228e-07 5.39783e-07 1.74384e-06 5.63833e-06 1.82443e-05 5.90755e-05 0.000191406 0.000620428 0.00201091 0.00650716 0.0209198 0.0657844 0.192881 0.463948 0.760923 0.916232 0.97317 0.991654 0.997427 0.999209 0.999757 0.999925 0.999977 0.999993 0.999998 0.999999 1 1 1 1 1 1 1 1 1 1 1 1 1 1 1 1 1 1 1 1 1 1 1 1 1 1 1 1 1 1 1 1 1 1 1 1 1 1 1 1 1 1 1 1 1 1 1 1 1 0.999999 0.999999 0.999999 0.999998 0.999997 0.999996 0.999995 0.999994 0.999992 0.99999 0.999988 0.999986 0.999984 0.999982 0.99998 0.999979 0.999978 0.999977 0.999977 0.999978 0.99998 0.999981 0.999983 0.999985 0.999988 0.99999 0.999991 0.999993 0.999995 0.999996 0.999997 0.999998 0.999998 0.999999 0.999999 0.999999 1 1 1 1 1 1 1 1 1 1 1 1 1 1 1 1 1 1 1 1 1 1 1 
1 1 1 1 1 1 1 1 1 1 1 1 1 1 1 0.999999 0.999997 0.999992 0.999974 0.999918 0.999736 0.999144 0.997208 0.990855 0.970156 0.905208 0.727201 0.405143 0.152544 0.0483225 0.0144489 0.00423873 0.0012345 0.000358228 0.000103689 2.99492e-05 8.63385e-06 2.48453e-06 7.13749e-07 2.04713e-07 5.86246e-08 1.6764e-08 4.78707e-09 1.36516e-09 3.88814e-10 1.10604e-10 3.1426e-11 8.91908e-12 2.52862e-12 7.16137e-13 2.02617e-13 5.72714e-14 1.61733e-14 4.56323e-15 1.28639e-15 3.62337e-16 1.01977e-16 2.86786e-17 8.05911e-18 2.26308e-18 6.35052e-19 1.78083e-19 4.99055e-20 1.39765e-20 3.9118e-21 1.09419e-21 3.05885e-22 8.54622e-23 2.38644e-23 6.66031e-24 1.85786e-24 5.17981e-25 1.44363e-25 4.0265e-26 1.13619e-26 3.58169e-27 2.16241e-27 3.85999e-27 1.02377e-26 2.87851e-26 8.18883e-26 2.34556e-25 6.7607e-25 1.96053e-24 5.71905e-24 1.67787e-23 4.94988e-23 1.46804e-22 4.3762e-22 1.31092e-21 3.94526e-21 1.19263e-20 3.62053e-20 1.10353e-19 3.3764e-19 1.03681e-18 3.19475e-18 9.87628e-18 3.06262e-17 9.52509e-17 2.97066e-16 9.28931e-16 2.91207e-15 9.15062e-15 2.88189e-14 9.09565e-14 2.87654e-13 9.11472e-13 2.8934e-12 9.20085e-12 2.93063e-11 9.34918e-11 2.98696e-10 9.55642e-10 3.06155e-09 9.82056e-09 3.15394e-08 1.01406e-07 3.26393e-07 1.05163e-06 3.39157e-06 1.0948e-05 3.53701e-05 0.00011436 0.000369991 0.00119742 0.00387288 0.0124819 0.0397128 0.121139 0.325372 0.641774 0.863558 0.954998 0.985864 0.995628 0.998654 0.999587 0.999873 0.999961 0.999988 0.999996 0.999999 1 1 1 1 1 1 1 1 1 1 1 1 1 1 1 1 1 1 1 1 1 1 1 1 1 1 1 1 1 1 1 1 1 1 1 1 1 1 1 1 1 1 1 1 1 1 1 0.999999 0.999999 0.999998 0.999998 0.999996 0.999995 0.999993 0.99999 0.999987 0.999982 0.999977 0.999971 0.999964 0.999956 0.999948 0.99994 0.999933 0.999926 0.99992 0.999916 0.999915 0.999916 0.999919 0.999924 0.999931 0.999938 0.999946 0.999954 0.999961 0.999968 0.999975 0.99998 0.999985 0.999988 0.999991 0.999994 0.999995 0.999997 0.999998 0.999998 0.999999 0.999999 1 1 1 1 1 1 1 1 1 1 1 1 1 1 1 1 1 1 1 1 
1 1 1 1 1 1 1 1 1 1 1 1 1 1 0.999999 0.999998 0.999994 0.999983 0.999947 0.999836 0.999484 0.998358 0.994736 0.983067 0.946119 0.837155 0.583308 0.266142 0.0915239 0.0283124 0.0084548 0.00249325 0.00073113 0.000213665 6.22746e-05 1.81076e-05 5.25368e-06 1.52116e-06 4.39587e-07 1.26799e-07 3.65116e-08 1.0496e-08 3.01252e-09 8.63339e-10 2.47063e-10 7.06049e-11 2.01507e-11 5.74378e-12 1.63523e-12 4.65004e-13 1.32084e-13 3.74779e-14 1.06231e-14 3.00814e-15 8.50997e-16 2.40523e-16 6.79199e-17 1.9163e-17 5.40218e-18 1.52169e-18 4.28295e-19 1.20457e-19 3.38538e-20 9.50768e-21 2.66835e-21 7.48383e-22 2.09761e-22 5.87561e-23 1.64481e-23 4.60177e-24 1.28672e-24 3.59604e-25 1.0049e-25 2.81911e-26 8.24257e-27 3.33101e-27 3.77359e-27 8.94056e-27 2.45028e-26 6.86313e-26 1.93755e-25 5.50533e-25 1.57409e-24 4.52834e-24 1.31057e-23 3.81525e-23 1.117e-22 3.28831e-22 9.73173e-22 2.89479e-21 8.65291e-21 2.59856e-20 7.83858e-20 2.37458e-19 7.22256e-19 2.2053e-18 6.75823e-18 2.0783e-17 6.41236e-17 1.98468e-16 6.16108e-16 1.91802e-15 5.98707e-15 1.87363e-14 5.87768e-14 1.84811e-13 5.8237e-13 1.83896e-12 5.81838e-12 1.84436e-11 5.85686e-11 1.86302e-10 5.93568e-10 1.89403e-09 6.05248e-09 1.93678e-08 6.20576e-08 1.9909e-07 6.39468e-07 2.05624e-06 6.61894e-06 2.13274e-05 6.87844e-05 0.000222025 0.000717103 0.00231619 0.00746815 0.0239039 0.0746197 0.215278 0.499524 0.784319 0.925399 0.976184 0.992593 0.997715 0.999297 0.999784 0.999934 0.99998 0.999994 0.999998 0.999999 1 1 1 1 1 1 1 1 1 1 1 1 1 1 1 1 1 1 1 1 1 1 1 1 1 1 1 1 1 1 1 1 1 1 1 1 1 1 1 1 1 1 1 1 0.999999 0.999999 0.999999 0.999998 0.999996 0.999994 0.999992 0.999987 0.999982 0.999974 0.999964 0.999951 0.999935 0.999915 0.999893 0.999867 0.999839 0.999809 0.999779 0.999749 0.999723 0.999702 0.999688 0.999683 0.999686 0.999698 0.999717 0.999742 0.999771 0.9998 0.99983 0.999858 0.999884 0.999907 0.999927 0.999943 0.999957 0.999968 0.999977 0.999983 0.999988 0.999992 0.999994 0.999996 0.999997 0.999998 0.999999 0.999999 1 1 1 1 1 1 1 1 1 1 1 1 1 1 1 1 1 
1 1 1 1 1 1 1 1 1 1 1 1 1 0.999999 0.999998 0.999995 0.999987 0.999963 0.999889 0.999662 0.998958 0.996749 0.989775 0.967866 0.90153 0.725827 0.41377 0.161279 0.0525799 0.0161018 0.00482462 0.00143284 0.000423488 0.000124733 3.66305e-05 1.07287e-05 3.13451e-06 9.1365e-07 2.65724e-07 7.71218e-08 2.2339e-08 6.45854e-09 1.86393e-09 5.37015e-10 1.54468e-10 4.43627e-11 1.2722e-11 3.64316e-12 1.04187e-12 2.97566e-13 8.48813e-14 2.41836e-14 6.88225e-15 1.95641e-15 5.55552e-16 1.57596e-16 4.46617e-17 1.26448e-17 3.57673e-18 1.01082e-18 2.85423e-19 8.05273e-20 2.27011e-20 6.39458e-21 1.7999e-21 5.06253e-22 1.42291e-22 3.9966e-23 1.12179e-23 3.14668e-24 8.82118e-25 2.47179e-25 6.93365e-26 1.97499e-26 6.46437e-27 4.36698e-27 8.22541e-27 2.15796e-26 5.94211e-26 1.6536e-25 4.6324e-25 1.30588e-24 3.70426e-24 1.05723e-23 3.03577e-23 8.76903e-23 2.54773e-22 7.44397e-22 2.18689e-21 6.45859e-21 1.91713e-20 5.71847e-20 1.7137e-19 5.15853e-19 1.55944e-18 4.73342e-18 1.44233e-17 4.41118e-17 1.35385e-16 4.16903e-16 1.28789e-15 3.99059e-15 1.24005e-14 3.86394e-14 1.20711e-13 3.78039e-13 1.18671e-12 3.73357e-12 1.17713e-11 3.7188e-11 1.17711e-10 3.73269e-10 1.18573e-09 3.77281e-09 1.20235e-08 3.83746e-08 1.22653e-07 3.92554e-07 1.258e-06 4.03637e-06 1.2966e-05 4.1696e-05 0.00013422 0.000432425 0.00139383 0.00449002 0.0144064 0.0455499 0.137275 0.358698 0.674282 0.878592 0.960206 0.987509 0.996133 0.998809 0.999633 0.999887 0.999965 0.999989 0.999997 0.999999 1 1 1 1 1 1 1 1 1 1 1 1 1 1 1 1 1 1 1 1 1 1 1 1 1 1 1 1 1 1 1 1 1 1 1 1 1 1 1 1 1 1 1 0.999999 0.999999 0.999998 0.999997 0.999995 0.999992 0.999987 0.99998 0.99997 0.999955 0.999935 0.999907 0.999869 0.999822 0.999762 0.99969 0.999605 0.99951 0.999405 0.999294 0.999179 0.999069 0.998969 0.99889 0.998837 0.998816 0.998829 0.998875 0.998948 0.999043 0.99915 0.999261 0.999371 0.999476 0.999571 0.999657 0.999731 0.999794 0.999845 0.999885 0.999917 0.99994 0.999958 0.999971 0.99998 0.999987 0.999991 0.999994 0.999996 0.999997 0.999998 0.999999 0.999999 1 1 1 1 1 1 1 1 1 1 1 1 1 1 
1 1 1 1 1 1 1 1 1 1 1 1 0.999999 0.999998 0.999996 0.999989 0.99997 0.999916 0.999756 0.999276 0.997821 0.99335 0.979573 0.93784 0.82076 0.564283 0.259989 0.0916395 0.0290887 0.00889956 0.0026844 0.000804087 0.000239756 7.12245e-05 2.10894e-05 6.22564e-06 1.83264e-06 5.38045e-07 1.5757e-07 4.60364e-08 1.34202e-08 3.90388e-09 1.13334e-09 3.28392e-10 9.49807e-11 2.74236e-11 7.90485e-12 2.27497e-12 6.53734e-13 1.87584e-13 5.37514e-14 1.53817e-14 4.39605e-15 1.25484e-15 3.57767e-16 1.01887e-16 2.89842e-17 8.23653e-18 2.33822e-18 6.63132e-19 1.87889e-19 5.3187e-20 1.50426e-20 4.25079e-21 1.2002e-21 3.38602e-22 9.54521e-23 2.68877e-23 7.5684e-24 2.12887e-24 5.98443e-25 1.68225e-25 4.75522e-26 1.42203e-26 6.35421e-27 8.18083e-27 1.96885e-26 5.30661e-26 1.45591e-25 4.02313e-25 1.11859e-24 3.12918e-24 8.80753e-24 2.49422e-23 7.1064e-23 2.03688e-22 5.87266e-22 1.70294e-21 4.96584e-21 1.45593e-20 4.29106e-20 1.27111e-19 3.78366e-19 1.13153e-18 3.39904e-18 1.02542e-17 3.10615e-17 9.44564e-17 2.88306e-16 8.83106e-16 2.71417e-15 8.36865e-15 2.58822e-14 8.0281e-14 2.49705e-13 7.78732e-13 2.43467e-12 7.6301e-12 2.39668e-11 7.5445e-11 2.37984e-10 7.52177e-10 2.3818e-09 7.55555e-09 2.40085e-08 7.64127e-08 2.43577e-07 7.77578e-07 2.48576e-06 7.957e-06 2.55027e-05 8.18343e-05 0.000262872 0.00084509 0.00271718 0.00871958 0.0277472 0.08579 0.242454 0.538725 0.807862 0.93431 0.979075 0.993487 0.997988 0.99938 0.999809 0.999941 0.999982 0.999994 0.999998 0.999999 1 1 1 1 1 1 1 1 1 1 1 1 1 1 1 1 1 1 1 1 1 1 1 1 1 1 1 1 1 1 1 1 1 1 1 1 1 1 1 1 1 0.999999 0.999999 0.999998 0.999997 0.999994 0.99999 0.999983 0.999972 0.999956 0.999931 0.999894 0.99984 0.999766 0.999664 0.999528 0.999352 0.999132 0.998865 0.998552 0.998197 0.997806 0.99739 0.996962 0.996546 0.996171 0.995868 0.995667 0.995588 0.995638 0.995812 0.996091 0.996447 0.99685 0.997268 0.997679 0.998067 0.998423 0.99874 0.999016 0.999247 0.999435 0.999583 0.999698 0.999785 0.99985 0.999896 0.999929 0.999952 0.999968 0.999979 0.999986 0.999991 0.999994 0.999996 0.999998 0.999998 0.999999 0.999999 1 1 1 1 1 1 1 1 1 1 1 
1 1 1 1 1 1 1 1 1 1 1 0.999999 0.999998 0.999996 0.999989 0.999973 0.999928 0.999802 0.999443 0.998395 0.995287 0.985976 0.958216 0.878985 0.685346 0.378236 0.148275 0.0494777 0.0155583 0.00478392 0.00145604 0.000440439 0.000132603 3.97607e-05 1.18782e-05 3.53636e-06 1.04948e-06 3.10515e-07 9.16149e-08 2.69582e-08 7.91266e-09 2.31696e-09 6.76916e-10 1.97342e-10 5.74142e-11 1.66716e-11 4.83205e-12 1.39804e-12 4.0381e-13 1.16448e-13 3.3529e-14 9.63976e-15 2.76755e-15 7.93477e-16 2.27198e-16 6.49724e-17 1.85579e-17 5.29446e-18 1.50878e-18 4.29498e-19 1.22136e-19 3.46965e-20 9.84702e-21 2.792e-21 7.90913e-22 2.23851e-22 6.33022e-23 1.78862e-23 5.04976e-24 1.42462e-24 4.0171e-25 1.13474e-25 3.27832e-26 1.14638e-26 9.22042e-27 1.87115e-26 4.88025e-26 1.31959e-25 3.59949e-25 9.87773e-25 2.72658e-24 7.5711e-24 2.11499e-23 5.94399e-23 1.68061e-22 4.7803e-22 1.36777e-21 3.93634e-21 1.13931e-20 3.3159e-20 9.70279e-20 2.85401e-19 8.43718e-19 2.50636e-18 7.48014e-18 2.24241e-17 6.75117e-17 2.04089e-16 6.19381e-16 1.88677e-15 5.76804e-15 1.76935e-14 5.44514e-14 1.68092e-13 5.20433e-13 1.61586e-12 5.03042e-12 1.57005e-11 4.91226e-11 1.54048e-10 4.84162e-10 1.5249e-09 4.81242e-09 1.52167e-08 4.82023e-08 1.52959e-07 4.86184e-07 1.5478e-06 4.93499e-06 1.57572e-05 5.03803e-05 0.000161283 0.000516868 0.00165748 0.00531176 0.0169445 0.0531379 0.157651 0.397926 0.708304 0.893488 0.965266 0.989095 0.996618 0.998956 0.999678 0.999901 0.999969 0.999991 0.999997 0.999999 1 1 1 1 1 1 1 1 1 1 1 1 1 1 1 1 1 1 1 1 1 1 1 1 1 1 1 1 1 1 1 1 1 1 1 1 1 1 1 1 0.999999 0.999999 0.999998 0.999996 0.999993 0.999988 0.99998 0.999965 0.999942 0.999904 0.999845 0.999756 0.999624 0.999432 0.999162 0.998791 0.998295 0.997651 0.99684 0.995852 0.994692 0.993379 0.991934 0.99039 0.988799 0.987244 0.985838 0.984701 0.983946 0.983647 0.983836 0.984489 0.985536 0.986872 0.988376 0.989933 0.991458 0.992894 0.994209 0.995384 0.996403 0.997256 0.997947 0.998492 0.998911 0.999227 0.99946 0.999629 0.999748 0.999831 0.999888 0.999926 0.999952 0.999969 0.99998 0.999987 0.999992 0.999995 0.999997 0.999998 0.999999 0.999999 0.999999 1 1 1 1 1 1 1 1 
1 1 1 1 1 1 1 1 0.999999 0.999999 0.999998 0.999997 0.999994 0.999987 0.999971 0.999929 0.999818 0.999518 0.998684 0.996315 0.989473 0.969633 0.913415 0.769243 0.495155 0.220561 0.0786061 0.0256121 0.00806504 0.00250209 0.000769768 0.000235391 7.16174e-05 2.16909e-05 6.54219e-06 1.96557e-06 5.88411e-07 1.7555e-07 5.22084e-08 1.54802e-08 4.57708e-09 1.34971e-09 3.97003e-10 1.16495e-10 3.41063e-11 9.96375e-12 2.90481e-12 8.45205e-13 2.45467e-13 7.11622e-14 2.05951e-14 5.95067e-15 1.71668e-15 4.94491e-16 1.42234e-16 4.08548e-17 1.17194e-17 3.35746e-18 9.60683e-19 2.74557e-19 7.83765e-20 2.2349e-20 6.36601e-21 1.81145e-21 5.14936e-22 1.46238e-22 4.14916e-23 1.17616e-23 3.3312e-24 9.42785e-25 2.66882e-25 7.62206e-26 2.36845e-26 1.24266e-26 1.87957e-26 4.6178e-26 1.22807e-25 3.30943e-25 8.9724e-25 2.44595e-24 6.70525e-24 1.84872e-23 5.127e-23 1.43029e-22 4.01388e-22 1.13314e-21 3.21789e-21 9.19162e-21 2.64064e-20 7.62902e-20 2.21623e-19 6.4726e-19 1.90016e-18 5.60629e-18 1.6621e-17 4.95055e-17 1.48111e-16 4.45021e-16 1.34262e-15 4.0666e-15 1.23634e-14 3.77228e-14 1.15493e-13 3.54758e-13 1.09311e-12 3.37823e-12 1.04701e-11 3.2538e-11 1.01381e-10 3.16663e-10 9.9143e-10 3.11104e-09 9.7832e-09 3.08282e-08 9.73342e-08 3.07889e-07 9.7566e-07 3.097e-06 9.84667e-06 3.13549e-05 9.99889e-05 0.000319275 0.00102051 0.00326253 0.0104068 0.0328679 0.100357 0.276163 0.582131 0.831732 0.943068 0.981886 0.994352 0.998251 0.99946 0.999833 0.999949 0.999984 0.999995 0.999998 1 1 1 1 1 1 1 1 1 1 1 1 1 1 1 1 1 1 1 1 1 1 1 1 1 1 1 1 1 1 1 1 1 1 1 1 1 1 1 1 0.999999 0.999998 0.999997 0.999993 0.999988 0.999978 0.999961 0.999931 0.999881 0.999799 0.999667 0.999461 0.999144 0.998672 0.997984 0.997008 0.995662 0.993861 0.991515 0.988547 0.984924 0.980678 0.975885 0.970633 0.96503 0.959258 0.953614 0.948506 0.944381 0.941641 0.940559 0.941242 0.943608 0.947406 0.952255 0.957712 0.96336 0.968885 0.974095 0.978885 0.983181 0.986915 0.990041 0.992565 0.99455 0.996077 0.997224 0.998067 0.998673 0.999102 0.999399 0.999602 0.999739 0.99983 0.99989 0.999929 0.999954 0.999971 0.999981 0.999988 0.999992 0.999995 0.999997 0.999998 0.999998 0.999999 0.999999 0.999999 1 1 1 1 
0.999999 0.999999 0.999999 0.999999 0.999999 0.999999 0.999999 0.999999 0.999998 0.999997 0.999995 0.999991 0.999982 0.999963 0.999918 0.999807 0.999525 0.998784 0.996783 0.991259 0.975831 0.933149 0.822589 0.591009 0.299958 0.115757 0.0394306 0.0127846 0.00405819 0.00127362 0.000396603 0.00012272 3.77613e-05 1.15603e-05 3.52253e-06 1.06868e-06 3.22901e-07 9.71943e-08 2.91516e-08 8.71423e-09 2.59671e-09 7.7148e-10 2.28562e-10 6.75344e-11 1.99044e-11 5.85238e-12 1.71682e-12 5.02544e-13 1.46799e-13 4.27974e-14 1.24535e-14 3.61726e-15 1.04887e-15 3.03627e-16 8.77549e-17 2.53245e-17 7.2975e-18 2.09989e-18 6.03434e-19 1.7318e-19 4.96384e-20 1.42106e-20 4.06348e-21 1.16063e-21 3.31144e-22 9.43802e-23 2.68721e-23 7.64358e-24 2.17219e-24 6.17008e-25 1.75827e-25 5.19604e-26 2.03189e-26 2.05483e-26 4.50241e-26 1.17043e-25 3.11766e-25 8.36058e-25 2.25345e-24 6.1049e-24 1.66271e-23 4.55342e-23 1.25403e-22 3.47354e-22 9.67752e-22 2.71205e-21 7.64497e-21 2.16762e-20 6.18147e-20 1.77283e-19 5.11282e-19 1.48257e-18 4.32185e-18 1.26636e-17 3.7291e-17 1.10341e-16 3.28005e-16 9.79395e-16 2.93693e-15 8.84325e-15 2.67324e-14 8.1115e-14 2.47019e-13 7.54844e-13 2.31428e-12 7.11776e-12 2.19573e-11 6.79305e-11 2.10739e-10 6.55488e-10 2.04397e-09 6.38891e-09 2.00158e-08 6.28449e-08 1.97731e-07 6.23372e-07 1.96901e-06 6.23076e-06 1.9751e-05 6.27118e-05 0.000199422 0.000634989 0.00202348 0.00644319 0.0204038 0.0633108 0.184011 0.44443 0.743907 0.908296 0.970214 0.990637 0.997088 0.999098 0.999721 0.999914 0.999973 0.999992 0.999997 0.999999 1 1 1 1 1 1 1 1 1 1 1 1 1 1 1 1 1 1 1 1 1 1 1 1 1 1 1 1 1 1 1 1 1 1 1 1 1 1 0.999999 0.999998 0.999997 0.999994 0.999989 0.999978 0.99996 0.999926 0.999867 0.999765 0.999593 0.999308 0.998848 0.998121 0.997002 0.995321 0.992864 0.989368 0.984537 0.978074 0.969676 0.959078 0.946203 0.93127 0.914672 0.896789 0.878006 0.858916 0.840487 0.824014 0.810868 0.802216 0.798819 0.800958 0.808413 0.820484 0.836064 0.853809 0.872406 0.890832 0.908458 0.924929 0.939946 0.953164 0.964304 0.973331 0.980447 0.985936 0.990067 0.993097 0.995272 0.996806 0.997868 0.998591 0.999078 0.9994 0.999613 0.999751 0.99984 0.999897 0.999934 0.999957 0.999972 0.999982 0.999988 0.999992 0.999994 0.999996 0.999997 0.999998 0.999998 0.999999 0.999999 0.999999 
0.999996 0.999997 0.999997 0.999997 0.999997 0.999997 0.999996 0.999995 0.999993 0.99999 0.999983 0.999971 0.999945 0.999889 0.999761 0.99946 0.998718 0.996829 0.991883 0.978695 0.943523 0.853784 0.658204 0.373663 0.157107 0.0563874 0.0189341 0.0061762 0.00198428 0.00063112 0.000199143 6.24054e-05 1.94349e-05 6.01823e-06 1.85383e-06 5.68263e-07 1.73402e-07 5.26879e-08 1.59456e-08 4.80781e-09 1.44454e-09 4.32589e-10 1.29141e-10 3.84388e-11 1.14094e-11 3.37754e-12 9.97345e-13 2.93799e-13 8.63502e-14 2.5324e-14 7.41136e-15 2.16473e-15 6.31078e-16 1.83643e-16 5.33469e-17 1.5471e-17 4.47951e-18 1.29501e-18 3.73829e-19 1.07759e-19 3.10196e-20 8.91753e-21 2.56035e-21 7.34206e-22 2.10291e-22 6.01624e-23 1.71928e-23 4.9081e-24 1.39995e-24 3.99635e-25 1.1586e-25 3.84938e-26 2.54944e-26 4.55343e-26 1.13985e-25 2.9999e-25 7.96707e-25 2.12596e-24 5.69886e-24 1.53494e-23 4.15502e-23 1.13063e-22 3.09325e-22 8.50975e-22 2.35437e-21 6.55119e-21 1.83345e-20 5.1609e-20 1.46109e-19 4.16004e-19 1.19112e-18 3.42927e-18 9.92634e-18 2.88839e-17 8.44766e-17 2.48293e-16 7.33278e-16 2.17558e-15 6.48353e-15 1.94046e-14 5.83149e-14 1.75941e-13 5.32837e-13 1.61955e-12 4.93971e-12 1.51165e-11 4.64065e-11 1.42898e-10 4.41304e-10 1.36665e-09 4.24357e-09 1.32102e-08 4.12237e-08 1.28942e-07 4.04209e-07 1.26982e-06 3.99728e-06 1.26075e-05 3.9838e-05 0.000126102 0.000399786 0.001269 0.00402891 0.012756 0.0399033 0.119853 0.318503 0.629809 0.855818 0.951662 0.984621 0.995191 0.998505 0.999537 0.999857 0.999956 0.999986 0.999996 0.999999 1 1 1 1 1 1 1 1 1 1 1 1 1 1 1 1 1 1 1 1 1 1 1 1 1 1 1 1 1 1 1 1 1 1 1 1 1 0.999999 0.999999 0.999998 0.999995 0.99999 0.999981 0.999963 0.999929 0.999867 0.999754 0.999554 0.999206 0.998614 0.997628 0.996025 0.993482 0.98955 0.983634 0.974992 0.962734 0.945925 0.923763 0.895561 0.860849 0.820034 0.774805 0.727374 0.679488 0.63241 0.587575 0.546966 0.512818 0.487013 0.470728 0.464485 0.468402 0.482322 0.505733 0.537542 0.575968 0.618804 0.664001 0.71009 0.756003 0.800441 0.841539 0.877468 0.907374 0.931486 0.950444 0.964895 0.975564 0.983256 0.988693 0.992461 0.995026 0.996747 0.997889 0.998637 0.999123 0.999436 0.999638 0.999767 0.999849 0.999902 0.999935 0.999957 0.999971 0.99998 0.999986 0.99999 0.999992 0.999994 0.999995 0.999996 0.999997 
0.999986 0.999987 0.999988 0.999989 0.999988 0.999987 0.999985 0.999982 0.999975 0.999964 0.999943 0.999903 0.999824 0.999657 0.99929 0.998449 0.996441 0.991494 0.979002 0.947225 0.868822 0.697937 0.430056 0.196007 0.0744547 0.0260306 0.00876622 0.0028946 0.000943604 0.000304556 9.7466e-05 3.09558e-05 9.76409e-06 3.0603e-06 9.53559e-07 2.95508e-07 9.11155e-08 2.79618e-08 8.54317e-09 2.59942e-09 7.87851e-10 2.37916e-10 7.15983e-11 2.14767e-11 6.42233e-12 1.91491e-12 5.69378e-13 1.68853e-13 4.9949e-14 1.47404e-14 4.34011e-15 1.27511e-15 3.73846e-16 1.09389e-16 3.19467e-17 9.31293e-18 2.7101e-18 7.87325e-19 2.2836e-19 6.6132e-20 1.91229e-20 5.52164e-21 1.59213e-21 4.58469e-22 1.31849e-22 3.78708e-23 1.08646e-23 3.11352e-24 8.91983e-25 2.57162e-25 7.90075e-26 3.70523e-26 4.85135e-26 1.1333e-25 2.93929e-25 7.73884e-25 2.04735e-24 5.43791e-24 1.45035e-23 3.88542e-23 1.04578e-22 2.82866e-22 7.69052e-22 2.10203e-21 5.77685e-21 1.59647e-20 4.43691e-20 1.24013e-19 3.48597e-19 9.85461e-19 2.80152e-18 8.00857e-18 2.30187e-17 6.65151e-17 1.93205e-16 5.64047e-16 1.65479e-15 4.87794e-15 1.44452e-14 4.29669e-14 1.2835e-13 3.84985e-13 1.15932e-12 3.50434e-12 1.06313e-11 3.23654e-11 9.88612e-11 3.02942e-10 9.3116e-10 2.87054e-09 8.87409e-09 2.75076e-08 8.54869e-08 2.66329e-07 8.31691e-07 2.60308e-06 8.1649e-06 2.56632e-05 8.08206e-05 0.000254989 0.000805739 0.00254834 0.00805161 0.0252653 0.0773233 0.218688 0.499153 0.780707 0.922885 0.975022 0.99213 0.997543 0.999236 0.999763 0.999926 0.999977 0.999993 0.999998 0.999999 1 1 1 1 1 1 1 1 1 1 1 1 1 1 1 1 1 1 1 1 1 1 1 1 1 1 1 1 1 1 1 1 1 1 1 1 0.999999 0.999998 0.999996 0.999993 0.999985 0.999969 0.999939 0.99988 0.999768 0.999561 0.999183 0.998507 0.997324 0.995298 0.991909 0.98638 0.977606 0.964085 0.943927 0.915014 0.875152 0.822742 0.757952 0.682463 0.599102 0.513469 0.433645 0.365835 0.311485 0.268767 0.235233 0.209133 0.189477 0.175695 0.167391 0.164279 0.166225 0.173265 0.185587 0.20347 0.227297 0.257729 0.296019 0.344155 0.404156 0.476075 0.55593 0.636621 0.711944 0.778729 0.835424 0.881067 0.916016 0.94189 0.960534 0.973596 0.982546 0.988579 0.992585 0.995212 0.996919 0.99802 0.998726 0.999179 0.999467 0.999652 0.99977 0.999847 0.999896 0.999928 0.999949 0.999963 0.999972 0.999979 0.999983 0.999986 0.999987 
0.999947 0.999954 0.999957 0.999958 0.999957 0.999954 0.999946 0.999933 0.999911 0.999873 0.999804 0.999677 0.999428 0.998921 0.99784 0.995434 0.989882 0.976702 0.945017 0.87055 0.713014 0.461963 0.224815 0.0903371 0.0330168 0.0115326 0.00393068 0.00131837 0.000436759 0.000143189 4.65117e-05 1.49823e-05 4.7893e-06 1.52023e-06 4.79431e-07 1.50289e-07 4.68487e-08 1.45279e-08 4.48321e-09 1.37719e-09 4.2125e-10 1.28332e-10 3.89478e-11 1.17781e-11 3.54975e-12 1.06642e-12 3.19401e-13 9.53876e-14 2.8409e-14 8.43889e-15 2.50054e-15 7.39178e-16 2.18012e-16 6.41605e-17 1.88431e-17 5.523e-18 1.61573e-18 4.71809e-19 1.37531e-19 4.00221e-20 1.16277e-20 3.37293e-21 9.76936e-22 2.82549e-22 8.16042e-23 2.35367e-23 6.77999e-24 1.95132e-24 5.62838e-25 1.67145e-25 6.25168e-26 5.59358e-26 1.15243e-25 2.92438e-25 7.63736e-25 2.00601e-24 5.28711e-24 1.39835e-23 3.71242e-23 9.89615e-23 2.64953e-22 7.12656e-22 1.92619e-21 5.23255e-21 1.4289e-20 3.92304e-20 1.08299e-19 3.00633e-19 8.39226e-19 2.3559e-18 6.65058e-18 1.88786e-17 5.38835e-17 1.54625e-16 4.46061e-16 1.29344e-15 3.76944e-15 1.10389e-14 3.24806e-14 9.60083e-14 2.85043e-13 8.49884e-13 2.54442e-12 7.64773e-12 2.30739e-11 6.98704e-11 2.12316e-10 6.47338e-10 1.98005e-09 6.07522e-09 1.86953e-08 5.76948e-08 1.78534e-07 5.53906e-07 1.7228e-06 5.37124e-06 1.67845e-05 5.25638e-05 0.000164952 0.000518599 0.00163272 0.00514109 0.0161301 0.0498461 0.146489 0.371726 0.681096 0.879715 0.959984 0.987254 0.996 0.998751 0.999611 0.999879 0.999962 0.999988 0.999996 0.999999 1 1 1 1 1 1 1 1 1 1 1 1 1 1 1 1 1 1 1 1 1 1 1 1 1 1 1 1 1 1 1 1 1 1 1 0.999999 0.999999 0.999998 0.999995 0.999989 0.999977 0.999952 0.999902 0.999803 0.999611 0.999245 0.998559 0.997298 0.995028 0.991036 0.984179 0.972722 0.954161 0.925173 0.88182 0.820299 0.738864 0.639011 0.527576 0.4186 0.325307 0.251684 0.195421 0.153247 0.122297 0.0998476 0.0834773 0.0713752 0.0623887 0.0558492 0.0513677 0.0487037 0.0477119 0.0483308 0.0505828 0.0545692 0.06047 0.0685727 0.0793648 0.0936969 0.112949 0.139044 0.174174 0.22046 0.2801 0.355546 0.447323 0.549475 0.649943 0.738673 0.811742 0.868572 0.910405 0.940027 0.960451 0.974194 0.983281 0.989218 0.993059 0.995529 0.997111 0.998123 0.99877 0.999186 0.999454 0.999628 0.999741 0.999816 0.999866 0.999899 0.999922 0.999937 0.999947 0.999954 
0.999805 0.999828 0.999841 0.999845 0.999842 0.999828 0.999802 0.999757 0.99968 0.99955 0.999322 0.998907 0.998118 0.996551 0.993306 0.986318 0.970807 0.935864 0.8587 0.704251 0.465964 0.237218 0.100326 0.0384177 0.0139783 0.00493987 0.0017119 0.000584346 0.000196937 6.56307e-05 2.16521e-05 7.0778e-06 2.29425e-06 7.37942e-07 2.35666e-07 7.47647e-08 2.35735e-08 7.39034e-09 2.30452e-09 7.15029e-10 2.20814e-10 6.78914e-11 2.07873e-11 6.33988e-12 1.92644e-12 5.83324e-13 1.76045e-13 5.29624e-14 1.58859e-14 4.7514e-15 1.41727e-15 4.21659e-16 1.2514e-16 3.70517e-17 1.09456e-17 3.22649e-18 9.49123e-19 2.78645e-19 8.16494e-20 2.38813e-20 6.97265e-21 2.03236e-21 5.9142e-22 1.71833e-22 4.98495e-23 1.44407e-23 4.1781e-24 1.20915e-24 3.54533e-25 1.16943e-25 7.20789e-26 1.20641e-25 2.94847e-25 7.63369e-25 1.99322e-24 5.22072e-24 1.3713e-23 3.61306e-23 9.55209e-23 2.53477e-22 6.75345e-22 1.80709e-21 4.85747e-21 1.31195e-20 3.56113e-20 9.7162e-20 2.66503e-19 7.3494e-19 2.03787e-18 5.68192e-18 1.59299e-17 4.49082e-17 1.27295e-16 3.62781e-16 1.03941e-15 2.99363e-15 8.66609e-15 2.52121e-14 7.37046e-14 2.16481e-13 6.38731e-13 1.89289e-12 5.63347e-12 1.68346e-11 5.0506e-11 1.521e-10 4.59729e-10 1.39443e-09 4.2438e-09 1.29574e-08 3.96854e-08 1.2191e-07 3.75567e-07 1.16019e-06 3.59346e-06 1.11582e-05 3.47313e-05 0.000108353 0.000338754 0.00106097 0.00332611 0.0104118 0.0323019 0.0970865 0.264668 0.562008 0.817826 0.936968 0.979611 0.993554 0.997978 0.999368 0.999803 0.999939 0.999981 0.999994 0.999998 0.999999 1 1 1 1 1 1 1 1 1 1 1 1 1 1 1 1 1 1 1 1 1 1 1 1 1 1 1 1 1 1 1 1 1 1 0.999999 0.999998 0.999997 0.999993 0.999984 0.999966 0.999927 0.999849 0.999689 0.999372 0.998749 0.997551 0.995292 0.991118 0.983586 0.970359 0.947858 0.911082 0.853941 0.771043 0.661157 0.531523 0.401953 0.2927 0.209784 0.149958 0.108129 0.0792656 0.0592326 0.0452058 0.0353594 0.0284227 0.0234767 0.0198926 0.0172768 0.0153981 0.0141217 0.0133666 0.0130859 0.0132607 0.0138981 0.0150306 0.0167189 0.0190636 0.0222353 0.0265252 0.0324042 0.0405618 0.0519161 0.0676686 0.0895418 0.120123 0.162799 0.221076 0.298099 0.395684 0.50935 0.624652 0.726332 0.807938 0.86928 0.912886 0.942761 0.962748 0.975867 0.984379 0.989868 0.993393 0.995657 0.997115 0.998057 0.99867 0.999071 0.999337 0.999514 0.999633 0.999714 0.999769 0.999805 0.999828 
0.999279 0.999362 0.999409 0.999425 0.999412 0.999365 0.999272 0.999114 0.998848 0.998403 0.997638 0.996272 0.993739 0.988846 0.979032 0.958752 0.916289 0.829447 0.669203 0.440525 0.229928 0.101615 0.0408005 0.015523 0.00571377 0.00205496 0.000725722 0.000252377 8.65866e-05 2.93482e-05 9.83867e-06 3.26538e-06 1.07384e-06 3.50161e-07 1.13293e-07 3.63915e-08 1.16112e-08 3.68162e-09 1.16055e-09 3.63849e-10 1.13489e-10 3.52287e-11 1.08862e-11 3.34967e-12 1.02655e-12 3.13402e-13 9.53361e-14 2.89019e-14 8.73344e-15 2.63088e-15 7.90203e-16 2.36678e-16 7.06993e-17 2.1065e-17 6.26103e-18 1.85658e-18 5.49299e-19 1.6217e-19 4.77788e-20 1.40488e-20 4.12305e-21 1.20782e-21 3.53199e-22 1.0311e-22 3.00521e-23 8.74583e-24 2.54335e-24 7.43688e-25 2.30499e-25 1.05709e-25 1.31811e-25 3.01042e-25 7.70553e-25 2.00211e-24 5.21885e-24 1.3634e-23 3.57035e-23 9.37519e-23 2.46929e-22 6.52569e-22 1.73092e-21 4.60945e-21 1.23272e-20 3.3115e-20 8.93787e-20 2.42423e-19 6.60873e-19 1.81102e-18 4.98929e-18 1.38195e-17 3.84864e-17 1.07767e-16 3.03407e-16 8.58831e-16 2.44404e-15 6.99184e-15 2.01056e-14 5.81079e-14 1.6877e-13 4.92536e-13 1.44413e-12 4.25339e-12 1.25825e-11 3.73794e-11 1.11499e-10 3.33903e-10 1.00373e-09 3.02831e-09 9.16874e-09 2.7854e-08 8.48938e-08 2.5955e-07 7.95918e-07 2.44775e-06 7.54863e-06 2.3341e-05 7.23553e-05 0.000224829 0.000700096 0.00218339 0.00680879 0.021128 0.0642738 0.183411 0.437651 0.734484 0.902784 0.967849 0.989735 0.996762 0.998984 0.999682 0.9999 0.999969 0.99999 0.999997 0.999999 1 1 1 1 1 1 1 1 1 1 1 1 1 1 1 1 1 1 1 1 1 1 1 1 1 1 1 1 1 1 1 1 1 1 0.999999 0.999998 0.999996 0.99999 0.999978 0.999951 0.999895 0.999775 0.999527 0.99902 0.998003 0.995994 0.992108 0.984753 0.971189 0.946965 0.905482 0.838399 0.738494 0.605924 0.456967 0.321787 0.21821 0.145694 0.0973545 0.0657922 0.0451945 0.0316935 0.0227626 0.0167554 0.0126471 0.0098069 0.00782515 0.00642351 0.00541667 0.00468828 0.00416893 0.00381778 0.00361059 0.00353365 0.00358149 0.00375611 0.00406704 0.00453237 0.00518259 0.00606914 0.00727818 0.00894702 0.0112789 0.0145579 0.019185 0.025767 0.0352513 0.0490362 0.0690705 0.0981288 0.140111 0.199529 0.280317 0.384368 0.506209 0.628674 0.734288 0.816664 0.876763 0.918402 0.946393 0.964872 0.976916 0.98473 0.989801 0.993095 0.995248 0.996666 0.997607 0.998236 0.998662 0.998951 0.999148 0.999279 0.999362 
0.997336 0.997636 0.997804 0.997863 0.997816 0.997649 0.997322 0.996763 0.99584 0.994313 0.991733 0.98723 0.97909 0.963888 0.934765 0.878647 0.774253 0.602262 0.385975 0.203606 0.0934896 0.0393762 0.015718 0.00605251 0.00226928 0.000832702 0.000299997 0.000106348 3.71584e-05 1.28148e-05 4.36717e-06 1.47221e-06 4.91372e-07 1.62504e-07 5.3289e-08 1.73381e-08 5.60015e-09 1.7966e-09 5.72731e-10 1.81501e-10 5.71998e-11 1.79327e-11 5.59459e-12 1.73733e-12 5.37159e-13 1.65398e-13 5.07297e-14 1.55019e-14 4.72043e-15 1.4326e-15 4.33399e-16 1.30718e-16 3.93119e-17 1.179e-17 3.52662e-18 1.05222e-18 3.13187e-19 9.30024e-20 2.75562e-20 8.14736e-21 2.40394e-21 7.07903e-22 2.08065e-22 6.10429e-23 1.78782e-23 5.2293e-24 1.53229e-24 4.6187e-25 1.74123e-25 1.5361e-25 3.11755e-25 7.83601e-25 2.02693e-24 5.26518e-24 1.37004e-23 3.5711e-23 9.32719e-23 2.44187e-22 6.41005e-22 1.68775e-21 4.4586e-21 1.18213e-20 3.14654e-20 8.4104e-20 2.25799e-19 6.09037e-19 1.65069e-18 4.49634e-18 1.23106e-17 3.38826e-17 9.37515e-17 2.60798e-16 7.29394e-16 2.05092e-15 5.79758e-15 1.64753e-14 4.70628e-14 1.35126e-13 3.89915e-13 1.13063e-12 3.29413e-12 9.64205e-12 2.83497e-11 8.37176e-11 2.48265e-10 7.39231e-10 2.2098e-09 6.63087e-09 1.99699e-08 6.03545e-08 1.83027e-07 5.56848e-07 1.6995e-06 5.20252e-06 1.59722e-05 4.91724e-05 0.000151782 0.000469647 0.0014561 0.00451853 0.0139889 0.0427847 0.125515 0.325396 0.631276 0.85396 0.950154 0.983872 0.994877 0.998384 0.999492 0.99984 0.99995 0.999984 0.999995 0.999998 1 1 1 1 1 1 1 1 1 1 1 1 1 1 1 1 1 1 1 1 1 1 1 1 1 1 1 1 1 1 1 1 1 1 0.999999 0.999998 0.999994 0.999987 0.99997 0.999933 0.999852 0.999677 0.999306 0.998529 0.996929 0.993694 0.987283 0.974884 0.951627 0.909785 0.838915 0.72933 0.581545 0.419079 0.279306 0.178414 0.112091 0.070506 0.0448285 0.0289914 0.0191479 0.0129389 0.00896149 0.00637157 0.00465194 0.00348849 0.0026901 0.00213563 0.00174516 0.00146621 0.00126565 0.00112344 0.00102765 0.000971251 0.000950321 0.000963303 0.00101076 0.00109541 0.00122247 0.00140085 0.00164543 0.0019807 0.00244516 0.00309599 0.00401502 0.00532136 0.00719763 0.00992972 0.0139528 0.0199172 0.0288202 0.0421965 0.062278 0.092207 0.136321 0.199608 0.286109 0.396772 0.523408 0.64633 0.748958 0.827079 0.883045 0.921437 0.947218 0.964341 0.975638 0.983102 0.988064 0.991378 0.993607 0.995122 0.996158 0.996865 0.997336 0.997636 
0.990186 0.991259 0.991862 0.992072 0.991907 0.991315 0.990164 0.988204 0.985 0.979791 0.97118 0.956557 0.931133 0.886328 0.808041 0.679328 0.498087 0.307424 0.163292 0.0777979 0.0344142 0.0144585 0.00584824 0.00229581 0.000879073 0.000329425 0.00012112 4.37791e-05 1.55822e-05 5.46907e-06 1.89522e-06 6.49133e-07 2.19962e-07 7.38025e-08 2.45373e-08 8.08922e-09 2.6459e-09 8.5913e-10 2.77063e-10 8.87813e-11 2.82789e-11 8.957e-12 2.82204e-12 8.84708e-13 2.76053e-13 8.57536e-14 2.65267e-14 8.17301e-15 2.50861e-15 7.67224e-16 2.33842e-16 7.10401e-17 2.15146e-17 6.4964e-18 1.95604e-18 5.8736e-19 1.75914e-19 5.25551e-20 1.56636e-20 4.65769e-21 1.38195e-21 4.09163e-22 1.20897e-22 3.56528e-23 1.04963e-23 3.08982e-24 9.2178e-25 3.1033e-25 1.95634e-25 3.29184e-25 8.0141e-25 2.06264e-24 5.34545e-24 1.38729e-23 3.60438e-23 9.37736e-23 2.44375e-22 6.38119e-22 1.67017e-21 4.38301e-21 1.15366e-20 3.04658e-20 8.0743e-20 2.1482e-19 5.73901e-19 1.53991e-18 4.15089e-18 1.12424e-17 3.05995e-17 8.37078e-17 2.30175e-16 6.36243e-16 1.76799e-15 4.93894e-15 1.38703e-14 3.91578e-14 1.11125e-13 3.16982e-13 9.0876e-13 2.61826e-12 7.58013e-12 2.2049e-11 6.44313e-11 1.89122e-10 5.57526e-10 1.65048e-09 4.90586e-09 1.46394e-08 4.38507e-08 1.3183e-07 3.97726e-07 1.204e-06 3.6567e-06 1.11408e-05 3.40454e-05 0.00010434 0.000320641 0.000987686 0.00304729 0.00939612 0.0287655 0.0857203 0.234867 0.516425 0.787674 0.924251 0.975042 0.992001 0.997462 0.999198 0.999747 0.99992 0.999975 0.999992 0.999998 0.999999 1 1 1 1 1 1 1 1 1 1 1 1 1 1 1 1 1 1 1 1 1 1 1 1 1 1 1 1 1 1 1 1 0.999999 0.999999 0.999997 0.999993 0.999983 0.999961 0.999911 0.999799 0.999553 0.999017 0.99787 0.995452 0.990446 0.980309 0.960342 0.922512 0.854896 0.744655 0.589425 0.41495 0.266044 0.161914 0.0964912 0.0574269 0.0345053 0.0210739 0.0131298 0.00836551 0.00546052 0.0036549 0.00251102 0.00177253 0.00128599 0.000959165 0.000736089 0.00058174 0.000473429 0.000396399 0.000341307 0.000302431 0.000276341 0.000261011 0.000255325 0.000258842 0.00027172 0.000294727 0.000329362 0.000378185 0.000445444 0.000538018 0.000666619 0.000847177 0.00110285 0.00146792 0.00199509 0.00276657 0.00390883 0.00561555 0.00818924 0.0121047 0.018091 0.027264 0.0413331 0.0627867 0.0950727 0.142755 0.210663 0.302041 0.41609 0.541968 0.659726 0.755796 0.8283 0.88033 0.916381 0.941028 0.957821 0.969223 0.976978 0.9823 0.985976 0.988497 0.990186 0.991259 
0.964245 0.968005 0.97012 0.970861 0.970289 0.968234 0.964254 0.957533 0.946726 0.929605 0.902347 0.858478 0.788354 0.680796 0.53158 0.363261 0.218103 0.117604 0.0583541 0.0271813 0.012056 0.00514099 0.00212145 0.00085104 0.000333033 0.000127474 4.78329e-05 1.76293e-05 6.3924e-06 2.28371e-06 8.04858e-07 2.80148e-07 9.64005e-08 3.28231e-08 1.10671e-08 3.69787e-09 1.22521e-09 4.02769e-10 1.31438e-10 4.25995e-11 1.37182e-11 4.39105e-12 1.39756e-12 4.42435e-13 1.39359e-13 4.36861e-14 1.3633e-14 4.23619e-15 1.31097e-15 4.04142e-16 1.2413e-16 3.79926e-17 1.15896e-17 3.52417e-18 1.06837e-18 3.22939e-19 9.73437e-20 2.92642e-20 8.7751e-21 2.62483e-21 7.83293e-22 2.33219e-22 6.92883e-23 2.05441e-23 6.08446e-24 1.8125e-24 5.75293e-25 2.75989e-25 3.58123e-25 8.23729e-25 2.10472e-24 5.44646e-24 1.4116e-23 3.66057e-23 9.49937e-23 2.46763e-22 6.41866e-22 1.67235e-21 4.36588e-21 1.14241e-20 2.99717e-20 7.88648e-20 2.08194e-19 5.51557e-19 1.4668e-18 3.91671e-18 1.05037e-17 2.82959e-17 7.65854e-17 2.08294e-16 5.69342e-16 1.56415e-15 4.31937e-15 1.19901e-14 3.34574e-14 9.38481e-14 2.64614e-13 7.49946e-13 2.13624e-12 6.11559e-12 1.75935e-11 5.08565e-11 1.47697e-10 4.30898e-10 1.2627e-09 3.71618e-09 1.09826e-08 3.25885e-08 9.70784e-08 2.90283e-07 8.71177e-07 2.62374e-06 7.92882e-06 2.40391e-05 7.31118e-05 0.000223022 0.00068216 0.002091 0.00641338 0.019595 0.058843 0.166966 0.403863 0.70344 0.887599 0.962032 0.987691 0.996067 0.998751 0.999604 0.999875 0.999961 0.999988 0.999996 0.999999 1 1 1 1 1 1 1 1 1 1 1 1 1 1 1 1 1 1 1 1 1 1 1 1 1 1 1 1 1 1 1 1 0.999999 0.999998 0.999996 0.999991 0.999979 0.999951 0.999886 0.999737 0.999402 0.998658 0.997028 0.993512 0.986075 0.970716 0.940051 0.881908 0.780597 0.627364 0.442716 0.278352 0.163437 0.0931157 0.0527193 0.0300555 0.0173842 0.0102434 0.00616566 0.00379728 0.00239597 0.00155054 0.00102988 0.000702626 0.000492771 0.000355402 0.000263687 0.000201399 0.000158463 0.00012844 0.000107177 9.20434e-05 8.14126e-05 7.43032e-05 7.01351e-05 6.85897e-05 6.95424e-05 7.30374e-05 7.92921e-05 8.8735e-05 0.000102098 0.000120584 0.000146122 0.000181688 0.000231723 0.000302759 0.000404562 0.000552157 0.000768918 0.00109098 0.00157425 0.00230653 0.00342614 0.00514913 0.00781347 0.011949 0.018369 0.0283045 0.043597 0.0668356 0.101462 0.15172 0.221475 0.312538 0.422732 0.541135 0.650345 0.739509 0.807764 0.858054 0.893967 0.919239 0.937051 0.949614 0.958352 0.964245 0.968005 
0.875161 0.887259 0.894121 0.896543 0.894699 0.888088 0.875416 0.854457 0.821954 0.773518 0.703367 0.605437 0.48068 0.3465 0.227191 0.136374 0.0757613 0.0394114 0.0193973 0.00910827 0.0041071 0.0017875 0.000753919 0.000309188 0.000123642 4.83295e-05 1.85049e-05 6.95348e-06 2.5685e-06 9.34024e-07 3.34813e-07 1.18445e-07 4.13955e-08 1.43058e-08 4.89274e-09 1.6573e-09 5.5635e-10 1.85208e-10 6.1175e-11 2.0059e-11 6.53221e-12 2.11354e-12 6.79712e-13 2.17347e-13 6.91253e-14 2.18727e-14 6.88762e-15 2.15896e-15 6.73803e-16 2.09424e-16 6.48352e-17 1.99972e-17 6.14578e-18 1.88237e-18 5.7467e-19 1.74896e-19 5.30699e-20 1.60575e-20 4.84526e-21 1.4582e-21 4.37747e-22 1.31093e-22 3.91694e-23 1.16826e-23 3.49106e-24 1.07785e-24 4.27529e-25 4.07904e-25 8.51719e-25 2.14915e-24 5.55552e-24 1.43955e-23 3.73062e-23 9.66916e-23 2.50705e-22 6.50481e-22 1.68943e-21 4.3936e-21 1.14449e-20 2.98718e-20 7.81454e-20 2.04964e-19 5.39164e-19 1.42285e-18 3.76809e-18 1.00166e-17 2.67342e-17 7.16571e-17 1.92924e-16 5.21826e-16 1.41822e-15 3.87345e-15 1.06323e-14 2.93335e-14 8.13443e-14 2.26739e-13 6.35274e-13 1.78903e-12 5.06382e-12 1.44051e-11 4.11808e-11 1.18298e-10 3.41444e-10 9.90088e-10 2.88397e-09 8.43755e-09 2.47913e-08 7.31446e-08 2.16677e-07 6.4437e-07 1.92351e-06 5.76282e-06 1.73262e-05 5.22684e-05 0.00015819 0.000480205 0.00146148 0.00445459 0.0135556 0.0408055 0.118236 0.305899 0.604866 0.837861 0.943354 0.981358 0.993994 0.998081 0.999389 0.999806 0.999938 0.999981 0.999994 0.999998 0.999999 1 1 1 1 1 1 1 1 1 1 1 1 1 1 1 1 1 1 1 1 1 1 1 1 1 1 1 1 1 1 1 0.999999 0.999998 0.999996 0.99999 0.999975 0.99994 0.999858 0.999668 0.999229 0.998233 0.996002 0.991086 0.980473 0.958184 0.913321 0.829193 0.689679 0.50204 0.317409 0.182719 0.100483 0.0544548 0.0295818 0.016258 0.00908532 0.00517783 0.00301504 0.00179639 0.00109631 0.000685957 0.000440439 0.000290405 0.000196774 0.000137116 9.83057e-05 7.25454e-05 5.5138e-05 4.31876e-05 3.48623e-05 2.89908e-05 2.48307e-05 2.19212e-05 1.99822e-05 1.88479e-05 1.84275e-05 1.86856e-05 1.96348e-05 2.13365e-05 2.39129e-05 2.75722e-05 3.26545e-05 3.96993e-05 4.95358e-05 6.34046e-05 8.3147e-05 0.000111536 0.000152842 0.000213693 0.000304374 0.00044089 0.000648402 0.000966588 0.00145778 0.00222011 0.00340807 0.00526223 0.00815474 0.0126569 0.0196211 0.0302943 0.0464502 0.0704141 0.105058 0.153588 0.218308 0.299523 0.395109 0.497829 0.595226 0.677442 0.742309 0.792078 0.829416 0.856467 0.875161 0.887259 
0.624599 0.652954 0.669581 0.675561 0.671064 0.655135 0.62569 0.580018 0.516483 0.437336 0.34991 0.263503 0.18577 0.122269 0.0754083 0.0437672 0.024022 0.0125313 0.00624314 0.0029835 0.001373 0.000610598 0.000263235 0.000110322 4.50625e-05 1.79803e-05 7.02264e-06 2.68984e-06 1.01203e-06 3.74576e-07 1.36567e-07 4.91048e-08 1.74316e-08 6.11506e-09 2.12172e-09 7.28679e-10 2.47886e-10 8.35812e-11 2.79486e-11 9.27326e-12 3.05447e-12 9.99217e-13 3.24772e-13 1.04919e-13 3.37001e-14 1.07658e-14 3.4216e-15 1.08216e-15 3.40675e-16 1.06777e-16 3.33269e-17 1.03605e-17 3.20858e-18 9.90079e-19 3.04452e-19 9.33102e-20 2.85075e-20 8.68301e-21 2.63703e-21 7.9863e-22 2.41219e-22 7.26723e-23 2.18452e-23 6.56513e-24 2.00546e-24 7.07675e-25 4.95504e-25 8.88932e-25 2.19269e-24 5.6603e-24 1.46779e-23 3.80573e-23 9.86355e-23 2.55588e-22 6.62341e-22 1.71706e-21 4.45434e-21 1.15668e-20 3.00752e-20 7.83276e-20 2.04394e-19 5.34575e-19 1.40175e-18 3.68628e-18 9.72499e-18 2.57451e-17 6.841e-17 1.82503e-16 4.88926e-16 1.3156e-15 3.55625e-15 9.65852e-15 2.63592e-14 7.22937e-14 1.99272e-13 5.5206e-13 1.53721e-12 4.30212e-12 1.21012e-11 3.42096e-11 9.71892e-11 2.77464e-10 7.95931e-10 2.29395e-09 6.64178e-09 1.93166e-08 5.64251e-08 1.65523e-07 4.87567e-07 1.44195e-06 4.28103e-06 1.27579e-05 3.81577e-05 0.000114524 0.000344858 0.00104151 0.00315223 0.00954 0.0286847 0.0840684 0.227513 0.500288 0.773735 0.917329 0.972259 0.990971 0.997094 0.99907 0.999703 0.999905 0.99997 0.99999 0.999997 0.999999 1 1 1 1 1 1 1 1 1 1 1 1 1 1 1 1 1 1 1 1 1 1 1 1 1 1 1 1 1 1 1 0.999999 0.999998 0.999995 0.999988 0.999971 0.99993 0.99983 0.999594 0.999039 0.997753 0.994813 0.9882 0.973651 0.942671 0.880195 0.765852 0.590094 0.387743 0.223964 0.120504 0.0630098 0.0327848 0.0171872 0.00913739 0.00494421 0.00272884 0.00153863 0.0008873 0.000523892 0.00031699 0.000196725 0.00012533 8.20269e-05 5.51927e-05 3.82069e-05 2.72254e-05 1.99794e-05 1.51083e-05 1.17789e-05 9.46861e-06 7.84606e-06 6.70154e-06 5.90446e-06 5.37507e-06 5.06606e-06 4.95159e-06 5.02158e-06 5.27953e-06 5.74292e-06 6.44642e-06 7.44917e-06 8.84703e-06 1.0791e-05 1.35126e-05 1.73591e-05 2.28499e-05 3.07717e-05 4.2336e-05 5.94244e-05 8.49624e-05 0.000123519 0.000182282 0.000272586 0.000412285 0.000629516 0.000968583 0.00149871 0.00232747 0.00362066 0.00562933 0.0087283 0.0134662 0.0206135 0.0312241 0.0466741 0.0685571 0.0985918 0.138474 0.188976 0.249092 0.316706 0.389038 0.461556 0.528019 0.583105 0.624599 0.652954 
0.260544 0.282234 0.296155 0.30143 0.29752 0.284215 0.261768 0.231191 0.194646 0.155568 0.117932 0.0848445 0.057851 0.0373355 0.0228448 0.013283 0.00735785 0.00389391 0.0019747 0.000962513 0.000452269 0.000205454 9.04786e-05 3.87255e-05 1.61472e-05 6.57344e-06 2.61787e-06 1.02176e-06 3.91476e-07 1.47454e-07 5.46748e-08 1.99808e-08 7.20458e-09 2.56565e-09 9.03161e-10 3.14527e-10 1.08441e-10 3.70389e-11 1.25404e-11 4.2111e-12 1.40322e-12 4.64195e-13 1.52512e-13 4.9786e-14 1.61534e-14 5.21092e-15 1.67184e-15 5.33611e-16 1.69481e-16 5.35779e-17 1.68624e-17 5.28462e-18 1.64951e-18 5.12884e-19 1.58886e-19 4.90479e-20 1.50901e-20 4.62766e-21 1.41477e-21 4.31242e-22 1.31077e-22 3.97373e-23 1.20291e-23 3.66904e-24 1.21302e-24 6.50297e-25 9.42866e-25 2.23342e-24 5.74899e-24 1.493e-23 3.87711e-23 1.00596e-22 2.60812e-22 6.75873e-22 1.75109e-21 4.53713e-21 1.17602e-20 3.05028e-20 7.91938e-20 2.05877e-19 5.3608e-19 1.3986e-18 3.65707e-18 9.58711e-18 2.52049e-17 6.64742e-17 1.75918e-16 4.67268e-16 1.24603e-15 3.33649e-15 8.97298e-15 2.42406e-14 6.57917e-14 1.79421e-13 4.91693e-13 1.35413e-12 3.74793e-12 1.04256e-11 2.91462e-11 8.189e-11 2.31221e-10 6.56068e-10 1.87053e-09 5.35841e-09 1.54215e-08 4.45853e-08 1.29475e-07 3.77622e-07 1.10602e-06 3.25271e-06 9.60411e-06 2.84671e-05 8.46923e-05 0.000252863 0.000757433 0.00227489 0.00683968 0.0204915 0.0603526 0.168072 0.40064 0.696082 0.882325 0.959505 0.986654 0.995671 0.998605 0.999552 0.999856 0.999954 0.999985 0.999995 0.999999 1 1 1 1 1 1 1 1 1 1 1 1 1 1 1 1 1 1 1 1 1 1 1 1 1 1 1 1 1 1 1 0.999999 0.999998 0.999995 0.999987 0.999968 0.99992 0.999803 0.999521 0.998844 0.997243 0.993508 0.984943 0.965772 0.924508 0.841676 0.695727 0.492698 0.295507 0.15888 0.0811026 0.0406995 0.0204481 0.0103802 0.00534967 0.00280668 0.00150163 0.000820344 0.000458106 0.000261756 0.000153179 9.18891e-05 5.65553e-05 3.57439e-05 2.32164e-05 1.55091e-05 1.06633e-05 7.55047e-06 5.50888e-06 4.14383e-06 3.21512e-06 2.57344e-06 2.12468e-06 1.80952e-06 1.59094e-06 1.44625e-06 1.36198e-06 1.33077e-06 1.34976e-06 1.41993e-06 1.54622e-06 1.73848e-06 2.01345e-06 2.39812e-06 2.93481e-06 3.68822e-06 4.75582e-06 6.28421e-06 8.4964e-06 1.17363e-05 1.65382e-05 2.37347e-05 3.46292e-05 5.12731e-05 7.69022e-05 0.000116617 0.000178457 0.000275065 0.000426198 0.000662536 0.00103131 0.00160417 0.00248833 0.00384124 0.00588746 0.00893992 0.0134187 0.019851 0.0288735 0.0412091 0.0574992 0.0781314 0.103281 0.132817 0.165761 0.199933 0.232434 0.260544 0.282234 
0.0799789 0.0876197 0.0926461 0.0945807 0.0931612 0.0883744 0.0804966 0.0701324 0.0582246 0.0459605 0.0345042 0.024667 0.0167907 0.0108757 0.00670904 0.00394749 0.00221932 0.00119472 0.000617262 0.000306835 0.000147121 6.82154e-05 3.06618e-05 1.33921e-05 5.69645e-06 2.36466e-06 9.59784e-07 3.81581e-07 1.48836e-07 5.7039e-08 2.1506e-08 7.98715e-09 2.92515e-09 1.05744e-09 3.77672e-10 1.33375e-10 4.66082e-11 1.61278e-11 5.52943e-12 1.87944e-12 6.33639e-13 2.11998e-13 7.04188e-14 2.3232e-14 7.61537e-15 2.48113e-15 8.03713e-16 2.58926e-16 8.29834e-17 2.64643e-17 8.40011e-18 2.65438e-18 8.35189e-19 2.61718e-19 8.16936e-20 2.54052e-20 7.8724e-21 2.43112e-21 7.48311e-22 2.29613e-22 7.02473e-23 2.14428e-23 6.56356e-24 2.09965e-24 9.20808e-25 1.02725e-24 2.27162e-24 5.81079e-24 1.51194e-23 3.93603e-23 1.02342e-22 2.65775e-22 6.89504e-22 1.78743e-21 4.6313e-21 1.19972e-20 3.10804e-20 8.0547e-20 2.08883e-19 5.42225e-19 1.40935e-18 3.66908e-18 9.57045e-18 2.50195e-17 6.55735e-17 1.7235e-16 4.54412e-16 1.20216e-15 3.19197e-15 8.50824e-15 2.27719e-14 6.12095e-14 1.65262e-13 4.48251e-13 1.22157e-12 3.34503e-12 9.20451e-12 2.5453e-11 7.0733e-11 1.97539e-10 5.54396e-10 1.56354e-09 4.43096e-09 1.2617e-08 3.60952e-08 1.03738e-07 2.99491e-07 8.68438e-07 2.52906e-06 7.39599e-06 2.1717e-05 6.40196e-05 0.000189439 0.000562562 0.00167574 0.00500105 0.0149034 0.0439179 0.124417 0.31419 0.608667 0.837146 0.942116 0.980627 0.993657 0.997941 0.999335 0.999786 0.999931 0.999978 0.999993 0.999998 0.999999 1 1 1 1 1 1 1 1 1 1 1 1 1 1 1 1 1 1 1 1 1 1 1 1 1 1 1 1 1 1 0.999999 0.999998 0.999995 0.999986 0.999965 0.999912 0.999779 0.999452 0.998655 0.996732 0.992159 0.981472 0.957171 0.904438 0.799694 0.62419 0.406795 0.226142 0.114872 0.0561805 0.0272213 0.0132532 0.00652923 0.0032668 0.00166354 0.000863424 0.000457297 0.0002474 0.000136851 7.74739e-05 4.49291e-05 2.67158e-05 1.63031e-05 1.02194e-05 6.58569e-06 4.36663e-06 2.9812e-06 2.09712e-06 1.52087e-06 1.13773e-06 8.78348e-07 6.99935e-07 5.75707e-07 4.88839e-07 4.28835e-07 3.89248e-07 3.66243e-07 3.57726e-07 3.6288e-07 3.8198e-07 4.16429e-07 4.69015e-07 5.44469e-07 6.50389e-07 7.98631e-07 1.00732e-06 1.30386e-06 1.72965e-06 2.34792e-06 3.25631e-06 4.60666e-06 6.63605e-06 9.71621e-06 1.44326e-05 2.17087e-05 3.30008e-05 5.06026e-05 7.8116e-05 0.000121163 0.000188458 0.000293374 0.000456162 0.000707042 0.00109025 0.00166894 0.00253103 0.00379471 0.00561091 0.00816501 0.0116701 0.0163341 0.0223253 0.0297654 0.0386794 0.0488505 0.0597072 0.0703946 0.0799789 0.0876197 
0.0223073 0.0244882 0.0259329 0.0264921 0.0260861 0.0247169 0.0224785 0.0195605 0.0162392 0.0128413 0.00967444 0.00695192 0.0047665 0.00311778 0.00194673 0.00116166 0.000663462 0.000363317 0.000191143 9.68233e-05 4.73302e-05 2.23787e-05 1.02579e-05 4.56844e-06 1.98097e-06 8.38009e-07 3.46485e-07 1.40259e-07 5.56761e-08 2.17034e-08 8.31923e-09 3.13948e-09 1.16769e-09 4.28483e-10 1.55263e-10 5.56029e-11 1.96948e-11 6.90451e-12 2.39729e-12 8.2484e-13 2.81393e-13 9.52283e-14 3.19835e-14 1.06654e-14 3.53255e-15 1.16256e-15 3.80277e-16 1.23675e-16 4.00022e-17 1.28713e-17 4.12103e-18 1.31321e-18 4.16586e-19 1.31584e-19 4.13918e-20 1.29693e-20 4.04836e-21 1.25914e-21 3.90273e-22 1.2057e-22 3.7143e-23 1.1443e-23 3.60925e-24 1.38369e-24 1.16513e-24 2.31096e-24 5.83679e-24 1.52155e-23 3.97405e-23 1.03647e-22 2.69875e-22 7.01655e-22 1.82195e-21 4.72609e-21 1.22499e-20 3.17354e-20 8.21972e-20 2.1291e-19 5.51683e-19 1.43045e-18 3.71259e-18 9.64805e-18 2.5113e-17 6.54919e-17 1.71175e-16 4.4853e-16 1.17859e-15 3.10655e-15 8.21587e-15 2.18069e-14 5.81034e-14 1.55441e-13 4.17606e-13 1.12688e-12 3.05462e-12 8.31872e-12 2.27623e-11 6.25839e-11 1.72909e-10 4.80056e-10 1.33932e-09 3.7548e-09 1.05776e-08 2.99404e-08 8.5148e-08 2.43279e-07 6.98246e-07 2.01303e-06 5.82884e-06 1.69497e-05 4.94926e-05 0.000145096 0.000426993 0.00126088 0.00373264 0.0110503 0.0324817 0.0928598 0.243912 0.517888 0.78152 0.919133 0.972417 0.990871 0.997014 0.999028 0.999685 0.999898 0.999967 0.999989 0.999997 0.999999 1 1 1 1 1 1 1 1 1 1 1 1 1 1 1 1 1 1 1 1 1 1 1 1 1 1 1 1 1 1 0.999999 0.999998 0.999995 0.999986 0.999963 0.999906 0.99976 0.999395 0.998487 0.996258 0.990855 0.978002 0.94834 0.883575 0.756836 0.556592 0.336637 0.175875 0.085314 0.0402448 0.0189021 0.00893985 0.00428113 0.00208191 0.00102992 0.000518963 0.000266639 0.000139826 7.49118e-05 4.10413e-05 2.30153e-05 1.32239e-05 7.79224e-06 4.71349e-06 2.92958e-06 1.87258e-06 1.23203e-06 8.35009e-07 5.83393e-07 4.20437e-07 3.12723e-07 2.40181e-07 1.90518e-07 1.56093e-07 1.32126e-07 1.15637e-07 1.04795e-07 9.8508e-08 9.61805e-08 9.75802e-08 1.02784e-07 1.12189e-07 1.26584e-07 1.47303e-07 1.76486e-07 2.17456e-07 2.75302e-07 3.57733e-07 4.76454e-07 6.49392e-07 9.04281e-07 1.2843e-06 1.85699e-06 2.72838e-06 4.06556e-06 6.13209e-06 9.34353e-06 1.43539e-05 2.21887e-05 3.44455e-05 5.35944e-05 8.34141e-05 0.000129607 0.000200649 0.000308884 0.000471869 0.000713918 0.00106753 0.00157423 0.00228478 0.00325699 0.00454848 0.00620873 0.00827346 0.010748 0.0135728 0.0165975 0.0195952 0.0223073 0.0244882 
0.00605881 0.00664742 0.00703818 0.00718999 0.00708109 0.00671272 0.0061115 0.00532959 0.00444081 0.00353041 0.00267792 0.00193977 0.00134249 0.000887861 0.000561423 0.000339762 0.000197046 0.000109688 5.87121e-05 3.02782e-05 1.50753e-05 7.26196e-06 3.39167e-06 1.53901e-06 6.79834e-07 2.92898e-07 1.23298e-07 5.0797e-08 2.05131e-08 8.13116e-09 3.16788e-09 1.2145e-09 4.58693e-10 1.70834e-10 6.27997e-11 2.28054e-11 8.18754e-12 2.90811e-12 1.02258e-12 3.5618e-13 1.22962e-13 4.2094e-14 1.42963e-14 4.81915e-15 1.613e-15 5.36264e-16 1.77155e-16 5.81697e-17 1.89907e-17 6.16603e-18 1.99161e-18 6.40094e-19 2.04749e-19 6.51976e-20 2.06709e-20 6.5266e-21 2.05253e-21 6.43049e-22 2.00735e-22 6.24558e-23 1.94013e-23 6.09899e-24 2.15449e-24 1.39278e-24 2.3601e-24 5.82098e-24 1.51914e-23 3.98331e-23 1.04294e-22 2.72524e-22 7.10756e-22 1.8505e-21 4.81064e-21 1.249e-20 3.23945e-20 8.39542e-20 2.17466e-19 5.63168e-19 1.45851e-18 3.77864e-18 9.79597e-18 2.54203e-17 6.60495e-17 1.7189e-16 4.48184e-16 1.17118e-15 3.06814e-15 8.06011e-15 2.12392e-14 5.61539e-14 1.48995e-13 3.96837e-13 1.06118e-12 2.84957e-12 7.6852e-12 2.08197e-11 5.66616e-11 1.54929e-10 4.25638e-10 1.17497e-09 3.25915e-09 9.0839e-09 2.54405e-08 7.15891e-08 2.02403e-07 5.74922e-07 1.64055e-06 4.70247e-06 1.35387e-05 3.91468e-05 0.000113667 0.000331373 0.000969641 0.00284584 0.00836172 0.0244649 0.0701873 0.189134 0.431243 0.716634 0.889783 0.961527 0.987105 0.995745 0.998605 0.999545 0.999852 0.999952 0.999984 0.999995 0.999998 0.999999 1 1 1 1 1 1 1 1 1 1 1 1 1 1 1 1 1 1 1 1 1 1 1 1 1 1 1 1 1 0.999999 0.999998 0.999995 0.999986 0.999962 0.999902 0.999747 0.999352 0.998353 0.995856 0.989694 0.974782 0.939878 0.863281 0.715921 0.497034 0.282053 0.140078 0.065384 0.0298854 0.0136442 0.00627997 0.00292708 0.0013849 0.000666139 0.000326115 0.000162655 8.27307e-05 4.29517e-05 2.27837e-05 1.236e-05 6.86427e-06 3.90649e-06 2.28051e-06 1.36698e-06 8.42185e-07 5.33798e-07 3.4839e-07 2.34337e-07 1.62567e-07 1.16394e-07 8.60591e-08 6.57408e-08 5.18999e-08 4.23502e-08 3.57308e-08 3.11949e-08 2.82222e-08 2.65021e-08 2.58653e-08 2.62457e-08 2.76647e-08 3.02344e-08 3.41778e-08 3.98715e-08 4.79166e-08 5.92471e-08 7.52921e-08 9.82242e-08 1.31354e-07 1.79767e-07 2.51345e-07 3.58374e-07 5.20098e-07 7.6677e-07 1.14607e-06 1.73323e-06 2.6468e-06 4.07316e-06 6.30406e-06 9.79315e-06 1.52397e-05 2.37101e-05 3.68072e-05 5.69018e-05 8.74303e-05 0.000133253 0.000201055 0.000299713 0.000440506 0.000637088 0.000904812 0.00125901 0.00171295 0.00227555 0.00294662 0.00370888 0.00452253 0.00532852 0.00605881 0.00664742 
0.00163403 0.00179058 0.00189461 0.00193515 0.00190645 0.00180896 0.00164986 0.001443 0.00120767 0.000965841 0.00073802 0.000539131 0.000376723 0.000251883 0.000161237 9.89023e-05 5.82021e-05 3.29067e-05 1.79043e-05 9.39156e-06 4.75831e-06 2.3332e-06 1.10941e-06 5.12519e-07 2.30475e-07 1.01068e-07 4.32934e-08 1.81442e-08 7.45099e-09 3.00227e-09 1.18851e-09 4.62798e-10 1.77454e-10 6.70694e-11 2.50097e-11 9.20892e-12 3.35092e-12 1.20584e-12 4.29409e-13 1.51417e-13 5.28992e-14 1.83197e-14 6.29206e-15 2.14421e-15 7.25305e-16 2.43625e-16 8.12878e-17 2.69511e-17 8.88195e-18 2.91038e-18 9.48451e-19 3.07479e-19 9.9187e-20 3.1844e-20 1.01772e-20 3.23844e-21 1.02621e-21 3.23895e-22 1.0185e-22 3.19425e-23 1.00703e-23 3.39891e-24 1.76401e-24 2.43443e-24 5.76156e-24 1.50259e-23 3.95705e-23 1.04089e-22 2.73177e-22 7.15307e-22 1.86903e-21 4.87414e-21 1.26889e-20 3.2983e-20 8.5624e-20 2.22048e-19 5.75382e-19 1.49019e-18 3.85853e-18 9.99142e-18 2.58813e-17 6.70855e-17 1.74057e-16 4.52176e-16 1.17656e-15 3.06718e-15 8.01345e-15 2.09884e-14 5.51243e-14 1.4522e-13 3.83832e-13 1.0181e-12 2.71062e-12 7.24542e-12 1.9447e-11 5.24207e-11 1.41929e-10 3.86019e-10 1.05476e-09 2.89553e-09 7.98654e-09 2.21336e-08 6.16325e-08 1.72435e-07 4.84715e-07 1.3689e-06 3.88375e-06 1.10688e-05 3.16865e-05 9.11034e-05 0.000263037 0.00076245 0.00221757 0.00646224 0.0187913 0.0538917 0.147514 0.354495 0.645322 0.853718 0.947496 0.982143 0.994049 0.998034 0.999354 0.999788 0.999931 0.999977 0.999993 0.999998 0.999999 1 1 1 1 1 1 1 1 1 1 1 1 1 1 1 1 1 1 1 1 1 1 1 1 1 1 1 1 1 0.999999 0.999998 0.999995 0.999986 0.999963 0.999902 0.999742 0.999328 0.998265 0.995559 0.988769 0.972061 0.932414 0.84496 0.679497 0.447785 0.240953 0.114768 0.0518363 0.0230332 0.0102431 0.00459476 0.00208678 0.000961522 0.000450078 0.000214247 0.000103812 5.12495e-05 2.58013e-05 1.32592e-05 6.96211e-06 3.73894e-06 2.05582e-06 1.15853e-06 6.69827e-07 3.97753e-07 2.42832e-07 1.52572e-07 9.87507e-08 6.59006e-08 4.53814e-08 3.22714e-08 2.37128e-08 1.8013e-08 1.41504e-08 1.14982e-08 9.66798e-09 8.4189e-09 7.60293e-09 7.13183e-09 6.95741e-09 7.0608e-09 7.44805e-09 8.15076e-09 9.23189e-09 1.07976e-08 1.3017e-08 1.61526e-08 2.06063e-08 2.6991e-08 3.62438e-08 4.98081e-08 6.99242e-08 1.0009e-07 1.45792e-07 2.15661e-07 3.23307e-07 4.90195e-07 7.50138e-07 1.15623e-06 1.79142e-06 2.78442e-06 4.33304e-06 6.73778e-06 1.04486e-05 1.61279e-05 2.47304e-05 3.75986e-05 5.65667e-05 8.40515e-05 0.000123103 0.000177371 0.000250914 0.00034776 0.000471345 0.000623781 0.000804542 0.00100865 0.00122554 0.0014399 0.00163403 0.00179058 
0.000439915 0.000481401 0.000508986 0.000519774 0.000512252 0.000486558 0.000444611 0.00039005 0.000327881 0.000263767 0.000203 0.000149524 0.000105461 7.12569e-05 4.61491e-05 2.86723e-05 1.7108e-05 9.81612e-06 5.42428e-06 2.89149e-06 1.48951e-06 7.42839e-07 3.59312e-07 1.68875e-07 7.72578e-08 3.44626e-08 1.50137e-08 6.39782e-09 2.67059e-09 1.09346e-09 4.39704e-10 1.73857e-10 6.76651e-11 2.59486e-11 9.81384e-12 3.66363e-12 1.35106e-12 4.9254e-13 1.77626e-13 6.34074e-14 2.24176e-14 7.85393e-15 2.72802e-15 9.39875e-16 3.21321e-16 1.0905e-16 3.67529e-17 1.23051e-17 4.09397e-18 1.35394e-18 4.45221e-19 1.45607e-19 4.73726e-20 1.5336e-20 4.94115e-21 1.58477e-21 5.06072e-22 1.60943e-22 5.10092e-23 1.61877e-23 5.34185e-24 2.35402e-24 2.55793e-24 5.66217e-24 1.47052e-23 3.89007e-23 1.0287e-22 2.71358e-22 7.13948e-22 1.87374e-21 4.90616e-21 1.28186e-20 3.3426e-20 8.70097e-20 2.26143e-19 5.86994e-19 1.52204e-18 3.94342e-18 1.02116e-17 2.64369e-17 6.84461e-17 1.77272e-16 4.59425e-16 1.19181e-15 3.09567e-15 8.05353e-15 2.09911e-14 5.48319e-14 1.43583e-13 3.77023e-13 9.92984e-13 2.62382e-12 6.95738e-12 1.8517e-11 4.94756e-11 1.32735e-10 3.57616e-10 9.67708e-10 2.63035e-09 7.18231e-09 1.97025e-08 5.43009e-08 1.50359e-07 4.18302e-07 1.16918e-06 3.28318e-06 9.26203e-06 2.62475e-05 7.47144e-05 0.000213601 0.00061319 0.00176679 0.00510357 0.0147329 0.0421225 0.116289 0.290064 0.57161 0.811189 0.929968 0.975773 0.991839 0.997281 0.999099 0.999703 0.999902 0.999968 0.999989 0.999997 0.999999 1 1 1 1 1 1 1 1 1 1 1 1 1 1 1 1 1 1 1 1 1 1 1 1 1 1 1 1 1 0.999999 0.999998 0.999995 0.999987 0.999964 0.999904 0.999745 0.999324 0.998228 0.995392 0.988155 0.970059 0.926517 0.829872 0.649482 0.409418 0.210887 0.0969862 0.0425616 0.018432 0.00799778 0.00350079 0.00155087 0.000696577 0.000317589 0.000147125 6.93132e-05 3.32387e-05 1.62391e-05 8.09056e-06 4.11449e-06 2.13802e-06 1.13636e-06 6.1843e-07 3.44991e-07 1.97489e-07 1.16138e-07 7.02386e-08 4.37327e-08 2.80613e-08 1.85736e-08 1.26926e-08 8.96203e-09 6.54263e-09 4.94104e-09 3.86158e-09 3.12407e-09 2.61746e-09 2.27311e-09 2.04889e-09 1.91972e-09 1.87188e-09 1.90001e-09 2.00577e-09 2.19809e-09 2.49473e-09 2.9256e-09 3.53828e-09 4.40659e-09 5.64376e-09 7.42283e-09 1.00092e-08 1.38128e-08 1.94706e-08 2.79792e-08 4.09026e-08 6.07039e-08 9.12674e-08 1.38718e-07 2.12695e-07 3.28316e-07 5.09155e-07 7.91694e-07 1.23183e-06 1.91419e-06 2.96493e-06 4.56884e-06 6.99083e-06 1.06012e-05 1.59023e-05 2.35512e-05 3.43703e-05 4.9334e-05 6.95124e-05 9.59578e-05 0.000129547 0.000170764 0.000219351 0.000273893 0.000331592 0.000388464 0.000439915 0.000481401 
0.000118394 0.000129382 0.000136692 0.000139561 0.000137593 0.000130829 0.000119777 0.000105391 8.89689e-05 7.19723e-05 5.57708e-05 4.14057e-05 2.94662e-05 2.01096e-05 1.31691e-05 8.28181e-06 5.00663e-06 2.91304e-06 1.63354e-06 8.84217e-07 4.62742e-07 2.34533e-07 1.15318e-07 5.51012e-08 2.56284e-08 1.16221e-08 5.14665e-09 2.22888e-09 9.45317e-10 3.93158e-10 1.60542e-10 6.44381e-11 2.54501e-11 9.9006e-12 3.79714e-12 1.43696e-12 5.3699e-13 1.98309e-13 7.24213e-14 2.61704e-14 9.36327e-15 3.31858e-15 1.16575e-15 4.06056e-16 1.40309e-16 4.81147e-17 1.63806e-17 5.5385e-18 1.86041e-18 6.21032e-19 2.06078e-19 6.79957e-20 2.23137e-20 7.2846e-21 2.36637e-21 7.65057e-22 2.46231e-22 7.89313e-23 2.52734e-23 8.26984e-24 3.26172e-24 2.76439e-24 5.53296e-24 1.42255e-23 3.77928e-23 1.00523e-22 2.66698e-22 7.05552e-22 1.86132e-21 4.89725e-21 1.28526e-20 3.36515e-20 8.7917e-20 2.29235e-19 5.96649e-19 1.55054e-18 4.02418e-18 1.0433e-17 2.70267e-17 6.99761e-17 1.81134e-16 4.68892e-16 1.21422e-15 3.14634e-15 8.16078e-15 2.11938e-14 5.51276e-14 1.43663e-13 3.75199e-13 9.82305e-13 2.57879e-12 6.79024e-12 1.79374e-11 4.75487e-11 1.26507e-10 3.37883e-10 9.06092e-10 2.44002e-09 6.59915e-09 1.79267e-08 4.89178e-08 1.34096e-07 3.6929e-07 1.02171e-06 2.83991e-06 7.93027e-06 2.22466e-05 6.2691e-05 0.00017745 0.000504428 0.00143952 0.0041203 0.0117989 0.0335641 0.0929792 0.237855 0.499946 0.763186 0.908777 0.967825 0.98903 0.996311 0.998768 0.99959 0.999864 0.999955 0.999985 0.999995 0.999998 0.999999 1 1 1 1 1 1 1 1 1 1 1 1 1 1 1 1 1 1 1 1 1 1 1 1 1 1 1 1 0.999999 0.999998 0.999996 0.999988 0.999967 0.999909 0.999754 0.999341 0.998245 0.995367 0.987902 0.968934 0.922634 0.818995 0.627091 0.381461 0.189649 0.0846638 0.0362124 0.0153144 0.00649282 0.00277649 0.001201 0.000526337 0.000233955 0.00010557 4.84008e-05 2.25655e-05 1.07078e-05 5.1762e-06 2.55151e-06 1.28379e-06 6.60004e-07 3.47077e-07 1.86901e-07 1.03179e-07 5.84611e-08 3.40359e-08 2.03846e-08 1.25732e-08 7.99535e-09 5.24713e-09 3.55716e-09 2.49311e-09 1.80778e-09 1.35695e-09 1.05482e-09 8.49468e-10 7.09067e-10 6.14025e-10 5.52346e-10 5.16888e-10 5.03752e-10 5.11404e-10 5.40312e-10 5.92989e-10 6.74443e-10 7.93102e-10 9.62358e-10 1.20299e-09 1.54692e-09 2.04306e-09 2.76663e-09 3.83404e-09 5.42661e-09 7.82822e-09 1.1485e-08 1.70999e-08 2.57813e-08 3.92766e-08 6.03331e-08 9.32526e-08 1.4473e-07 2.25099e-07 3.50142e-07 5.4366e-07 8.40985e-07 1.29361e-06 1.97496e-06 2.98702e-06 4.4672e-06 6.59392e-06 9.58859e-06 1.37109e-05 1.92429e-05 2.64584e-05 3.55792e-05 4.67123e-05 5.97616e-05 7.43309e-05 8.96773e-05 0.000104763 0.000118394 0.000129382 
3.1865e-05 3.47758e-05 3.67133e-05 3.74767e-05 3.69624e-05 3.51819e-05 3.22696e-05 2.84749e-05 2.4135e-05 1.96276e-05 1.5308e-05 1.14511e-05 8.21891e-06 5.66285e-06 3.7477e-06 2.38413e-06 1.4593e-06 8.60386e-07 4.89257e-07 2.68713e-07 1.42759e-07 7.34796e-08 3.67005e-08 1.78163e-08 8.41958e-09 3.87936e-09 1.74531e-09 7.67795e-10 3.30723e-10 1.39663e-10 5.78923e-11 2.35813e-11 9.44882e-12 3.728e-12 1.44963e-12 5.56021e-13 2.10532e-13 7.87513e-14 2.91209e-14 1.06521e-14 3.85656e-15 1.38274e-15 4.91224e-16 1.7299e-16 6.04167e-17 2.09347e-17 7.19978e-18 2.4585e-18 8.33808e-19 2.8096e-19 9.4088e-20 3.13224e-20 1.03686e-20 3.41382e-21 1.11818e-21 3.64453e-22 1.1825e-22 3.82637e-23 1.25214e-23 4.60814e-24 3.09763e-24 5.39112e-24 1.35934e-23 3.62403e-23 9.69943e-23 2.58972e-22 6.89322e-22 1.82919e-21 4.83955e-21 1.27678e-20 3.35934e-20 8.81624e-20 2.30822e-19 6.02999e-19 1.57212e-18 4.09145e-18 1.06314e-17 2.75883e-17 7.15148e-17 1.85233e-16 4.79522e-16 1.24106e-15 3.21218e-15 8.31683e-15 2.15477e-14 5.58805e-14 1.45101e-13 3.77365e-13 9.8325e-13 2.56747e-12 6.72058e-12 1.76395e-11 4.64359e-11 1.22635e-10 3.24988e-10 8.64368e-10 2.30776e-09 6.18606e-09 1.66507e-08 4.50092e-08 1.22198e-07 3.3324e-07 9.12867e-07 2.51208e-06 6.9446e-06 1.92862e-05 5.38052e-05 0.000150783 0.000424401 0.00119941 0.00340093 0.00965563 0.0272925 0.0755905 0.196536 0.4342 0.711459 0.884038 0.958194 0.985557 0.995095 0.998348 0.999446 0.999815 0.999938 0.99998 0.999993 0.999998 0.999999 1 1 1 1 1 1 1 1 1 1 1 1 1 1 1 1 1 1 1 1 1 1 1 1 1 1 1 1 0.999999 0.999999 0.999996 0.999989 0.99997 0.999916 0.99977 0.999376 0.998314 0.995482 0.988022 0.968764 0.921037 0.812972 0.612954 0.363073 0.175502 0.0763908 0.0319284 0.0132077 0.00547808 0.00229097 0.000968581 0.000414577 0.000179829 7.91166e-05 3.53328e-05 1.60304e-05 7.39496e-06 3.47166e-06 1.66018e-06 8.09498e-07 4.02868e-07 2.04862e-07 1.0656e-07 5.67618e-08 3.10002e-08 1.73794e-08 1.00137e-08 5.93705e-09 3.62639e-09 2.28457e-09 1.48605e-09 9.99062e-10 6.94821e-10 5.00271e-10 3.73128e-10 2.88428e-10 2.31168e-10 1.92208e-10 1.65945e-10 1.48958e-10 1.39214e-10 1.35602e-10 1.37685e-10 1.45592e-10 1.60032e-10 1.82416e-10 2.15119e-10 2.61911e-10 3.28647e-10 4.24334e-10 5.62808e-10 7.65402e-10 1.0652e-09 1.51382e-09 2.19217e-09 3.22752e-09 4.82047e-09 7.28735e-09 1.11265e-08 1.71206e-08 2.64931e-08 4.11441e-08 6.39979e-08 9.95069e-08 1.54358e-07 2.38436e-07 3.66074e-07 5.57593e-07 8.41051e-07 1.25399e-06 1.8448e-06 2.67301e-06 3.80778e-06 5.32335e-06 7.29074e-06 9.76556e-06 1.27708e-05 1.62743e-05 2.01661e-05 2.42491e-05 2.82525e-05 3.1865e-05 3.47758e-05 
